{"type":"FeatureCollection","features":[{"type":"Feature","geometry":{"type":"Point","coordinates":[34.72518,31.61962]},"properties":{"semel":7,"name":"שחר","winner":"likud","winnerShare":0.384,"turnout":0.7094,"valid":375,"sh_likud":0.384,"sh24_likud":0.3569,"sh_yesh_atid":0.1227,"sh24_yesh_atid":0.1105,"sh_shas":0.1467,"sh24_shas":0.0992,"sh_utj":0.0027,"sh24_utj":0.0057,"sh_rz":0.1013,"sh24_rz":0.034,"sh_labor":0.0293,"sh24_labor":0.0708,"sh_gantz":0.1653,"sh24_gantz":0.0907,"sh_yb":0.0133,"sh24_yb":0.017,"sh_meretz":0.0107,"sh24_meretz":0.017,"sh24_yamina":0.085,"sh24_newhope":0.0992,"sh_habait":0.0187,"sh_other":0.0053,"sh24_other":0.0142,"winner24":"likud"}},{"type":"Feature","geometry":{"type":"Point","coordinates":[34.88605,31.75079]},"properties":{"semel":10,"name":"תירוש","winner":"likud","winnerShare":0.403,"turnout":0.7976,"valid":268,"sh_likud":0.403,"sh24_likud":0.467,"sh_yesh_atid":0.0075,"sh24_yesh_atid":0.0044,"sh_shas":0.3843,"sh24_shas":0.3744,"sh_utj":0.0336,"sh24_utj":0.0308,"sh_rz":0.1381,"sh24_rz":0.0529,"sh_gantz":0.0187,"sh24_meretz":0.0044,"sh24_yamina":0.0176,"sh24_newhope":0.0308,"sh_habait":0.0112,"sh_other":0.0037,"sh24_other":0.0176,"winner24":"likud"}},{"type":"Feature","geometry":{"type":"Point","coordinates":[34.71471,31.60877]},"properties":{"semel":11,"name":"ניר חן","winner":"gantz","winnerShare":0.2542,"turnout":0.6719,"valid":299,"sh_likud":0.2508,"sh24_likud":0.2355,"sh_yesh_atid":0.214,"sh24_yesh_atid":0.1809,"sh_shas":0.01,"sh24_shas":0.0068,"sh_utj":0.0067,"sh_rz":0.1171,"sh24_rz":0.041,"sh_labor":0.0635,"sh24_labor":0.0785,"sh_gantz":0.2542,"sh24_gantz":0.1741,"sh_yb":0.0134,"sh24_yb":0.0239,"sh_meretz":0.0468,"sh24_meretz":0.0444,"sh24_yamina":0.1092,"sh24_newhope":0.0853,"sh_habait":0.01,"sh_other":0.0134,"sh24_other":0.0205,"winner24":"likud"}},{"type":"Feature","geometry":{"type":"Point","coordinates":[35.27986,30.768]},"properties":{"semel":13,"name":"חצבה","winner":"yesh_atid","winnerShare":0.3612,"turnout":0.7208,"valid":407,"sh_likud":0.059,"sh24_likud":0.0651,"sh_yesh_atid":0.3612,"sh24_yesh_atid":0.237,"sh_shas":0.0074,"sh24_shas":0.0026,"sh_utj":0.0049,"sh24_utj":0.0026,"sh_rz":0.0442,"sh24_rz":0.0156,"sh_labor":0.0909,"sh24_labor":0.1615,"sh_gantz":0.2973,"sh24_gantz":0.2604,"sh_yb":0.0172,"sh24_yb":0.0417,"sh_meretz":0.0663,"sh24_meretz":0.0651,"sh_raam":0.0098,"sh_hadash":0.0025,"sh24_yamina":0.0521,"sh24_newhope":0.0703,"sh_habait":0.0197,"sh_other":0.0197,"sh24_other":0.026,"winner24":"gantz"}},{"type":"Feature","geometry":{"type":"Point","coordinates":[34.78872,31.56809]},"properties":{"semel":15,"name":"נועם","winner":"likud","winnerShare":0.5041,"turnout":0.7816,"valid":244,"sh_likud":0.5041,"sh24_likud":0.5714,"sh_yesh_atid":0.0205,"sh24_yesh_atid":0.0276,"sh_shas":0.209,"sh24_shas":0.1843,"sh_utj":0.0205,"sh24_utj":0.0046,"sh_rz":0.209,"sh24_rz":0.106,"sh_labor":0.0041,"sh24_labor":0.0092,"sh_gantz":0.0164,"sh24_gantz":0.0046,"sh_yb":0.0082,"sh24_yb":0.0046,"sh24_yamina":0.0691,"sh24_newhope":0.0184,"sh_other":0.0082,"winner24":"likud"}},{"type":"Feature","geometry":{"type":"Point","coordinates":[34.87332,31.64761]},"properties":{"semel":16,"name":"בית ניר","winner":"yesh_atid","winnerShare":0.411,"turnout":0.75,"valid":365,"sh_likud":0.0356,"sh24_likud":0.0175,"sh_yesh_atid":0.411,"sh24_yesh_atid":0.193,"sh_shas":0.0027,"sh24_shas":0.0029,"sh_rz":0.011,"sh24_rz":0.0029,"sh_labor":0.126,"sh24_labor":0.2632,"sh_gantz":0.0986,"sh24_gantz":0.0906,"sh_yb":0.0192,"sh24_yb":0.0234,"sh_meretz":0.2685,"sh24_meretz":0.3421,"sh_raam":0.0055,"sh_hadash":0.0082,"sh24_joint":0.0029,"sh24_yamina":0.0205,"sh24_newhope":0.0263,"sh_other":0.0137,"sh24_other":0.0146,"winner24":"meretz"}},{"type":"Feature","geometry":{"type":"Point","coordinates":[34.80176,31.61126]},"properties":{"semel":18,"name":"שדה משה","winner":"yesh_atid","winnerShare":0.2981,"turnout":0.7975,"valid":322,"sh_likud":0.2516,"sh24_likud":0.2525,"sh_yesh_atid":0.2981,"sh24_yesh_atid":0.2328,"sh_shas":0.0248,"sh24_shas":0.0098,"sh_utj":0.0031,"sh_rz":0.0901,"sh24_rz":0.0164,"sh_labor":0.0807,"sh24_labor":0.1279,"sh_gantz":0.1863,"sh24_gantz":0.1639,"sh_yb":0.0155,"sh24_yb":0.0393,"sh_meretz":0.0155,"sh24_meretz":0.0328,"sh24_yamina":0.0361,"sh24_newhope":0.0656,"sh_habait":0.0093,"sh_other":0.0248,"sh24_other":0.023,"winner24":"likud"}},{"type":"Feature","geometry":{"type":"Point","coordinates":[34.97962,29.71083]},"properties":{"semel":21,"name":"באר אורה","winner":"likud","winnerShare":0.334,"turnout":0.6762,"valid":494,"sh_likud":0.334,"sh24_likud":0.2714,"sh_yesh_atid":0.2854,"sh24_yesh_atid":0.2179,"sh_shas":0.0202,"sh24_shas":0.0256,"sh24_utj":0.0021,"sh_rz":0.0526,"sh24_rz":0.0128,"sh_labor":0.0526,"sh24_labor":0.1261,"sh_gantz":0.1356,"sh24_gantz":0.0684,"sh_yb":0.0425,"sh24_yb":0.062,"sh_meretz":0.0405,"sh24_meretz":0.0427,"sh_raam":0.002,"sh_hadash":0.002,"sh_balad":0.002,"sh24_joint":0.0043,"sh24_yamina":0.0598,"sh24_newhope":0.0791,"sh_habait":0.0061,"sh_other":0.0243,"sh24_other":0.0278,"winner24":"likud"}},{"type":"Feature","geometry":{"type":"Point","coordinates":[34.78128,32.02917]},"properties":{"semel":22,"name":"מקווה ישראל","winner":"yesh_atid","winnerShare":0.3243,"turnout":0.707,"valid":111,"sh_likud":0.2072,"sh24_likud":0.2261,"sh_yesh_atid":0.3243,"sh24_yesh_atid":0.2783,"sh_shas":0.009,"sh24_shas":0.0087,"sh_rz":0.1712,"sh24_rz":0.0261,"sh_labor":0.0631,"sh24_labor":0.1217,"sh_gantz":0.0721,"sh24_gantz":0.0696,"sh_yb":0.045,"sh24_yb":0.0696,"sh_meretz":0.0811,"sh24_meretz":0.0783,"sh24_yamina":0.0696,"sh24_newhope":0.0435,"sh_habait":0.009,"sh_other":0.018,"sh24_other":0.0087,"winner24":"yesh_atid"}},{"type":"Feature","geometry":{"type":"Point","coordinates":[34.91371,31.53258]},"properties":{"semel":23,"name":"אמציה","winner":"rz","winnerShare":0.2981,"turnout":0.698,"valid":104,"sh_likud":0.2404,"sh24_likud":0.2136,"sh_yesh_atid":0.1827,"sh24_yesh_atid":0.1165,"sh_shas":0.0096,"sh24_shas":0.0097,"sh_rz":0.2981,"sh24_rz":0.233,"sh_labor":0.0096,"sh24_labor":0.0777,"sh_gantz":0.2308,"sh24_gantz":0.0485,"sh_yb":0.0192,"sh24_yb":0.0097,"sh24_meretz":0.0097,"sh24_yamina":0.2039,"sh24_newhope":0.0583,"sh_habait":0.0096,"sh24_other":0.0194,"winner24":"rz"}},{"type":"Feature","geometry":{"type":"Point","coordinates":[34.84225,31.56123]},"properties":{"semel":24,"name":"לכיש","winner":"yesh_atid","winnerShare":0.4324,"turnout":0.7734,"valid":488,"sh_likud":0.0574,"sh24_likud":0.0385,"sh_yesh_atid":0.4324,"sh24_yesh_atid":0.2222,"sh_rz":0.0287,"sh24_rz":0.0064,"sh_labor":0.1455,"sh24_labor":0.2393,"sh_gantz":0.1865,"sh24_gantz":0.1731,"sh_yb":0.0143,"sh24_yb":0.0256,"sh_meretz":0.1148,"sh24_meretz":0.188,"sh_raam":0.0041,"sh24_raam":0.0021,"sh_hadash":0.002,"sh24_joint":0.0021,"sh24_yamina":0.0363,"sh24_newhope":0.0577,"sh_habait":0.0102,"sh_other":0.0041,"sh24_other":0.0085,"winner24":"labor"}},{"type":"Feature","geometry":{"type":"Point","coordinates":[35.54247,32.96903]},"properties":{"semel":26,"name":"ראש פינה","winner":"yesh_atid","winnerShare":0.2717,"turnout":0.6614,"valid":1667,"sh_likud":0.2418,"sh24_likud":0.2156,"sh_yesh_atid":0.2717,"sh24_yesh_atid":0.1692,"sh_shas":0.015,"sh24_shas":0.0147,"sh_utj":0.0108,"sh24_utj":0.0031,"sh_rz":0.1116,"sh24_rz":0.069,"sh_labor":0.0714,"sh24_labor":0.16,"sh_gantz":0.1362,"sh24_gantz":0.1106,"sh_yb":0.0162,"sh24_yb":0.0293,"sh_meretz":0.0846,"sh24_meretz":0.1081,"sh_raam":0.0036,"sh24_raam":0.0024,"sh_hadash":0.0072,"sh_balad":0.0006,"sh24_joint":0.0049,"sh24_yamina":0.047,"sh24_newhope":0.0501,"sh_habait":0.0108,"sh_other":0.0186,"sh24_other":0.0159,"winner24":"likud"}},{"type":"Feature","geometry":{"type":"Point","coordinates":[34.92045,31.72115]},"properties":{"semel":27,"name":"שדות מיכה","winner":"likud","winnerShare":0.3883,"turnout":0.7491,"valid":206,"sh_likud":0.3883,"sh24_likud":0.4536,"sh_yesh_atid":0.0194,"sh24_yesh_atid":0.0219,"sh_shas":0.2767,"sh24_shas":0.2623,"sh_utj":0.0631,"sh24_utj":0.0109,"sh_rz":0.1796,"sh24_rz":0.0601,"sh_labor":0.0049,"sh24_labor":0.0109,"sh_gantz":0.0534,"sh24_gantz":0.0383,"sh24_yb":0.0164,"sh24_meretz":0.0055,"sh24_yamina":0.071,"sh24_newhope":0.0492,"sh_habait":0.0049,"sh_other":0.0097,"winner24":"likud"}},{"type":"Feature","geometry":{"type":"Point","coordinates":[34.84293,31.85236]},"properties":{"semel":28,"name":"מזכרת בתיה","winner":"yesh_atid","winnerShare":0.2949,"turnout":0.7522,"valid":8483,"sh_likud":0.257,"sh24_likud":0.2436,"sh_yesh_atid":0.2949,"sh24_yesh_atid":0.2266,"sh_shas":0.0282,"sh24_shas":0.0215,"sh_utj":0.0033,"sh24_utj":0.0019,"sh_rz":0.0969,"sh24_rz":0.03,"sh_labor":0.0545,"sh24_labor":0.089,"sh_gantz":0.1713,"sh24_gantz":0.1287,"sh_yb":0.02,"sh24_yb":0.0236,"sh_meretz":0.0325,"sh24_meretz":0.0508,"sh_raam":0.0005,"sh_hadash":0.0009,"sh24_joint":0.0012,"sh24_yamina":0.0959,"sh24_newhope":0.0711,"sh_habait":0.0238,"sh_other":0.0161,"sh24_other":0.0163,"winner24":"likud"}},{"type":"Feature","geometry":{"type":"Point","coordinates":[35.6025,33.05682]},"properties":{"semel":29,"name":"יסוד המעלה","winner":"yesh_atid","winnerShare":0.2989,"turnout":0.6632,"valid":890,"sh_likud":0.1978,"sh24_likud":0.1952,"sh_yesh_atid":0.2989,"sh24_yesh_atid":0.1701,"sh_shas":0.018,"sh24_shas":0.0055,"sh_utj":0.0067,"sh24_utj":0.0011,"sh_rz":0.0966,"sh24_rz":0.0513,"sh_labor":0.0708,"sh24_labor":0.1232,"sh_gantz":0.218,"sh24_gantz":0.2126,"sh_yb":0.009,"sh24_yb":0.0284,"sh_meretz":0.0427,"sh24_meretz":0.0578,"sh_raam":0.0011,"sh_hadash":0.0011,"sh_balad":0.0022,"sh24_joint":0.0011,"sh24_yamina":0.0622,"sh24_newhope":0.0698,"sh_habait":0.0225,"sh_other":0.0146,"sh24_other":0.0218,"winner24":"gantz"}},{"type":"Feature","geometry":{"type":"Point","coordinates":[34.62092,31.30864]},"properties":{"semel":31,"name":"אופקים","winner":"likud","winnerShare":0.3209,"turnout":0.686,"valid":16284,"sh_likud":0.3209,"sh24_likud":0.3257,"sh_yesh_atid":0.043,"sh24_yesh_atid":0.0359,"sh_shas":0.2312,"sh24_shas":0.2289,"sh_utj":0.1501,"sh24_utj":0.1643,"sh_rz":0.1587,"sh24_rz":0.0601,"sh_labor":0.0071,"sh24_labor":0.0116,"sh_gantz":0.0325,"sh24_gantz":0.0216,"sh_yb":0.0373,"sh24_yb":0.0604,"sh_meretz":0.0037,"sh24_meretz":0.005,"sh_raam":0.0012,"sh24_raam":0.0009,"sh_hadash":0.0004,"sh_balad":0.0006,"sh24_joint":0.0004,"sh24_yamina":0.0502,"sh24_newhope":0.0256,"sh_habait":0.0055,"sh_other":0.0075,"sh24_other":0.0094,"winner24":"likud"}},{"type":"Feature","geometry":{"type":"Point","coordinates":[34.70397,31.63687]},"properties":{"semel":32,"name":"עוצם","winner":"shas","winnerShare":0.47,"turnout":0.8315,"valid":383,"sh_likud":0.3629,"sh24_likud":0.3943,"sh_yesh_atid":0.0026,"sh24_yesh_atid":0.0086,"sh_shas":0.47,"sh24_shas":0.4514,"sh_utj":0.0157,"sh24_utj":0.0143,"sh_rz":0.107,"sh24_rz":0.0371,"sh_labor":0.0026,"sh24_labor":0.0029,"sh_gantz":0.0235,"sh24_gantz":0.0171,"sh_yb":0.0026,"sh24_yamina":0.0571,"sh24_newhope":0.0143,"sh_habait":0.0078,"sh_other":0.0052,"sh24_other":0.0029,"winner24":"shas"}},{"type":"Feature","geometry":{"type":"Point","coordinates":[35.00355,32.6004]},"properties":{"semel":33,"name":"בת שלמה","winner":"yesh_atid","winnerShare":0.3684,"turnout":0.738,"valid":323,"sh_likud":0.1641,"sh24_likud":0.1183,"sh_yesh_atid":0.3684,"sh24_yesh_atid":0.2901,"sh_shas":0.0031,"sh24_shas":0.0085,"sh_utj":0.0062,"sh24_utj":0.0056,"sh_rz":0.0526,"sh24_rz":0.0169,"sh_labor":0.096,"sh24_labor":0.1718,"sh_gantz":0.1455,"sh24_gantz":0.1211,"sh_yb":0.0279,"sh24_yb":0.0451,"sh_meretz":0.0867,"sh24_meretz":0.1014,"sh_raam":0.0031,"sh_hadash":0.0031,"sh24_yamina":0.0676,"sh24_newhope":0.0282,"sh_habait":0.0155,"sh_other":0.0279,"sh24_other":0.0254,"winner24":"yesh_atid"}},{"type":"Feature","geometry":{"type":"Point","coordinates":[35.61938,33.01904]},"properties":{"semel":35,"name":"גדות","winner":"yesh_atid","winnerShare":0.4378,"turnout":0.6605,"valid":249,"sh_likud":0.0161,"sh24_likud":0.0247,"sh_yesh_atid":0.4378,"sh24_yesh_atid":0.2716,"sh_rz":0.012,"sh24_rz":0.0041,"sh_labor":0.2129,"sh24_labor":0.3498,"sh_gantz":0.1687,"sh24_gantz":0.1481,"sh_yb":0.012,"sh24_yb":0.0247,"sh_meretz":0.1044,"sh24_meretz":0.144,"sh24_yamina":0.0041,"sh24_newhope":0.0206,"sh_habait":0.004,"sh_other":0.0321,"sh24_other":0.0082,"winner24":"labor"}},{"type":"Feature","geometry":{"type":"Point","coordinates":[34.6835,31.57609]},"properties":{"semel":36,"name":"שדה דוד","winner":"likud","winnerShare":0.4626,"turnout":0.8129,"valid":361,"sh_likud":0.4626,"sh24_likud":0.5232,"sh_yesh_atid":0.0942,"sh24_yesh_atid":0.0762,"sh_shas":0.1662,"sh24_shas":0.1556,"sh_utj":0.0139,"sh24_utj":0.0099,"sh_rz":0.1247,"sh24_rz":0.0298,"sh_labor":0.0139,"sh24_labor":0.0331,"sh_gantz":0.0914,"sh24_gantz":0.0629,"sh_yb":0.0194,"sh24_yb":0.0199,"sh24_meretz":0.0066,"sh_raam":0.0028,"sh24_yamina":0.0464,"sh24_newhope":0.0265,"sh_other":0.0111,"sh24_other":0.0099,"winner24":"likud"}},{"type":"Feature","geometry":{"type":"Point","coordinates":[34.74819,31.57232]},"properties":{"semel":37,"name":"איתן","winner":"rz","winnerShare":0.3686,"turnout":0.8237,"valid":312,"sh_likud":0.3429,"sh24_likud":0.4667,"sh_yesh_atid":0.0064,"sh24_yesh_atid":0.0111,"sh_shas":0.1731,"sh24_shas":0.1556,"sh_utj":0.016,"sh_rz":0.3686,"sh24_rz":0.2259,"sh24_labor":0.0074,"sh_gantz":0.0321,"sh24_gantz":0.0148,"sh_yb":0.0096,"sh24_yb":0.0037,"sh24_yamina":0.1,"sh24_newhope":0.0111,"sh_habait":0.0417,"sh_other":0.0096,"sh24_other":0.0037,"winner24":"likud"}},{"type":"Feature","geometry":{"type":"Point","coordinates":[34.87853,31.74074]},"properties":{"semel":39,"name":"גפן","winner":"likud","winnerShare":0.4753,"turnout":0.8259,"valid":223,"sh_likud":0.4753,"sh24_likud":0.6068,"sh_yesh_atid":0.0269,"sh24_yesh_atid":0.0388,"sh_shas":0.2063,"sh24_shas":0.1602,"sh_utj":0.0269,"sh24_utj":0.0097,"sh_rz":0.2018,"sh24_rz":0.0728,"sh_labor":0.009,"sh24_labor":0.0146,"sh_gantz":0.0135,"sh24_gantz":0.0097,"sh_yb":0.009,"sh24_yb":0.0146,"sh_meretz":0.009,"sh24_meretz":0.0097,"sh24_yamina":0.0388,"sh24_newhope":0.0243,"sh_habait":0.0135,"sh_other":0.009,"winner24":"likud"}},{"type":"Feature","geometry":{"type":"Point","coordinates":[34.92516,32.40775]},"properties":{"semel":41,"name":"אליכין","winner":"likud","winnerShare":0.4296,"turnout":0.7578,"valid":2002,"sh_likud":0.4296,"sh24_likud":0.4409,"sh_yesh_atid":0.0969,"sh24_yesh_atid":0.0733,"sh_shas":0.1464,"sh24_shas":0.1342,"sh_utj":0.0165,"sh24_utj":0.0134,"sh_rz":0.1523,"sh24_rz":0.0521,"sh_labor":0.027,"sh24_labor":0.0465,"sh_gantz":0.0819,"sh24_gantz":0.0552,"sh_yb":0.0075,"sh24_yb":0.0145,"sh_meretz":0.0125,"sh24_meretz":0.016,"sh24_joint":0.0005,"sh24_yamina":0.0692,"sh24_newhope":0.0661,"sh_habait":0.01,"sh_other":0.0195,"sh24_other":0.0181,"winner24":"likud"}},{"type":"Feature","geometry":{"type":"Point","coordinates":[35.57692,33.27857]},"properties":{"semel":43,"name":"מטולה","winner":"gantz","winnerShare":0.2966,"turnout":0.5427,"valid":816,"sh_likud":0.152,"sh24_likud":0.1467,"sh_yesh_atid":0.2635,"sh24_yesh_atid":0.1746,"sh_shas":0.0074,"sh24_shas":0.007,"sh_utj":0.0012,"sh24_utj":0.0012,"sh_rz":0.0735,"sh24_rz":0.0198,"sh_labor":0.0858,"sh24_labor":0.156,"sh_gantz":0.2966,"sh24_gantz":0.1909,"sh_yb":0.0294,"sh24_yb":0.0489,"sh_meretz":0.0478,"sh24_meretz":0.0594,"sh24_raam":0.0012,"sh_hadash":0.0012,"sh24_joint":0.0012,"sh24_yamina":0.0698,"sh24_newhope":0.0908,"sh_habait":0.0172,"sh_other":0.0245,"sh24_other":0.0326,"winner24":"gantz"}},{"type":"Feature","geometry":{"type":"Point","coordinates":[34.69262,31.59539]},"properties":{"semel":44,"name":"זוהר","winner":"likud","winnerShare":0.5215,"turnout":0.7352,"valid":186,"sh_likud":0.5215,"sh24_likud":0.5632,"sh_yesh_atid":0.0484,"sh24_yesh_atid":0.0421,"sh_shas":0.1613,"sh24_shas":0.1158,"sh_utj":0.0215,"sh24_utj":0.0316,"sh_rz":0.1129,"sh24_rz":0.0526,"sh24_labor":0.0211,"sh_gantz":0.1075,"sh24_gantz":0.0737,"sh_yb":0.0215,"sh24_yb":0.0053,"sh24_yamina":0.0684,"sh24_newhope":0.0105,"sh_other":0.0054,"sh24_other":0.0158,"winner24":"likud"}},{"type":"Feature","geometry":{"type":"Point","coordinates":[35.50667,32.71006]},"properties":{"semel":46,"name":"יבנאל","winner":"shas","winnerShare":0.4444,"turnout":0.7003,"valid":1872,"sh_likud":0.1816,"sh24_likud":0.1895,"sh_yesh_atid":0.0999,"sh24_yesh_atid":0.0778,"sh_shas":0.4444,"sh24_shas":0.4385,"sh_utj":0.0251,"sh24_utj":0.0261,"sh_rz":0.1384,"sh24_rz":0.0755,"sh_labor":0.0155,"sh24_labor":0.0368,"sh_gantz":0.0529,"sh24_gantz":0.0398,"sh_yb":0.0059,"sh24_yb":0.0137,"sh_meretz":0.0101,"sh24_meretz":0.0125,"sh_raam":0.0005,"sh_hadash":0.0032,"sh_balad":0.0005,"sh24_joint":0.0012,"sh24_yamina":0.038,"sh24_newhope":0.0297,"sh_habait":0.0059,"sh_other":0.016,"sh24_other":0.0208,"winner24":"shas"}},{"type":"Feature","geometry":{"type":"Point","coordinates":[35.42075,32.68673]},"properties":{"semel":47,"name":"כפר תבור","winner":"yesh_atid","winnerShare":0.2964,"turnout":0.6988,"valid":2453,"sh_likud":0.2222,"sh24_likud":0.2099,"sh_yesh_atid":0.2964,"sh24_yesh_atid":0.237,"sh_shas":0.0163,"sh24_shas":0.0103,"sh_utj":0.0012,"sh24_utj":0.0016,"sh_rz":0.0836,"sh24_rz":0.0259,"sh_labor":0.0722,"sh24_labor":0.1132,"sh_gantz":0.2038,"sh24_gantz":0.1523,"sh_yb":0.0281,"sh24_yb":0.0358,"sh_meretz":0.0298,"sh24_meretz":0.0564,"sh_raam":0.0016,"sh24_raam":0.0012,"sh_hadash":0.0037,"sh_balad":0.0012,"sh24_joint":0.0029,"sh24_yamina":0.0638,"sh24_newhope":0.0671,"sh_habait":0.0151,"sh_other":0.0249,"sh24_other":0.0226,"winner24":"yesh_atid"}},{"type":"Feature","geometry":{"type":"Point","coordinates":[35.55502,32.66599]},"properties":{"semel":48,"name":"מנחמיה","winner":"likud","winnerShare":0.426,"turnout":0.6519,"valid":615,"sh_likud":0.426,"sh24_likud":0.4427,"sh_yesh_atid":0.1463,"sh24_yesh_atid":0.134,"sh_shas":0.039,"sh24_shas":0.0335,"sh_utj":0.0163,"sh24_utj":0.0123,"sh_rz":0.1772,"sh24_rz":0.0758,"sh_labor":0.0341,"sh24_labor":0.06,"sh_gantz":0.1041,"sh24_gantz":0.0705,"sh_yb":0.0211,"sh24_yb":0.0317,"sh_meretz":0.0065,"sh24_meretz":0.0247,"sh24_joint":0.0018,"sh24_yamina":0.0635,"sh24_newhope":0.0423,"sh_habait":0.0081,"sh_other":0.0211,"sh24_other":0.0071,"winner24":"likud"}},{"type":"Feature","geometry":{"type":"Point","coordinates":[35.40739,32.75429]},"properties":{"semel":49,"name":"אילניה","winner":"likud","winnerShare":0.3048,"turnout":0.6449,"valid":292,"sh_likud":0.3048,"sh24_likud":0.3119,"sh_yesh_atid":0.2808,"sh24_yesh_atid":0.1768,"sh_shas":0.0103,"sh24_shas":0.0064,"sh_utj":0.0068,"sh24_utj":0.0032,"sh_rz":0.0925,"sh24_rz":0.0257,"sh_labor":0.0548,"sh24_labor":0.1222,"sh_gantz":0.1781,"sh24_gantz":0.0547,"sh_yb":0.0205,"sh24_yb":0.0418,"sh_meretz":0.0308,"sh24_meretz":0.0354,"sh24_yamina":0.0772,"sh24_newhope":0.0997,"sh_habait":0.0137,"sh_other":0.0068,"sh24_other":0.045,"winner24":"likud"}},{"type":"Feature","geometry":{"type":"Point","coordinates":[34.88662,31.68633]},"properties":{"semel":52,"name":"לוזית","winner":"likud","winnerShare":0.3046,"turnout":0.7811,"valid":394,"sh_likud":0.3046,"sh24_likud":0.3595,"sh_yesh_atid":0.1574,"sh24_yesh_atid":0.0906,"sh_shas":0.1599,"sh24_shas":0.142,"sh_utj":0.0305,"sh24_utj":0.0121,"sh_rz":0.1294,"sh24_rz":0.0483,"sh_labor":0.0381,"sh24_labor":0.0906,"sh_gantz":0.0584,"sh24_gantz":0.0634,"sh_yb":0.0152,"sh24_yb":0.0151,"sh_meretz":0.0508,"sh24_meretz":0.0544,"sh_raam":0.0025,"sh24_raam":0.003,"sh_hadash":0.0076,"sh24_joint":0.003,"sh24_yamina":0.0514,"sh24_newhope":0.0302,"sh_habait":0.0178,"sh_other":0.0279,"sh24_other":0.0363,"winner24":"likud"}},{"type":"Feature","geometry":{"type":"Point","coordinates":[34.94261,32.69097]},"properties":{"semel":53,"name":"עתלית","winner":"likud","winnerShare":0.3037,"turnout":0.7246,"valid":5009,"sh_likud":0.3037,"sh24_likud":0.3039,"sh_yesh_atid":0.2929,"sh24_yesh_atid":0.2221,"sh_shas":0.0447,"sh24_shas":0.0373,"sh_utj":0.0028,"sh24_utj":0.0031,"sh_rz":0.0793,"sh24_rz":0.0295,"sh_labor":0.0463,"sh24_labor":0.0793,"sh_gantz":0.1388,"sh24_gantz":0.0952,"sh_yb":0.0299,"sh24_yb":0.0355,"sh_meretz":0.0272,"sh24_meretz":0.0503,"sh_raam":0.0016,"sh_hadash":0.0042,"sh_balad":0.0012,"sh24_joint":0.0031,"sh24_yamina":0.0617,"sh24_newhope":0.0592,"sh_habait":0.0098,"sh_other":0.0178,"sh24_other":0.0197,"winner24":"likud"}},{"type":"Feature","geometry":{"type":"Point","coordinates":[34.69466,31.62422]},"properties":{"semel":55,"name":"נוגה","winner":"likud","winnerShare":0.4489,"turnout":0.7448,"valid":323,"sh_likud":0.4489,"sh24_likud":0.5657,"sh_yesh_atid":0.0898,"sh24_yesh_atid":0.062,"sh_shas":0.1053,"sh24_shas":0.0584,"sh_utj":0.0031,"sh_rz":0.1796,"sh24_rz":0.0255,"sh_labor":0.0093,"sh24_labor":0.0182,"sh_gantz":0.1269,"sh24_gantz":0.1277,"sh_yb":0.0155,"sh24_yb":0.0328,"sh_meretz":0.0062,"sh24_meretz":0.0073,"sh24_yamina":0.0328,"sh24_newhope":0.0584,"sh_habait":0.0062,"sh_other":0.0093,"sh24_other":0.0109,"winner24":"likud"}},{"type":"Feature","geometry":{"type":"Point","coordinates":[35.56209,32.7136]},"properties":{"semel":57,"name":"כנרת קבוצה","winner":"yesh_atid","winnerShare":0.375,"turnout":0.6484,"valid":424,"sh_likud":0.0943,"sh24_likud":0.0974,"sh_yesh_atid":0.375,"sh24_yesh_atid":0.2436,"sh_shas":0.0071,"sh24_shas":0.0046,"sh_utj":0.0024,"sh24_utj":0.0023,"sh_rz":0.0354,"sh24_rz":0.0046,"sh_labor":0.1887,"sh24_labor":0.2575,"sh_gantz":0.2005,"sh24_gantz":0.1647,"sh_yb":0.0189,"sh24_yb":0.0603,"sh_meretz":0.0401,"sh24_meretz":0.0673,"sh24_yamina":0.0186,"sh24_newhope":0.0742,"sh_habait":0.0024,"sh_other":0.0354,"sh24_other":0.0046,"winner24":"labor"}},{"type":"Feature","geometry":{"type":"Point","coordinates":[35.50964,32.79007]},"properties":{"semel":58,"name":"מצפה","winner":"yesh_atid","winnerShare":0.3647,"turnout":0.7522,"valid":85,"sh_likud":0.2588,"sh24_likud":0.2471,"sh_yesh_atid":0.3647,"sh24_yesh_atid":0.2706,"sh_shas":0.0118,"sh_rz":0.0706,"sh24_rz":0.0118,"sh_labor":0.0824,"sh24_labor":0.1059,"sh_gantz":0.1529,"sh24_gantz":0.1294,"sh_yb":0.0118,"sh24_yb":0.0353,"sh_meretz":0.0353,"sh24_meretz":0.0471,"sh24_yamina":0.0471,"sh24_newhope":0.0706,"sh_habait":0.0118,"sh24_other":0.0353,"winner24":"yesh_atid"}},{"type":"Feature","geometry":{"type":"Point","coordinates":[34.95415,31.6302]},"properties":{"semel":59,"name":"נחושה","winner":"rz","winnerShare":0.3389,"turnout":0.7382,"valid":655,"sh_likud":0.2229,"sh24_likud":0.1803,"sh_yesh_atid":0.0122,"sh24_yesh_atid":0.0172,"sh_shas":0.0489,"sh24_shas":0.0313,"sh_utj":0.0153,"sh24_utj":0.0047,"sh_rz":0.3389,"sh24_rz":0.174,"sh_labor":0.0107,"sh24_labor":0.0172,"sh_gantz":0.1313,"sh24_gantz":0.0282,"sh_yb":0.0061,"sh24_yb":0.0016,"sh_meretz":0.0046,"sh24_meretz":0.0094,"sh24_yamina":0.4702,"sh24_newhope":0.058,"sh_habait":0.1969,"sh_other":0.0122,"sh24_other":0.0078,"winner24":"yamina"}},{"type":"Feature","geometry":{"type":"Point","coordinates":[35.57452,32.70794]},"properties":{"semel":62,"name":"דגניה א","winner":"yesh_atid","winnerShare":0.3639,"turnout":0.6476,"valid":338,"sh_likud":0.0414,"sh24_likud":0.0284,"sh_yesh_atid":0.3639,"sh24_yesh_atid":0.2102,"sh_rz":0.0118,"sh24_rz":0.0057,"sh_labor":0.3018,"sh24_labor":0.3636,"sh_gantz":0.1598,"sh24_gantz":0.1648,"sh_yb":0.0207,"sh24_yb":0.0227,"sh_meretz":0.0947,"sh24_meretz":0.1506,"sh24_yamina":0.0199,"sh24_newhope":0.0227,"sh_habait":0.003,"sh_other":0.003,"sh24_other":0.0114,"winner24":"labor"}},{"type":"Feature","geometry":{"type":"Point","coordinates":[35.56485,32.72513]},"properties":{"semel":63,"name":"כנרת מושבה","winner":"yesh_atid","winnerShare":0.313,"turnout":0.6792,"valid":377,"sh_likud":0.2732,"sh24_likud":0.2683,"sh_yesh_atid":0.313,"sh24_yesh_atid":0.2412,"sh_shas":0.008,"sh24_shas":0.0081,"sh_utj":0.0106,"sh24_utj":0.0081,"sh_rz":0.0637,"sh24_rz":0.0136,"sh_labor":0.0531,"sh24_labor":0.1301,"sh_gantz":0.1698,"sh24_gantz":0.1111,"sh_yb":0.0212,"sh24_yb":0.0163,"sh_meretz":0.0584,"sh24_meretz":0.0569,"sh24_raam":0.0027,"sh_balad":0.0027,"sh24_yamina":0.0596,"sh24_newhope":0.0759,"sh_habait":0.008,"sh_other":0.0186,"sh24_other":0.0081,"winner24":"likud"}},{"type":"Feature","geometry":{"type":"Point","coordinates":[34.90066,31.90013]},"properties":{"semel":64,"name":"יד רמבם","winner":"likud","winnerShare":0.5201,"turnout":0.7654,"valid":671,"sh_likud":0.5201,"sh24_likud":0.609,"sh_yesh_atid":0.0596,"sh24_yesh_atid":0.0679,"sh_shas":0.1326,"sh24_shas":0.0985,"sh_utj":0.0075,"sh24_utj":0.0032,"sh_rz":0.1729,"sh24_rz":0.0517,"sh_labor":0.0089,"sh24_labor":0.0275,"sh_gantz":0.076,"sh24_gantz":0.0275,"sh_yb":0.003,"sh24_yb":0.0048,"sh_meretz":0.0015,"sh24_meretz":0.0065,"sh24_yamina":0.0614,"sh24_newhope":0.0339,"sh_habait":0.006,"sh_other":0.0119,"sh24_other":0.0081,"winner24":"likud"}},{"type":"Feature","geometry":{"type":"Point","coordinates":[35.5048,32.83746]},"properties":{"semel":65,"name":"מגדל","winner":"likud","winnerShare":0.4088,"turnout":0.6658,"valid":976,"sh_likud":0.4088,"sh24_likud":0.4753,"sh_yesh_atid":0.0625,"sh24_yesh_atid":0.0549,"sh_shas":0.1947,"sh24_shas":0.1491,"sh_utj":0.0184,"sh24_utj":0.0168,"sh_rz":0.1855,"sh24_rz":0.093,"sh_labor":0.0123,"sh24_labor":0.0213,"sh_gantz":0.0543,"sh24_gantz":0.0415,"sh_yb":0.0133,"sh24_yb":0.0202,"sh_meretz":0.0061,"sh24_meretz":0.0135,"sh_raam":0.0031,"sh_hadash":0.0041,"sh_balad":0.0031,"sh24_joint":0.0045,"sh24_yamina":0.0549,"sh24_newhope":0.046,"sh_habait":0.0184,"sh_other":0.0154,"sh24_other":0.009,"winner24":"likud"}},{"type":"Feature","geometry":{"type":"Point","coordinates":[35.3074,32.60596]},"properties":{"semel":66,"name":"מרחביה קיבוץ","winner":"yesh_atid","winnerShare":0.3272,"turnout":0.6905,"valid":648,"sh_likud":0.2191,"sh24_likud":0.2112,"sh_yesh_atid":0.3272,"sh24_yesh_atid":0.1946,"sh_shas":0.0077,"sh24_shas":0.006,"sh_utj":0.0046,"sh_rz":0.037,"sh24_rz":0.0121,"sh_labor":0.0509,"sh24_labor":0.1116,"sh_gantz":0.1481,"sh24_gantz":0.1026,"sh_yb":0.0478,"sh24_yb":0.0769,"sh_meretz":0.1327,"sh24_meretz":0.1629,"sh_hadash":0.0015,"sh24_yamina":0.0513,"sh24_newhope":0.0573,"sh_habait":0.0093,"sh_other":0.0139,"sh24_other":0.0136,"winner24":"likud"}},{"type":"Feature","geometry":{"type":"Point","coordinates":[34.59951,31.55708]},"properties":{"semel":67,"name":"אור הנר","winner":"yesh_atid","winnerShare":0.3659,"turnout":0.7635,"valid":481,"sh_likud":0.0665,"sh24_likud":0.0541,"sh_yesh_atid":0.3659,"sh24_yesh_atid":0.2079,"sh_shas":0.0042,"sh_rz":0.0312,"sh24_rz":0.0042,"sh_labor":0.1601,"sh24_labor":0.2703,"sh_gantz":0.2557,"sh24_gantz":0.2017,"sh_yb":0.0249,"sh24_yb":0.0395,"sh_meretz":0.0644,"sh24_meretz":0.1081,"sh_hadash":0.0062,"sh_balad":0.0021,"sh24_joint":0.0021,"sh24_yamina":0.0582,"sh24_newhope":0.0437,"sh_habait":0.0104,"sh_other":0.0083,"sh24_other":0.0104,"winner24":"labor"}},{"type":"Feature","geometry":{"type":"Point","coordinates":[34.40202,31.31085]},"properties":{"semel":69,"name":"ניר עוז","winner":"yesh_atid","winnerShare":0.3556,"turnout":0.7325,"valid":239,"sh_likud":0.0544,"sh24_likud":0.0583,"sh_yesh_atid":0.3556,"sh24_yesh_atid":0.1875,"sh_shas":0.0084,"sh24_shas":0.0042,"sh_rz":0.0209,"sh_labor":0.1213,"sh24_labor":0.2333,"sh_gantz":0.1255,"sh24_gantz":0.0667,"sh_yb":0.0251,"sh24_yb":0.0292,"sh_meretz":0.2803,"sh24_meretz":0.3667,"sh24_yamina":0.0292,"sh24_newhope":0.0167,"sh_habait":0.0042,"sh_other":0.0042,"sh24_other":0.0083,"winner24":"meretz"}},{"type":"Feature","geometry":{"type":"Point","coordinates":[34.64963,31.79547]},"properties":{"semel":70,"name":"אשדוד","winner":"likud","winnerShare":0.2892,"turnout":0.6439,"valid":116294,"sh_likud":0.2892,"sh24_likud":0.3069,"sh_yesh_atid":0.1278,"sh24_yesh_atid":0.1043,"sh_shas":0.157,"sh24_shas":0.1376,"sh_utj":0.1345,"sh24_utj":0.121,"sh_rz":0.0899,"sh24_rz":0.0298,"sh_labor":0.009,"sh24_labor":0.0156,"sh_gantz":0.066,"sh24_gantz":0.0371,"sh_yb":0.104,"sh24_yb":0.132,"sh_meretz":0.0047,"sh24_meretz":0.0071,"sh_raam":0.0003,"sh24_raam":0.0002,"sh_hadash":0.0002,"sh_balad":0.0002,"sh24_joint":0.0003,"sh24_yamina":0.0487,"sh24_newhope":0.0466,"sh_habait":0.0044,"sh_other":0.0128,"sh24_other":0.0129,"winner24":"likud"}},{"type":"Feature","geometry":{"type":"Point","coordinates":[34.66726,31.44626]},"properties":{"semel":71,"name":"אשבול","winner":"likud","winnerShare":0.3728,"turnout":0.7788,"valid":338,"sh_likud":0.3728,"sh24_likud":0.4248,"sh_yesh_atid":0.1331,"sh24_yesh_atid":0.0752,"sh_shas":0.1036,"sh24_shas":0.098,"sh_utj":0.0207,"sh24_utj":0.0065,"sh_rz":0.1716,"sh24_rz":0.049,"sh_labor":0.0178,"sh24_labor":0.0425,"sh_gantz":0.1391,"sh24_gantz":0.0948,"sh_yb":0.0089,"sh24_yb":0.0196,"sh_meretz":0.0178,"sh24_meretz":0.0196,"sh24_yamina":0.098,"sh24_newhope":0.0621,"sh_habait":0.0118,"sh_other":0.003,"sh24_other":0.0098,"winner24":"likud"}},{"type":"Feature","geometry":{"type":"Point","coordinates":[34.95001,32.4529]},"properties":{"semel":72,"name":"גן שמואל","winner":"meretz","winnerShare":0.3609,"turnout":0.7638,"valid":665,"sh_likud":0.0105,"sh24_likud":0.0103,"sh_yesh_atid":0.2872,"sh24_yesh_atid":0.1637,"sh_utj":0.0015,"sh_rz":0.003,"sh_labor":0.1293,"sh24_labor":0.2006,"sh_gantz":0.1835,"sh24_gantz":0.149,"sh_yb":0.0045,"sh24_yb":0.0059,"sh_meretz":0.3609,"sh24_meretz":0.444,"sh_hadash":0.0015,"sh24_joint":0.0015,"sh24_newhope":0.0192,"sh_habait":0.0015,"sh_other":0.0165,"sh24_other":0.0059,"winner24":"meretz"}},{"type":"Feature","geometry":{"type":"Point","coordinates":[34.98311,32.70002]},"properties":{"semel":74,"name":"עין הוד","winner":"yesh_atid","winnerShare":0.3754,"turnout":0.6448,"valid":333,"sh_likud":0.03,"sh24_likud":0.0308,"sh_yesh_atid":0.3754,"sh24_yesh_atid":0.1429,"sh_shas":0.006,"sh_utj":0.003,"sh24_utj":0.0028,"sh_rz":0.018,"sh24_rz":0.0056,"sh_labor":0.1261,"sh24_labor":0.2633,"sh_gantz":0.1021,"sh24_gantz":0.112,"sh_yb":0.024,"sh24_yb":0.042,"sh_meretz":0.2583,"sh24_meretz":0.2997,"sh_hadash":0.012,"sh24_joint":0.014,"sh24_yamina":0.0392,"sh24_newhope":0.0168,"sh_habait":0.006,"sh_other":0.039,"sh24_other":0.0308,"winner24":"meretz"}},{"type":"Feature","geometry":{"type":"Point","coordinates":[35.57472,33.2424]},"properties":{"semel":76,"name":"כפר גלעדי","winner":"gantz","winnerShare":0.3277,"turnout":0.599,"valid":354,"sh_likud":0.0593,"sh24_likud":0.0646,"sh_yesh_atid":0.2797,"sh24_yesh_atid":0.1629,"sh_utj":0.0028,"sh_rz":0.0226,"sh24_rz":0.0028,"sh_labor":0.161,"sh24_labor":0.2079,"sh_gantz":0.3277,"sh24_gantz":0.2978,"sh_yb":0.0198,"sh24_yb":0.0337,"sh_meretz":0.0706,"sh24_meretz":0.1517,"sh_hadash":0.0028,"sh24_yamina":0.0281,"sh24_newhope":0.0337,"sh_other":0.0537,"sh24_other":0.0169,"winner24":"gantz"}},{"type":"Feature","geometry":{"type":"Point","coordinates":[35.57675,33.02266]},"properties":{"semel":77,"name":"איילת השחר","winner":"yesh_atid","winnerShare":0.2993,"turnout":0.7143,"valid":588,"sh_likud":0.0952,"sh24_likud":0.0836,"sh_yesh_atid":0.2993,"sh24_yesh_atid":0.2439,"sh_shas":0.0102,"sh24_shas":0.0017,"sh_utj":0.0051,"sh24_utj":0.0017,"sh_rz":0.0391,"sh24_rz":0.0035,"sh_labor":0.2228,"sh24_labor":0.2962,"sh_gantz":0.1956,"sh24_gantz":0.1324,"sh_yb":0.0323,"sh24_yb":0.0436,"sh_meretz":0.0748,"sh24_meretz":0.1063,"sh24_yamina":0.0226,"sh24_newhope":0.0436,"sh_habait":0.0119,"sh_other":0.0136,"sh24_other":0.0209,"winner24":"labor"}},{"type":"Feature","geometry":{"type":"Point","coordinates":[35.11973,31.81048]},"properties":{"semel":78,"name":"קרית ענבים","winner":"yesh_atid","winnerShare":0.3786,"turnout":0.6186,"valid":206,"sh_likud":0.1068,"sh24_likud":0.0806,"sh_yesh_atid":0.3786,"sh24_yesh_atid":0.2559,"sh_shas":0.0097,"sh24_shas":0.0095,"sh_rz":0.0146,"sh_labor":0.1699,"sh24_labor":0.2607,"sh_gantz":0.1456,"sh24_gantz":0.0995,"sh_yb":0.0146,"sh24_yb":0.0284,"sh_meretz":0.1165,"sh24_meretz":0.1659,"sh_raam":0.0097,"sh_hadash":0.0146,"sh24_joint":0.0095,"sh24_yamina":0.0237,"sh24_newhope":0.0569,"sh_habait":0.0049,"sh_other":0.0146,"sh24_other":0.0095,"winner24":"labor"}},{"type":"Feature","geometry":{"type":"Point","coordinates":[35.5751,32.7003]},"properties":{"semel":79,"name":"דגניה ב","winner":"yesh_atid","winnerShare":0.4119,"turnout":0.6819,"valid":403,"sh_likud":0.0819,"sh24_likud":0.0688,"sh_yesh_atid":0.4119,"sh24_yesh_atid":0.2924,"sh_shas":0.0025,"sh24_utj":0.0025,"sh_rz":0.0174,"sh24_rz":0.0074,"sh_labor":0.201,"sh24_labor":0.2727,"sh_gantz":0.1787,"sh24_gantz":0.1523,"sh_yb":0.0149,"sh24_yb":0.0246,"sh_meretz":0.0819,"sh24_meretz":0.1106,"sh_raam":0.0025,"sh24_yamina":0.0295,"sh24_newhope":0.0295,"sh_other":0.0074,"sh24_other":0.0098,"winner24":"yesh_atid"}},{"type":"Feature","geometry":{"type":"Point","coordinates":[35.19672,32.69035]},"properties":{"semel":80,"name":"נהלל","winner":"yesh_atid","winnerShare":0.4773,"turnout":0.7416,"valid":618,"sh_likud":0.0744,"sh24_likud":0.0755,"sh_yesh_atid":0.4773,"sh24_yesh_atid":0.3808,"sh_rz":0.0178,"sh24_rz":0.0069,"sh_labor":0.1553,"sh24_labor":0.1921,"sh_gantz":0.1553,"sh24_gantz":0.1441,"sh_yb":0.0324,"sh24_yb":0.0309,"sh_meretz":0.0744,"sh24_meretz":0.1029,"sh_hadash":0.0016,"sh24_joint":0.0017,"sh24_yamina":0.0223,"sh24_newhope":0.0326,"sh_habait":0.0065,"sh_other":0.0049,"sh24_other":0.0103,"winner24":"yesh_atid"}},{"type":"Feature","geometry":{"type":"Point","coordinates":[35.39155,32.55835]},"properties":{"semel":82,"name":"עין חרוד מאוחד","winner":"yesh_atid","winnerShare":0.3792,"turnout":0.6816,"valid":472,"sh_likud":0.0572,"sh24_likud":0.0445,"sh_yesh_atid":0.3792,"sh24_yesh_atid":0.17,"sh_utj":0.0064,"sh24_utj":0.004,"sh_rz":0.0212,"sh24_rz":0.0121,"sh_labor":0.2119,"sh24_labor":0.3016,"sh_gantz":0.2161,"sh24_gantz":0.2004,"sh_yb":0.0212,"sh24_yb":0.0304,"sh_meretz":0.0699,"sh24_meretz":0.1154,"sh24_yamina":0.0547,"sh24_newhope":0.0587,"sh_habait":0.0106,"sh_other":0.0064,"sh24_other":0.0081,"winner24":"labor"}},{"type":"Feature","geometry":{"type":"Point","coordinates":[35.39961,32.55624]},"properties":{"semel":84,"name":"תל יוסף","winner":"yesh_atid","winnerShare":0.4194,"turnout":0.7154,"valid":279,"sh_likud":0.0538,"sh24_likud":0.0362,"sh_yesh_atid":0.4194,"sh24_yesh_atid":0.2572,"sh24_shas":0.0072,"sh_rz":0.0394,"sh24_rz":0.0145,"sh_labor":0.1828,"sh24_labor":0.2609,"sh_gantz":0.172,"sh24_gantz":0.192,"sh_yb":0.0179,"sh24_yb":0.029,"sh_meretz":0.0717,"sh24_meretz":0.1159,"sh24_yamina":0.0181,"sh24_newhope":0.0254,"sh_other":0.043,"sh24_other":0.0435,"winner24":"labor"}},{"type":"Feature","geometry":{"type":"Point","coordinates":[35.35975,32.56714]},"properties":{"semel":85,"name":"כפר יחזקאל","winner":"yesh_atid","winnerShare":0.3947,"turnout":0.7942,"valid":603,"sh_likud":0.1012,"sh24_likud":0.0832,"sh_yesh_atid":0.3947,"sh24_yesh_atid":0.2767,"sh_shas":0.0033,"sh24_shas":0.0034,"sh24_utj":0.0017,"sh_rz":0.0481,"sh24_rz":0.0119,"sh_labor":0.1161,"sh24_labor":0.1834,"sh_gantz":0.2239,"sh24_gantz":0.2343,"sh_yb":0.0149,"sh24_yb":0.0306,"sh_meretz":0.0531,"sh24_meretz":0.0611,"sh_hadash":0.005,"sh24_joint":0.0034,"sh24_yamina":0.0424,"sh24_newhope":0.039,"sh_habait":0.0083,"sh_other":0.0315,"sh24_other":0.0289,"winner24":"yesh_atid"}},{"type":"Feature","geometry":{"type":"Point","coordinates":[35.37207,32.56629]},"properties":{"semel":86,"name":"גבע","winner":"yesh_atid","winnerShare":0.4558,"turnout":0.6829,"valid":351,"sh_likud":0.0256,"sh24_likud":0.0209,"sh_yesh_atid":0.4558,"sh24_yesh_atid":0.2768,"sh24_rz":0.0026,"sh_labor":0.2564,"sh24_labor":0.3342,"sh_gantz":0.1595,"sh24_gantz":0.188,"sh_yb":0.0171,"sh24_yb":0.0287,"sh_meretz":0.0684,"sh24_meretz":0.1123,"sh_raam":0.0028,"sh24_yamina":0.0131,"sh24_newhope":0.0131,"sh_habait":0.0057,"sh_other":0.0085,"sh24_other":0.0104,"winner24":"labor"}},{"type":"Feature","geometry":{"type":"Point","coordinates":[35.39115,32.56363]},"properties":{"semel":89,"name":"עין חרוד איחוד","winner":"yesh_atid","winnerShare":0.4545,"turnout":0.7213,"valid":363,"sh_likud":0.0303,"sh24_likud":0.042,"sh_yesh_atid":0.4545,"sh24_yesh_atid":0.3176,"sh_shas":0.0028,"sh_utj":0.0028,"sh24_utj":0.0052,"sh_rz":0.0358,"sh24_rz":0.0052,"sh_labor":0.2011,"sh24_labor":0.2808,"sh_gantz":0.1763,"sh24_gantz":0.1417,"sh_yb":0.0193,"sh24_yb":0.0315,"sh_meretz":0.0634,"sh24_meretz":0.1076,"sh_balad":0.0028,"sh24_yamina":0.0315,"sh24_newhope":0.0289,"sh_habait":0.0055,"sh_other":0.0055,"sh24_other":0.0079,"winner24":"yesh_atid"}},{"type":"Feature","geometry":{"type":"Point","coordinates":[35.42564,32.51856]},"properties":{"semel":90,"name":"חפציבה","winner":"yesh_atid","winnerShare":0.3936,"turnout":0.7002,"valid":409,"sh_likud":0.1271,"sh24_likud":0.1557,"sh_yesh_atid":0.3936,"sh24_yesh_atid":0.1849,"sh_shas":0.0049,"sh24_shas":0.0024,"sh_rz":0.0733,"sh24_rz":0.0292,"sh_labor":0.1198,"sh24_labor":0.2117,"sh_gantz":0.1467,"sh24_gantz":0.0973,"sh_yb":0.0122,"sh24_yb":0.0146,"sh_meretz":0.0758,"sh24_meretz":0.1703,"sh_hadash":0.0049,"sh24_yamina":0.0389,"sh24_newhope":0.0608,"sh_habait":0.0049,"sh_other":0.0367,"sh24_other":0.0341,"winner24":"labor"}},{"type":"Feature","geometry":{"type":"Point","coordinates":[35.25771,32.6638]},"properties":{"semel":92,"name":"גיניגר","winner":"yesh_atid","winnerShare":0.3158,"turnout":0.6577,"valid":361,"sh_likud":0.0693,"sh24_likud":0.0751,"sh_yesh_atid":0.3158,"sh24_yesh_atid":0.1917,"sh24_shas":0.0026,"sh_utj":0.0028,"sh24_utj":0.0026,"sh_rz":0.0194,"sh_labor":0.2299,"sh24_labor":0.3057,"sh_gantz":0.169,"sh24_gantz":0.171,"sh_yb":0.0416,"sh24_yb":0.0337,"sh_meretz":0.1302,"sh24_meretz":0.1528,"sh_raam":0.0028,"sh24_raam":0.0026,"sh_hadash":0.0028,"sh_balad":0.0028,"sh24_yamina":0.0285,"sh24_newhope":0.0104,"sh_habait":0.0055,"sh_other":0.0083,"sh24_other":0.0233,"winner24":"labor"}},{"type":"Feature","geometry":{"type":"Point","coordinates":[35.29638,32.63019]},"properties":{"semel":94,"name":"בלפוריה","winner":"yesh_atid","winnerShare":0.3375,"turnout":0.7772,"valid":320,"sh_likud":0.1375,"sh24_likud":0.1571,"sh_yesh_atid":0.3375,"sh24_yesh_atid":0.1964,"sh_shas":0.0094,"sh24_shas":0.0091,"sh_rz":0.0781,"sh24_rz":0.0332,"sh_labor":0.0938,"sh24_labor":0.1178,"sh_gantz":0.2406,"sh24_gantz":0.1662,"sh_yb":0.0375,"sh24_yb":0.0604,"sh_meretz":0.05,"sh24_meretz":0.0755,"sh24_joint":0.003,"sh24_yamina":0.0634,"sh24_newhope":0.0785,"sh_habait":0.0125,"sh_other":0.0031,"sh24_other":0.0393,"winner24":"yesh_atid"}},{"type":"Feature","geometry":{"type":"Point","coordinates":[35.43145,32.51708]},"properties":{"semel":95,"name":"בית אלפא","winner":"yesh_atid","winnerShare":0.3041,"turnout":0.7155,"valid":513,"sh_likud":0.1735,"sh24_likud":0.0507,"sh_yesh_atid":0.3041,"sh24_yesh_atid":0.1377,"sh_shas":0.0078,"sh24_shas":0.0097,"sh_rz":0.0175,"sh24_rz":0.0169,"sh_labor":0.1267,"sh24_labor":0.244,"sh_gantz":0.1501,"sh24_gantz":0.1763,"sh_yb":0.0078,"sh24_yb":0.0266,"sh_meretz":0.1735,"sh24_meretz":0.2512,"sh_hadash":0.0039,"sh24_joint":0.0048,"sh24_yamina":0.0169,"sh24_newhope":0.0362,"sh_habait":0.0117,"sh_other":0.0234,"sh24_other":0.029,"winner24":"meretz"}},{"type":"Feature","geometry":{"type":"Point","coordinates":[35.07741,32.74185]},"properties":{"semel":96,"name":"יגור","winner":"yesh_atid","winnerShare":0.4011,"turnout":0.6374,"valid":890,"sh_likud":0.0416,"sh24_likud":0.0375,"sh_yesh_atid":0.4011,"sh24_yesh_atid":0.2723,"sh_shas":0.0022,"sh24_shas":0.0011,"sh_rz":0.0157,"sh24_rz":0.0044,"sh_labor":0.2764,"sh24_labor":0.3594,"sh_gantz":0.1416,"sh24_gantz":0.1356,"sh_yb":0.0258,"sh24_yb":0.0342,"sh_meretz":0.073,"sh24_meretz":0.108,"sh_hadash":0.0034,"sh24_joint":0.0011,"sh24_yamina":0.0143,"sh24_newhope":0.0221,"sh_habait":0.0022,"sh_other":0.0169,"sh24_other":0.0099,"winner24":"labor"}},{"type":"Feature","geometry":{"type":"Point","coordinates":[35.31657,32.60378]},"properties":{"semel":97,"name":"מרחביה מושב","winner":"yesh_atid","winnerShare":0.3364,"turnout":0.7197,"valid":434,"sh_likud":0.1521,"sh24_likud":0.1515,"sh_yesh_atid":0.3364,"sh24_yesh_atid":0.2564,"sh_shas":0.0138,"sh24_shas":0.0117,"sh_utj":0.0046,"sh24_utj":0.0023,"sh_rz":0.0599,"sh24_rz":0.0396,"sh_labor":0.0945,"sh24_labor":0.1166,"sh_gantz":0.2327,"sh24_gantz":0.1911,"sh_yb":0.03,"sh24_yb":0.0303,"sh_meretz":0.0461,"sh24_meretz":0.0793,"sh_hadash":0.0023,"sh24_joint":0.0023,"sh24_yamina":0.0373,"sh24_newhope":0.0653,"sh_habait":0.0069,"sh_other":0.0207,"sh24_other":0.0163,"winner24":"yesh_atid"}},{"type":"Feature","geometry":{"type":"Point","coordinates":[34.89406,32.16803]},"properties":{"semel":98,"name":"כפר מלל","winner":"yesh_atid","winnerShare":0.4048,"turnout":0.7692,"valid":210,"sh_likud":0.1619,"sh24_likud":0.139,"sh_yesh_atid":0.4048,"sh24_yesh_atid":0.2287,"sh_rz":0.0286,"sh24_rz":0.0135,"sh_labor":0.1429,"sh24_labor":0.1659,"sh_gantz":0.1524,"sh24_gantz":0.2152,"sh_yb":0.0143,"sh24_yb":0.0359,"sh_meretz":0.0857,"sh24_meretz":0.1211,"sh_hadash":0.0048,"sh24_yamina":0.0359,"sh24_newhope":0.0179,"sh_other":0.0048,"sh24_other":0.0269,"winner24":"yesh_atid"}},{"type":"Feature","geometry":{"type":"Point","coordinates":[34.80363,30.62377]},"properties":{"semel":99,"name":"מצפה רמון","winner":"rz","winnerShare":0.2724,"turnout":0.5309,"valid":1964,"sh_likud":0.2632,"sh24_likud":0.2559,"sh_yesh_atid":0.1135,"sh24_yesh_atid":0.0704,"sh_shas":0.0331,"sh24_shas":0.021,"sh_utj":0.0046,"sh24_utj":0.0043,"sh_rz":0.2724,"sh24_rz":0.2231,"sh_labor":0.0687,"sh24_labor":0.1108,"sh_gantz":0.0514,"sh24_gantz":0.0425,"sh_yb":0.0698,"sh24_yb":0.0903,"sh_meretz":0.0601,"sh24_meretz":0.072,"sh_raam":0.0199,"sh24_raam":0.0097,"sh_hadash":0.0092,"sh_balad":0.0015,"sh24_joint":0.0086,"sh24_yamina":0.0387,"sh24_newhope":0.0312,"sh_habait":0.0076,"sh_other":0.0249,"sh24_other":0.0215,"winner24":"likud"}},{"type":"Feature","geometry":{"type":"Point","coordinates":[34.97133,32.59138]},"properties":{"semel":102,"name":"מאיר שפיה","winner":"likud","winnerShare":0.3774,"turnout":0.4297,"valid":53,"sh_likud":0.3774,"sh24_likud":0.1964,"sh_yesh_atid":0.1698,"sh24_yesh_atid":0.1429,"sh_shas":0.0189,"sh_rz":0.0943,"sh_labor":0.0566,"sh24_labor":0.1429,"sh_gantz":0.1509,"sh24_gantz":0.1071,"sh_yb":0.1132,"sh24_yb":0.0714,"sh_meretz":0.0189,"sh24_meretz":0.0179,"sh24_yamina":0.0714,"sh24_newhope":0.1786,"sh24_other":0.0714,"winner24":"likud"}},{"type":"Feature","geometry":{"type":"Point","coordinates":[35.30237,32.65615]},"properties":{"semel":103,"name":"תל עדשים","winner":"yesh_atid","winnerShare":0.3498,"turnout":0.7439,"valid":666,"sh_likud":0.2147,"sh24_likud":0.1826,"sh_yesh_atid":0.3498,"sh24_yesh_atid":0.2813,"sh_shas":0.0075,"sh24_shas":0.0044,"sh_utj":0.003,"sh24_utj":0.0029,"sh_rz":0.0571,"sh24_rz":0.0206,"sh_labor":0.0646,"sh24_labor":0.109,"sh_gantz":0.2312,"sh24_gantz":0.1458,"sh_yb":0.018,"sh24_yb":0.0339,"sh_meretz":0.0315,"sh24_meretz":0.053,"sh_hadash":0.003,"sh24_joint":0.0029,"sh24_yamina":0.0766,"sh24_newhope":0.0781,"sh_habait":0.009,"sh_other":0.0105,"sh24_other":0.0088,"winner24":"yesh_atid"}},{"type":"Feature","geometry":{"type":"Point","coordinates":[35.28639,32.65092]},"properties":{"semel":104,"name":"מזרע","winner":"yesh_atid","winnerShare":0.362,"turnout":0.6976,"valid":489,"sh_likud":0.0307,"sh24_likud":0.0217,"sh_yesh_atid":0.362,"sh24_yesh_atid":0.217,"sh_utj":0.0041,"sh24_utj":0.002,"sh_rz":0.0061,"sh_labor":0.1616,"sh24_labor":0.2012,"sh_gantz":0.137,"sh24_gantz":0.1755,"sh_yb":0.0225,"sh24_yb":0.0039,"sh_meretz":0.2515,"sh24_meretz":0.3294,"sh_hadash":0.002,"sh24_yamina":0.0178,"sh24_newhope":0.0237,"sh_habait":0.0061,"sh_other":0.0164,"sh24_other":0.0079,"winner24":"meretz"}},{"type":"Feature","geometry":{"type":"Point","coordinates":[35.29129,32.64406]},"properties":{"semel":106,"name":"כפר גדעון","winner":"utj","winnerShare":0.28,"turnout":0.7109,"valid":150,"sh_likud":0.14,"sh24_likud":0.1778,"sh_yesh_atid":0.0533,"sh24_yesh_atid":0.0519,"sh_shas":0.2467,"sh24_shas":0.1852,"sh_utj":0.28,"sh24_utj":0.3259,"sh_rz":0.2133,"sh24_rz":0.1407,"sh_labor":0.0067,"sh24_labor":0.0074,"sh_gantz":0.04,"sh24_gantz":0.0148,"sh24_yb":0.0074,"sh24_yamina":0.037,"sh24_newhope":0.0519,"sh_habait":0.02,"winner24":"utj"}},{"type":"Feature","geometry":{"type":"Point","coordinates":[34.61175,31.67314]},"properties":{"semel":107,"name":"כפר סילבר","winner":"yesh_atid","winnerShare":0.4286,"turnout":0.3294,"valid":28,"sh_likud":0.1071,"sh24_likud":0.2222,"sh_yesh_atid":0.4286,"sh24_yesh_atid":0.25,"sh_rz":0.1071,"sh24_rz":0.0556,"sh24_labor":0.0278,"sh_gantz":0.1786,"sh24_gantz":0.1667,"sh24_yb":0.1111,"sh_meretz":0.0714,"sh24_meretz":0.0556,"sh24_yamina":0.0833,"sh24_newhope":0.0278,"sh_habait":0.0714,"sh_other":0.0357,"winner24":"yesh_atid"}},{"type":"Feature","geometry":{"type":"Point","coordinates":[35.09264,32.75052]},"properties":{"semel":112,"name":"כפר חסידים א","winner":"yesh_atid","winnerShare":0.2982,"turnout":0.7045,"valid":379,"sh_likud":0.1636,"sh24_likud":0.1611,"sh_yesh_atid":0.2982,"sh24_yesh_atid":0.243,"sh_shas":0.0501,"sh24_shas":0.0307,"sh_utj":0.0528,"sh24_utj":0.046,"sh_rz":0.1715,"sh24_rz":0.1125,"sh_labor":0.0211,"sh24_labor":0.0537,"sh_gantz":0.1319,"sh24_gantz":0.0818,"sh_yb":0.0264,"sh24_yb":0.0512,"sh_meretz":0.0237,"sh24_meretz":0.0179,"sh_raam":0.0026,"sh24_yamina":0.1432,"sh24_newhope":0.0537,"sh_habait":0.0422,"sh_other":0.0158,"sh24_other":0.0051,"winner24":"yesh_atid"}},{"type":"Feature","geometry":{"type":"Point","coordinates":[35.27188,32.54898]},"properties":{"semel":113,"name":"אדירים","winner":"likud","winnerShare":0.3864,"turnout":0.7532,"valid":176,"sh_likud":0.3864,"sh24_likud":0.4667,"sh_yesh_atid":0.017,"sh24_yesh_atid":0.0111,"sh_shas":0.3864,"sh24_shas":0.3389,"sh24_utj":0.0222,"sh_rz":0.1705,"sh24_rz":0.05,"sh_labor":0.0057,"sh24_labor":0.0056,"sh_gantz":0.0284,"sh24_gantz":0.0167,"sh24_yamina":0.0389,"sh24_newhope":0.0333,"sh_other":0.0057,"sh24_other":0.0167,"winner24":"likud"}},{"type":"Feature","geometry":{"type":"Point","coordinates":[34.87397,32.38492]},"properties":{"semel":115,"name":"חופית","winner":"yesh_atid","winnerShare":0.4912,"turnout":0.7284,"valid":568,"sh_likud":0.0739,"sh24_likud":0.0717,"sh_yesh_atid":0.4912,"sh24_yesh_atid":0.2972,"sh_utj":0.0018,"sh24_utj":0.0017,"sh_rz":0.0053,"sh24_rz":0.0017,"sh_labor":0.1004,"sh24_labor":0.1871,"sh_gantz":0.1408,"sh24_gantz":0.1713,"sh_yb":0.0299,"sh24_yb":0.0507,"sh_meretz":0.1215,"sh24_meretz":0.1573,"sh_raam":0.0035,"sh_hadash":0.0035,"sh_balad":0.0018,"sh24_joint":0.0017,"sh24_yamina":0.035,"sh24_newhope":0.0192,"sh_habait":0.0106,"sh_other":0.0158,"sh24_other":0.0052,"winner24":"yesh_atid"}},{"type":"Feature","geometry":{"type":"Point","coordinates":[35.1655,32.70295]},"properties":{"semel":122,"name":"רמת ישי","winner":"yesh_atid","winnerShare":0.3481,"turnout":0.7269,"valid":4355,"sh_likud":0.2349,"sh24_likud":0.2267,"sh_yesh_atid":0.3481,"sh24_yesh_atid":0.2752,"sh_shas":0.0135,"sh24_shas":0.0124,"sh_utj":0.0014,"sh24_utj":0.0021,"sh_rz":0.0732,"sh24_rz":0.0201,"sh_labor":0.062,"sh24_labor":0.0955,"sh_gantz":0.1738,"sh24_gantz":0.1289,"sh_yb":0.0276,"sh24_yb":0.0289,"sh_meretz":0.039,"sh24_meretz":0.0535,"sh_raam":0.0002,"sh_hadash":0.0007,"sh24_joint":0.0002,"sh24_yamina":0.0633,"sh24_newhope":0.0808,"sh_habait":0.0101,"sh_other":0.0154,"sh24_other":0.0126,"winner24":"yesh_atid"}},{"type":"Feature","geometry":{"type":"Point","coordinates":[35.22588,32.66308]},"properties":{"semel":126,"name":"שריד","winner":"yesh_atid","winnerShare":0.4041,"turnout":0.6904,"valid":532,"sh_likud":0.0508,"sh24_likud":0.0543,"sh_yesh_atid":0.4041,"sh24_yesh_atid":0.2172,"sh_shas":0.0038,"sh24_shas":0.0037,"sh_utj":0.0019,"sh24_utj":0.0019,"sh_rz":0.0075,"sh_labor":0.1429,"sh24_labor":0.2004,"sh_gantz":0.1109,"sh24_gantz":0.1086,"sh_yb":0.0226,"sh24_yb":0.0431,"sh_meretz":0.2387,"sh24_meretz":0.3221,"sh_hadash":0.0038,"sh24_joint":0.0019,"sh24_yamina":0.0131,"sh24_newhope":0.0206,"sh_habait":0.0056,"sh_other":0.0075,"sh24_other":0.0131,"winner24":"meretz"}},{"type":"Feature","geometry":{"type":"Point","coordinates":[35.21838,31.73975]},"properties":{"semel":127,"name":"רמת רחל","winner":"yesh_atid","winnerShare":0.4134,"turnout":0.7883,"valid":283,"sh_likud":0.106,"sh24_likud":0.0833,"sh_yesh_atid":0.4134,"sh24_yesh_atid":0.1979,"sh_shas":0.0212,"sh24_shas":0.0139,"sh_rz":0.0247,"sh24_rz":0.0069,"sh_labor":0.1625,"sh24_labor":0.2361,"sh_gantz":0.1378,"sh24_gantz":0.1944,"sh_yb":0.0318,"sh24_yb":0.0417,"sh_meretz":0.0813,"sh24_meretz":0.1736,"sh_balad":0.0035,"sh24_joint":0.0035,"sh24_yamina":0.0313,"sh24_newhope":0.0104,"sh_habait":0.0035,"sh_other":0.0141,"sh24_other":0.0069,"winner24":"labor"}},{"type":"Feature","geometry":{"type":"Point","coordinates":[34.88,32.06849]},"properties":{"semel":128,"name":"גת רימון","winner":"yesh_atid","winnerShare":0.3873,"turnout":0.7396,"valid":142,"sh_likud":0.1972,"sh24_likud":0.1975,"sh_yesh_atid":0.3873,"sh24_yesh_atid":0.2675,"sh_shas":0.007,"sh_utj":0.007,"sh_rz":0.0493,"sh24_rz":0.0255,"sh_labor":0.0634,"sh24_labor":0.1274,"sh_gantz":0.1831,"sh24_gantz":0.1401,"sh_yb":0.0141,"sh24_yb":0.0382,"sh_meretz":0.0493,"sh24_meretz":0.0828,"sh24_yamina":0.051,"sh24_newhope":0.0382,"sh_habait":0.007,"sh_other":0.0352,"sh24_other":0.0318,"winner24":"yesh_atid"}},{"type":"Feature","geometry":{"type":"Point","coordinates":[35.14249,32.6103]},"properties":{"semel":130,"name":"משמר העמק","winner":"yesh_atid","winnerShare":0.3464,"turnout":0.7625,"valid":713,"sh_likud":0.0168,"sh24_likud":0.0205,"sh_yesh_atid":0.3464,"sh24_yesh_atid":0.1603,"sh_shas":0.0014,"sh24_utj":0.0014,"sh_rz":0.0042,"sh24_rz":0.0027,"sh_labor":0.2356,"sh24_labor":0.3055,"sh_gantz":0.1234,"sh24_gantz":0.1233,"sh_yb":0.0196,"sh24_yb":0.0137,"sh_meretz":0.2258,"sh24_meretz":0.3411,"sh_raam":0.0042,"sh_hadash":0.0028,"sh24_joint":0.0014,"sh24_yamina":0.0041,"sh24_newhope":0.0205,"sh_habait":0.0028,"sh_other":0.0168,"sh24_other":0.0055,"winner24":"meretz"}},{"type":"Feature","geometry":{"type":"Point","coordinates":[35.19089,32.64622]},"properties":{"semel":132,"name":"כפר ברוך","winner":"yesh_atid","winnerShare":0.3552,"turnout":0.7706,"valid":335,"sh_likud":0.203,"sh24_likud":0.2163,"sh_yesh_atid":0.3552,"sh24_yesh_atid":0.2482,"sh_shas":0.006,"sh24_shas":0.0071,"sh_utj":0.003,"sh24_utj":0.0035,"sh_rz":0.0836,"sh24_rz":0.0106,"sh_labor":0.0985,"sh24_labor":0.1312,"sh_gantz":0.194,"sh24_gantz":0.1489,"sh_yb":0.0149,"sh24_yb":0.0248,"sh_meretz":0.0269,"sh24_meretz":0.0461,"sh24_yamina":0.0532,"sh24_newhope":0.0816,"sh_habait":0.0119,"sh_other":0.003,"sh24_other":0.0284,"winner24":"yesh_atid"}},{"type":"Feature","geometry":{"type":"Point","coordinates":[35.21248,32.67479]},"properties":{"semel":133,"name":"גבת","winner":"yesh_atid","winnerShare":0.4208,"turnout":0.8105,"valid":568,"sh_likud":0.0317,"sh24_likud":0.0362,"sh_yesh_atid":0.4208,"sh24_yesh_atid":0.2333,"sh_shas":0.0018,"sh_rz":0.0123,"sh24_rz":0.0018,"sh_labor":0.2412,"sh24_labor":0.3056,"sh_gantz":0.1866,"sh24_gantz":0.1881,"sh_yb":0.0158,"sh24_yb":0.0145,"sh_meretz":0.0722,"sh24_meretz":0.1483,"sh_hadash":0.0018,"sh24_yamina":0.0108,"sh24_newhope":0.0488,"sh_other":0.0158,"sh24_other":0.0127,"winner24":"labor"}},{"type":"Feature","geometry":{"type":"Point","coordinates":[35.22383,32.67756]},"properties":{"semel":134,"name":"יפעת","winner":"yesh_atid","winnerShare":0.3935,"turnout":0.7564,"valid":648,"sh_likud":0.0941,"sh24_likud":0.0964,"sh_yesh_atid":0.3935,"sh24_yesh_atid":0.2923,"sh_shas":0.0062,"sh24_shas":0.0047,"sh_utj":0.0015,"sh_rz":0.0324,"sh24_rz":0.0063,"sh_labor":0.1929,"sh24_labor":0.2354,"sh_gantz":0.1543,"sh24_gantz":0.1248,"sh_yb":0.0201,"sh24_yb":0.0348,"sh_meretz":0.0756,"sh24_meretz":0.109,"sh_balad":0.0015,"sh24_joint":0.0047,"sh24_yamina":0.03,"sh24_newhope":0.0474,"sh_habait":0.0123,"sh_other":0.0154,"sh24_other":0.0142,"winner24":"yesh_atid"}},{"type":"Feature","geometry":{"type":"Point","coordinates":[35.20205,32.67815]},"properties":{"semel":135,"name":"רמת דוד","winner":"yesh_atid","winnerShare":0.3934,"turnout":0.755,"valid":305,"sh_likud":0.082,"sh24_likud":0.0753,"sh_yesh_atid":0.3934,"sh24_yesh_atid":0.2534,"sh_rz":0.0361,"sh24_rz":0.0137,"sh_labor":0.1967,"sh24_labor":0.2774,"sh_gantz":0.1705,"sh24_gantz":0.1507,"sh_yb":0.0197,"sh24_yb":0.0205,"sh_meretz":0.0721,"sh24_meretz":0.1301,"sh24_raam":0.0034,"sh_hadash":0.0066,"sh24_joint":0.0034,"sh24_yamina":0.0171,"sh24_newhope":0.0411,"sh_habait":0.0033,"sh_other":0.0197,"sh24_other":0.0137,"winner24":"labor"}},{"type":"Feature","geometry":{"type":"Point","coordinates":[35.00721,32.46359]},"properties":{"semel":139,"name":"עין שמר","winner":"yesh_atid","winnerShare":0.3709,"turnout":0.7136,"valid":461,"sh_likud":0.0282,"sh24_likud":0.0379,"sh_yesh_atid":0.3709,"sh24_yesh_atid":0.1469,"sh_shas":0.0043,"sh24_shas":0.0024,"sh_rz":0.026,"sh24_rz":0.0118,"sh_labor":0.154,"sh24_labor":0.1967,"sh_gantz":0.0889,"sh24_gantz":0.1801,"sh_yb":0.013,"sh24_yb":0.0142,"sh_meretz":0.2928,"sh24_meretz":0.3768,"sh_hadash":0.0065,"sh24_joint":0.0024,"sh24_yamina":0.0047,"sh24_newhope":0.019,"sh_other":0.0152,"sh24_other":0.0071,"winner24":"meretz"}},{"type":"Feature","geometry":{"type":"Point","coordinates":[35.15236,32.68214]},"properties":{"semel":140,"name":"כפר יהושע","winner":"yesh_atid","winnerShare":0.3583,"turnout":0.7722,"valid":695,"sh_likud":0.0791,"sh24_likud":0.0563,"sh_yesh_atid":0.3583,"sh24_yesh_atid":0.2192,"sh_shas":0.0058,"sh_utj":0.0072,"sh_rz":0.0187,"sh24_rz":0.003,"sh_labor":0.1755,"sh24_labor":0.2542,"sh_gantz":0.2201,"sh24_gantz":0.2131,"sh_yb":0.0115,"sh24_yb":0.0259,"sh_meretz":0.0892,"sh24_meretz":0.1263,"sh_hadash":0.0014,"sh24_joint":0.0015,"sh24_yamina":0.0502,"sh24_newhope":0.0381,"sh_habait":0.0043,"sh_other":0.0288,"sh24_other":0.0122,"winner24":"labor"}},{"type":"Feature","geometry":{"type":"Point","coordinates":[35.26485,32.5428]},"properties":{"semel":141,"name":"ברק","winner":"likud","winnerShare":0.3653,"turnout":0.7407,"valid":219,"sh_likud":0.3653,"sh24_likud":0.3881,"sh_yesh_atid":0.1781,"sh24_yesh_atid":0.1493,"sh_shas":0.0457,"sh24_shas":0.0299,"sh_rz":0.1507,"sh24_rz":0.0199,"sh_labor":0.0365,"sh24_labor":0.0746,"sh_gantz":0.1872,"sh24_gantz":0.204,"sh_yb":0.0046,"sh24_yb":0.005,"sh_meretz":0.0046,"sh24_yamina":0.0498,"sh24_newhope":0.0647,"sh_habait":0.0183,"sh_other":0.0091,"sh24_other":0.0149,"winner24":"likud"}},{"type":"Feature","geometry":{"type":"Point","coordinates":[35.14114,32.69795]},"properties":{"semel":142,"name":"שדה יעקב","winner":"rz","winnerShare":0.3582,"turnout":0.7809,"valid":522,"sh_likud":0.2433,"sh24_likud":0.2253,"sh_yesh_atid":0.09,"sh24_yesh_atid":0.0593,"sh_shas":0.0134,"sh24_shas":0.0138,"sh_utj":0.0038,"sh24_utj":0.002,"sh_rz":0.3582,"sh24_rz":0.1917,"sh_labor":0.0172,"sh24_labor":0.0435,"sh_gantz":0.1264,"sh24_gantz":0.0415,"sh_yb":0.0057,"sh24_yb":0.004,"sh_meretz":0.0153,"sh24_meretz":0.0119,"sh_raam":0.0019,"sh24_yamina":0.3063,"sh24_newhope":0.083,"sh_habait":0.113,"sh_other":0.0115,"sh24_other":0.0178,"winner24":"yamina"}},{"type":"Feature","geometry":{"type":"Point","coordinates":[35.57341,32.68891]},"properties":{"semel":143,"name":"בית זרע","winner":"yesh_atid","winnerShare":0.3157,"turnout":0.6312,"valid":396,"sh_likud":0.0606,"sh24_likud":0.0446,"sh_yesh_atid":0.3157,"sh24_yesh_atid":0.1969,"sh_rz":0.0177,"sh24_rz":0.0026,"sh_labor":0.149,"sh24_labor":0.2441,"sh_gantz":0.1237,"sh24_gantz":0.0892,"sh_yb":0.0152,"sh24_yb":0.0341,"sh_meretz":0.2803,"sh24_meretz":0.3097,"sh_raam":0.0025,"sh24_joint":0.0026,"sh24_yamina":0.0289,"sh24_newhope":0.0367,"sh_habait":0.0051,"sh_other":0.0303,"sh24_other":0.0105,"winner24":"meretz"}},{"type":"Feature","geometry":{"type":"Point","coordinates":[34.79868,31.87824]},"properties":{"semel":144,"name":"גן שלמה","winner":"yesh_atid","winnerShare":0.4531,"turnout":0.7772,"valid":320,"sh_likud":0.0187,"sh24_likud":0.0181,"sh_yesh_atid":0.4531,"sh24_yesh_atid":0.2659,"sh_shas":0.0063,"sh24_shas":0.003,"sh_rz":0.0094,"sh24_rz":0.003,"sh_labor":0.2094,"sh24_labor":0.2417,"sh_gantz":0.1844,"sh24_gantz":0.2085,"sh_yb":0.0125,"sh24_yb":0.0302,"sh_meretz":0.0906,"sh24_meretz":0.1601,"sh_hadash":0.0031,"sh24_yamina":0.0121,"sh24_newhope":0.0272,"sh_habait":0.0094,"sh_other":0.0031,"sh24_other":0.0302,"winner24":"yesh_atid"}},{"type":"Feature","geometry":{"type":"Point","coordinates":[35.24483,32.5589]},"properties":{"semel":145,"name":"גדיש","winner":"likud","winnerShare":0.7416,"turnout":0.742,"valid":209,"sh_likud":0.7416,"sh24_likud":0.791,"sh_yesh_atid":0.0096,"sh24_yesh_atid":0.01,"sh_shas":0.0861,"sh24_shas":0.0697,"sh_utj":0.0096,"sh24_utj":0.005,"sh_rz":0.1196,"sh24_rz":0.0348,"sh_labor":0.0144,"sh24_labor":0.0149,"sh_gantz":0.0144,"sh24_gantz":0.01,"sh_yb":0.0048,"sh24_yb":0.005,"sh24_yamina":0.0299,"sh24_newhope":0.0299,"winner24":"likud"}},{"type":"Feature","geometry":{"type":"Point","coordinates":[35.264,32.55278]},"properties":{"semel":146,"name":"דבורה","winner":"gantz","winnerShare":0.3309,"turnout":0.615,"valid":139,"sh_likud":0.2158,"sh24_likud":0.1608,"sh_yesh_atid":0.259,"sh24_yesh_atid":0.1538,"sh_shas":0.0216,"sh24_shas":0.028,"sh_rz":0.0576,"sh24_rz":0.021,"sh_labor":0.0647,"sh24_labor":0.1259,"sh_gantz":0.3309,"sh24_gantz":0.2657,"sh_yb":0.0072,"sh24_yb":0.028,"sh_meretz":0.0216,"sh24_yamina":0.0699,"sh24_newhope":0.1189,"sh_other":0.0216,"sh24_other":0.028,"winner24":"gantz"}},{"type":"Feature","geometry":{"type":"Point","coordinates":[34.80139,31.86632]},"properties":{"semel":147,"name":"גבעת ברנר","winner":"yesh_atid","winnerShare":0.3952,"turnout":0.7436,"valid":1427,"sh_likud":0.0918,"sh24_likud":0.0783,"sh_yesh_atid":0.3952,"sh24_yesh_atid":0.2371,"sh_shas":0.0077,"sh24_shas":0.0042,"sh_utj":0.0014,"sh24_utj":0.0007,"sh_rz":0.0266,"sh24_rz":0.0085,"sh_labor":0.1864,"sh24_labor":0.2781,"sh_gantz":0.1626,"sh24_gantz":0.1616,"sh_yb":0.0119,"sh24_yb":0.0233,"sh_meretz":0.0911,"sh24_meretz":0.1214,"sh_hadash":0.0035,"sh24_joint":0.0028,"sh24_yamina":0.0303,"sh24_newhope":0.0402,"sh_habait":0.0063,"sh_other":0.0154,"sh24_other":0.0134,"winner24":"labor"}},{"type":"Feature","geometry":{"type":"Point","coordinates":[34.91818,32.25324]},"properties":{"semel":154,"name":"תל מונד","winner":"yesh_atid","winnerShare":0.3887,"turnout":0.7473,"valid":7792,"sh_likud":0.2155,"sh24_likud":0.2141,"sh_yesh_atid":0.3887,"sh24_yesh_atid":0.2975,"sh_shas":0.0261,"sh24_shas":0.0193,"sh_utj":0.0024,"sh24_utj":0.0011,"sh_rz":0.0687,"sh24_rz":0.0211,"sh_labor":0.0534,"sh24_labor":0.0922,"sh_gantz":0.1534,"sh24_gantz":0.1237,"sh_yb":0.0239,"sh24_yb":0.0267,"sh_meretz":0.035,"sh24_meretz":0.0596,"sh_raam":0.0003,"sh24_raam":0.0001,"sh_hadash":0.0009,"sh_balad":0.0001,"sh24_joint":0.0004,"sh24_yamina":0.0672,"sh24_newhope":0.065,"sh_habait":0.0154,"sh_other":0.0163,"sh24_other":0.012,"winner24":"yesh_atid"}},{"type":"Feature","geometry":{"type":"Point","coordinates":[34.723,31.73419]},"properties":{"semel":155,"name":"באר טוביה","winner":"yesh_atid","winnerShare":0.4063,"turnout":0.7927,"valid":672,"sh_likud":0.1042,"sh24_likud":0.0811,"sh_yesh_atid":0.4063,"sh24_yesh_atid":0.3018,"sh_shas":0.0149,"sh24_shas":0.0105,"sh_utj":0.0015,"sh_rz":0.0402,"sh24_rz":0.0075,"sh_labor":0.0759,"sh24_labor":0.1456,"sh_gantz":0.2381,"sh24_gantz":0.2312,"sh_yb":0.0268,"sh24_yb":0.0375,"sh_meretz":0.0685,"sh24_meretz":0.0886,"sh_hadash":0.0015,"sh24_joint":0.0015,"sh24_yamina":0.036,"sh24_newhope":0.048,"sh_habait":0.003,"sh_other":0.0193,"sh24_other":0.0105,"winner24":"yesh_atid"}},{"type":"Feature","geometry":{"type":"Point","coordinates":[34.76785,31.91557]},"properties":{"semel":156,"name":"עיינות","winner":"gantz","winnerShare":0.2826,"turnout":0.3151,"valid":46,"sh_likud":0.1739,"sh24_likud":0.2195,"sh_yesh_atid":0.1739,"sh24_yesh_atid":0.1707,"sh_shas":0.1522,"sh24_shas":0.0244,"sh_rz":0.0217,"sh_labor":0.1304,"sh24_labor":0.122,"sh_gantz":0.2826,"sh24_gantz":0.1707,"sh_meretz":0.0217,"sh24_meretz":0.0488,"sh_hadash":0.0217,"sh24_yamina":0.1463,"sh24_newhope":0.0732,"sh_other":0.0217,"sh24_other":0.0244,"winner24":"likud"}},{"type":"Feature","geometry":{"type":"Point","coordinates":[34.93197,32.26452]},"properties":{"semel":157,"name":"עין ורד","winner":"yesh_atid","winnerShare":0.4971,"turnout":0.7589,"valid":877,"sh_likud":0.0707,"sh24_likud":0.0431,"sh_yesh_atid":0.4971,"sh24_yesh_atid":0.3072,"sh_shas":0.0034,"sh24_shas":0.0011,"sh_utj":0.0046,"sh24_utj":0.0044,"sh_rz":0.0148,"sh24_rz":0.0066,"sh_labor":0.1129,"sh24_labor":0.2022,"sh_gantz":0.179,"sh24_gantz":0.1901,"sh_yb":0.0228,"sh24_yb":0.0442,"sh_meretz":0.0684,"sh24_meretz":0.1083,"sh_raam":0.0034,"sh_hadash":0.0046,"sh_balad":0.0023,"sh24_joint":0.0022,"sh24_yamina":0.0343,"sh24_newhope":0.0343,"sh_habait":0.0057,"sh_other":0.0103,"sh24_other":0.0221,"winner24":"yesh_atid"}},{"type":"Feature","geometry":{"type":"Point","coordinates":[34.8577,31.88355]},"properties":{"semel":158,"name":"נען","winner":"yesh_atid","winnerShare":0.3885,"turnout":0.7343,"valid":991,"sh_likud":0.0434,"sh24_likud":0.0441,"sh_yesh_atid":0.3885,"sh24_yesh_atid":0.2104,"sh_shas":0.001,"sh_utj":0.001,"sh_rz":0.0232,"sh24_rz":0.004,"sh_labor":0.2714,"sh24_labor":0.4068,"sh_gantz":0.1302,"sh24_gantz":0.1172,"sh_yb":0.0222,"sh24_yb":0.0271,"sh_meretz":0.1019,"sh24_meretz":0.1313,"sh_raam":0.001,"sh_hadash":0.003,"sh_balad":0.001,"sh24_joint":0.002,"sh24_yamina":0.02,"sh24_newhope":0.023,"sh_habait":0.002,"sh_other":0.0101,"sh24_other":0.014,"winner24":"labor"}},{"type":"Feature","geometry":{"type":"Point","coordinates":[34.77325,31.93358]},"properties":{"semel":159,"name":"בית חנן","winner":"yesh_atid","winnerShare":0.4164,"turnout":0.7421,"valid":377,"sh_likud":0.0981,"sh24_likud":0.1,"sh_yesh_atid":0.4164,"sh24_yesh_atid":0.2425,"sh_shas":0.0027,"sh24_shas":0.0025,"sh24_utj":0.0025,"sh_rz":0.0424,"sh24_rz":0.0025,"sh_labor":0.1247,"sh24_labor":0.17,"sh_gantz":0.2308,"sh24_gantz":0.1975,"sh_yb":0.0053,"sh24_yb":0.0425,"sh_meretz":0.0531,"sh24_meretz":0.1075,"sh24_yamina":0.0525,"sh24_newhope":0.0575,"sh_habait":0.0133,"sh_other":0.0133,"sh24_other":0.0225,"winner24":"yesh_atid"}},{"type":"Feature","geometry":{"type":"Point","coordinates":[34.88255,31.83139]},"properties":{"semel":160,"name":"חולדה","winner":"yesh_atid","winnerShare":0.4583,"turnout":0.7753,"valid":552,"sh_likud":0.1123,"sh24_likud":0.1159,"sh_yesh_atid":0.4583,"sh24_yesh_atid":0.2748,"sh_shas":0.0018,"sh_utj":0.0018,"sh24_utj":0.0019,"sh_rz":0.0471,"sh24_rz":0.0075,"sh_labor":0.1033,"sh24_labor":0.1907,"sh_gantz":0.154,"sh24_gantz":0.1645,"sh_yb":0.0199,"sh24_yb":0.0168,"sh_meretz":0.0797,"sh24_meretz":0.1252,"sh24_yamina":0.0187,"sh24_newhope":0.0654,"sh_habait":0.0036,"sh_other":0.0181,"sh24_other":0.0187,"winner24":"yesh_atid"}},{"type":"Feature","geometry":{"type":"Point","coordinates":[34.91483,32.24039]},"properties":{"semel":162,"name":"חירות","winner":"yesh_atid","winnerShare":0.4846,"turnout":0.7757,"valid":747,"sh_likud":0.0388,"sh24_likud":0.0332,"sh_yesh_atid":0.4846,"sh24_yesh_atid":0.3426,"sh_shas":0.004,"sh24_shas":0.0013,"sh_rz":0.0107,"sh24_rz":0.0027,"sh_labor":0.1995,"sh24_labor":0.2417,"sh_gantz":0.1513,"sh24_gantz":0.158,"sh_yb":0.0094,"sh24_yb":0.0359,"sh_meretz":0.079,"sh24_meretz":0.1315,"sh_hadash":0.0027,"sh24_joint":0.0027,"sh24_yamina":0.0279,"sh24_newhope":0.0146,"sh_habait":0.0067,"sh_other":0.0134,"sh24_other":0.008,"winner24":"yesh_atid"}},{"type":"Feature","geometry":{"type":"Point","coordinates":[34.75861,31.71549]},"properties":{"semel":163,"name":"תימורים","winner":"yesh_atid","winnerShare":0.4403,"turnout":0.717,"valid":452,"sh_likud":0.146,"sh24_likud":0.1253,"sh_yesh_atid":0.4403,"sh24_yesh_atid":0.3177,"sh_shas":0.0088,"sh_rz":0.042,"sh24_rz":0.0089,"sh_labor":0.0664,"sh24_labor":0.1409,"sh_gantz":0.2146,"sh24_gantz":0.2148,"sh_yb":0.0133,"sh24_yb":0.0313,"sh_meretz":0.0354,"sh24_meretz":0.0559,"sh_hadash":0.0088,"sh24_joint":0.0022,"sh24_yamina":0.0492,"sh24_newhope":0.0403,"sh_other":0.0243,"sh24_other":0.0134,"winner24":"yesh_atid"}},{"type":"Feature","geometry":{"type":"Point","coordinates":[35.23737,32.56387]},"properties":{"semel":164,"name":"מלאה","winner":"likud","winnerShare":0.5163,"turnout":0.7762,"valid":215,"sh_likud":0.5163,"sh24_likud":0.6256,"sh_yesh_atid":0.0419,"sh24_yesh_atid":0.0548,"sh_shas":0.1256,"sh24_shas":0.1279,"sh24_utj":0.0046,"sh_rz":0.2093,"sh24_rz":0.0457,"sh_labor":0.014,"sh24_labor":0.0137,"sh_gantz":0.0837,"sh24_gantz":0.0274,"sh24_yb":0.0091,"sh24_meretz":0.0046,"sh24_yamina":0.0502,"sh24_newhope":0.0274,"sh_habait":0.0047,"sh_other":0.0047,"sh24_other":0.0091,"winner24":"likud"}},{"type":"Feature","geometry":{"type":"Point","coordinates":[35.2452,32.56908]},"properties":{"semel":165,"name":"ניר יפה","winner":"likud","winnerShare":0.3123,"turnout":0.7245,"valid":333,"sh_likud":0.3123,"sh24_likud":0.4146,"sh_yesh_atid":0.1982,"sh24_yesh_atid":0.1899,"sh_shas":0.0631,"sh24_shas":0.0348,"sh_rz":0.1111,"sh24_rz":0.019,"sh_labor":0.036,"sh24_labor":0.0538,"sh_gantz":0.2462,"sh24_gantz":0.1266,"sh_yb":0.012,"sh24_yb":0.0095,"sh24_meretz":0.0063,"sh24_yamina":0.0728,"sh24_newhope":0.0475,"sh_other":0.021,"sh24_other":0.0253,"winner24":"likud"}},{"type":"Feature","geometry":{"type":"Point","coordinates":[34.70835,31.78855]},"properties":{"semel":166,"name":"גן יבנה","winner":"likud","winnerShare":0.3718,"turnout":0.7397,"valid":12783,"sh_likud":0.3718,"sh24_likud":0.3682,"sh_yesh_atid":0.2197,"sh24_yesh_atid":0.1848,"sh_shas":0.0677,"sh24_shas":0.0575,"sh_utj":0.0077,"sh24_utj":0.0035,"sh_rz":0.1276,"sh24_rz":0.0389,"sh_labor":0.0194,"sh24_labor":0.0483,"sh_gantz":0.1207,"sh24_gantz":0.0765,"sh_yb":0.0285,"sh24_yb":0.0384,"sh_meretz":0.0102,"sh24_meretz":0.0192,"sh_raam":0.0003,"sh_hadash":0.0005,"sh_balad":0.0002,"sh24_joint":0.0007,"sh24_yamina":0.0835,"sh24_newhope":0.0658,"sh_habait":0.0077,"sh_other":0.0178,"sh24_other":0.0148,"winner24":"likud"}},{"type":"Feature","geometry":{"type":"Point","coordinates":[34.93969,32.38578]},"properties":{"semel":167,"name":"עין החורש","winner":"yesh_atid","winnerShare":0.3529,"turnout":0.7569,"valid":544,"sh_likud":0.0074,"sh24_likud":0.0114,"sh_yesh_atid":0.3529,"sh24_yesh_atid":0.186,"sh24_shas":0.0019,"sh_rz":0.0074,"sh_labor":0.239,"sh24_labor":0.2713,"sh_gantz":0.1176,"sh24_gantz":0.1157,"sh_yb":0.0147,"sh24_yb":0.0095,"sh_meretz":0.2408,"sh24_meretz":0.3662,"sh_raam":0.0055,"sh_hadash":0.0037,"sh24_yamina":0.0038,"sh24_newhope":0.019,"sh_habait":0.0037,"sh_other":0.0074,"sh24_other":0.0152,"winner24":"meretz"}},{"type":"Feature","geometry":{"type":"Point","coordinates":[34.93191,32.31548]},"properties":{"semel":168,"name":"כפר יונה","winner":"likud","winnerShare":0.3218,"turnout":0.7377,"valid":14208,"sh_likud":0.3218,"sh24_likud":0.3159,"sh_yesh_atid":0.2673,"sh24_yesh_atid":0.2215,"sh_shas":0.0501,"sh24_shas":0.0397,"sh_utj":0.0068,"sh24_utj":0.0066,"sh_rz":0.1038,"sh24_rz":0.0272,"sh_labor":0.0302,"sh24_labor":0.0622,"sh_gantz":0.1369,"sh24_gantz":0.0912,"sh_yb":0.033,"sh24_yb":0.0372,"sh_meretz":0.0203,"sh24_meretz":0.032,"sh_raam":0.0003,"sh24_raam":0.0001,"sh_hadash":0.0007,"sh_balad":0.0002,"sh24_joint":0.0011,"sh24_yamina":0.0719,"sh24_newhope":0.0725,"sh_habait":0.0076,"sh_other":0.0209,"sh24_other":0.0211,"winner24":"likud"}},{"type":"Feature","geometry":{"type":"Point","coordinates":[34.96548,32.27456]},"properties":{"semel":170,"name":"כפר יעבץ","winner":"likud","winnerShare":0.4644,"turnout":0.7379,"valid":351,"sh_likud":0.4644,"sh24_likud":0.4735,"sh_yesh_atid":0.0228,"sh24_yesh_atid":0.0291,"sh_shas":0.094,"sh24_shas":0.1032,"sh_utj":0.0256,"sh24_utj":0.0159,"sh_rz":0.3162,"sh24_rz":0.164,"sh24_labor":0.0079,"sh_gantz":0.037,"sh24_gantz":0.0132,"sh_yb":0.0028,"sh24_yb":0.0026,"sh_meretz":0.0057,"sh24_meretz":0.0106,"sh24_yamina":0.1429,"sh24_newhope":0.0265,"sh_habait":0.0171,"sh_other":0.0142,"sh24_other":0.0106,"winner24":"likud"}},{"type":"Feature","geometry":{"type":"Point","coordinates":[34.91101,32.30586]},"properties":{"semel":171,"name":"פרדסיה","winner":"yesh_atid","winnerShare":0.3772,"turnout":0.7648,"valid":4377,"sh_likud":0.228,"sh24_likud":0.2132,"sh_yesh_atid":0.3772,"sh24_yesh_atid":0.2758,"sh_shas":0.0238,"sh24_shas":0.0222,"sh_utj":0.0025,"sh24_utj":0.0035,"sh_rz":0.0729,"sh24_rz":0.0183,"sh_labor":0.0498,"sh24_labor":0.0955,"sh_gantz":0.1672,"sh24_gantz":0.1293,"sh_yb":0.018,"sh24_yb":0.0257,"sh_meretz":0.0304,"sh24_meretz":0.0447,"sh_raam":0.0007,"sh_hadash":0.0002,"sh_balad":0.0002,"sh24_joint":0.0005,"sh24_yamina":0.0698,"sh24_newhope":0.0802,"sh_habait":0.0091,"sh_other":0.0199,"sh24_other":0.0215,"winner24":"yesh_atid"}},{"type":"Feature","geometry":{"type":"Point","coordinates":[34.93077,32.39144]},"properties":{"semel":173,"name":"גבעת חיים מאוחד","winner":"yesh_atid","winnerShare":0.3507,"turnout":0.7328,"valid":670,"sh_likud":0.0478,"sh24_likud":0.0327,"sh_yesh_atid":0.3507,"sh24_yesh_atid":0.2351,"sh_shas":0.0045,"sh24_shas":0.003,"sh_utj":0.0015,"sh24_utj":0.0015,"sh_rz":0.0313,"sh24_rz":0.0119,"sh_labor":0.2493,"sh24_labor":0.3497,"sh_gantz":0.1104,"sh24_gantz":0.0848,"sh_yb":0.0119,"sh24_yb":0.0223,"sh_meretz":0.1627,"sh24_meretz":0.2009,"sh_raam":0.0015,"sh_hadash":0.0045,"sh_balad":0.0015,"sh24_joint":0.0045,"sh24_yamina":0.0164,"sh24_newhope":0.0193,"sh_habait":0.006,"sh_other":0.0164,"sh24_other":0.0179,"winner24":"labor"}},{"type":"Feature","geometry":{"type":"Point","coordinates":[34.77569,31.94478]},"properties":{"semel":174,"name":"נטעים","winner":"yesh_atid","winnerShare":0.3896,"turnout":0.7517,"valid":444,"sh_likud":0.1486,"sh24_likud":0.154,"sh_yesh_atid":0.3896,"sh24_yesh_atid":0.2782,"sh_shas":0.0023,"sh24_shas":0.0046,"sh_utj":0.0045,"sh24_utj":0.0023,"sh_rz":0.0586,"sh24_rz":0.0299,"sh_labor":0.1059,"sh24_labor":0.1494,"sh_gantz":0.1847,"sh24_gantz":0.1471,"sh_yb":0.0113,"sh24_yb":0.0253,"sh_meretz":0.0788,"sh24_meretz":0.092,"sh_raam":0.0023,"sh24_joint":0.0023,"sh24_yamina":0.0529,"sh24_newhope":0.046,"sh_habait":0.0023,"sh_other":0.0113,"sh24_other":0.0161,"winner24":"yesh_atid"}},{"type":"Feature","geometry":{"type":"Point","coordinates":[34.87106,32.35076]},"properties":{"semel":175,"name":"אביחיל","winner":"yesh_atid","winnerShare":0.389,"turnout":0.7072,"valid":694,"sh_likud":0.1412,"sh24_likud":0.1198,"sh_yesh_atid":0.389,"sh24_yesh_atid":0.2315,"sh_shas":0.0029,"sh24_shas":0.0054,"sh_rz":0.0403,"sh24_rz":0.0108,"sh_labor":0.098,"sh24_labor":0.1454,"sh_gantz":0.1671,"sh24_gantz":0.2127,"sh_yb":0.0245,"sh24_yb":0.0404,"sh_meretz":0.098,"sh24_meretz":0.1171,"sh_raam":0.0014,"sh_hadash":0.0043,"sh_balad":0.0014,"sh24_joint":0.0094,"sh24_yamina":0.0417,"sh24_newhope":0.0404,"sh_habait":0.0014,"sh_other":0.0303,"sh24_other":0.0256,"winner24":"yesh_atid"}},{"type":"Feature","geometry":{"type":"Point","coordinates":[35.57802,32.6811]},"properties":{"semel":176,"name":"אפיקים","winner":"yesh_atid","winnerShare":0.3532,"turnout":0.662,"valid":705,"sh_likud":0.0525,"sh24_likud":0.051,"sh_yesh_atid":0.3532,"sh24_yesh_atid":0.2259,"sh_shas":0.0057,"sh24_shas":0.0041,"sh_utj":0.0014,"sh24_utj":0.0028,"sh_rz":0.0213,"sh24_rz":0.0014,"sh_labor":0.3163,"sh24_labor":0.3829,"sh_gantz":0.1191,"sh24_gantz":0.1019,"sh_yb":0.027,"sh24_yb":0.0399,"sh_meretz":0.0738,"sh24_meretz":0.1267,"sh_raam":0.0014,"sh_hadash":0.0014,"sh24_joint":0.0014,"sh24_yamina":0.022,"sh24_newhope":0.0275,"sh_habait":0.0071,"sh_other":0.0199,"sh24_other":0.0124,"winner24":"labor"}},{"type":"Feature","geometry":{"type":"Point","coordinates":[34.82564,31.87278]},"properties":{"semel":177,"name":"כפר בילו","winner":"yesh_atid","winnerShare":0.3813,"turnout":0.7785,"valid":674,"sh_likud":0.0905,"sh24_likud":0.1158,"sh_yesh_atid":0.3813,"sh24_yesh_atid":0.2669,"sh_shas":0.0104,"sh24_shas":0.0059,"sh_utj":0.0134,"sh24_utj":0.0029,"sh_rz":0.043,"sh24_rz":0.0029,"sh_labor":0.1187,"sh24_labor":0.1804,"sh_gantz":0.2077,"sh24_gantz":0.1818,"sh_yb":0.0252,"sh24_yb":0.0308,"sh_meretz":0.0861,"sh24_meretz":0.1085,"sh_raam":0.0015,"sh_hadash":0.003,"sh24_yamina":0.0367,"sh24_newhope":0.0528,"sh_habait":0.0119,"sh_other":0.0074,"sh24_other":0.0147,"winner24":"yesh_atid"}},{"type":"Feature","geometry":{"type":"Point","coordinates":[35.12193,32.79332]},"properties":{"semel":178,"name":"רמת יוחנן","winner":"yesh_atid","winnerShare":0.3505,"turnout":0.6775,"valid":582,"sh_likud":0.0601,"sh24_likud":0.0595,"sh_yesh_atid":0.3505,"sh24_yesh_atid":0.1926,"sh_shas":0.0017,"sh24_utj":0.0018,"sh_rz":0.0344,"sh24_rz":0.0035,"sh_labor":0.2543,"sh24_labor":0.3363,"sh_gantz":0.1632,"sh24_gantz":0.1629,"sh_yb":0.0258,"sh24_yb":0.028,"sh_meretz":0.0859,"sh24_meretz":0.1278,"sh_hadash":0.0017,"sh24_yamina":0.035,"sh24_newhope":0.0315,"sh_habait":0.0103,"sh_other":0.012,"sh24_other":0.021,"winner24":"labor"}},{"type":"Feature","geometry":{"type":"Point","coordinates":[34.88595,32.27111]},"properties":{"semel":182,"name":"אבן יהודה","winner":"yesh_atid","winnerShare":0.4106,"turnout":0.7378,"valid":7693,"sh_likud":0.1962,"sh24_likud":0.189,"sh_yesh_atid":0.4106,"sh24_yesh_atid":0.2943,"sh_shas":0.0164,"sh24_shas":0.0151,"sh_utj":0.0034,"sh24_utj":0.0033,"sh_rz":0.0541,"sh24_rz":0.0178,"sh_labor":0.0702,"sh24_labor":0.1174,"sh_gantz":0.1531,"sh24_gantz":0.132,"sh_yb":0.0185,"sh24_yb":0.0251,"sh_meretz":0.0533,"sh24_meretz":0.0822,"sh_raam":0.001,"sh_hadash":0.0018,"sh_balad":0.0003,"sh24_joint":0.0017,"sh24_yamina":0.0441,"sh24_newhope":0.063,"sh_habait":0.0077,"sh_other":0.0135,"sh24_other":0.0148,"winner24":"yesh_atid"}},{"type":"Feature","geometry":{"type":"Point","coordinates":[34.89743,32.1452]},"properties":{"semel":183,"name":"ירקונה","winner":"yesh_atid","winnerShare":0.4643,"turnout":0.7249,"valid":224,"sh_likud":0.1027,"sh24_likud":0.0952,"sh_yesh_atid":0.4643,"sh24_yesh_atid":0.3117,"sh_shas":0.0134,"sh_rz":0.0179,"sh_labor":0.1027,"sh24_labor":0.1905,"sh_gantz":0.1741,"sh24_gantz":0.1472,"sh_yb":0.0045,"sh24_yb":0.039,"sh_meretz":0.0982,"sh24_meretz":0.1126,"sh_hadash":0.0045,"sh24_yamina":0.039,"sh24_newhope":0.0519,"sh_habait":0.0089,"sh_other":0.0089,"sh24_other":0.013,"winner24":"yesh_atid"}},{"type":"Feature","geometry":{"type":"Point","coordinates":[34.93815,32.21753]},"properties":{"semel":184,"name":"רמת הכובש","winner":"yesh_atid","winnerShare":0.3894,"turnout":0.7629,"valid":529,"sh_likud":0.0416,"sh24_likud":0.0325,"sh_yesh_atid":0.3894,"sh24_yesh_atid":0.1893,"sh_shas":0.0019,"sh_rz":0.0151,"sh24_rz":0.0076,"sh_labor":0.225,"sh24_labor":0.3365,"sh_gantz":0.1645,"sh24_gantz":0.1319,"sh_yb":0.017,"sh24_yb":0.0229,"sh_meretz":0.1191,"sh24_meretz":0.2103,"sh_hadash":0.0019,"sh24_yamina":0.0268,"sh24_newhope":0.0306,"sh_habait":0.0076,"sh_other":0.017,"sh24_other":0.0115,"winner24":"labor"}},{"type":"Feature","geometry":{"type":"Point","coordinates":[34.86205,32.3741]},"properties":{"semel":186,"name":"נעורים","winner":"yesh_atid","winnerShare":0.3115,"turnout":0.3924,"valid":61,"sh_likud":0.1148,"sh24_likud":0.1343,"sh_yesh_atid":0.3115,"sh24_yesh_atid":0.194,"sh24_shas":0.0149,"sh_rz":0.0656,"sh_labor":0.0492,"sh24_labor":0.209,"sh_gantz":0.2951,"sh24_gantz":0.1642,"sh_yb":0.1311,"sh24_yb":0.0597,"sh_meretz":0.0164,"sh24_meretz":0.0448,"sh24_yamina":0.0896,"sh24_newhope":0.0746,"sh_other":0.0164,"sh24_other":0.0149,"winner24":"labor"}},{"type":"Feature","geometry":{"type":"Point","coordinates":[34.93468,32.24671]},"properties":{"semel":187,"name":"כפר הס","winner":"yesh_atid","winnerShare":0.4798,"turnout":0.7657,"valid":817,"sh_likud":0.049,"sh24_likud":0.0382,"sh_yesh_atid":0.4798,"sh24_yesh_atid":0.3719,"sh_rz":0.011,"sh24_rz":0.0012,"sh_labor":0.1481,"sh24_labor":0.1946,"sh_gantz":0.1714,"sh24_gantz":0.1626,"sh_yb":0.0159,"sh24_yb":0.0234,"sh_meretz":0.1065,"sh24_meretz":0.1404,"sh_hadash":0.0086,"sh24_joint":0.0037,"sh24_yamina":0.0234,"sh24_newhope":0.0259,"sh_habait":0.0012,"sh_other":0.0086,"sh24_other":0.0148,"winner24":"yesh_atid"}},{"type":"Feature","geometry":{"type":"Point","coordinates":[35.5824,32.66227]},"properties":{"semel":188,"name":"אשדות יעקב מאוחד","winner":"yesh_atid","winnerShare":0.2829,"turnout":0.6678,"valid":403,"sh_likud":0.1365,"sh24_likud":0.1326,"sh_yesh_atid":0.2829,"sh24_yesh_atid":0.2044,"sh_shas":0.005,"sh24_shas":0.0055,"sh_rz":0.0744,"sh24_rz":0.0138,"sh_labor":0.1762,"sh24_labor":0.1851,"sh_gantz":0.2233,"sh24_gantz":0.1796,"sh_yb":0.0273,"sh24_yb":0.0331,"sh_meretz":0.0496,"sh24_meretz":0.0939,"sh24_joint":0.0028,"sh24_yamina":0.047,"sh24_newhope":0.0691,"sh_other":0.0248,"sh24_other":0.0331,"winner24":"yesh_atid"}},{"type":"Feature","geometry":{"type":"Point","coordinates":[35.00234,32.4839]},"properties":{"semel":189,"name":"כפר פינס","winner":"rz","winnerShare":0.5962,"turnout":0.7895,"valid":312,"sh_likud":0.1314,"sh24_likud":0.1213,"sh_yesh_atid":0.0321,"sh24_yesh_atid":0.0262,"sh_shas":0.0192,"sh24_shas":0.0033,"sh_utj":0.0128,"sh24_utj":0.0098,"sh_rz":0.5962,"sh24_rz":0.482,"sh_labor":0.0032,"sh24_labor":0.0033,"sh_gantz":0.0513,"sh24_gantz":0.0098,"sh24_yb":0.0033,"sh24_yamina":0.2656,"sh24_newhope":0.0656,"sh_habait":0.141,"sh_other":0.0128,"sh24_other":0.0098,"winner24":"rz"}},{"type":"Feature","geometry":{"type":"Point","coordinates":[34.87794,32.38154]},"properties":{"semel":190,"name":"כפר ויתקין","winner":"yesh_atid","winnerShare":0.4796,"turnout":0.732,"valid":1053,"sh_likud":0.0418,"sh24_likud":0.0264,"sh_yesh_atid":0.4796,"sh24_yesh_atid":0.2927,"sh24_shas":0.0019,"sh_rz":0.0209,"sh24_rz":0.0085,"sh_labor":0.151,"sh24_labor":0.2285,"sh_gantz":0.1633,"sh24_gantz":0.1879,"sh_yb":0.0142,"sh24_yb":0.0264,"sh_meretz":0.1111,"sh24_meretz":0.1539,"sh_raam":0.0019,"sh_hadash":0.0038,"sh24_yamina":0.0236,"sh24_newhope":0.0321,"sh_habait":0.0019,"sh_other":0.0104,"sh24_other":0.0179,"winner24":"yesh_atid"}},{"type":"Feature","geometry":{"type":"Point","coordinates":[34.90123,32.34884]},"properties":{"semel":191,"name":"הדר עם","winner":"yesh_atid","winnerShare":0.5143,"turnout":0.7706,"valid":420,"sh_likud":0.081,"sh24_likud":0.0782,"sh_yesh_atid":0.5143,"sh24_yesh_atid":0.3154,"sh_shas":0.0024,"sh24_shas":0.0024,"sh_rz":0.0286,"sh24_rz":0.0049,"sh_labor":0.0738,"sh24_labor":0.154,"sh_gantz":0.1429,"sh24_gantz":0.1443,"sh_yb":0.0286,"sh24_yb":0.0465,"sh_meretz":0.1143,"sh24_meretz":0.1345,"sh_raam":0.0024,"sh_hadash":0.0024,"sh24_yamina":0.0538,"sh24_newhope":0.044,"sh_other":0.0095,"sh24_other":0.022,"winner24":"yesh_atid"}},{"type":"Feature","geometry":{"type":"Point","coordinates":[35.27285,32.70093]},"properties":{"semel":192,"name":"כפר החורש","winner":"yesh_atid","winnerShare":0.3503,"turnout":0.7808,"valid":374,"sh_likud":0.0749,"sh24_likud":0.0792,"sh_yesh_atid":0.3503,"sh24_yesh_atid":0.2295,"sh_shas":0.0027,"sh24_shas":0.0027,"sh_rz":0.0455,"sh24_rz":0.0082,"sh_labor":0.2166,"sh24_labor":0.2869,"sh_gantz":0.1471,"sh24_gantz":0.1011,"sh_yb":0.0348,"sh24_yb":0.0383,"sh_meretz":0.1096,"sh24_meretz":0.1284,"sh_hadash":0.0027,"sh24_joint":0.0055,"sh24_yamina":0.0383,"sh24_newhope":0.0601,"sh_habait":0.0053,"sh_other":0.0107,"sh24_other":0.0219,"winner24":"labor"}},{"type":"Feature","geometry":{"type":"Point","coordinates":[34.89951,32.35592]},"properties":{"semel":193,"name":"כפר חיים","winner":"yesh_atid","winnerShare":0.5118,"turnout":0.7775,"valid":338,"sh_likud":0.0917,"sh24_likud":0.0858,"sh_yesh_atid":0.5118,"sh24_yesh_atid":0.2633,"sh_shas":0.003,"sh24_shas":0.003,"sh_utj":0.003,"sh24_utj":0.003,"sh_rz":0.0089,"sh24_rz":0.0059,"sh_labor":0.1302,"sh24_labor":0.2604,"sh_gantz":0.1391,"sh24_gantz":0.1864,"sh_yb":0.003,"sh24_yb":0.0237,"sh_meretz":0.0888,"sh24_meretz":0.1183,"sh_hadash":0.0059,"sh24_yamina":0.0059,"sh24_newhope":0.0355,"sh_habait":0.003,"sh_other":0.0118,"sh24_other":0.0089,"winner24":"yesh_atid"}},{"type":"Feature","geometry":{"type":"Point","coordinates":[34.90358,32.35664]},"properties":{"semel":194,"name":"משמר השרון","winner":"yesh_atid","winnerShare":0.3473,"turnout":0.648,"valid":334,"sh_likud":0.0479,"sh24_likud":0.0506,"sh_yesh_atid":0.3473,"sh24_yesh_atid":0.1854,"sh_utj":0.006,"sh24_utj":0.0028,"sh_rz":0.012,"sh24_rz":0.0028,"sh_labor":0.3084,"sh24_labor":0.3961,"sh_gantz":0.1497,"sh24_gantz":0.1489,"sh_yb":0.024,"sh24_yb":0.0365,"sh_meretz":0.0778,"sh24_meretz":0.1152,"sh_balad":0.006,"sh24_joint":0.0028,"sh24_yamina":0.014,"sh24_newhope":0.0337,"sh_other":0.021,"sh24_other":0.0112,"winner24":"labor"}},{"type":"Feature","geometry":{"type":"Point","coordinates":[34.91917,32.27974]},"properties":{"semel":195,"name":"קדימהצורן","winner":"yesh_atid","winnerShare":0.3761,"turnout":0.7422,"valid":11962,"sh_likud":0.2072,"sh24_likud":0.196,"sh_yesh_atid":0.3761,"sh24_yesh_atid":0.2936,"sh_shas":0.0551,"sh24_shas":0.0475,"sh_utj":0.0023,"sh24_utj":0.0028,"sh_rz":0.0733,"sh24_rz":0.0234,"sh_labor":0.064,"sh24_labor":0.0988,"sh_gantz":0.1333,"sh24_gantz":0.1095,"sh_yb":0.029,"sh24_yb":0.0373,"sh_meretz":0.036,"sh24_meretz":0.0607,"sh_raam":0.0003,"sh24_raam":0.0002,"sh_hadash":0.0013,"sh24_joint":0.0005,"sh24_yamina":0.0539,"sh24_newhope":0.0614,"sh_habait":0.0074,"sh_other":0.0148,"sh24_other":0.0144,"winner24":"yesh_atid"}},{"type":"Feature","geometry":{"type":"Point","coordinates":[34.80001,31.88888]},"properties":{"semel":196,"name":"גיבתון","winner":"yesh_atid","winnerShare":0.4583,"turnout":0.7826,"valid":216,"sh_likud":0.1019,"sh24_likud":0.0793,"sh_yesh_atid":0.4583,"sh24_yesh_atid":0.2599,"sh_shas":0.0046,"sh24_shas":0.0088,"sh_utj":0.0046,"sh24_utj":0.0088,"sh_rz":0.0509,"sh24_rz":0.0308,"sh_labor":0.1435,"sh24_labor":0.2599,"sh_gantz":0.1389,"sh24_gantz":0.1674,"sh_yb":0.0324,"sh24_yb":0.0396,"sh_meretz":0.0556,"sh24_meretz":0.0705,"sh24_yamina":0.0352,"sh24_newhope":0.0264,"sh_other":0.0093,"sh24_other":0.0132,"winner24":"labor"}},{"type":"Feature","geometry":{"type":"Point","coordinates":[34.90491,32.36364]},"properties":{"semel":197,"name":"מעברות","winner":"yesh_atid","winnerShare":0.3315,"turnout":0.7396,"valid":549,"sh_likud":0.0255,"sh24_likud":0.0239,"sh_yesh_atid":0.3315,"sh24_yesh_atid":0.1692,"sh_shas":0.0018,"sh24_shas":0.0017,"sh_utj":0.0055,"sh24_utj":0.0051,"sh_rz":0.0109,"sh24_rz":0.0017,"sh_labor":0.1475,"sh24_labor":0.2256,"sh_gantz":0.1457,"sh24_gantz":0.1265,"sh_yb":0.0036,"sh24_yb":0.0171,"sh_meretz":0.306,"sh24_meretz":0.3675,"sh24_raam":0.0017,"sh_hadash":0.0055,"sh24_yamina":0.0188,"sh24_newhope":0.0239,"sh_habait":0.0036,"sh_other":0.0128,"sh24_other":0.0171,"winner24":"meretz"}},{"type":"Feature","geometry":{"type":"Point","coordinates":[34.92063,32.19306]},"properties":{"semel":198,"name":"צופית","winner":"yesh_atid","winnerShare":0.4873,"turnout":0.7319,"valid":628,"sh_likud":0.0764,"sh24_likud":0.0698,"sh_yesh_atid":0.4873,"sh24_yesh_atid":0.2938,"sh_shas":0.0127,"sh24_shas":0.0016,"sh24_utj":0.0016,"sh_rz":0.0318,"sh24_rz":0.0146,"sh_labor":0.1162,"sh24_labor":0.1672,"sh_gantz":0.1624,"sh24_gantz":0.2175,"sh_yb":0.0159,"sh24_yb":0.0357,"sh_meretz":0.0828,"sh24_meretz":0.125,"sh_raam":0.0048,"sh24_joint":0.0049,"sh24_yamina":0.0227,"sh24_newhope":0.0308,"sh_habait":0.0064,"sh_other":0.0032,"sh24_other":0.0146,"winner24":"yesh_atid"}},{"type":"Feature","geometry":{"type":"Point","coordinates":[35.58028,32.65815]},"properties":{"semel":199,"name":"אשדות יעקב איחוד","winner":"yesh_atid","winnerShare":0.3761,"turnout":0.6984,"valid":476,"sh_likud":0.1218,"sh24_likud":0.1027,"sh_yesh_atid":0.3761,"sh24_yesh_atid":0.2546,"sh24_utj":0.0021,"sh_rz":0.042,"sh24_rz":0.0103,"sh_labor":0.1744,"sh24_labor":0.2177,"sh_gantz":0.1786,"sh24_gantz":0.1725,"sh_yb":0.0252,"sh24_yb":0.039,"sh_meretz":0.0609,"sh24_meretz":0.0801,"sh24_yamina":0.0657,"sh24_newhope":0.0308,"sh_habait":0.0042,"sh_other":0.0168,"sh24_other":0.0246,"winner24":"yesh_atid"}},{"type":"Feature","geometry":{"type":"Point","coordinates":[34.86347,32.38139]},"properties":{"semel":200,"name":"בית ינאי","winner":"yesh_atid","winnerShare":0.5274,"turnout":0.6526,"valid":201,"sh_likud":0.0448,"sh24_likud":0.0573,"sh_yesh_atid":0.5274,"sh24_yesh_atid":0.3021,"sh_shas":0.005,"sh_rz":0.005,"sh_labor":0.0746,"sh24_labor":0.1458,"sh_gantz":0.1493,"sh24_gantz":0.1667,"sh_yb":0.01,"sh24_yb":0.026,"sh_meretz":0.1692,"sh24_meretz":0.2292,"sh_hadash":0.005,"sh24_joint":0.0052,"sh24_yamina":0.0365,"sh24_newhope":0.0156,"sh_other":0.01,"sh24_other":0.0156,"winner24":"yesh_atid"}},{"type":"Feature","geometry":{"type":"Point","coordinates":[34.7736,31.92185]},"properties":{"semel":202,"name":"בית עובד","winner":"yesh_atid","winnerShare":0.5027,"turnout":0.7294,"valid":185,"sh_likud":0.0703,"sh24_likud":0.0471,"sh_yesh_atid":0.5027,"sh24_yesh_atid":0.2827,"sh24_shas":0.0052,"sh_rz":0.0108,"sh24_rz":0.0105,"sh_labor":0.1514,"sh24_labor":0.2304,"sh_gantz":0.1243,"sh24_gantz":0.1571,"sh_yb":0.0162,"sh24_yb":0.0314,"sh_meretz":0.1081,"sh24_meretz":0.1571,"sh_balad":0.0054,"sh24_yamina":0.0419,"sh24_newhope":0.0209,"sh_other":0.0108,"sh24_other":0.0157,"winner24":"yesh_atid"}},{"type":"Feature","geometry":{"type":"Point","coordinates":[34.90949,32.38057]},"properties":{"semel":204,"name":"אלישיב","winner":"likud","winnerShare":0.4244,"turnout":0.7725,"valid":377,"sh_likud":0.4244,"sh24_likud":0.413,"sh_yesh_atid":0.1034,"sh24_yesh_atid":0.0897,"sh_shas":0.0477,"sh24_shas":0.0543,"sh_utj":0.0027,"sh_rz":0.1777,"sh24_rz":0.0761,"sh_labor":0.0345,"sh24_labor":0.0571,"sh_gantz":0.1273,"sh24_gantz":0.0788,"sh_yb":0.0053,"sh24_yb":0.0027,"sh_meretz":0.0318,"sh24_meretz":0.019,"sh24_yamina":0.1005,"sh24_newhope":0.0571,"sh_habait":0.0212,"sh_other":0.0239,"sh24_other":0.0516,"winner24":"likud"}},{"type":"Feature","geometry":{"type":"Point","coordinates":[34.92628,32.38677]},"properties":{"semel":205,"name":"חגלה","winner":"yesh_atid","winnerShare":0.4331,"turnout":0.7437,"valid":411,"sh_likud":0.056,"sh24_likud":0.069,"sh_yesh_atid":0.4331,"sh24_yesh_atid":0.2365,"sh_utj":0.0024,"sh24_utj":0.0025,"sh_rz":0.0243,"sh24_rz":0.0197,"sh_labor":0.1873,"sh24_labor":0.2315,"sh_gantz":0.1533,"sh24_gantz":0.1995,"sh_yb":0.0146,"sh24_yb":0.0271,"sh_meretz":0.1022,"sh24_meretz":0.1453,"sh_hadash":0.0049,"sh24_joint":0.0025,"sh24_yamina":0.0246,"sh24_newhope":0.0296,"sh_habait":0.0097,"sh_other":0.0122,"sh24_other":0.0123,"winner24":"yesh_atid"}},{"type":"Feature","geometry":{"type":"Point","coordinates":[34.88304,32.16569]},"properties":{"semel":206,"name":"רמות השבים","winner":"yesh_atid","winnerShare":0.4829,"turnout":0.7584,"valid":905,"sh_likud":0.0873,"sh24_likud":0.0742,"sh_yesh_atid":0.4829,"sh24_yesh_atid":0.3079,"sh_shas":0.0066,"sh24_shas":0.0022,"sh_utj":0.0022,"sh24_utj":0.0011,"sh_rz":0.0221,"sh24_rz":0.0109,"sh_labor":0.1017,"sh24_labor":0.1528,"sh_gantz":0.1359,"sh24_gantz":0.1779,"sh_yb":0.0232,"sh24_yb":0.0218,"sh_meretz":0.1171,"sh24_meretz":0.1627,"sh_raam":0.0022,"sh_balad":0.0011,"sh24_joint":0.0011,"sh24_yamina":0.0393,"sh24_newhope":0.0393,"sh_habait":0.0133,"sh_other":0.0044,"sh24_other":0.0087,"winner24":"yesh_atid"}},{"type":"Feature","geometry":{"type":"Point","coordinates":[34.87484,32.16811]},"properties":{"semel":207,"name":"גבעת חן","winner":"yesh_atid","winnerShare":0.3957,"turnout":0.8246,"valid":235,"sh_likud":0.0809,"sh24_likud":0.07,"sh_yesh_atid":0.3957,"sh24_yesh_atid":0.284,"sh_rz":0.0255,"sh24_rz":0.0123,"sh_labor":0.1234,"sh24_labor":0.1317,"sh_gantz":0.2,"sh24_gantz":0.2305,"sh_yb":0.0043,"sh24_yb":0.0453,"sh_meretz":0.1234,"sh24_meretz":0.1399,"sh_balad":0.0043,"sh24_joint":0.0041,"sh24_yamina":0.0288,"sh24_newhope":0.037,"sh_habait":0.0128,"sh_other":0.0298,"sh24_other":0.0165,"winner24":"yesh_atid"}},{"type":"Feature","geometry":{"type":"Point","coordinates":[35.15763,31.79384]},"properties":{"semel":208,"name":"מוצא עילית","winner":"yesh_atid","winnerShare":0.353,"turnout":0.6944,"valid":847,"sh_likud":0.1724,"sh24_likud":0.1334,"sh_yesh_atid":0.353,"sh24_yesh_atid":0.2331,"sh_shas":0.0094,"sh24_shas":0.0031,"sh_utj":0.0012,"sh24_utj":0.0031,"sh_rz":0.046,"sh24_rz":0.0153,"sh_labor":0.0862,"sh24_labor":0.1641,"sh_gantz":0.1594,"sh24_gantz":0.1626,"sh_yb":0.0165,"sh24_yb":0.0261,"sh_meretz":0.124,"sh24_meretz":0.1472,"sh_hadash":0.0094,"sh_balad":0.0035,"sh24_joint":0.0123,"sh24_yamina":0.0368,"sh24_newhope":0.0506,"sh_habait":0.0094,"sh_other":0.0094,"sh24_other":0.0123,"winner24":"yesh_atid"}},{"type":"Feature","geometry":{"type":"Point","coordinates":[34.96974,32.71966]},"properties":{"semel":212,"name":"בית צבי","winner":"rz","winnerShare":0.7297,"turnout":0.5846,"valid":37,"sh_likud":0.0811,"sh24_likud":0.0645,"sh_shas":0.1081,"sh24_shas":0.1613,"sh_utj":0.0811,"sh24_utj":0.2258,"sh_rz":0.7297,"sh24_rz":0.5484,"winner24":"rz"}},{"type":"Feature","geometry":{"type":"Point","coordinates":[34.98435,32.48663]},"properties":{"semel":213,"name":"משמרות","winner":"yesh_atid","winnerShare":0.432,"turnout":0.7916,"valid":581,"sh_likud":0.0843,"sh24_likud":0.0468,"sh_yesh_atid":0.432,"sh24_yesh_atid":0.2903,"sh_utj":0.0034,"sh_rz":0.0103,"sh24_rz":0.0037,"sh_labor":0.1945,"sh24_labor":0.264,"sh_gantz":0.1256,"sh24_gantz":0.1292,"sh_yb":0.0258,"sh24_yb":0.03,"sh_meretz":0.0947,"sh24_meretz":0.1311,"sh_hadash":0.0052,"sh24_joint":0.0056,"sh24_yamina":0.0375,"sh24_newhope":0.0524,"sh_habait":0.0034,"sh_other":0.0207,"sh24_other":0.0094,"winner24":"yesh_atid"}},{"type":"Feature","geometry":{"type":"Point","coordinates":[34.91185,32.39064]},"properties":{"semel":217,"name":"כפר הראה","winner":"rz","winnerShare":0.4454,"turnout":0.773,"valid":586,"sh_likud":0.186,"sh24_likud":0.1554,"sh_yesh_atid":0.0307,"sh24_yesh_atid":0.0155,"sh_shas":0.0188,"sh24_shas":0.019,"sh_utj":0.0034,"sh24_utj":0.0017,"sh_rz":0.4454,"sh24_rz":0.3161,"sh_labor":0.0154,"sh24_labor":0.0259,"sh_gantz":0.1314,"sh24_gantz":0.0604,"sh_yb":0.0034,"sh_meretz":0.0051,"sh24_meretz":0.0017,"sh24_raam":0.0017,"sh_balad":0.0017,"sh24_yamina":0.3368,"sh24_newhope":0.0587,"sh_habait":0.1451,"sh_other":0.0137,"sh24_other":0.0069,"winner24":"yamina"}},{"type":"Feature","geometry":{"type":"Point","coordinates":[34.90133,32.15131]},"properties":{"semel":218,"name":"גני עם","winner":"yesh_atid","winnerShare":0.4176,"turnout":0.8143,"valid":170,"sh_likud":0.1294,"sh24_likud":0.1214,"sh_yesh_atid":0.4176,"sh24_yesh_atid":0.2543,"sh_rz":0.0118,"sh24_rz":0.0116,"sh_labor":0.1059,"sh24_labor":0.1272,"sh_gantz":0.1706,"sh24_gantz":0.1908,"sh_yb":0.0235,"sh24_yb":0.0347,"sh_meretz":0.1176,"sh24_meretz":0.1503,"sh_hadash":0.0118,"sh24_yamina":0.0578,"sh24_newhope":0.0347,"sh_habait":0.0059,"sh_other":0.0059,"sh24_other":0.0173,"winner24":"yesh_atid"}},{"type":"Feature","geometry":{"type":"Point","coordinates":[34.91251,32.39767]},"properties":{"semel":219,"name":"חיבת ציון","winner":"yesh_atid","winnerShare":0.3788,"turnout":0.7929,"valid":425,"sh_likud":0.1059,"sh24_likud":0.0704,"sh_yesh_atid":0.3788,"sh24_yesh_atid":0.2451,"sh_shas":0.0094,"sh24_shas":0.0049,"sh_utj":0.0094,"sh24_utj":0.0049,"sh_rz":0.1012,"sh24_rz":0.0485,"sh_labor":0.0894,"sh24_labor":0.2087,"sh_gantz":0.1953,"sh24_gantz":0.1286,"sh_yb":0.0141,"sh24_yb":0.0097,"sh_meretz":0.0588,"sh24_meretz":0.0874,"sh24_yamina":0.1578,"sh24_newhope":0.0267,"sh_habait":0.0259,"sh_other":0.0118,"sh24_other":0.0073,"winner24":"yesh_atid"}},{"type":"Feature","geometry":{"type":"Point","coordinates":[35.08645,32.82129]},"properties":{"semel":220,"name":"כפר ביאליק","winner":"yesh_atid","winnerShare":0.3409,"turnout":0.7447,"valid":352,"sh_likud":0.2443,"sh24_likud":0.2012,"sh_yesh_atid":0.3409,"sh24_yesh_atid":0.2683,"sh_shas":0.0085,"sh24_shas":0.0091,"sh_utj":0.0028,"sh_rz":0.054,"sh24_rz":0.003,"sh_labor":0.0597,"sh24_labor":0.122,"sh_gantz":0.1932,"sh24_gantz":0.1799,"sh_yb":0.0199,"sh24_yb":0.0244,"sh_meretz":0.0511,"sh24_meretz":0.0549,"sh_hadash":0.0028,"sh24_yamina":0.0701,"sh24_newhope":0.0549,"sh_habait":0.0028,"sh_other":0.0199,"sh24_other":0.0122,"winner24":"yesh_atid"}},{"type":"Feature","geometry":{"type":"Point","coordinates":[35.00979,32.48357]},"properties":{"semel":223,"name":"עין עירון","winner":"yesh_atid","winnerShare":0.4656,"turnout":0.7565,"valid":320,"sh_likud":0.075,"sh24_likud":0.0396,"sh_yesh_atid":0.4656,"sh24_yesh_atid":0.2896,"sh_utj":0.0063,"sh24_utj":0.003,"sh_rz":0.0187,"sh24_rz":0.0061,"sh_labor":0.1406,"sh24_labor":0.2104,"sh_gantz":0.1437,"sh24_gantz":0.1372,"sh_yb":0.0094,"sh24_yb":0.0366,"sh_meretz":0.0969,"sh24_meretz":0.1738,"sh_raam":0.0094,"sh_hadash":0.0063,"sh24_joint":0.0061,"sh24_yamina":0.0366,"sh24_newhope":0.0488,"sh_other":0.0281,"sh24_other":0.0122,"winner24":"yesh_atid"}},{"type":"Feature","geometry":{"type":"Point","coordinates":[34.857,32.35409]},"properties":{"semel":224,"name":"שושנת העמקים","winner":"likud","winnerShare":0.3375,"turnout":0.7178,"valid":317,"sh_likud":0.3375,"sh24_likud":0.3686,"sh_yesh_atid":0.2019,"sh24_yesh_atid":0.1603,"sh_shas":0.1041,"sh24_shas":0.1186,"sh_utj":0.0063,"sh24_utj":0.0064,"sh_rz":0.0915,"sh24_rz":0.0256,"sh_labor":0.0473,"sh24_labor":0.0833,"sh_gantz":0.1199,"sh24_gantz":0.0673,"sh_yb":0.0252,"sh24_yb":0.0385,"sh_meretz":0.0379,"sh24_meretz":0.0288,"sh24_yamina":0.0417,"sh24_newhope":0.0321,"sh_habait":0.0063,"sh_other":0.0221,"sh24_other":0.0288,"winner24":"likud"}},{"type":"Feature","geometry":{"type":"Point","coordinates":[34.9984,32.46263]},"properties":{"semel":225,"name":"גן השומרון","winner":"yesh_atid","winnerShare":0.4802,"turnout":0.7461,"valid":479,"sh_likud":0.0981,"sh24_likud":0.0793,"sh_yesh_atid":0.4802,"sh24_yesh_atid":0.2818,"sh_shas":0.0021,"sh24_shas":0.0021,"sh_rz":0.0271,"sh_labor":0.0939,"sh24_labor":0.1962,"sh_gantz":0.1608,"sh24_gantz":0.1921,"sh_yb":0.0021,"sh24_yb":0.023,"sh_meretz":0.1065,"sh24_meretz":0.1273,"sh_hadash":0.0063,"sh_balad":0.0042,"sh24_joint":0.0021,"sh24_yamina":0.0418,"sh24_newhope":0.0397,"sh_habait":0.0084,"sh_other":0.0104,"sh24_other":0.0146,"winner24":"yesh_atid"}},{"type":"Feature","geometry":{"type":"Point","coordinates":[34.87535,32.0599]},"properties":{"semel":229,"name":"גני תקווה","winner":"yesh_atid","winnerShare":0.3477,"turnout":0.758,"valid":12704,"sh_likud":0.2036,"sh24_likud":0.1944,"sh_yesh_atid":0.3477,"sh24_yesh_atid":0.2704,"sh_shas":0.0697,"sh24_shas":0.0681,"sh_utj":0.0176,"sh24_utj":0.0169,"sh_rz":0.0676,"sh24_rz":0.0308,"sh_labor":0.0494,"sh24_labor":0.0838,"sh_gantz":0.1524,"sh24_gantz":0.1205,"sh_yb":0.028,"sh24_yb":0.0291,"sh_meretz":0.0349,"sh24_meretz":0.0569,"sh_raam":0.0004,"sh_hadash":0.0015,"sh_balad":0.0004,"sh24_joint":0.0011,"sh24_yamina":0.0552,"sh24_newhope":0.0572,"sh_habait":0.0096,"sh_other":0.0172,"sh24_other":0.0155,"winner24":"yesh_atid"}},{"type":"Feature","geometry":{"type":"Point","coordinates":[34.8896,32.06459]},"properties":{"semel":230,"name":"מעש","winner":"yesh_atid","winnerShare":0.4289,"turnout":0.7466,"valid":492,"sh_likud":0.1606,"sh24_likud":0.182,"sh_yesh_atid":0.4289,"sh24_yesh_atid":0.2644,"sh_shas":0.0102,"sh24_shas":0.0096,"sh_utj":0.0041,"sh24_utj":0.0077,"sh_rz":0.0793,"sh24_rz":0.0268,"sh_labor":0.0833,"sh24_labor":0.136,"sh_gantz":0.1524,"sh24_gantz":0.1609,"sh_yb":0.0224,"sh24_yb":0.0402,"sh_meretz":0.0407,"sh24_meretz":0.0651,"sh_hadash":0.002,"sh24_joint":0.0019,"sh24_yamina":0.0441,"sh24_newhope":0.0326,"sh_habait":0.0102,"sh_other":0.0061,"sh24_other":0.0287,"winner24":"yesh_atid"}},{"type":"Feature","geometry":{"type":"Point","coordinates":[34.82404,32.21723]},"properties":{"semel":232,"name":"שפיים","winner":"yesh_atid","winnerShare":0.3892,"turnout":0.7802,"valid":812,"sh_likud":0.0308,"sh24_likud":0.0293,"sh_yesh_atid":0.3892,"sh24_yesh_atid":0.2688,"sh_rz":0.0049,"sh24_rz":0.0064,"sh_labor":0.2919,"sh24_labor":0.3121,"sh_gantz":0.1429,"sh24_gantz":0.1643,"sh_yb":0.0123,"sh24_yb":0.0255,"sh_meretz":0.1047,"sh24_meretz":0.1592,"sh_hadash":0.0062,"sh_balad":0.0012,"sh24_joint":0.0025,"sh24_yamina":0.0076,"sh24_newhope":0.0089,"sh_habait":0.0025,"sh_other":0.0135,"sh24_other":0.0153,"winner24":"labor"}},{"type":"Feature","geometry":{"type":"Point","coordinates":[34.89856,32.34564]},"properties":{"semel":233,"name":"כפר ידידיה","winner":"yesh_atid","winnerShare":0.4909,"turnout":0.7534,"valid":383,"sh_likud":0.0627,"sh24_likud":0.0566,"sh_yesh_atid":0.4909,"sh24_yesh_atid":0.2931,"sh_rz":0.0183,"sh24_rz":0.0154,"sh_labor":0.1227,"sh24_labor":0.1825,"sh_gantz":0.1802,"sh24_gantz":0.2108,"sh_yb":0.0104,"sh24_yb":0.018,"sh_meretz":0.1018,"sh24_meretz":0.1465,"sh_hadash":0.0026,"sh24_yamina":0.0077,"sh24_newhope":0.054,"sh_habait":0.0052,"sh_other":0.0052,"sh24_other":0.0154,"winner24":"yesh_atid"}},{"type":"Feature","geometry":{"type":"Point","coordinates":[34.72925,31.79605]},"properties":{"semel":234,"name":"ביצרון","winner":"yesh_atid","winnerShare":0.4717,"turnout":0.7611,"valid":653,"sh_likud":0.1179,"sh24_likud":0.0798,"sh_yesh_atid":0.4717,"sh24_yesh_atid":0.3205,"sh_shas":0.0046,"sh24_shas":0.0014,"sh_utj":0.0077,"sh24_utj":0.0043,"sh_rz":0.0383,"sh24_rz":0.0071,"sh_labor":0.075,"sh24_labor":0.1296,"sh_gantz":0.193,"sh24_gantz":0.2365,"sh_yb":0.0214,"sh24_yb":0.0214,"sh_meretz":0.0459,"sh24_meretz":0.0783,"sh_raam":0.0015,"sh24_raam":0.0014,"sh_hadash":0.0015,"sh24_yamina":0.0413,"sh24_newhope":0.0598,"sh_habait":0.0046,"sh_other":0.0168,"sh24_other":0.0185,"winner24":"yesh_atid"}},{"type":"Feature","geometry":{"type":"Point","coordinates":[34.86278,32.36061]},"properties":{"semel":235,"name":"חבצלת השרון","winner":"yesh_atid","winnerShare":0.3397,"turnout":0.6147,"valid":209,"sh_likud":0.1531,"sh24_likud":0.2066,"sh_yesh_atid":0.3397,"sh24_yesh_atid":0.2394,"sh_shas":0.0239,"sh24_shas":0.0423,"sh_rz":0.11,"sh24_rz":0.0516,"sh_labor":0.0813,"sh24_labor":0.1174,"sh_gantz":0.1579,"sh24_gantz":0.1033,"sh_yb":0.0096,"sh24_yb":0.0188,"sh_meretz":0.11,"sh24_meretz":0.1033,"sh_balad":0.0048,"sh24_joint":0.0047,"sh24_yamina":0.0188,"sh24_newhope":0.0657,"sh_habait":0.0096,"sh24_other":0.0282,"winner24":"yesh_atid"}},{"type":"Feature","geometry":{"type":"Point","coordinates":[35.11244,32.72297]},"properties":{"semel":237,"name":"שער העמקים","winner":"yesh_atid","winnerShare":0.3341,"turnout":0.774,"valid":431,"sh_likud":0.0093,"sh24_likud":0.0113,"sh_yesh_atid":0.3341,"sh24_yesh_atid":0.232,"sh_shas":0.0023,"sh_utj":0.0023,"sh24_utj":0.0023,"sh_rz":0.007,"sh_labor":0.1903,"sh24_labor":0.2365,"sh_gantz":0.0974,"sh24_gantz":0.0833,"sh_yb":0.0186,"sh24_yb":0.0518,"sh_meretz":0.3132,"sh24_meretz":0.3491,"sh_raam":0.007,"sh_hadash":0.0023,"sh24_joint":0.0068,"sh24_yamina":0.0135,"sh24_newhope":0.0045,"sh_other":0.0162,"sh24_other":0.009,"winner24":"meretz"}},{"type":"Feature","geometry":{"type":"Point","coordinates":[34.90579,32.19505]},"properties":{"semel":239,"name":"גן חיים","winner":"yesh_atid","winnerShare":0.4674,"turnout":0.796,"valid":430,"sh_likud":0.0628,"sh24_likud":0.0515,"sh_yesh_atid":0.4674,"sh24_yesh_atid":0.3279,"sh_shas":0.0093,"sh24_shas":0.0023,"sh_rz":0.0256,"sh24_rz":0.0094,"sh_labor":0.1349,"sh24_labor":0.1569,"sh_gantz":0.1791,"sh24_gantz":0.2061,"sh_yb":0.0233,"sh24_yb":0.0351,"sh_meretz":0.0814,"sh24_meretz":0.1218,"sh_hadash":0.0023,"sh24_joint":0.0023,"sh24_yamina":0.0211,"sh24_newhope":0.0492,"sh_habait":0.0047,"sh_other":0.0093,"sh24_other":0.0164,"winner24":"yesh_atid"}},{"type":"Feature","geometry":{"type":"Point","coordinates":[35.09562,32.6476]},"properties":{"semel":240,"name":"יקנעם עילית","winner":"likud","winnerShare":0.3314,"turnout":0.6755,"valid":12711,"sh_likud":0.3314,"sh24_likud":0.3279,"sh_yesh_atid":0.2357,"sh24_yesh_atid":0.1819,"sh_shas":0.0423,"sh24_shas":0.0396,"sh_utj":0.0114,"sh24_utj":0.0058,"sh_rz":0.0959,"sh24_rz":0.0274,"sh_labor":0.0342,"sh24_labor":0.0521,"sh_gantz":0.1153,"sh24_gantz":0.071,"sh_yb":0.0861,"sh24_yb":0.1033,"sh_meretz":0.0156,"sh24_meretz":0.0251,"sh_raam":0.0003,"sh24_raam":0.0001,"sh_hadash":0.0007,"sh_balad":0.0001,"sh24_joint":0.0003,"sh24_yamina":0.0712,"sh24_newhope":0.0739,"sh_habait":0.0103,"sh_other":0.0207,"sh24_other":0.0206,"winner24":"likud"}},{"type":"Feature","geometry":{"type":"Point","coordinates":[35.11496,32.65451]},"properties":{"semel":241,"name":"יקנעם מושבה","winner":"yesh_atid","winnerShare":0.4901,"turnout":0.7429,"valid":757,"sh_likud":0.074,"sh24_likud":0.0668,"sh_yesh_atid":0.4901,"sh24_yesh_atid":0.3094,"sh_shas":0.0053,"sh24_shas":0.0064,"sh_rz":0.0317,"sh24_rz":0.0116,"sh_labor":0.1202,"sh24_labor":0.1951,"sh_gantz":0.1347,"sh24_gantz":0.154,"sh_yb":0.0225,"sh24_yb":0.0282,"sh_meretz":0.0845,"sh24_meretz":0.1374,"sh_raam":0.0026,"sh_hadash":0.0026,"sh24_yamina":0.0295,"sh24_newhope":0.0424,"sh_habait":0.0132,"sh_other":0.0185,"sh24_other":0.0193,"winner24":"yesh_atid"}},{"type":"Feature","geometry":{"type":"Point","coordinates":[35.43878,32.55142]},"properties":{"semel":242,"name":"בית השיטה","winner":"yesh_atid","winnerShare":0.3962,"turnout":0.7003,"valid":732,"sh_likud":0.0464,"sh24_likud":0.0623,"sh_yesh_atid":0.3962,"sh24_yesh_atid":0.2238,"sh_shas":0.0027,"sh24_shas":0.0013,"sh_rz":0.0478,"sh24_rz":0.0159,"sh_labor":0.2363,"sh24_labor":0.3192,"sh_gantz":0.1776,"sh24_gantz":0.1616,"sh_yb":0.015,"sh24_yb":0.0477,"sh_meretz":0.0533,"sh24_meretz":0.0834,"sh24_raam":0.0013,"sh_hadash":0.0014,"sh24_joint":0.0013,"sh24_yamina":0.0278,"sh24_newhope":0.0344,"sh_habait":0.0055,"sh_other":0.0178,"sh24_other":0.0199,"winner24":"labor"}},{"type":"Feature","geometry":{"type":"Point","coordinates":[34.58578,31.42125]},"properties":{"semel":246,"name":"נתיבות","winner":"shas","winnerShare":0.425,"turnout":0.7555,"valid":21185,"sh_likud":0.2755,"sh24_likud":0.3079,"sh_yesh_atid":0.0188,"sh24_yesh_atid":0.0135,"sh_shas":0.425,"sh24_shas":0.3956,"sh_utj":0.0605,"sh24_utj":0.0725,"sh_rz":0.1574,"sh24_rz":0.0858,"sh_labor":0.0026,"sh24_labor":0.0045,"sh_gantz":0.0173,"sh24_gantz":0.0104,"sh_yb":0.0287,"sh24_yb":0.0414,"sh_meretz":0.0014,"sh24_meretz":0.0017,"sh_raam":0.0001,"sh24_raam":0.0002,"sh_hadash":0.0002,"sh_balad":0.0002,"sh24_joint":0.0002,"sh24_yamina":0.0433,"sh24_newhope":0.0163,"sh_habait":0.0065,"sh_other":0.0058,"sh24_other":0.0067,"winner24":"shas"}},{"type":"Feature","geometry":{"type":"Point","coordinates":[34.82438,32.20057]},"properties":{"semel":247,"name":"רשפון","winner":"yesh_atid","winnerShare":0.5015,"turnout":0.7337,"valid":674,"sh_likud":0.1276,"sh24_likud":0.1082,"sh_yesh_atid":0.5015,"sh24_yesh_atid":0.326,"sh_shas":0.003,"sh_rz":0.0148,"sh24_rz":0.0102,"sh_labor":0.0608,"sh24_labor":0.133,"sh_gantz":0.1409,"sh24_gantz":0.1433,"sh_yb":0.0223,"sh24_yb":0.0439,"sh_meretz":0.1039,"sh24_meretz":0.152,"sh_hadash":0.0015,"sh24_joint":0.0044,"sh24_yamina":0.0175,"sh24_newhope":0.0409,"sh_habait":0.0015,"sh_other":0.0223,"sh24_other":0.0205,"winner24":"yesh_atid"}},{"type":"Feature","geometry":{"type":"Point","coordinates":[35.17815,32.69665]},"properties":{"semel":248,"name":"בית שערים","winner":"yesh_atid","winnerShare":0.4515,"turnout":0.7471,"valid":392,"sh_likud":0.1148,"sh24_likud":0.0997,"sh_yesh_atid":0.4515,"sh24_yesh_atid":0.3255,"sh24_utj":0.0026,"sh_rz":0.0485,"sh24_rz":0.0105,"sh_labor":0.125,"sh24_labor":0.1601,"sh_gantz":0.1378,"sh24_gantz":0.168,"sh_yb":0.0357,"sh24_yb":0.0394,"sh_meretz":0.051,"sh24_meretz":0.1024,"sh_balad":0.0026,"sh24_joint":0.0026,"sh24_yamina":0.0341,"sh24_newhope":0.0499,"sh_habait":0.0026,"sh_other":0.0306,"sh24_other":0.0052,"winner24":"yesh_atid"}},{"type":"Feature","geometry":{"type":"Point","coordinates":[34.92433,32.07738]},"properties":{"semel":249,"name":"כפר סירקין","winner":"yesh_atid","winnerShare":0.4066,"turnout":0.7938,"valid":792,"sh_likud":0.1275,"sh24_likud":0.0943,"sh_yesh_atid":0.4066,"sh24_yesh_atid":0.2382,"sh_shas":0.0025,"sh24_shas":0.0025,"sh_rz":0.0455,"sh24_rz":0.0127,"sh_labor":0.0922,"sh24_labor":0.1618,"sh_gantz":0.2134,"sh24_gantz":0.265,"sh_yb":0.0202,"sh24_yb":0.0408,"sh_meretz":0.0669,"sh24_meretz":0.0866,"sh_hadash":0.0013,"sh24_yamina":0.0369,"sh24_newhope":0.042,"sh_habait":0.0063,"sh_other":0.0177,"sh24_other":0.0191,"winner24":"gantz"}},{"type":"Feature","geometry":{"type":"Point","coordinates":[35.11944,32.644]},"properties":{"semel":250,"name":"הזורע","winner":"yesh_atid","winnerShare":0.3553,"turnout":0.6794,"valid":622,"sh_likud":0.0193,"sh24_likud":0.0236,"sh_yesh_atid":0.3553,"sh24_yesh_atid":0.1811,"sh_shas":0.0048,"sh24_shas":0.0047,"sh_utj":0.0032,"sh_rz":0.0096,"sh24_rz":0.0079,"sh_labor":0.2315,"sh24_labor":0.2756,"sh_gantz":0.09,"sh24_gantz":0.0976,"sh_yb":0.0177,"sh24_yb":0.022,"sh_meretz":0.2412,"sh24_meretz":0.3181,"sh_hadash":0.0096,"sh24_joint":0.0031,"sh24_yamina":0.0268,"sh24_newhope":0.0205,"sh_habait":0.0016,"sh_other":0.0161,"sh24_other":0.0189,"winner24":"meretz"}},{"type":"Feature","geometry":{"type":"Point","coordinates":[34.87018,32.36532]},"properties":{"semel":252,"name":"ביתן אהרן","winner":"yesh_atid","winnerShare":0.4713,"turnout":0.3625,"valid":87,"sh_likud":0.1149,"sh24_likud":0.1209,"sh_yesh_atid":0.4713,"sh24_yesh_atid":0.2857,"sh24_utj":0.022,"sh_rz":0.0575,"sh24_rz":0.022,"sh_labor":0.1034,"sh24_labor":0.0989,"sh_gantz":0.1149,"sh24_gantz":0.1758,"sh_yb":0.046,"sh24_yb":0.044,"sh_meretz":0.069,"sh24_meretz":0.1099,"sh24_yamina":0.0659,"sh24_newhope":0.044,"sh_habait":0.0115,"sh_other":0.0115,"sh24_other":0.011,"winner24":"yesh_atid"}},{"type":"Feature","geometry":{"type":"Point","coordinates":[35.60987,33.0516]},"properties":{"semel":253,"name":"חולתה","winner":"yesh_atid","winnerShare":0.3467,"turnout":0.7241,"valid":349,"sh_likud":0.0544,"sh24_likud":0.0418,"sh_yesh_atid":0.3467,"sh24_yesh_atid":0.191,"sh_shas":0.0029,"sh24_shas":0.003,"sh_rz":0.063,"sh24_rz":0.0269,"sh_labor":0.2521,"sh24_labor":0.3761,"sh_gantz":0.1203,"sh24_gantz":0.1194,"sh_yb":0.0115,"sh24_yb":0.0269,"sh_meretz":0.0917,"sh24_meretz":0.0925,"sh_hadash":0.0057,"sh24_yamina":0.0478,"sh24_newhope":0.0448,"sh_habait":0.0143,"sh_other":0.0372,"sh24_other":0.0299,"winner24":"labor"}},{"type":"Feature","geometry":{"type":"Point","coordinates":[35.11615,32.79005]},"properties":{"semel":254,"name":"כפר המכבי","winner":"yesh_atid","winnerShare":0.5532,"turnout":0.7276,"valid":235,"sh_likud":0.0553,"sh24_likud":0.0642,"sh_yesh_atid":0.5532,"sh24_yesh_atid":0.3394,"sh_rz":0.0255,"sh_labor":0.1191,"sh24_labor":0.2339,"sh_gantz":0.1532,"sh24_gantz":0.1697,"sh_yb":0.0213,"sh24_yb":0.0321,"sh_meretz":0.0468,"sh24_meretz":0.1101,"sh24_yamina":0.0229,"sh24_newhope":0.0229,"sh_habait":0.0043,"sh_other":0.0213,"sh24_other":0.0046,"winner24":"yesh_atid"}},{"type":"Feature","geometry":{"type":"Point","coordinates":[35.50292,32.80092]},"properties":{"semel":255,"name":"כפר חיטים","winner":"likud","winnerShare":0.3382,"turnout":0.6426,"valid":346,"sh_likud":0.3382,"sh24_likud":0.3401,"sh_yesh_atid":0.2457,"sh24_yesh_atid":0.1686,"sh_shas":0.0145,"sh24_shas":0.0145,"sh_utj":0.0087,"sh24_utj":0.0029,"sh_rz":0.104,"sh24_rz":0.0087,"sh_labor":0.0231,"sh24_labor":0.0698,"sh_gantz":0.2168,"sh24_gantz":0.1541,"sh_yb":0.0173,"sh24_yb":0.0262,"sh_meretz":0.026,"sh24_meretz":0.0291,"sh24_yamina":0.064,"sh24_newhope":0.093,"sh_habait":0.0029,"sh_other":0.0029,"sh24_other":0.0291,"winner24":"likud"}},{"type":"Feature","geometry":{"type":"Point","coordinates":[35.4555,32.50454]},"properties":{"semel":256,"name":"ניר דוד תל עמל","winner":"yesh_atid","winnerShare":0.4508,"turnout":0.7192,"valid":457,"sh_likud":0.0197,"sh24_likud":0.0231,"sh_yesh_atid":0.4508,"sh24_yesh_atid":0.3229,"sh_shas":0.0022,"sh_rz":0.0131,"sh24_rz":0.0042,"sh_labor":0.1182,"sh24_labor":0.1992,"sh_gantz":0.1094,"sh24_gantz":0.1321,"sh_yb":0.0175,"sh24_yb":0.0273,"sh_meretz":0.2319,"sh24_meretz":0.2474,"sh24_yamina":0.0189,"sh24_newhope":0.0126,"sh_habait":0.0088,"sh_other":0.0284,"sh24_other":0.0126,"winner24":"yesh_atid"}},{"type":"Feature","geometry":{"type":"Point","coordinates":[34.92085,32.04344]},"properties":{"semel":257,"name":"נופך","winner":"likud","winnerShare":0.4377,"turnout":0.8177,"valid":329,"sh_likud":0.4377,"sh24_likud":0.3841,"sh_yesh_atid":0.1581,"sh24_yesh_atid":0.1302,"sh_shas":0.079,"sh24_shas":0.0667,"sh_utj":0.0122,"sh24_utj":0.0063,"sh_rz":0.1155,"sh24_rz":0.0413,"sh_labor":0.0456,"sh24_labor":0.0921,"sh_gantz":0.1307,"sh24_gantz":0.0603,"sh24_yb":0.0349,"sh_meretz":0.0122,"sh24_meretz":0.0349,"sh24_yamina":0.073,"sh24_newhope":0.054,"sh_habait":0.0061,"sh_other":0.003,"sh24_other":0.0222,"winner24":"likud"}},{"type":"Feature","geometry":{"type":"Point","coordinates":[35.48075,32.52681]},"properties":{"semel":259,"name":"שדה נחום","winner":"yesh_atid","winnerShare":0.3038,"turnout":0.6968,"valid":497,"sh_likud":0.2676,"sh24_likud":0.2368,"sh_yesh_atid":0.3038,"sh24_yesh_atid":0.2644,"sh_shas":0.0141,"sh24_shas":0.0046,"sh_utj":0.002,"sh_rz":0.0805,"sh24_rz":0.0161,"sh_labor":0.0744,"sh24_labor":0.1425,"sh_gantz":0.173,"sh24_gantz":0.1448,"sh_yb":0.0181,"sh24_yb":0.0345,"sh_meretz":0.0402,"sh24_meretz":0.0368,"sh_raam":0.002,"sh_hadash":0.002,"sh24_yamina":0.0575,"sh24_newhope":0.0506,"sh_habait":0.006,"sh_other":0.0161,"sh24_other":0.0115,"winner24":"yesh_atid"}},{"type":"Feature","geometry":{"type":"Point","coordinates":[35.52325,32.84754]},"properties":{"semel":262,"name":"גינוסר","winner":"yesh_atid","winnerShare":0.3949,"turnout":0.7056,"valid":390,"sh_likud":0.1769,"sh24_likud":0.1466,"sh_yesh_atid":0.3949,"sh24_yesh_atid":0.2493,"sh_shas":0.0077,"sh24_shas":0.0029,"sh_utj":0.0026,"sh_rz":0.041,"sh24_rz":0.0088,"sh_labor":0.1615,"sh24_labor":0.2493,"sh_gantz":0.1308,"sh24_gantz":0.1173,"sh_yb":0.0179,"sh24_yb":0.0557,"sh_meretz":0.0513,"sh24_meretz":0.0909,"sh_hadash":0.0026,"sh24_yamina":0.0293,"sh24_newhope":0.0352,"sh_habait":0.0026,"sh_other":0.0103,"sh24_other":0.0147,"winner24":"labor"}},{"type":"Feature","geometry":{"type":"Point","coordinates":[35.59832,32.68365]},"properties":{"semel":263,"name":"מסדה","winner":"gantz","winnerShare":0.2978,"turnout":0.6138,"valid":178,"sh_likud":0.0506,"sh24_likud":0.0465,"sh_yesh_atid":0.2865,"sh24_yesh_atid":0.2093,"sh_shas":0.0112,"sh_rz":0.0449,"sh_labor":0.1629,"sh24_labor":0.1977,"sh_gantz":0.2978,"sh24_gantz":0.2035,"sh_yb":0.0225,"sh24_yb":0.064,"sh_meretz":0.0618,"sh24_meretz":0.1105,"sh24_raam":0.0058,"sh_hadash":0.0112,"sh_balad":0.0056,"sh24_joint":0.0058,"sh24_yamina":0.0581,"sh24_newhope":0.064,"sh_habait":0.0056,"sh_other":0.0393,"sh24_other":0.0349,"winner24":"yesh_atid"}},{"type":"Feature","geometry":{"type":"Point","coordinates":[35.6037,32.68693]},"properties":{"semel":264,"name":"שער הגולן","winner":"yesh_atid","winnerShare":0.3728,"turnout":0.7061,"valid":346,"sh_likud":0.0376,"sh24_likud":0.0357,"sh_yesh_atid":0.3728,"sh24_yesh_atid":0.2335,"sh_rz":0.026,"sh24_rz":0.0027,"sh_labor":0.1647,"sh24_labor":0.25,"sh_gantz":0.1301,"sh24_gantz":0.1346,"sh24_yb":0.0192,"sh_meretz":0.2486,"sh24_meretz":0.2473,"sh_raam":0.0029,"sh24_joint":0.0055,"sh24_yamina":0.0137,"sh24_newhope":0.0467,"sh_habait":0.0058,"sh_other":0.0116,"sh24_other":0.011,"winner24":"labor"}},{"type":"Feature","geometry":{"type":"Point","coordinates":[35.55116,32.55924]},"properties":{"semel":265,"name":"בית יוסף","winner":"likud","winnerShare":0.5746,"turnout":0.729,"valid":268,"sh_likud":0.5746,"sh24_likud":0.6714,"sh_yesh_atid":0.0187,"sh24_yesh_atid":0.0141,"sh_shas":0.0933,"sh24_shas":0.0986,"sh_utj":0.0037,"sh_rz":0.2201,"sh24_rz":0.0563,"sh_labor":0.0112,"sh24_labor":0.0141,"sh_gantz":0.0634,"sh24_gantz":0.0563,"sh_yb":0.0037,"sh24_yb":0.0047,"sh_meretz":0.0075,"sh24_meretz":0.0094,"sh24_yamina":0.0563,"sh24_newhope":0.0047,"sh_other":0.0037,"sh24_other":0.0141,"winner24":"likud"}},{"type":"Feature","geometry":{"type":"Point","coordinates":[34.82112,32.1862]},"properties":{"semel":267,"name":"כפר שמריהו","winner":"yesh_atid","winnerShare":0.4819,"turnout":0.6412,"valid":1243,"sh_likud":0.1303,"sh24_likud":0.1315,"sh_yesh_atid":0.4819,"sh24_yesh_atid":0.3263,"sh_shas":0.0048,"sh24_shas":0.0008,"sh_utj":0.0032,"sh24_utj":0.0024,"sh_rz":0.0249,"sh24_rz":0.0106,"sh_labor":0.0603,"sh24_labor":0.1063,"sh_gantz":0.1537,"sh24_gantz":0.1802,"sh_yb":0.037,"sh24_yb":0.0576,"sh_meretz":0.0821,"sh24_meretz":0.112,"sh_raam":0.0056,"sh24_raam":0.0041,"sh_hadash":0.004,"sh_balad":0.0008,"sh24_joint":0.0024,"sh24_yamina":0.0292,"sh24_newhope":0.0317,"sh_habait":0.008,"sh_other":0.0032,"sh24_other":0.0049,"winner24":"yesh_atid"}},{"type":"Feature","geometry":{"type":"Point","coordinates":[35.52894,32.42081]},"properties":{"semel":268,"name":"טירת צבי","winner":"rz","winnerShare":0.2925,"turnout":0.7562,"valid":424,"sh_likud":0.1462,"sh24_likud":0.1089,"sh_yesh_atid":0.0896,"sh24_yesh_atid":0.0619,"sh_shas":0.0094,"sh24_shas":0.005,"sh_utj":0.0094,"sh24_utj":0.0025,"sh_rz":0.2925,"sh24_rz":0.1807,"sh_labor":0.0094,"sh24_labor":0.0347,"sh_gantz":0.1604,"sh24_gantz":0.0495,"sh_yb":0.0071,"sh24_yb":0.0025,"sh_meretz":0.0024,"sh24_meretz":0.0149,"sh24_yamina":0.4307,"sh24_newhope":0.0891,"sh_habait":0.2382,"sh_other":0.0354,"sh24_other":0.0198,"winner24":"yamina"}},{"type":"Feature","geometry":{"type":"Point","coordinates":[35.44062,32.58637]},"properties":{"semel":269,"name":"מולדת","winner":"yesh_atid","winnerShare":0.4586,"turnout":0.6852,"valid":604,"sh_likud":0.0712,"sh24_likud":0.0708,"sh_yesh_atid":0.4586,"sh24_yesh_atid":0.3229,"sh_shas":0.0033,"sh24_shas":0.0033,"sh_utj":0.0033,"sh24_utj":0.0033,"sh_rz":0.0447,"sh24_rz":0.0016,"sh_labor":0.1109,"sh24_labor":0.2043,"sh_gantz":0.2235,"sh24_gantz":0.1763,"sh_yb":0.0116,"sh24_yb":0.0297,"sh_meretz":0.0596,"sh24_meretz":0.0807,"sh24_yamina":0.028,"sh24_newhope":0.0527,"sh_habait":0.005,"sh_other":0.0083,"sh24_other":0.0264,"winner24":"yesh_atid"}},{"type":"Feature","geometry":{"type":"Point","coordinates":[35.10034,32.59588]},"properties":{"semel":270,"name":"עין השופט","winner":"yesh_atid","winnerShare":0.3127,"turnout":0.5886,"valid":534,"sh_likud":0.0169,"sh24_likud":0.0317,"sh_yesh_atid":0.3127,"sh24_yesh_atid":0.2123,"sh_shas":0.0019,"sh24_shas":0.0037,"sh_rz":0.0112,"sh24_rz":0.0037,"sh_labor":0.2172,"sh24_labor":0.2626,"sh_gantz":0.1199,"sh24_gantz":0.0819,"sh_yb":0.0468,"sh24_yb":0.0391,"sh_meretz":0.264,"sh24_meretz":0.3166,"sh24_raam":0.0019,"sh24_yamina":0.0149,"sh24_newhope":0.0186,"sh_other":0.0094,"sh24_other":0.013,"winner24":"meretz"}},{"type":"Feature","geometry":{"type":"Point","coordinates":[35.5507,32.49296]},"properties":{"semel":272,"name":"מעוז חיים","winner":"yesh_atid","winnerShare":0.3927,"turnout":0.6072,"valid":303,"sh_likud":0.0561,"sh24_likud":0.0614,"sh_yesh_atid":0.3927,"sh24_yesh_atid":0.2321,"sh24_shas":0.0034,"sh_rz":0.0462,"sh24_rz":0.0171,"sh_labor":0.2145,"sh24_labor":0.2969,"sh_gantz":0.1683,"sh24_gantz":0.1604,"sh_yb":0.0132,"sh24_yb":0.0171,"sh_meretz":0.0594,"sh24_meretz":0.0717,"sh24_joint":0.0034,"sh24_yamina":0.0307,"sh24_newhope":0.0853,"sh_habait":0.0198,"sh_other":0.0297,"sh24_other":0.0205,"winner24":"labor"}},{"type":"Feature","geometry":{"type":"Point","coordinates":[35.63906,32.78271]},"properties":{"semel":273,"name":"עין גב","winner":"yesh_atid","winnerShare":0.3,"turnout":0.6385,"valid":300,"sh_likud":0.0767,"sh24_likud":0.0878,"sh_yesh_atid":0.3,"sh24_yesh_atid":0.1818,"sh_rz":0.0467,"sh24_rz":0.0125,"sh_labor":0.2933,"sh24_labor":0.3574,"sh_gantz":0.1433,"sh24_gantz":0.1379,"sh_yb":0.0233,"sh24_yb":0.0188,"sh_meretz":0.0867,"sh24_meretz":0.0972,"sh_raam":0.0033,"sh24_yamina":0.0282,"sh24_newhope":0.0439,"sh_habait":0.0033,"sh_other":0.0233,"sh24_other":0.0345,"winner24":"labor"}},{"type":"Feature","geometry":{"type":"Point","coordinates":[34.83297,31.72976]},"properties":{"semel":274,"name":"כפר מנחם","winner":"yesh_atid","winnerShare":0.4163,"turnout":0.733,"valid":687,"sh_likud":0.0611,"sh24_likud":0.0641,"sh_yesh_atid":0.4163,"sh24_yesh_atid":0.2489,"sh_shas":0.0029,"sh24_shas":0.003,"sh_rz":0.016,"sh24_rz":0.003,"sh_labor":0.1092,"sh24_labor":0.2012,"sh_gantz":0.1121,"sh24_gantz":0.1297,"sh_yb":0.0189,"sh24_yb":0.0134,"sh_meretz":0.2227,"sh24_meretz":0.2608,"sh_raam":0.0029,"sh_hadash":0.0044,"sh24_joint":0.0075,"sh24_yamina":0.0238,"sh24_newhope":0.0373,"sh_habait":0.0044,"sh_other":0.0291,"sh24_other":0.0075,"winner24":"meretz"}},{"type":"Feature","geometry":{"type":"Point","coordinates":[34.91352,32.29786]},"properties":{"semel":276,"name":"צור משה","winner":"yesh_atid","winnerShare":0.4841,"turnout":0.7519,"valid":1477,"sh_likud":0.107,"sh24_likud":0.0897,"sh_yesh_atid":0.4841,"sh24_yesh_atid":0.3676,"sh_shas":0.0074,"sh24_shas":0.0082,"sh_utj":0.0007,"sh24_utj":0.0014,"sh_rz":0.0305,"sh24_rz":0.0082,"sh_labor":0.0894,"sh24_labor":0.1342,"sh_gantz":0.176,"sh24_gantz":0.1608,"sh_yb":0.0142,"sh24_yb":0.0164,"sh_meretz":0.065,"sh24_meretz":0.0945,"sh_hadash":0.0041,"sh24_joint":0.0007,"sh24_yamina":0.0493,"sh24_newhope":0.0561,"sh_habait":0.0047,"sh_other":0.0169,"sh24_other":0.013,"winner24":"yesh_atid"}},{"type":"Feature","geometry":{"type":"Point","coordinates":[35.11465,32.79599]},"properties":{"semel":278,"name":"אושה","winner":"yesh_atid","winnerShare":0.439,"turnout":0.7171,"valid":287,"sh_likud":0.0976,"sh24_likud":0.087,"sh_yesh_atid":0.439,"sh24_yesh_atid":0.3116,"sh_shas":0.0035,"sh_utj":0.0035,"sh_rz":0.0314,"sh_labor":0.1568,"sh24_labor":0.2609,"sh_gantz":0.1707,"sh24_gantz":0.1341,"sh_yb":0.0244,"sh24_yb":0.029,"sh_meretz":0.0488,"sh24_meretz":0.0725,"sh_hadash":0.0139,"sh24_joint":0.0109,"sh24_yamina":0.0254,"sh24_newhope":0.0543,"sh_habait":0.0035,"sh_other":0.007,"sh24_other":0.0145,"winner24":"yesh_atid"}},{"type":"Feature","geometry":{"type":"Point","coordinates":[35.17438,33.08808]},"properties":{"semel":280,"name":"חניתה","winner":"yesh_atid","winnerShare":0.3221,"turnout":0.6157,"valid":447,"sh_likud":0.0694,"sh24_likud":0.0852,"sh_yesh_atid":0.3221,"sh24_yesh_atid":0.1794,"sh_shas":0.0067,"sh_rz":0.0336,"sh24_rz":0.0022,"sh_labor":0.1723,"sh24_labor":0.2735,"sh_gantz":0.1879,"sh24_gantz":0.1839,"sh_yb":0.0157,"sh24_yb":0.0202,"sh_meretz":0.1611,"sh24_meretz":0.1749,"sh_hadash":0.0112,"sh24_joint":0.0067,"sh24_yamina":0.0314,"sh24_newhope":0.0336,"sh_other":0.0201,"sh24_other":0.009,"winner24":"labor"}},{"type":"Feature","geometry":{"type":"Point","coordinates":[35.32293,32.98369]},"properties":{"semel":281,"name":"פקיעין חדשה","winner":"likud","winnerShare":0.4804,"turnout":0.7944,"valid":281,"sh_likud":0.4804,"sh24_likud":0.5469,"sh_yesh_atid":0.0249,"sh24_yesh_atid":0.0234,"sh_shas":0.274,"sh24_shas":0.2734,"sh_utj":0.0107,"sh24_utj":0.0078,"sh_rz":0.1459,"sh24_rz":0.0586,"sh_labor":0.0142,"sh24_labor":0.0078,"sh_gantz":0.032,"sh24_gantz":0.0195,"sh24_yb":0.0117,"sh_meretz":0.0036,"sh24_yamina":0.0273,"sh24_newhope":0.0156,"sh_habait":0.0071,"sh_other":0.0071,"sh24_other":0.0078,"winner24":"likud"}},{"type":"Feature","geometry":{"type":"Point","coordinates":[35.08339,32.98108]},"properties":{"semel":282,"name":"שבי ציון","winner":"yesh_atid","winnerShare":0.3568,"turnout":0.6621,"valid":625,"sh_likud":0.192,"sh24_likud":0.1728,"sh_yesh_atid":0.3568,"sh24_yesh_atid":0.2304,"sh_shas":0.008,"sh24_shas":0.0064,"sh_rz":0.0576,"sh24_rz":0.016,"sh_labor":0.0832,"sh24_labor":0.1664,"sh_gantz":0.1904,"sh24_gantz":0.16,"sh_yb":0.0128,"sh24_yb":0.0352,"sh_meretz":0.0576,"sh24_meretz":0.0688,"sh_raam":0.0016,"sh24_yamina":0.088,"sh24_newhope":0.0496,"sh_habait":0.0128,"sh_other":0.0272,"sh24_other":0.0064,"winner24":"yesh_atid"}},{"type":"Feature","geometry":{"type":"Point","coordinates":[34.90316,32.20747]},"properties":{"semel":284,"name":"שדה ורבורג","winner":"yesh_atid","winnerShare":0.4993,"turnout":0.7233,"valid":733,"sh_likud":0.0819,"sh24_likud":0.0756,"sh_yesh_atid":0.4993,"sh24_yesh_atid":0.3302,"sh_shas":0.0027,"sh24_shas":0.0013,"sh_utj":0.0014,"sh24_utj":0.0013,"sh_rz":0.0136,"sh24_rz":0.0066,"sh_labor":0.0996,"sh24_labor":0.1698,"sh_gantz":0.1241,"sh24_gantz":0.1459,"sh_yb":0.0314,"sh24_yb":0.0252,"sh_meretz":0.1323,"sh24_meretz":0.1698,"sh_hadash":0.0055,"sh24_joint":0.0013,"sh24_yamina":0.0239,"sh24_newhope":0.0398,"sh_habait":0.0014,"sh_other":0.0068,"sh24_other":0.0093,"winner24":"yesh_atid"}},{"type":"Feature","geometry":{"type":"Point","coordinates":[35.14528,32.71957]},"properties":{"semel":285,"name":"אלונים","winner":"yesh_atid","winnerShare":0.4453,"turnout":0.7582,"valid":393,"sh_likud":0.0712,"sh24_likud":0.0606,"sh_yesh_atid":0.4453,"sh24_yesh_atid":0.3056,"sh_shas":0.0025,"sh24_shas":0.0025,"sh_rz":0.0254,"sh24_rz":0.0025,"sh_labor":0.2366,"sh24_labor":0.2828,"sh_gantz":0.1374,"sh24_gantz":0.1515,"sh_yb":0.0102,"sh24_yb":0.0227,"sh_meretz":0.0534,"sh24_meretz":0.0783,"sh24_yamina":0.0379,"sh24_newhope":0.0404,"sh_habait":0.0025,"sh_other":0.0153,"sh24_other":0.0152,"winner24":"yesh_atid"}},{"type":"Feature","geometry":{"type":"Point","coordinates":[35.11081,31.81769]},"properties":{"semel":286,"name":"מעלה החמישה","winner":"yesh_atid","winnerShare":0.3697,"turnout":0.7182,"valid":422,"sh_likud":0.0569,"sh24_likud":0.046,"sh_yesh_atid":0.3697,"sh24_yesh_atid":0.2494,"sh_shas":0.0024,"sh24_utj":0.0024,"sh_rz":0.0071,"sh24_rz":0.0024,"sh_labor":0.2227,"sh24_labor":0.2712,"sh_gantz":0.1754,"sh24_gantz":0.1646,"sh_yb":0.0237,"sh24_yb":0.0266,"sh_meretz":0.1232,"sh24_meretz":0.1501,"sh24_joint":0.0024,"sh24_yamina":0.0266,"sh24_newhope":0.046,"sh_habait":0.0071,"sh_other":0.0118,"sh24_other":0.0121,"winner24":"labor"}},{"type":"Feature","geometry":{"type":"Point","coordinates":[34.8688,32.2529]},"properties":{"semel":287,"name":"תל יצחק","winner":"yesh_atid","winnerShare":0.3877,"turnout":0.3353,"valid":227,"sh_likud":0.1013,"sh24_likud":0.1232,"sh_yesh_atid":0.3877,"sh24_yesh_atid":0.2275,"sh_shas":0.0088,"sh24_shas":0.0095,"sh_rz":0.022,"sh24_rz":0.0047,"sh_labor":0.1233,"sh24_labor":0.1611,"sh_gantz":0.185,"sh24_gantz":0.1374,"sh_yb":0.0308,"sh24_yb":0.0569,"sh_meretz":0.1233,"sh24_meretz":0.1943,"sh24_joint":0.0047,"sh24_yamina":0.0237,"sh24_newhope":0.0427,"sh_other":0.0176,"sh24_other":0.0142,"winner24":"yesh_atid"}},{"type":"Feature","geometry":{"type":"Point","coordinates":[34.86556,32.26028]},"properties":{"semel":288,"name":"בית יהושע","winner":"yesh_atid","winnerShare":0.4715,"turnout":0.7339,"valid":579,"sh_likud":0.0864,"sh24_likud":0.0928,"sh_yesh_atid":0.4715,"sh24_yesh_atid":0.3065,"sh24_shas":0.0018,"sh_utj":0.0035,"sh24_utj":0.0035,"sh_rz":0.0276,"sh24_rz":0.007,"sh_labor":0.1088,"sh24_labor":0.1734,"sh_gantz":0.1554,"sh24_gantz":0.1699,"sh_yb":0.0259,"sh24_yb":0.0245,"sh_meretz":0.0846,"sh24_meretz":0.1384,"sh_hadash":0.0035,"sh24_yamina":0.035,"sh24_newhope":0.0368,"sh_habait":0.0086,"sh_other":0.0242,"sh24_other":0.0105,"winner24":"yesh_atid"}},{"type":"Feature","geometry":{"type":"Point","coordinates":[35.09658,32.90337]},"properties":{"semel":289,"name":"עין המפרץ","winner":"yesh_atid","winnerShare":0.352,"turnout":0.7353,"valid":537,"sh_likud":0.0261,"sh24_likud":0.0184,"sh_yesh_atid":0.352,"sh24_yesh_atid":0.2114,"sh_shas":0.0037,"sh24_shas":0.0018,"sh_rz":0.0112,"sh24_rz":0.0037,"sh_labor":0.1453,"sh24_labor":0.2151,"sh_gantz":0.1248,"sh24_gantz":0.1195,"sh_yb":0.0093,"sh24_yb":0.011,"sh_meretz":0.3054,"sh24_meretz":0.3805,"sh_raam":0.0037,"sh_hadash":0.0019,"sh24_joint":0.0018,"sh24_yamina":0.0129,"sh24_newhope":0.0074,"sh_other":0.0168,"sh24_other":0.0165,"winner24":"meretz"}},{"type":"Feature","geometry":{"type":"Point","coordinates":[34.94058,32.56813]},"properties":{"semel":290,"name":"מעין צבי","winner":"yesh_atid","winnerShare":0.4054,"turnout":0.7047,"valid":481,"sh_likud":0.0686,"sh24_likud":0.0546,"sh_yesh_atid":0.4054,"sh24_yesh_atid":0.2962,"sh_shas":0.0062,"sh24_shas":0.0042,"sh_utj":0.0021,"sh24_utj":0.0021,"sh_rz":0.0249,"sh24_rz":0.0084,"sh_labor":0.1975,"sh24_labor":0.2206,"sh_gantz":0.1788,"sh24_gantz":0.1744,"sh_yb":0.0146,"sh24_yb":0.021,"sh_meretz":0.079,"sh24_meretz":0.1197,"sh_raam":0.0021,"sh_hadash":0.0021,"sh24_yamina":0.0357,"sh24_newhope":0.0483,"sh_habait":0.0042,"sh_other":0.0146,"sh24_other":0.0147,"winner24":"yesh_atid"}},{"type":"Feature","geometry":{"type":"Point","coordinates":[35.46643,32.72616]},"properties":{"semel":292,"name":"שרונה","winner":"yesh_atid","winnerShare":0.3042,"turnout":0.7551,"valid":332,"sh_likud":0.1054,"sh24_likud":0.092,"sh_yesh_atid":0.3042,"sh24_yesh_atid":0.2047,"sh_shas":0.003,"sh24_shas":0.0059,"sh_rz":0.0633,"sh24_rz":0.0119,"sh_labor":0.1355,"sh24_labor":0.1662,"sh_gantz":0.2801,"sh24_gantz":0.2493,"sh_yb":0.0241,"sh24_yb":0.0297,"sh_meretz":0.0633,"sh24_meretz":0.1276,"sh_hadash":0.003,"sh24_joint":0.003,"sh24_yamina":0.0623,"sh24_newhope":0.0415,"sh_habait":0.009,"sh_other":0.009,"sh24_other":0.0059,"winner24":"gantz"}},{"type":"Feature","geometry":{"type":"Point","coordinates":[34.67719,31.64513]},"properties":{"semel":293,"name":"שדה יואב","winner":"yesh_atid","winnerShare":0.4139,"turnout":0.7613,"valid":302,"sh_likud":0.0497,"sh24_likud":0.0455,"sh_yesh_atid":0.4139,"sh24_yesh_atid":0.2403,"sh_shas":0.0033,"sh24_shas":0.0032,"sh_rz":0.0132,"sh24_rz":0.0032,"sh_labor":0.1291,"sh24_labor":0.2143,"sh_gantz":0.1457,"sh24_gantz":0.1494,"sh_yb":0.0298,"sh24_yb":0.026,"sh_meretz":0.1954,"sh24_meretz":0.2338,"sh_hadash":0.0033,"sh24_joint":0.0032,"sh24_yamina":0.0227,"sh24_newhope":0.0325,"sh_other":0.0166,"sh24_other":0.026,"winner24":"yesh_atid"}},{"type":"Feature","geometry":{"type":"Point","coordinates":[35.21778,33.06333]},"properties":{"semel":294,"name":"אילון","winner":"yesh_atid","winnerShare":0.2947,"turnout":0.7267,"valid":638,"sh_likud":0.1395,"sh24_likud":0.1242,"sh_yesh_atid":0.2947,"sh24_yesh_atid":0.1863,"sh_shas":0.0031,"sh24_shas":0.0016,"sh_utj":0.0016,"sh_rz":0.0361,"sh24_rz":0.0082,"sh_labor":0.1082,"sh24_labor":0.1716,"sh_gantz":0.1113,"sh24_gantz":0.0817,"sh_yb":0.0251,"sh24_yb":0.0376,"sh_meretz":0.2367,"sh24_meretz":0.2876,"sh_hadash":0.0094,"sh_balad":0.0016,"sh24_yamina":0.0523,"sh24_newhope":0.0327,"sh_habait":0.0063,"sh_other":0.0266,"sh24_other":0.0163,"winner24":"meretz"}},{"type":"Feature","geometry":{"type":"Point","coordinates":[35.55681,32.45734]},"properties":{"semel":295,"name":"כפר רופין","winner":"yesh_atid","winnerShare":0.3407,"turnout":0.6808,"valid":270,"sh_likud":0.0741,"sh24_likud":0.0599,"sh_yesh_atid":0.3407,"sh24_yesh_atid":0.2289,"sh_rz":0.0444,"sh24_rz":0.0176,"sh_labor":0.2111,"sh24_labor":0.2852,"sh_gantz":0.2,"sh24_gantz":0.162,"sh_yb":0.0259,"sh24_yb":0.0282,"sh_meretz":0.063,"sh24_meretz":0.1197,"sh_hadash":0.0111,"sh24_yamina":0.0458,"sh24_newhope":0.0317,"sh_habait":0.0074,"sh_other":0.0222,"sh24_other":0.0211,"winner24":"labor"}},{"type":"Feature","geometry":{"type":"Point","coordinates":[35.53189,32.49197]},"properties":{"semel":296,"name":"נווה איתן","winner":"labor","winnerShare":0.2542,"turnout":0.6263,"valid":118,"sh_likud":0.1864,"sh24_likud":0.1111,"sh_yesh_atid":0.2373,"sh24_yesh_atid":0.1759,"sh_shas":0.0254,"sh24_shas":0.0278,"sh_rz":0.0678,"sh_labor":0.2542,"sh24_labor":0.3981,"sh_gantz":0.1102,"sh24_gantz":0.0926,"sh_yb":0.0169,"sh24_yb":0.0093,"sh_meretz":0.0678,"sh24_meretz":0.0556,"sh24_yamina":0.0648,"sh24_newhope":0.0278,"sh_habait":0.0169,"sh_other":0.0169,"sh24_other":0.037,"winner24":"labor"}},{"type":"Feature","geometry":{"type":"Point","coordinates":[35.10026,32.89035]},"properties":{"semel":297,"name":"כפר מסריק","winner":"yesh_atid","winnerShare":0.3991,"turnout":0.6952,"valid":431,"sh_likud":0.0557,"sh24_likud":0.0258,"sh_yesh_atid":0.3991,"sh24_yesh_atid":0.2629,"sh_shas":0.0023,"sh24_shas":0.0023,"sh_rz":0.0162,"sh24_rz":0.0023,"sh_labor":0.1346,"sh24_labor":0.1901,"sh_gantz":0.1508,"sh24_gantz":0.1033,"sh_yb":0.0209,"sh24_yb":0.0681,"sh_meretz":0.2019,"sh24_meretz":0.3005,"sh_hadash":0.0046,"sh24_yamina":0.0164,"sh24_newhope":0.0258,"sh_habait":0.0023,"sh_other":0.0116,"sh24_other":0.0023,"winner24":"meretz"}},{"type":"Feature","geometry":{"type":"Point","coordinates":[35.47413,32.49559]},"properties":{"semel":298,"name":"מסילות","winner":"yesh_atid","winnerShare":0.3584,"turnout":0.643,"valid":279,"sh_likud":0.0645,"sh24_likud":0.0356,"sh_yesh_atid":0.3584,"sh24_yesh_atid":0.242,"sh_rz":0.043,"sh24_rz":0.0107,"sh_labor":0.1004,"sh24_labor":0.2313,"sh_gantz":0.1864,"sh24_gantz":0.1459,"sh_yb":0.0323,"sh24_yb":0.0498,"sh_meretz":0.2007,"sh24_meretz":0.1993,"sh_raam":0.0036,"sh24_yamina":0.0214,"sh24_newhope":0.0427,"sh_other":0.0108,"sh24_other":0.0214,"winner24":"yesh_atid"}},{"type":"Feature","geometry":{"type":"Point","coordinates":[35.0749,32.58967]},"properties":{"semel":300,"name":"דליה","winner":"yesh_atid","winnerShare":0.388,"turnout":0.7246,"valid":500,"sh_likud":0.024,"sh24_likud":0.0216,"sh_yesh_atid":0.388,"sh24_yesh_atid":0.2294,"sh_shas":0.004,"sh_rz":0.008,"sh24_rz":0.002,"sh_labor":0.176,"sh24_labor":0.2235,"sh_gantz":0.08,"sh24_gantz":0.098,"sh_yb":0.002,"sh24_yb":0.0176,"sh_meretz":0.302,"sh24_meretz":0.3784,"sh_raam":0.004,"sh_hadash":0.004,"sh24_joint":0.0059,"sh24_yamina":0.0078,"sh24_newhope":0.0078,"sh_other":0.008,"sh24_other":0.0078,"winner24":"meretz"}},{"type":"Feature","geometry":{"type":"Point","coordinates":[34.90526,31.87072]},"properties":{"semel":301,"name":"בית עוזיאל","winner":"likud","winnerShare":0.3651,"turnout":0.7683,"valid":367,"sh_likud":0.3651,"sh24_likud":0.3988,"sh_yesh_atid":0.1635,"sh24_yesh_atid":0.1299,"sh_shas":0.0954,"sh24_shas":0.0665,"sh_utj":0.0054,"sh_rz":0.188,"sh24_rz":0.0695,"sh_labor":0.0245,"sh24_labor":0.0483,"sh_gantz":0.1063,"sh24_gantz":0.0544,"sh_yb":0.0136,"sh24_yb":0.0181,"sh_meretz":0.0082,"sh24_meretz":0.0211,"sh24_yamina":0.0695,"sh24_newhope":0.0483,"sh_habait":0.0027,"sh_other":0.0272,"sh24_other":0.0755,"winner24":"likud"}},{"type":"Feature","geometry":{"type":"Point","coordinates":[35.63852,33.22995]},"properties":{"semel":302,"name":"דפנה","winner":"yesh_atid","winnerShare":0.3983,"turnout":0.7262,"valid":472,"sh_likud":0.089,"sh24_likud":0.0814,"sh_yesh_atid":0.3983,"sh24_yesh_atid":0.2738,"sh_shas":0.0085,"sh24_shas":0.0023,"sh_rz":0.0254,"sh24_rz":0.0045,"sh_labor":0.1907,"sh24_labor":0.3054,"sh_gantz":0.1483,"sh24_gantz":0.1109,"sh_yb":0.0127,"sh24_yb":0.0475,"sh_meretz":0.0975,"sh24_meretz":0.1086,"sh_hadash":0.0064,"sh24_joint":0.0023,"sh24_yamina":0.0226,"sh24_newhope":0.0317,"sh_habait":0.0085,"sh_other":0.0148,"sh24_other":0.009,"winner24":"labor"}},{"type":"Feature","geometry":{"type":"Point","coordinates":[35.65359,33.23995]},"properties":{"semel":303,"name":"דן","winner":"yesh_atid","winnerShare":0.4239,"turnout":0.7256,"valid":394,"sh_likud":0.0254,"sh24_likud":0.015,"sh_yesh_atid":0.4239,"sh24_yesh_atid":0.2531,"sh_rz":0.0152,"sh24_rz":0.005,"sh_labor":0.1269,"sh24_labor":0.2155,"sh_gantz":0.1294,"sh24_gantz":0.1103,"sh_yb":0.0228,"sh24_yb":0.0276,"sh_meretz":0.2386,"sh24_meretz":0.3283,"sh_hadash":0.0076,"sh24_joint":0.005,"sh24_yamina":0.0175,"sh24_newhope":0.0175,"sh_habait":0.0051,"sh_other":0.0051,"sh24_other":0.005,"winner24":"meretz"}},{"type":"Feature","geometry":{"type":"Point","coordinates":[35.51374,32.44041]},"properties":{"semel":304,"name":"שדה אליהו","winner":"rz","winnerShare":0.3687,"turnout":0.6123,"valid":396,"sh_likud":0.1995,"sh24_likud":0.1313,"sh_yesh_atid":0.0758,"sh24_yesh_atid":0.048,"sh24_shas":0.0025,"sh_utj":0.0101,"sh24_utj":0.0051,"sh_rz":0.3687,"sh24_rz":0.2045,"sh_labor":0.0328,"sh24_labor":0.0303,"sh_gantz":0.1212,"sh24_gantz":0.0556,"sh_yb":0.0101,"sh24_yb":0.0025,"sh_meretz":0.0025,"sh24_yamina":0.447,"sh24_newhope":0.0631,"sh_habait":0.1667,"sh_other":0.0126,"sh24_other":0.0101,"winner24":"yamina"}},{"type":"Feature","geometry":{"type":"Point","coordinates":[35.55116,32.62049]},"properties":{"semel":305,"name":"גשר","winner":"yesh_atid","winnerShare":0.344,"turnout":0.6198,"valid":250,"sh_likud":0.064,"sh24_likud":0.0637,"sh_yesh_atid":0.344,"sh24_yesh_atid":0.1952,"sh_rz":0.016,"sh24_rz":0.004,"sh_labor":0.284,"sh24_labor":0.3825,"sh_gantz":0.152,"sh24_gantz":0.1514,"sh_yb":0.02,"sh24_yb":0.008,"sh_meretz":0.072,"sh24_meretz":0.0797,"sh_raam":0.008,"sh24_raam":0.004,"sh_hadash":0.004,"sh24_joint":0.004,"sh24_yamina":0.0359,"sh24_newhope":0.0478,"sh_habait":0.02,"sh_other":0.016,"sh24_other":0.0239,"winner24":"labor"}},{"type":"Feature","geometry":{"type":"Point","coordinates":[35.43604,32.69627]},"properties":{"semel":306,"name":"שדמות דבורה","winner":"yesh_atid","winnerShare":0.4974,"turnout":0.7818,"valid":386,"sh_likud":0.0829,"sh24_likud":0.0755,"sh_yesh_atid":0.4974,"sh24_yesh_atid":0.2865,"sh_shas":0.0078,"sh_rz":0.0285,"sh24_rz":0.013,"sh_labor":0.0933,"sh24_labor":0.1693,"sh_gantz":0.1969,"sh24_gantz":0.1875,"sh_yb":0.0104,"sh24_yb":0.0391,"sh_meretz":0.0492,"sh24_meretz":0.0833,"sh_hadash":0.0026,"sh24_joint":0.0052,"sh24_yamina":0.0495,"sh24_newhope":0.0729,"sh_other":0.0311,"sh24_other":0.0182,"winner24":"yesh_atid"}},{"type":"Feature","geometry":{"type":"Point","coordinates":[35.50242,32.74599]},"properties":{"semel":307,"name":"הזורעים","winner":"rz","winnerShare":0.5682,"turnout":0.7774,"valid":447,"sh_likud":0.1879,"sh24_likud":0.2494,"sh_yesh_atid":0.0291,"sh24_yesh_atid":0.0249,"sh_shas":0.0358,"sh24_shas":0.0227,"sh_utj":0.0067,"sh24_utj":0.0113,"sh_rz":0.5682,"sh24_rz":0.3447,"sh_labor":0.0067,"sh24_labor":0.0091,"sh_gantz":0.0604,"sh24_gantz":0.0045,"sh_yb":0.0022,"sh24_yb":0.0091,"sh_meretz":0.0022,"sh24_meretz":0.0045,"sh24_yamina":0.2812,"sh24_newhope":0.0317,"sh_habait":0.0805,"sh_other":0.0201,"sh24_other":0.0068,"winner24":"rz"}},{"type":"Feature","geometry":{"type":"Point","coordinates":[35.57012,32.98906]},"properties":{"semel":308,"name":"מחניים","winner":"yesh_atid","winnerShare":0.2741,"turnout":0.6893,"valid":405,"sh_likud":0.2099,"sh24_likud":0.1827,"sh_yesh_atid":0.2741,"sh24_yesh_atid":0.1683,"sh_shas":0.0074,"sh24_shas":0.0024,"sh_utj":0.0049,"sh24_utj":0.0072,"sh_rz":0.0765,"sh24_rz":0.0072,"sh_labor":0.1728,"sh24_labor":0.2236,"sh_gantz":0.1284,"sh24_gantz":0.1154,"sh_yb":0.0222,"sh24_yb":0.0697,"sh_meretz":0.0642,"sh24_meretz":0.1058,"sh_hadash":0.0074,"sh24_joint":0.0024,"sh24_yamina":0.0505,"sh24_newhope":0.0457,"sh_habait":0.0099,"sh_other":0.0222,"sh24_other":0.0192,"winner24":"labor"}},{"type":"Feature","geometry":{"type":"Point","coordinates":[34.70558,31.62298]},"properties":{"semel":309,"name":"נהורה","winner":"likud","winnerShare":0.4218,"turnout":0.7387,"valid":716,"sh_likud":0.4218,"sh24_likud":0.4701,"sh_yesh_atid":0.1257,"sh24_yesh_atid":0.1153,"sh_shas":0.1383,"sh24_shas":0.1109,"sh_utj":0.0084,"sh24_utj":0.0058,"sh_rz":0.1774,"sh24_rz":0.035,"sh_labor":0.0098,"sh24_labor":0.0175,"sh_gantz":0.0852,"sh24_gantz":0.0774,"sh_yb":0.0098,"sh24_yb":0.0102,"sh_meretz":0.0084,"sh24_meretz":0.0117,"sh24_yamina":0.0876,"sh24_newhope":0.0467,"sh_habait":0.007,"sh_other":0.0084,"sh24_other":0.0117,"winner24":"likud"}},{"type":"Feature","geometry":{"type":"Point","coordinates":[35.00435,32.50554]},"properties":{"semel":310,"name":"כפר גליקסון","winner":"yesh_atid","winnerShare":0.4251,"turnout":0.7113,"valid":207,"sh_likud":0.0435,"sh24_likud":0.0318,"sh_yesh_atid":0.4251,"sh24_yesh_atid":0.2455,"sh_utj":0.0097,"sh_rz":0.0193,"sh_labor":0.1594,"sh24_labor":0.2864,"sh_gantz":0.1546,"sh24_gantz":0.1182,"sh_yb":0.0048,"sh24_yb":0.0091,"sh_meretz":0.1546,"sh24_meretz":0.1727,"sh_hadash":0.0145,"sh24_joint":0.0136,"sh24_yamina":0.0455,"sh24_newhope":0.0455,"sh_habait":0.0048,"sh_other":0.0097,"sh24_other":0.0318,"winner24":"labor"}},{"type":"Feature","geometry":{"type":"Point","coordinates":[34.76106,31.94491]},"properties":{"semel":311,"name":"גן שורק","winner":"yesh_atid","winnerShare":0.3827,"turnout":0.7406,"valid":196,"sh_likud":0.199,"sh24_likud":0.1443,"sh_yesh_atid":0.3827,"sh24_yesh_atid":0.3085,"sh_shas":0.0051,"sh_rz":0.0459,"sh24_rz":0.01,"sh_labor":0.0561,"sh24_labor":0.1294,"sh_gantz":0.2347,"sh24_gantz":0.204,"sh_yb":0.0204,"sh24_yb":0.0249,"sh_meretz":0.0204,"sh24_meretz":0.0647,"sh_hadash":0.0051,"sh24_joint":0.005,"sh24_yamina":0.0846,"sh24_newhope":0.0249,"sh_habait":0.0153,"sh_other":0.0153,"winner24":"yesh_atid"}},{"type":"Feature","geometry":{"type":"Point","coordinates":[34.93057,32.67941]},"properties":{"semel":312,"name":"נווה ים","winner":"yesh_atid","winnerShare":0.2839,"turnout":0.7346,"valid":155,"sh_likud":0.2645,"sh24_likud":0.2549,"sh_yesh_atid":0.2839,"sh24_yesh_atid":0.1307,"sh_shas":0.0129,"sh24_shas":0.0065,"sh_rz":0.1677,"sh24_rz":0.0588,"sh_labor":0.0516,"sh24_labor":0.1895,"sh_gantz":0.0839,"sh24_gantz":0.085,"sh_yb":0.0258,"sh24_yb":0.0327,"sh_meretz":0.0645,"sh24_meretz":0.0458,"sh24_yamina":0.1046,"sh24_newhope":0.0588,"sh_habait":0.0194,"sh_other":0.0258,"sh24_other":0.0327,"winner24":"likud"}},{"type":"Feature","geometry":{"type":"Point","coordinates":[35.12783,32.83906]},"properties":{"semel":313,"name":"אפק","winner":"yesh_atid","winnerShare":0.4639,"turnout":0.7684,"valid":416,"sh_likud":0.0697,"sh24_likud":0.0431,"sh_yesh_atid":0.4639,"sh24_yesh_atid":0.2868,"sh_shas":0.0072,"sh24_shas":0.0051,"sh_utj":0.0024,"sh_rz":0.0264,"sh_labor":0.1587,"sh24_labor":0.2614,"sh_gantz":0.1779,"sh24_gantz":0.1802,"sh_yb":0.0096,"sh24_yb":0.0127,"sh_meretz":0.0697,"sh24_meretz":0.0939,"sh24_raam":0.0025,"sh24_joint":0.0025,"sh24_yamina":0.0457,"sh24_newhope":0.0584,"sh_habait":0.0024,"sh_other":0.012,"sh24_other":0.0076,"winner24":"yesh_atid"}},{"type":"Feature","geometry":{"type":"Point","coordinates":[34.68249,31.66155]},"properties":{"semel":315,"name":"נגבה","winner":"yesh_atid","winnerShare":0.3966,"turnout":0.6543,"valid":474,"sh_likud":0.0865,"sh24_likud":0.0774,"sh_yesh_atid":0.3966,"sh24_yesh_atid":0.2427,"sh_shas":0.0063,"sh24_shas":0.0021,"sh24_utj":0.0021,"sh_rz":0.0148,"sh24_rz":0.0042,"sh_labor":0.1329,"sh24_labor":0.1569,"sh_gantz":0.1709,"sh24_gantz":0.1485,"sh_yb":0.0211,"sh24_yb":0.0397,"sh_meretz":0.154,"sh24_meretz":0.2343,"sh_hadash":0.0021,"sh24_joint":0.0021,"sh24_yamina":0.023,"sh24_newhope":0.0523,"sh_other":0.0148,"sh24_other":0.0146,"winner24":"yesh_atid"}},{"type":"Feature","geometry":{"type":"Point","coordinates":[34.87178,32.27557]},"properties":{"semel":316,"name":"כפר נטר","winner":"yesh_atid","winnerShare":0.4485,"turnout":0.7705,"valid":544,"sh_likud":0.1029,"sh24_likud":0.0984,"sh_yesh_atid":0.4485,"sh24_yesh_atid":0.2805,"sh_shas":0.0055,"sh24_shas":0.0073,"sh_rz":0.0331,"sh24_rz":0.0109,"sh_labor":0.1048,"sh24_labor":0.1658,"sh_gantz":0.1636,"sh24_gantz":0.2022,"sh_yb":0.0239,"sh24_yb":0.0237,"sh_meretz":0.0938,"sh24_meretz":0.1111,"sh_hadash":0.0018,"sh24_joint":0.0018,"sh24_yamina":0.051,"sh24_newhope":0.0383,"sh_habait":0.0074,"sh_other":0.0147,"sh24_other":0.0091,"winner24":"yesh_atid"}},{"type":"Feature","geometry":{"type":"Point","coordinates":[35.00595,32.73109]},"properties":{"semel":317,"name":"בית אורן","winner":"yesh_atid","winnerShare":0.2795,"turnout":0.6397,"valid":229,"sh_likud":0.083,"sh24_likud":0.0893,"sh_yesh_atid":0.2795,"sh24_yesh_atid":0.2277,"sh24_shas":0.0045,"sh24_utj":0.0045,"sh_rz":0.0393,"sh24_rz":0.0134,"sh_labor":0.1616,"sh24_labor":0.2321,"sh_gantz":0.1921,"sh24_gantz":0.1563,"sh_yb":0.0175,"sh24_yb":0.0268,"sh_meretz":0.1135,"sh24_meretz":0.1295,"sh_hadash":0.0044,"sh24_yamina":0.0179,"sh24_newhope":0.0357,"sh_habait":0.0044,"sh_other":0.1048,"sh24_other":0.0625,"winner24":"labor"}},{"type":"Feature","geometry":{"type":"Point","coordinates":[34.41294,31.24846]},"properties":{"semel":318,"name":"עמיעוז","winner":"likud","winnerShare":0.4417,"turnout":0.7309,"valid":163,"sh_likud":0.4417,"sh24_likud":0.4662,"sh_yesh_atid":0.135,"sh24_yesh_atid":0.1203,"sh_shas":0.1718,"sh24_shas":0.1654,"sh_utj":0.0061,"sh24_utj":0.0075,"sh_rz":0.0736,"sh24_rz":0.0226,"sh_labor":0.0061,"sh24_labor":0.015,"sh_gantz":0.1288,"sh24_gantz":0.1053,"sh_yb":0.0184,"sh24_yb":0.0075,"sh_meretz":0.0061,"sh24_yamina":0.0376,"sh24_newhope":0.0376,"sh_other":0.0123,"sh24_other":0.015,"winner24":"likud"}},{"type":"Feature","geometry":{"type":"Point","coordinates":[35.62036,33.17804]},"properties":{"semel":319,"name":"עמיר","winner":"yesh_atid","winnerShare":0.2933,"turnout":0.7049,"valid":375,"sh_likud":0.048,"sh24_likud":0.049,"sh_yesh_atid":0.2933,"sh24_yesh_atid":0.2071,"sh_shas":0.0027,"sh_rz":0.0107,"sh24_rz":0.0109,"sh_labor":0.1893,"sh24_labor":0.2071,"sh_gantz":0.1493,"sh24_gantz":0.1253,"sh_yb":0.032,"sh24_yb":0.0163,"sh_meretz":0.2507,"sh24_meretz":0.3243,"sh24_raam":0.0027,"sh_hadash":0.008,"sh_balad":0.0027,"sh24_joint":0.0054,"sh24_yamina":0.0082,"sh24_newhope":0.0272,"sh_habait":0.0027,"sh_other":0.0107,"sh24_other":0.0163,"winner24":"meretz"}},{"type":"Feature","geometry":{"type":"Point","coordinates":[34.72661,31.71907]},"properties":{"semel":320,"name":"כפר ורבורג","winner":"yesh_atid","winnerShare":0.3763,"turnout":0.7644,"valid":651,"sh_likud":0.1382,"sh24_likud":0.1333,"sh_yesh_atid":0.3763,"sh24_yesh_atid":0.2818,"sh_shas":0.0154,"sh24_shas":0.0091,"sh_utj":0.0031,"sh_rz":0.0553,"sh24_rz":0.0136,"sh_labor":0.086,"sh24_labor":0.1348,"sh_gantz":0.235,"sh24_gantz":0.2258,"sh_yb":0.0092,"sh24_yb":0.0273,"sh_meretz":0.0538,"sh24_meretz":0.0758,"sh24_joint":0.0015,"sh24_yamina":0.0545,"sh24_newhope":0.0333,"sh_habait":0.0108,"sh_other":0.0169,"sh24_other":0.0091,"winner24":"yesh_atid"}},{"type":"Feature","geometry":{"type":"Point","coordinates":[35.60577,33.20843]},"properties":{"semel":322,"name":"בית הלל","winner":"yesh_atid","winnerShare":0.4134,"turnout":0.675,"valid":404,"sh_likud":0.0743,"sh24_likud":0.0546,"sh_yesh_atid":0.4134,"sh24_yesh_atid":0.2829,"sh_shas":0.0025,"sh_rz":0.0371,"sh_labor":0.1485,"sh24_labor":0.2283,"sh_gantz":0.2129,"sh24_gantz":0.1911,"sh_yb":0.0173,"sh24_yb":0.0447,"sh_meretz":0.0743,"sh24_meretz":0.0993,"sh24_yamina":0.0223,"sh24_newhope":0.0695,"sh_habait":0.0074,"sh_other":0.0124,"sh24_other":0.0074,"winner24":"yesh_atid"}},{"type":"Feature","geometry":{"type":"Point","coordinates":[35.64671,33.22632]},"properties":{"semel":324,"name":"שאר ישוב","winner":"yesh_atid","winnerShare":0.3574,"turnout":0.7176,"valid":305,"sh_likud":0.2262,"sh24_likud":0.1967,"sh_yesh_atid":0.3574,"sh24_yesh_atid":0.2933,"sh_shas":0.0033,"sh24_shas":0.01,"sh_utj":0.0033,"sh_rz":0.1016,"sh24_rz":0.02,"sh_labor":0.082,"sh24_labor":0.1633,"sh_gantz":0.1738,"sh24_gantz":0.1167,"sh_yb":0.0164,"sh24_yb":0.0267,"sh_meretz":0.0131,"sh24_meretz":0.0167,"sh24_yamina":0.0733,"sh24_newhope":0.0467,"sh_habait":0.0033,"sh_other":0.0197,"sh24_other":0.0367,"winner24":"yesh_atid"}},{"type":"Feature","geometry":{"type":"Point","coordinates":[35.15707,33.0636]},"properties":{"semel":325,"name":"מצובה","winner":"yesh_atid","winnerShare":0.3842,"turnout":0.6757,"valid":596,"sh_likud":0.1879,"sh24_likud":0.1514,"sh_yesh_atid":0.3842,"sh24_yesh_atid":0.2993,"sh_shas":0.0084,"sh24_shas":0.007,"sh24_utj":0.0018,"sh_rz":0.0503,"sh24_rz":0.0035,"sh_labor":0.0973,"sh24_labor":0.1655,"sh_gantz":0.1661,"sh24_gantz":0.1268,"sh_yb":0.0101,"sh24_yb":0.0194,"sh_meretz":0.0587,"sh24_meretz":0.0792,"sh24_yamina":0.0704,"sh24_newhope":0.0475,"sh_habait":0.0084,"sh_other":0.0285,"sh24_other":0.0282,"winner24":"yesh_atid"}},{"type":"Feature","geometry":{"type":"Point","coordinates":[34.89078,32.33407]},"properties":{"semel":326,"name":"בית יצחקשער חפר","winner":"yesh_atid","winnerShare":0.4757,"turnout":0.763,"valid":1257,"sh_likud":0.0947,"sh24_likud":0.0779,"sh_yesh_atid":0.4757,"sh24_yesh_atid":0.318,"sh_shas":0.0016,"sh24_shas":0.0016,"sh_utj":0.0016,"sh24_utj":0.0016,"sh_rz":0.0215,"sh24_rz":0.0109,"sh_labor":0.0986,"sh24_labor":0.1442,"sh_gantz":0.1814,"sh24_gantz":0.2073,"sh_yb":0.0159,"sh24_yb":0.0203,"sh_meretz":0.0772,"sh24_meretz":0.1138,"sh_raam":0.0016,"sh_hadash":0.0024,"sh_balad":0.0008,"sh24_yamina":0.0382,"sh24_newhope":0.0452,"sh_habait":0.0111,"sh_other":0.0159,"sh24_other":0.021,"winner24":"yesh_atid"}},{"type":"Feature","geometry":{"type":"Point","coordinates":[34.8926,32.492]},"properties":{"semel":327,"name":"שדות ים","winner":"yesh_atid","winnerShare":0.4568,"turnout":0.8051,"valid":602,"sh_likud":0.0631,"sh24_likud":0.059,"sh_yesh_atid":0.4568,"sh24_yesh_atid":0.2445,"sh_shas":0.01,"sh24_shas":0.0101,"sh_utj":0.015,"sh24_utj":0.0118,"sh_rz":0.0166,"sh24_rz":0.0067,"sh_labor":0.1246,"sh24_labor":0.2327,"sh_gantz":0.1694,"sh24_gantz":0.2091,"sh_yb":0.0199,"sh24_yb":0.0304,"sh_meretz":0.093,"sh24_meretz":0.0995,"sh_hadash":0.005,"sh24_joint":0.0034,"sh24_yamina":0.0219,"sh24_newhope":0.0371,"sh_habait":0.0033,"sh_other":0.0233,"sh24_other":0.0337,"winner24":"yesh_atid"}},{"type":"Feature","geometry":{"type":"Point","coordinates":[35.62363,33.18738]},"properties":{"semel":329,"name":"שדה נחמיה","winner":"yesh_atid","winnerShare":0.3252,"turnout":0.6979,"valid":572,"sh_likud":0.1748,"sh24_likud":0.1376,"sh_yesh_atid":0.3252,"sh24_yesh_atid":0.1916,"sh_shas":0.0122,"sh24_shas":0.0052,"sh_utj":0.0017,"sh_rz":0.0682,"sh24_rz":0.0087,"sh_labor":0.1189,"sh24_labor":0.2352,"sh_gantz":0.1993,"sh24_gantz":0.1115,"sh_yb":0.0105,"sh24_yb":0.0244,"sh_meretz":0.0507,"sh24_meretz":0.101,"sh_raam":0.0017,"sh24_raam":0.0017,"sh24_yamina":0.0366,"sh24_newhope":0.108,"sh_habait":0.0052,"sh_other":0.0315,"sh24_other":0.0383,"winner24":"labor"}},{"type":"Feature","geometry":{"type":"Point","coordinates":[35.54639,32.70682]},"properties":{"semel":330,"name":"אלומות","winner":"yesh_atid","winnerShare":0.3172,"turnout":0.6847,"valid":227,"sh_likud":0.1982,"sh24_likud":0.1171,"sh_yesh_atid":0.3172,"sh24_yesh_atid":0.239,"sh_shas":0.0044,"sh24_shas":0.0049,"sh24_utj":0.0049,"sh_rz":0.0308,"sh24_rz":0.0098,"sh_labor":0.1586,"sh24_labor":0.2195,"sh_gantz":0.163,"sh24_gantz":0.1268,"sh_yb":0.0132,"sh24_yb":0.0146,"sh_meretz":0.0837,"sh24_meretz":0.1512,"sh24_yamina":0.0585,"sh24_newhope":0.0439,"sh_habait":0.0132,"sh_other":0.0176,"sh24_other":0.0098,"winner24":"yesh_atid"}},{"type":"Feature","geometry":{"type":"Point","coordinates":[34.8629,31.95262]},"properties":{"semel":331,"name":"ניר צבי","winner":"yesh_atid","winnerShare":0.4593,"turnout":0.757,"valid":675,"sh_likud":0.1081,"sh24_likud":0.1042,"sh_yesh_atid":0.4593,"sh24_yesh_atid":0.2958,"sh_shas":0.0059,"sh24_shas":0.0042,"sh_utj":0.0015,"sh24_utj":0.0028,"sh_rz":0.0311,"sh24_rz":0.0042,"sh_labor":0.1067,"sh24_labor":0.1549,"sh_gantz":0.1748,"sh24_gantz":0.1831,"sh_yb":0.0119,"sh24_yb":0.0366,"sh_meretz":0.0741,"sh24_meretz":0.1155,"sh_hadash":0.0015,"sh_balad":0.0015,"sh24_joint":0.0028,"sh24_yamina":0.0352,"sh24_newhope":0.0394,"sh_habait":0.0089,"sh_other":0.0148,"sh24_other":0.0211,"winner24":"yesh_atid"}},{"type":"Feature","geometry":{"type":"Point","coordinates":[34.71989,31.81533]},"properties":{"semel":334,"name":"קבוצת יבנה","winner":"gantz","winnerShare":0.3188,"turnout":0.694,"valid":414,"sh_likud":0.1473,"sh24_likud":0.1219,"sh_yesh_atid":0.1135,"sh24_yesh_atid":0.1084,"sh_shas":0.0097,"sh24_shas":0.0068,"sh_utj":0.0048,"sh24_utj":0.0045,"sh_rz":0.1522,"sh24_rz":0.0587,"sh_labor":0.0338,"sh24_labor":0.0745,"sh_gantz":0.3188,"sh24_gantz":0.0948,"sh_yb":0.0097,"sh24_yb":0.0023,"sh_meretz":0.0169,"sh24_meretz":0.0135,"sh24_yamina":0.395,"sh24_newhope":0.1084,"sh_habait":0.1715,"sh_other":0.0217,"sh24_other":0.0113,"winner24":"yamina"}},{"type":"Feature","geometry":{"type":"Point","coordinates":[35.09411,32.61072]},"properties":{"semel":335,"name":"רמת השופט","winner":"yesh_atid","winnerShare":0.3948,"turnout":0.6762,"valid":542,"sh_likud":0.0609,"sh24_likud":0.0497,"sh_yesh_atid":0.3948,"sh24_yesh_atid":0.2505,"sh24_shas":0.0019,"sh_rz":0.0148,"sh24_rz":0.0038,"sh_labor":0.1808,"sh24_labor":0.218,"sh_gantz":0.1181,"sh24_gantz":0.1243,"sh_yb":0.0277,"sh24_yb":0.0325,"sh_meretz":0.1697,"sh24_meretz":0.2409,"sh_raam":0.0037,"sh_hadash":0.0037,"sh24_joint":0.0019,"sh24_yamina":0.0268,"sh24_newhope":0.0325,"sh_habait":0.0018,"sh_other":0.024,"sh24_other":0.0172,"winner24":"yesh_atid"}},{"type":"Feature","geometry":{"type":"Point","coordinates":[34.6455,31.50647]},"properties":{"semel":336,"name":"דורות","winner":"yesh_atid","winnerShare":0.3692,"turnout":0.7113,"valid":409,"sh_likud":0.0636,"sh24_likud":0.058,"sh_yesh_atid":0.3692,"sh24_yesh_atid":0.2271,"sh_shas":0.0073,"sh24_shas":0.0048,"sh_rz":0.0342,"sh24_rz":0.0121,"sh_labor":0.2029,"sh24_labor":0.3019,"sh_gantz":0.1956,"sh24_gantz":0.1594,"sh_yb":0.0049,"sh24_yb":0.0145,"sh_meretz":0.0905,"sh24_meretz":0.1256,"sh_hadash":0.0049,"sh_balad":0.0024,"sh24_joint":0.0048,"sh24_yamina":0.0435,"sh24_newhope":0.0338,"sh_habait":0.0024,"sh_other":0.022,"sh24_other":0.0145,"winner24":"labor"}},{"type":"Feature","geometry":{"type":"Point","coordinates":[34.6097,31.53375]},"properties":{"semel":338,"name":"איבים","winner":"likud","winnerShare":0.4462,"turnout":0.3457,"valid":65,"sh_likud":0.4462,"sh24_likud":0.425,"sh_shas":0.0308,"sh24_shas":0.025,"sh_rz":0.1692,"sh24_rz":0.25,"sh_labor":0.0154,"sh_gantz":0.2615,"sh24_gantz":0.125,"sh24_yamina":0.1,"sh_habait":0.0308,"sh_other":0.0462,"sh24_other":0.075,"winner24":"likud"}},{"type":"Feature","geometry":{"type":"Point","coordinates":[35.41445,32.59116]},"properties":{"semel":339,"name":"רמת צבי","winner":"yesh_atid","winnerShare":0.3455,"turnout":0.791,"valid":385,"sh_likud":0.0857,"sh24_likud":0.0716,"sh_yesh_atid":0.3455,"sh24_yesh_atid":0.2558,"sh_shas":0.0026,"sh24_shas":0.0026,"sh_utj":0.0026,"sh24_utj":0.0026,"sh_rz":0.0468,"sh24_rz":0.0128,"sh_labor":0.1662,"sh24_labor":0.1893,"sh_gantz":0.239,"sh24_gantz":0.2199,"sh_yb":0.0052,"sh24_yb":0.0128,"sh_meretz":0.0753,"sh24_meretz":0.0946,"sh_raam":0.0026,"sh_balad":0.0052,"sh24_joint":0.0051,"sh24_yamina":0.0537,"sh24_newhope":0.0588,"sh_habait":0.0026,"sh_other":0.0208,"sh24_other":0.0205,"winner24":"yesh_atid"}},{"type":"Feature","geometry":{"type":"Point","coordinates":[34.79469,31.62779]},"properties":{"semel":340,"name":"גת קיבוץ","winner":"yesh_atid","winnerShare":0.4005,"turnout":0.7019,"valid":437,"sh_likud":0.0526,"sh24_likud":0.0567,"sh_yesh_atid":0.4005,"sh24_yesh_atid":0.2577,"sh_rz":0.0137,"sh24_rz":0.0047,"sh_labor":0.1556,"sh24_labor":0.208,"sh_gantz":0.1648,"sh24_gantz":0.1206,"sh_yb":0.0252,"sh24_yb":0.0189,"sh_meretz":0.151,"sh24_meretz":0.2411,"sh_hadash":0.0023,"sh24_yamina":0.0236,"sh24_newhope":0.0473,"sh_habait":0.0114,"sh_other":0.0229,"sh24_other":0.0213,"winner24":"yesh_atid"}},{"type":"Feature","geometry":{"type":"Point","coordinates":[34.61218,31.59148]},"properties":{"semel":342,"name":"גברעם","winner":"yesh_atid","winnerShare":0.4554,"turnout":0.8043,"valid":336,"sh_likud":0.0625,"sh24_likud":0.0646,"sh_yesh_atid":0.4554,"sh24_yesh_atid":0.3169,"sh_shas":0.0089,"sh24_shas":0.0123,"sh_utj":0.003,"sh24_utj":0.0031,"sh_rz":0.0387,"sh24_rz":0.0031,"sh_labor":0.0804,"sh24_labor":0.1415,"sh_gantz":0.2083,"sh24_gantz":0.2,"sh_yb":0.0417,"sh24_yb":0.0615,"sh_meretz":0.0625,"sh24_meretz":0.0708,"sh24_yamina":0.0431,"sh24_newhope":0.0554,"sh_habait":0.0089,"sh_other":0.0298,"sh24_other":0.0277,"winner24":"yesh_atid"}},{"type":"Feature","geometry":{"type":"Point","coordinates":[35.51991,32.52038]},"properties":{"semel":343,"name":"חמדיה","winner":"yesh_atid","winnerShare":0.345,"turnout":0.6896,"valid":229,"sh_likud":0.1485,"sh24_likud":0.1636,"sh_yesh_atid":0.345,"sh24_yesh_atid":0.2409,"sh_rz":0.0655,"sh24_rz":0.0045,"sh_labor":0.1441,"sh24_labor":0.2,"sh_gantz":0.2271,"sh24_gantz":0.1136,"sh_yb":0.0262,"sh24_yb":0.0091,"sh_meretz":0.0262,"sh24_meretz":0.0818,"sh24_yamina":0.0818,"sh24_newhope":0.0818,"sh_habait":0.0087,"sh_other":0.0087,"sh24_other":0.0227,"winner24":"yesh_atid"}},{"type":"Feature","geometry":{"type":"Point","coordinates":[35.02808,32.45662]},"properties":{"semel":344,"name":"מענית","winner":"yesh_atid","winnerShare":0.3715,"turnout":0.8027,"valid":471,"sh_likud":0.0446,"sh24_likud":0.0394,"sh_yesh_atid":0.3715,"sh24_yesh_atid":0.302,"sh_shas":0.0021,"sh_rz":0.0106,"sh24_rz":0.0044,"sh_labor":0.1996,"sh24_labor":0.256,"sh_gantz":0.1338,"sh24_gantz":0.081,"sh_yb":0.0191,"sh24_yb":0.0306,"sh_meretz":0.1826,"sh24_meretz":0.2276,"sh_raam":0.0064,"sh_hadash":0.0085,"sh24_joint":0.0088,"sh24_yamina":0.0109,"sh24_newhope":0.0263,"sh_habait":0.0064,"sh_other":0.0149,"sh24_other":0.0131,"winner24":"yesh_atid"}},{"type":"Feature","geometry":{"type":"Point","coordinates":[35.65802,33.19563]},"properties":{"semel":345,"name":"כפר סאלד","winner":"yesh_atid","winnerShare":0.4133,"turnout":0.7092,"valid":375,"sh_likud":0.0533,"sh24_likud":0.0461,"sh_yesh_atid":0.4133,"sh24_yesh_atid":0.252,"sh_shas":0.0053,"sh_rz":0.016,"sh_labor":0.2053,"sh24_labor":0.3117,"sh_gantz":0.1787,"sh24_gantz":0.1545,"sh_yb":0.0213,"sh24_yb":0.0217,"sh_meretz":0.0773,"sh24_meretz":0.1491,"sh_hadash":0.0027,"sh24_yamina":0.0244,"sh24_newhope":0.0217,"sh_habait":0.0053,"sh_other":0.0213,"sh24_other":0.019,"winner24":"labor"}},{"type":"Feature","geometry":{"type":"Point","coordinates":[34.83077,32.15718]},"properties":{"semel":346,"name":"גליל ים","winner":"yesh_atid","winnerShare":0.3417,"turnout":0.7707,"valid":278,"sh_likud":0.0288,"sh24_likud":0.029,"sh_yesh_atid":0.3417,"sh24_yesh_atid":0.2572,"sh_shas":0.036,"sh24_shas":0.0326,"sh_rz":0.0072,"sh_labor":0.2374,"sh24_labor":0.3043,"sh_gantz":0.1978,"sh24_gantz":0.2138,"sh_yb":0.0252,"sh24_yb":0.0217,"sh_meretz":0.0755,"sh24_meretz":0.0833,"sh24_raam":0.0036,"sh_hadash":0.0108,"sh_balad":0.0072,"sh24_joint":0.0109,"sh24_yamina":0.0145,"sh24_newhope":0.0145,"sh_habait":0.0144,"sh_other":0.018,"sh24_other":0.0145,"winner24":"labor"}},{"type":"Feature","geometry":{"type":"Point","coordinates":[35.54455,33.19623]},"properties":{"semel":347,"name":"מנרה","winner":"labor","winnerShare":0.3165,"turnout":0.6526,"valid":139,"sh_likud":0.0432,"sh24_likud":0.0272,"sh_yesh_atid":0.3094,"sh24_yesh_atid":0.1837,"sh_rz":0.0216,"sh_labor":0.3165,"sh24_labor":0.381,"sh_gantz":0.1871,"sh24_gantz":0.1497,"sh_yb":0.0288,"sh24_yb":0.034,"sh_meretz":0.0504,"sh24_meretz":0.1633,"sh_raam":0.0072,"sh_hadash":0.0072,"sh24_yamina":0.0068,"sh24_newhope":0.034,"sh_other":0.0288,"sh24_other":0.0204,"winner24":"labor"}},{"type":"Feature","geometry":{"type":"Point","coordinates":[34.57993,31.51986]},"properties":{"semel":348,"name":"ניר עם","winner":"gantz","winnerShare":0.2848,"turnout":0.687,"valid":316,"sh_likud":0.1139,"sh24_likud":0.1082,"sh_yesh_atid":0.2627,"sh24_yesh_atid":0.1604,"sh_shas":0.0127,"sh24_shas":0.0037,"sh_utj":0.0032,"sh24_utj":0.0037,"sh_rz":0.0728,"sh24_rz":0.0149,"sh_labor":0.1392,"sh24_labor":0.2276,"sh_gantz":0.2848,"sh24_gantz":0.2015,"sh_yb":0.0316,"sh24_yb":0.041,"sh_meretz":0.0506,"sh24_meretz":0.0821,"sh24_joint":0.0037,"sh24_yamina":0.0672,"sh24_newhope":0.0485,"sh_habait":0.0095,"sh_other":0.019,"sh24_other":0.0373,"winner24":"labor"}},{"type":"Feature","geometry":{"type":"Point","coordinates":[34.63029,31.73972]},"properties":{"semel":351,"name":"ניצן","winner":"rz","winnerShare":0.4983,"turnout":0.7569,"valid":1198,"sh_likud":0.3105,"sh24_likud":0.2891,"sh_yesh_atid":0.0109,"sh24_yesh_atid":0.0079,"sh_shas":0.0601,"sh24_shas":0.0431,"sh_utj":0.015,"sh24_utj":0.0035,"sh_rz":0.4983,"sh24_rz":0.3946,"sh_labor":0.0033,"sh24_labor":0.0044,"sh_gantz":0.0284,"sh24_gantz":0.0141,"sh_yb":0.0025,"sh24_yb":0.0009,"sh_meretz":0.0008,"sh24_meretz":0.0018,"sh24_raam":0.0009,"sh_hadash":0.0008,"sh24_joint":0.0018,"sh24_yamina":0.2135,"sh24_newhope":0.0193,"sh_habait":0.0618,"sh_other":0.0075,"sh24_other":0.0053,"winner24":"rz"}},{"type":"Feature","geometry":{"type":"Point","coordinates":[34.46549,31.21084]},"properties":{"semel":352,"name":"גבולות","winner":"yesh_atid","winnerShare":0.3814,"turnout":0.5826,"valid":194,"sh_likud":0.0309,"sh24_likud":0.0354,"sh_yesh_atid":0.3814,"sh24_yesh_atid":0.2172,"sh_rz":0.0361,"sh24_rz":0.0051,"sh_labor":0.134,"sh24_labor":0.202,"sh_gantz":0.1186,"sh24_gantz":0.0556,"sh_yb":0.0361,"sh24_yb":0.0909,"sh_meretz":0.2371,"sh24_meretz":0.2525,"sh_hadash":0.0103,"sh24_joint":0.0152,"sh24_yamina":0.0152,"sh24_newhope":0.0404,"sh_other":0.0155,"sh24_other":0.0707,"winner24":"meretz"}},{"type":"Feature","geometry":{"type":"Point","coordinates":[35.1152,32.70142]},"properties":{"semel":353,"name":"בית זיד","winner":"yesh_atid","winnerShare":0.4265,"turnout":0.6389,"valid":68,"sh24_likud":0.0469,"sh_yesh_atid":0.4265,"sh24_yesh_atid":0.375,"sh_shas":0.0147,"sh_labor":0.1471,"sh24_labor":0.3281,"sh_gantz":0.2794,"sh24_gantz":0.0938,"sh24_yb":0.0156,"sh_meretz":0.1029,"sh24_meretz":0.0313,"sh24_newhope":0.0313,"sh_other":0.0294,"sh24_other":0.0781,"winner24":"yesh_atid"}},{"type":"Feature","geometry":{"type":"Point","coordinates":[34.72244,31.04389]},"properties":{"semel":354,"name":"רביבים","winner":"yesh_atid","winnerShare":0.2881,"turnout":0.572,"valid":413,"sh_likud":0.0702,"sh24_likud":0.0572,"sh_yesh_atid":0.2881,"sh24_yesh_atid":0.1991,"sh_rz":0.0315,"sh24_rz":0.0069,"sh_labor":0.2591,"sh24_labor":0.3227,"sh_gantz":0.1525,"sh24_gantz":0.1236,"sh_yb":0.0557,"sh24_yb":0.0778,"sh_meretz":0.0944,"sh24_meretz":0.0984,"sh_raam":0.0024,"sh_hadash":0.0048,"sh24_joint":0.0046,"sh24_yamina":0.0549,"sh24_newhope":0.0252,"sh_habait":0.0048,"sh_other":0.0363,"sh24_other":0.0297,"winner24":"labor"}},{"type":"Feature","geometry":{"type":"Point","coordinates":[34.9711,32.13766]},"properties":{"semel":355,"name":"חורשים","winner":"yesh_atid","winnerShare":0.2885,"turnout":0.6775,"valid":208,"sh_likud":0.1346,"sh24_likud":0.1106,"sh_yesh_atid":0.2885,"sh24_yesh_atid":0.1407,"sh_rz":0.0769,"sh24_rz":0.0302,"sh_labor":0.125,"sh24_labor":0.2261,"sh_gantz":0.1298,"sh24_gantz":0.1256,"sh_yb":0.0192,"sh24_yb":0.0302,"sh_meretz":0.1827,"sh24_meretz":0.2312,"sh_raam":0.0096,"sh24_raam":0.005,"sh_hadash":0.0048,"sh_balad":0.0048,"sh24_yamina":0.0352,"sh24_newhope":0.0302,"sh_habait":0.0048,"sh_other":0.0192,"sh24_other":0.0352,"winner24":"meretz"}},{"type":"Feature","geometry":{"type":"Point","coordinates":[35.62366,33.22072]},"properties":{"semel":356,"name":"הגושרים","winner":"yesh_atid","winnerShare":0.3814,"turnout":0.7047,"valid":548,"sh_likud":0.1387,"sh24_likud":0.1225,"sh_yesh_atid":0.3814,"sh24_yesh_atid":0.2269,"sh_shas":0.0091,"sh24_shas":0.008,"sh_rz":0.0328,"sh24_rz":0.008,"sh_labor":0.1715,"sh24_labor":0.2209,"sh_gantz":0.1679,"sh24_gantz":0.1546,"sh_yb":0.0036,"sh24_yb":0.0181,"sh_meretz":0.0584,"sh24_meretz":0.1205,"sh_hadash":0.0055,"sh24_yamina":0.0321,"sh24_newhope":0.0723,"sh_habait":0.0164,"sh_other":0.0146,"sh24_other":0.0161,"winner24":"yesh_atid"}},{"type":"Feature","geometry":{"type":"Point","coordinates":[35.60984,33.17246]},"properties":{"semel":357,"name":"כפר בלום","winner":"yesh_atid","winnerShare":0.3161,"turnout":0.6866,"valid":503,"sh_likud":0.1551,"sh24_likud":0.1408,"sh_yesh_atid":0.3161,"sh24_yesh_atid":0.1831,"sh_shas":0.006,"sh_utj":0.004,"sh24_utj":0.004,"sh_rz":0.0477,"sh24_rz":0.0101,"sh_labor":0.1471,"sh24_labor":0.2757,"sh_gantz":0.2167,"sh24_gantz":0.1771,"sh_yb":0.0139,"sh24_yb":0.0302,"sh_meretz":0.0775,"sh24_meretz":0.0765,"sh24_yamina":0.0282,"sh24_newhope":0.0584,"sh_habait":0.004,"sh_other":0.0119,"sh24_other":0.0161,"winner24":"labor"}},{"type":"Feature","geometry":{"type":"Point","coordinates":[34.55848,31.58902]},"properties":{"semel":358,"name":"יד מרדכי","winner":"yesh_atid","winnerShare":0.3532,"turnout":0.6966,"valid":504,"sh_likud":0.0476,"sh24_likud":0.0453,"sh_yesh_atid":0.3532,"sh24_yesh_atid":0.2478,"sh_shas":0.002,"sh24_shas":0.0022,"sh_rz":0.0238,"sh24_rz":0.0043,"sh_labor":0.121,"sh24_labor":0.1272,"sh_gantz":0.1905,"sh24_gantz":0.1573,"sh_yb":0.0119,"sh24_yb":0.0172,"sh_meretz":0.2123,"sh24_meretz":0.3168,"sh_raam":0.006,"sh_hadash":0.002,"sh_balad":0.002,"sh24_joint":0.0022,"sh24_yamina":0.0259,"sh24_newhope":0.0496,"sh_habait":0.004,"sh_other":0.0238,"sh24_other":0.0043,"winner24":"meretz"}},{"type":"Feature","geometry":{"type":"Point","coordinates":[34.63441,31.71738]},"properties":{"semel":359,"name":"ניצנים","winner":"yesh_atid","winnerShare":0.4113,"turnout":0.7978,"valid":355,"sh_likud":0.0479,"sh24_likud":0.039,"sh_yesh_atid":0.4113,"sh24_yesh_atid":0.289,"sh24_shas":0.0032,"sh_utj":0.0028,"sh_rz":0.031,"sh24_rz":0.0065,"sh_labor":0.2,"sh24_labor":0.3182,"sh_gantz":0.1803,"sh24_gantz":0.1331,"sh_yb":0.0254,"sh24_yb":0.026,"sh_meretz":0.0761,"sh24_meretz":0.1201,"sh_hadash":0.0028,"sh24_yamina":0.0227,"sh24_newhope":0.0292,"sh_habait":0.0028,"sh_other":0.0197,"sh24_other":0.013,"winner24":"labor"}},{"type":"Feature","geometry":{"type":"Point","coordinates":[35.04141,32.54776]},"properties":{"semel":360,"name":"גבעת נילי","winner":"likud","winnerShare":0.4588,"turnout":0.7646,"valid":340,"sh_likud":0.4588,"sh24_likud":0.4282,"sh_yesh_atid":0.25,"sh24_yesh_atid":0.1437,"sh_shas":0.0088,"sh24_shas":0.0088,"sh_utj":0.0029,"sh24_utj":0.0029,"sh_rz":0.0441,"sh24_rz":0.0117,"sh_labor":0.0559,"sh24_labor":0.1378,"sh_gantz":0.0882,"sh24_gantz":0.0674,"sh_yb":0.0147,"sh24_yb":0.0235,"sh_meretz":0.0412,"sh24_meretz":0.0352,"sh_hadash":0.0029,"sh24_yamina":0.0499,"sh24_newhope":0.0587,"sh_habait":0.0118,"sh_other":0.0206,"sh24_other":0.0323,"winner24":"likud"}},{"type":"Feature","geometry":{"type":"Point","coordinates":[34.70533,31.4975]},"properties":{"semel":362,"name":"רוחמה","winner":"yesh_atid","winnerShare":0.4044,"turnout":0.6673,"valid":366,"sh_likud":0.0355,"sh24_likud":0.0353,"sh_yesh_atid":0.4044,"sh24_yesh_atid":0.1902,"sh_shas":0.0027,"sh_utj":0.0027,"sh24_utj":0.0027,"sh_rz":0.0137,"sh24_rz":0.0027,"sh_labor":0.1831,"sh24_labor":0.2663,"sh_gantz":0.1175,"sh24_gantz":0.1141,"sh_yb":0.0109,"sh24_yb":0.0462,"sh_meretz":0.2049,"sh24_meretz":0.2935,"sh24_yamina":0.0136,"sh24_newhope":0.0217,"sh_habait":0.0027,"sh_other":0.0219,"sh24_other":0.0136,"winner24":"meretz"}},{"type":"Feature","geometry":{"type":"Point","coordinates":[34.80014,31.78928]},"properties":{"semel":363,"name":"חפץ חיים","winner":"rz","winnerShare":0.5896,"turnout":0.8324,"valid":307,"sh_likud":0.2182,"sh24_likud":0.1799,"sh_yesh_atid":0.0098,"sh24_yesh_atid":0.0138,"sh_shas":0.0065,"sh24_shas":0.0138,"sh_utj":0.0521,"sh24_utj":0.0277,"sh_rz":0.5896,"sh24_rz":0.4567,"sh24_labor":0.0035,"sh_gantz":0.0228,"sh_yb":0.0098,"sh24_yb":0.0069,"sh24_yamina":0.2872,"sh24_newhope":0.0069,"sh_habait":0.0912,"sh24_other":0.0035,"winner24":"rz"}},{"type":"Feature","geometry":{"type":"Point","coordinates":[34.94654,31.79328]},"properties":{"semel":364,"name":"כפר אוריה","winner":"yesh_atid","winnerShare":0.2413,"turnout":0.7822,"valid":431,"sh_likud":0.2297,"sh24_likud":0.2113,"sh_yesh_atid":0.2413,"sh24_yesh_atid":0.1523,"sh_shas":0.0162,"sh24_shas":0.0098,"sh_utj":0.0023,"sh_rz":0.0696,"sh24_rz":0.0172,"sh_labor":0.1021,"sh24_labor":0.1597,"sh_gantz":0.174,"sh24_gantz":0.145,"sh_yb":0.0093,"sh24_yb":0.0295,"sh_meretz":0.0951,"sh24_meretz":0.1351,"sh_hadash":0.0093,"sh24_joint":0.0049,"sh24_yamina":0.0688,"sh24_newhope":0.0295,"sh_habait":0.0093,"sh_other":0.0418,"sh24_other":0.0369,"winner24":"likud"}},{"type":"Feature","geometry":{"type":"Point","coordinates":[35.39375,32.71899]},"properties":{"semel":365,"name":"בית קשת","winner":"yesh_atid","winnerShare":0.3206,"turnout":0.6895,"valid":340,"sh_likud":0.0559,"sh24_likud":0.0359,"sh_yesh_atid":0.3206,"sh24_yesh_atid":0.1677,"sh_utj":0.0029,"sh_rz":0.0118,"sh_labor":0.1912,"sh24_labor":0.4192,"sh_gantz":0.0971,"sh24_gantz":0.0808,"sh_yb":0.0088,"sh24_yb":0.009,"sh_meretz":0.2029,"sh24_meretz":0.1766,"sh_hadash":0.0059,"sh24_yamina":0.0269,"sh24_newhope":0.0359,"sh_habait":0.0147,"sh_other":0.0882,"sh24_other":0.0479,"winner24":"labor"}},{"type":"Feature","geometry":{"type":"Point","coordinates":[35.66021,33.16593]},"properties":{"semel":366,"name":"שמיר","winner":"yesh_atid","winnerShare":0.375,"turnout":0.6931,"valid":488,"sh_likud":0.0471,"sh24_likud":0.0317,"sh_yesh_atid":0.375,"sh24_yesh_atid":0.2004,"sh_rz":0.0164,"sh_labor":0.1434,"sh24_labor":0.2044,"sh_gantz":0.1701,"sh24_gantz":0.1706,"sh_yb":0.0164,"sh24_yb":0.0179,"sh_meretz":0.1885,"sh24_meretz":0.3194,"sh_hadash":0.0082,"sh24_joint":0.002,"sh24_yamina":0.0119,"sh24_newhope":0.0238,"sh_habait":0.002,"sh_other":0.0328,"sh24_other":0.0179,"winner24":"meretz"}},{"type":"Feature","geometry":{"type":"Point","coordinates":[35.08479,32.62879]},"properties":{"semel":367,"name":"עין העמק","winner":"likud","winnerShare":0.501,"turnout":0.7927,"valid":497,"sh_likud":0.501,"sh24_likud":0.564,"sh_yesh_atid":0.0926,"sh24_yesh_atid":0.0846,"sh_shas":0.0584,"sh24_shas":0.0434,"sh_utj":0.002,"sh_rz":0.1831,"sh24_rz":0.0738,"sh_labor":0.0101,"sh24_labor":0.0347,"sh_gantz":0.1087,"sh24_gantz":0.0586,"sh_yb":0.0121,"sh24_yb":0.0065,"sh_meretz":0.0221,"sh24_meretz":0.0239,"sh24_yamina":0.0542,"sh24_newhope":0.0456,"sh_habait":0.002,"sh_other":0.008,"sh24_other":0.0108,"winner24":"likud"}},{"type":"Feature","geometry":{"type":"Point","coordinates":[35.50021,32.97793]},"properties":{"semel":368,"name":"ביריה","winner":"likud","winnerShare":0.422,"turnout":0.7136,"valid":455,"sh_likud":0.422,"sh24_likud":0.5072,"sh_yesh_atid":0.0396,"sh24_yesh_atid":0.029,"sh_shas":0.1978,"sh24_shas":0.1449,"sh_utj":0.022,"sh24_utj":0.0217,"sh_rz":0.211,"sh24_rz":0.1256,"sh_labor":0.0044,"sh24_labor":0.0097,"sh_gantz":0.0769,"sh24_gantz":0.0483,"sh_yb":0.0022,"sh24_yb":0.0048,"sh24_meretz":0.0024,"sh24_yamina":0.0459,"sh24_newhope":0.0411,"sh_habait":0.0132,"sh_other":0.011,"sh24_other":0.0193,"winner24":"likud"}},{"type":"Feature","geometry":{"type":"Point","coordinates":[35.07653,32.55707]},"properties":{"semel":369,"name":"גלעד אבן יצחק","winner":"yesh_atid","winnerShare":0.4965,"turnout":0.7772,"valid":286,"sh_likud":0.021,"sh24_likud":0.0207,"sh_yesh_atid":0.4965,"sh24_yesh_atid":0.3517,"sh_rz":0.0315,"sh_labor":0.1818,"sh24_labor":0.2793,"sh_gantz":0.1538,"sh24_gantz":0.0793,"sh_yb":0.0315,"sh24_yb":0.0241,"sh_meretz":0.0664,"sh24_meretz":0.1517,"sh_hadash":0.0035,"sh_balad":0.0035,"sh24_joint":0.0103,"sh24_yamina":0.0241,"sh24_newhope":0.0517,"sh_habait":0.007,"sh_other":0.0035,"sh24_other":0.0069,"winner24":"yesh_atid"}},{"type":"Feature","geometry":{"type":"Point","coordinates":[34.91983,31.87673]},"properties":{"semel":370,"name":"גזר","winner":"yesh_atid","winnerShare":0.3744,"turnout":0.5288,"valid":211,"sh_likud":0.0853,"sh24_likud":0.1005,"sh_yesh_atid":0.3744,"sh24_yesh_atid":0.3014,"sh_rz":0.019,"sh_labor":0.1848,"sh24_labor":0.2584,"sh_gantz":0.1185,"sh24_gantz":0.0718,"sh_yb":0.0047,"sh24_yb":0.0191,"sh_meretz":0.1706,"sh24_meretz":0.1818,"sh_hadash":0.019,"sh24_joint":0.0191,"sh24_yamina":0.0096,"sh24_newhope":0.0191,"sh_habait":0.0047,"sh_other":0.019,"sh24_other":0.0191,"winner24":"yesh_atid"}},{"type":"Feature","geometry":{"type":"Point","coordinates":[35.55329,33.10155]},"properties":{"semel":372,"name":"רמות נפתלי","winner":"yesh_atid","winnerShare":0.2746,"turnout":0.6443,"valid":295,"sh_likud":0.2339,"sh24_likud":0.2281,"sh_yesh_atid":0.2746,"sh24_yesh_atid":0.193,"sh_shas":0.0475,"sh24_shas":0.0316,"sh_utj":0.0068,"sh24_utj":0.0035,"sh_rz":0.078,"sh24_rz":0.0175,"sh_labor":0.0746,"sh24_labor":0.1088,"sh_gantz":0.2034,"sh24_gantz":0.1825,"sh_yb":0.0136,"sh24_yb":0.0246,"sh_meretz":0.0237,"sh24_meretz":0.0561,"sh_hadash":0.0034,"sh24_yamina":0.0667,"sh24_newhope":0.0596,"sh_habait":0.0237,"sh_other":0.0169,"sh24_other":0.0281,"winner24":"likud"}},{"type":"Feature","geometry":{"type":"Point","coordinates":[34.93139,32.3537]},"properties":{"semel":373,"name":"בית הלוי","winner":"yesh_atid","winnerShare":0.4784,"turnout":0.7647,"valid":416,"sh_likud":0.1034,"sh24_likud":0.0791,"sh_yesh_atid":0.4784,"sh24_yesh_atid":0.3357,"sh_shas":0.0024,"sh24_shas":0.0024,"sh_rz":0.024,"sh24_rz":0.0096,"sh_labor":0.0986,"sh24_labor":0.2038,"sh_gantz":0.1442,"sh24_gantz":0.1223,"sh_yb":0.024,"sh24_yb":0.0288,"sh_meretz":0.0889,"sh24_meretz":0.1055,"sh_raam":0.0048,"sh24_yamina":0.0432,"sh24_newhope":0.0576,"sh_habait":0.012,"sh_other":0.0192,"sh24_other":0.012,"winner24":"yesh_atid"}},{"type":"Feature","geometry":{"type":"Point","coordinates":[35.49542,32.8801]},"properties":{"semel":374,"name":"חוקוק","winner":"yesh_atid","winnerShare":0.3495,"turnout":0.6687,"valid":329,"sh_likud":0.0426,"sh24_likud":0.0532,"sh_yesh_atid":0.3495,"sh24_yesh_atid":0.1395,"sh_shas":0.0061,"sh24_shas":0.0066,"sh24_utj":0.0033,"sh_rz":0.0304,"sh_labor":0.2128,"sh24_labor":0.402,"sh_gantz":0.1763,"sh24_gantz":0.1429,"sh_yb":0.0243,"sh24_yb":0.0299,"sh_meretz":0.0942,"sh24_meretz":0.0831,"sh_hadash":0.0182,"sh24_joint":0.0166,"sh24_yamina":0.0365,"sh24_newhope":0.0432,"sh_other":0.0456,"sh24_other":0.0432,"winner24":"labor"}},{"type":"Feature","geometry":{"type":"Point","coordinates":[35.03361,32.38582]},"properties":{"semel":375,"name":"מגל","winner":"yesh_atid","winnerShare":0.4321,"turnout":0.7749,"valid":685,"sh_likud":0.0365,"sh24_likud":0.025,"sh_yesh_atid":0.4321,"sh24_yesh_atid":0.2353,"sh_rz":0.0117,"sh24_rz":0.0059,"sh_labor":0.1562,"sh24_labor":0.2838,"sh_gantz":0.1854,"sh24_gantz":0.2088,"sh_yb":0.0234,"sh24_yb":0.0176,"sh_meretz":0.1255,"sh24_meretz":0.1485,"sh_raam":0.0015,"sh_hadash":0.0073,"sh24_joint":0.0059,"sh24_yamina":0.0279,"sh24_newhope":0.0294,"sh_habait":0.0044,"sh_other":0.0161,"sh24_other":0.0118,"winner24":"labor"}},{"type":"Feature","geometry":{"type":"Point","coordinates":[35.10005,32.99163]},"properties":{"semel":376,"name":"עברון","winner":"yesh_atid","winnerShare":0.3629,"turnout":0.7429,"valid":518,"sh_likud":0.0425,"sh24_likud":0.0193,"sh_yesh_atid":0.3629,"sh24_yesh_atid":0.2703,"sh_shas":0.0058,"sh24_shas":0.0058,"sh24_utj":0.0039,"sh_rz":0.0174,"sh24_rz":0.0019,"sh_labor":0.168,"sh24_labor":0.2239,"sh_gantz":0.1351,"sh24_gantz":0.0927,"sh_yb":0.0232,"sh24_yb":0.0347,"sh_meretz":0.2104,"sh24_meretz":0.2664,"sh_hadash":0.0019,"sh24_joint":0.0019,"sh24_yamina":0.0193,"sh24_newhope":0.0174,"sh_other":0.0328,"sh24_other":0.0425,"winner24":"yesh_atid"}},{"type":"Feature","geometry":{"type":"Point","coordinates":[34.98275,32.378]},"properties":{"semel":377,"name":"המעפיל","winner":"yesh_atid","winnerShare":0.3996,"turnout":0.7419,"valid":483,"sh_likud":0.0311,"sh24_likud":0.0357,"sh_yesh_atid":0.3996,"sh24_yesh_atid":0.2332,"sh24_shas":0.0021,"sh_utj":0.0062,"sh24_utj":0.0042,"sh_rz":0.0062,"sh_labor":0.1594,"sh24_labor":0.208,"sh_gantz":0.1532,"sh24_gantz":0.1492,"sh_yb":0.0041,"sh24_yb":0.0147,"sh_meretz":0.2133,"sh24_meretz":0.2878,"sh_raam":0.0021,"sh_hadash":0.0021,"sh_balad":0.0021,"sh24_joint":0.0021,"sh24_yamina":0.021,"sh24_newhope":0.0252,"sh_habait":0.0083,"sh_other":0.0124,"sh24_other":0.0168,"winner24":"meretz"}},{"type":"Feature","geometry":{"type":"Point","coordinates":[35.54848,33.24775]},"properties":{"semel":378,"name":"משגב עם","winner":"yesh_atid","winnerShare":0.3657,"turnout":0.6507,"valid":175,"sh_likud":0.0457,"sh24_likud":0.0347,"sh_yesh_atid":0.3657,"sh24_yesh_atid":0.2486,"sh_rz":0.0171,"sh_labor":0.2914,"sh24_labor":0.3873,"sh_gantz":0.1543,"sh24_gantz":0.0694,"sh_yb":0.0629,"sh24_yb":0.0867,"sh_meretz":0.0457,"sh24_meretz":0.0867,"sh_raam":0.0057,"sh24_yamina":0.0116,"sh24_newhope":0.0405,"sh_habait":0.0057,"sh_other":0.0057,"sh24_other":0.0347,"winner24":"labor"}},{"type":"Feature","geometry":{"type":"Point","coordinates":[34.94505,32.2979]},"properties":{"semel":379,"name":"גאולים","winner":"likud","winnerShare":0.3087,"turnout":0.7337,"valid":528,"sh_likud":0.3087,"sh24_likud":0.3254,"sh_yesh_atid":0.2367,"sh24_yesh_atid":0.142,"sh_shas":0.0492,"sh24_shas":0.0296,"sh_utj":0.0038,"sh24_utj":0.0039,"sh_rz":0.1345,"sh24_rz":0.0414,"sh_labor":0.0492,"sh24_labor":0.1045,"sh_gantz":0.142,"sh24_gantz":0.1282,"sh_yb":0.0076,"sh24_yb":0.0138,"sh_meretz":0.0189,"sh24_meretz":0.0316,"sh24_yamina":0.069,"sh24_newhope":0.0671,"sh_habait":0.017,"sh_other":0.0322,"sh24_other":0.0434,"winner24":"likud"}},{"type":"Feature","geometry":{"type":"Point","coordinates":[35.64734,33.14149]},"properties":{"semel":380,"name":"להבות הבשן","winner":"yesh_atid","winnerShare":0.3464,"turnout":0.6494,"valid":459,"sh_likud":0.0806,"sh24_likud":0.0777,"sh_yesh_atid":0.3464,"sh24_yesh_atid":0.182,"sh_rz":0.0392,"sh24_rz":0.0061,"sh_labor":0.1046,"sh24_labor":0.1861,"sh_gantz":0.1198,"sh24_gantz":0.1022,"sh_yb":0.024,"sh24_yb":0.0511,"sh_meretz":0.22,"sh24_meretz":0.2658,"sh_raam":0.0022,"sh_hadash":0.0131,"sh_balad":0.0022,"sh24_joint":0.0143,"sh24_yamina":0.0286,"sh24_newhope":0.0573,"sh_habait":0.0087,"sh_other":0.0392,"sh24_other":0.0286,"winner24":"meretz"}},{"type":"Feature","geometry":{"type":"Point","coordinates":[34.87336,32.40628]},"properties":{"semel":382,"name":"מכמורת","winner":"yesh_atid","winnerShare":0.4582,"turnout":0.6773,"valid":742,"sh_likud":0.0445,"sh24_likud":0.0395,"sh_yesh_atid":0.4582,"sh24_yesh_atid":0.2204,"sh_shas":0.0013,"sh_utj":0.004,"sh24_utj":0.0014,"sh_rz":0.0175,"sh24_rz":0.0095,"sh_labor":0.0997,"sh24_labor":0.2354,"sh_gantz":0.1927,"sh24_gantz":0.2,"sh_yb":0.031,"sh24_yb":0.0367,"sh_meretz":0.1132,"sh24_meretz":0.1728,"sh_raam":0.0013,"sh_hadash":0.0054,"sh_balad":0.0013,"sh24_joint":0.0014,"sh24_yamina":0.0327,"sh24_newhope":0.0286,"sh_habait":0.0121,"sh_other":0.0175,"sh24_other":0.0218,"winner24":"labor"}},{"type":"Feature","geometry":{"type":"Point","coordinates":[35.50155,32.47033]},"properties":{"semel":383,"name":"עין הנציב","winner":"rz","winnerShare":0.2588,"turnout":0.7146,"valid":313,"sh_likud":0.1342,"sh24_likud":0.0647,"sh_yesh_atid":0.0703,"sh24_yesh_atid":0.0518,"sh_shas":0.0064,"sh_utj":0.0064,"sh_rz":0.2588,"sh24_rz":0.1392,"sh_labor":0.0224,"sh24_labor":0.0421,"sh_gantz":0.2013,"sh24_gantz":0.0647,"sh_yb":0.0064,"sh24_yb":0.0032,"sh_meretz":0.0096,"sh24_meretz":0.0162,"sh_raam":0.0032,"sh_hadash":0.0032,"sh24_joint":0.0032,"sh24_yamina":0.5307,"sh24_newhope":0.0615,"sh_habait":0.2556,"sh_other":0.0224,"sh24_other":0.0227,"winner24":"yamina"}},{"type":"Feature","geometry":{"type":"Point","coordinates":[35.54092,32.92776]},"properties":{"semel":385,"name":"עמיעד","winner":"yesh_atid","winnerShare":0.3759,"turnout":0.5983,"valid":282,"sh_likud":0.0674,"sh24_likud":0.0524,"sh_yesh_atid":0.3759,"sh24_yesh_atid":0.2472,"sh_shas":0.0035,"sh24_shas":0.0037,"sh_rz":0.0142,"sh24_rz":0.0037,"sh_labor":0.156,"sh24_labor":0.2397,"sh_gantz":0.2021,"sh24_gantz":0.1648,"sh_yb":0.0142,"sh24_yb":0.0337,"sh_meretz":0.1206,"sh24_meretz":0.1835,"sh_hadash":0.0071,"sh24_yamina":0.0262,"sh24_newhope":0.0262,"sh_habait":0.0106,"sh_other":0.0284,"sh24_other":0.0187,"winner24":"yesh_atid"}},{"type":"Feature","geometry":{"type":"Point","coordinates":[34.8994,32.26214]},"properties":{"semel":386,"name":"בני דרור","winner":"yesh_atid","winnerShare":0.4633,"turnout":0.5323,"valid":518,"sh_likud":0.1313,"sh24_likud":0.1185,"sh_yesh_atid":0.4633,"sh24_yesh_atid":0.3031,"sh_shas":0.0097,"sh_rz":0.0483,"sh24_rz":0.0122,"sh_labor":0.1042,"sh24_labor":0.1568,"sh_gantz":0.1544,"sh24_gantz":0.1533,"sh_yb":0.0097,"sh24_yb":0.0209,"sh_meretz":0.0676,"sh24_meretz":0.1202,"sh24_yamina":0.0575,"sh24_newhope":0.0436,"sh_habait":0.0077,"sh_other":0.0039,"sh24_other":0.0139,"winner24":"yesh_atid"}},{"type":"Feature","geometry":{"type":"Point","coordinates":[34.91613,32.34744]},"properties":{"semel":387,"name":"כפר מונש","winner":"yesh_atid","winnerShare":0.5245,"turnout":0.7516,"valid":469,"sh_likud":0.081,"sh24_likud":0.0824,"sh_yesh_atid":0.5245,"sh24_yesh_atid":0.3688,"sh24_shas":0.0022,"sh_utj":0.0043,"sh_rz":0.0128,"sh24_rz":0.0043,"sh_labor":0.0981,"sh24_labor":0.1432,"sh_gantz":0.1429,"sh24_gantz":0.1453,"sh_yb":0.0213,"sh24_yb":0.0152,"sh_meretz":0.0832,"sh24_meretz":0.1649,"sh_raam":0.0021,"sh_hadash":0.0021,"sh24_joint":0.0022,"sh24_yamina":0.0174,"sh24_newhope":0.0412,"sh_habait":0.0021,"sh_other":0.0256,"sh24_other":0.013,"winner24":"yesh_atid"}},{"type":"Feature","geometry":{"type":"Point","coordinates":[35.44909,32.66683]},"properties":{"semel":388,"name":"כפר קיש","winner":"yesh_atid","winnerShare":0.4006,"turnout":0.6884,"valid":337,"sh_likud":0.1632,"sh24_likud":0.1114,"sh_yesh_atid":0.4006,"sh24_yesh_atid":0.2771,"sh_shas":0.0059,"sh24_shas":0.006,"sh_rz":0.0682,"sh24_rz":0.0211,"sh_labor":0.0504,"sh24_labor":0.1265,"sh_gantz":0.181,"sh24_gantz":0.1928,"sh_yb":0.0208,"sh24_yb":0.0271,"sh_meretz":0.0564,"sh24_meretz":0.0602,"sh24_joint":0.003,"sh24_yamina":0.0723,"sh24_newhope":0.0512,"sh_habait":0.0237,"sh_other":0.0297,"sh24_other":0.0512,"winner24":"yesh_atid"}},{"type":"Feature","geometry":{"type":"Point","coordinates":[34.87814,32.21327]},"properties":{"semel":389,"name":"בצרה","winner":"yesh_atid","winnerShare":0.5091,"turnout":0.7429,"valid":603,"sh_likud":0.0896,"sh24_likud":0.0813,"sh_yesh_atid":0.5091,"sh24_yesh_atid":0.3235,"sh_shas":0.005,"sh24_shas":0.0017,"sh24_utj":0.0017,"sh_rz":0.0315,"sh24_rz":0.0104,"sh_labor":0.0796,"sh24_labor":0.1557,"sh_gantz":0.1559,"sh24_gantz":0.1834,"sh_yb":0.0182,"sh24_yb":0.0294,"sh_meretz":0.0763,"sh24_meretz":0.1142,"sh_raam":0.0033,"sh24_yamina":0.0363,"sh24_newhope":0.0398,"sh_habait":0.0066,"sh_other":0.0249,"sh24_other":0.0225,"winner24":"yesh_atid"}},{"type":"Feature","geometry":{"type":"Point","coordinates":[35.09936,32.97765]},"properties":{"semel":390,"name":"רגבה","winner":"yesh_atid","winnerShare":0.451,"turnout":0.7301,"valid":623,"sh_likud":0.1461,"sh24_likud":0.1297,"sh_yesh_atid":0.451,"sh24_yesh_atid":0.2857,"sh_shas":0.0048,"sh24_shas":0.0033,"sh24_utj":0.0016,"sh_rz":0.0369,"sh24_rz":0.0082,"sh_labor":0.1108,"sh24_labor":0.2036,"sh_gantz":0.1573,"sh24_gantz":0.1806,"sh_yb":0.0112,"sh24_yb":0.0312,"sh_meretz":0.061,"sh24_meretz":0.0706,"sh24_yamina":0.0328,"sh24_newhope":0.0476,"sh_habait":0.0032,"sh_other":0.0177,"sh24_other":0.0049,"winner24":"yesh_atid"}},{"type":"Feature","geometry":{"type":"Point","coordinates":[34.84783,31.63385]},"properties":{"semel":393,"name":"גלאון","winner":"yesh_atid","winnerShare":0.3798,"turnout":0.7042,"valid":337,"sh_likud":0.0237,"sh24_likud":0.0153,"sh_yesh_atid":0.3798,"sh24_yesh_atid":0.1871,"sh24_shas":0.0031,"sh_rz":0.0089,"sh24_rz":0.0031,"sh_labor":0.1157,"sh24_labor":0.2209,"sh_gantz":0.1454,"sh24_gantz":0.1718,"sh_yb":0.0059,"sh24_yb":0.0092,"sh_meretz":0.2967,"sh24_meretz":0.3037,"sh_raam":0.003,"sh24_yamina":0.0245,"sh24_newhope":0.0399,"sh_habait":0.0059,"sh_other":0.0148,"sh24_other":0.0215,"winner24":"meretz"}},{"type":"Feature","geometry":{"type":"Point","coordinates":[34.74399,31.4138]},"properties":{"semel":394,"name":"שובל","winner":"yesh_atid","winnerShare":0.3613,"turnout":0.7225,"valid":465,"sh_likud":0.0258,"sh24_likud":0.0198,"sh_yesh_atid":0.3613,"sh24_yesh_atid":0.2198,"sh_utj":0.0022,"sh_rz":0.0065,"sh_labor":0.1742,"sh24_labor":0.2264,"sh_gantz":0.1699,"sh24_gantz":0.178,"sh_yb":0.0215,"sh24_yb":0.0286,"sh_meretz":0.2151,"sh24_meretz":0.2637,"sh_hadash":0.0043,"sh24_joint":0.0044,"sh24_yamina":0.0154,"sh24_newhope":0.0374,"sh_habait":0.0022,"sh_other":0.0172,"sh24_other":0.0066,"winner24":"meretz"}},{"type":"Feature","geometry":{"type":"Point","coordinates":[34.71779,31.36357]},"properties":{"semel":395,"name":"משמר הנגב","winner":"yesh_atid","winnerShare":0.3721,"turnout":0.6512,"valid":559,"sh_likud":0.0984,"sh24_likud":0.0851,"sh_yesh_atid":0.3721,"sh24_yesh_atid":0.2301,"sh_shas":0.0018,"sh24_utj":0.0018,"sh_rz":0.0465,"sh24_rz":0.0109,"sh_labor":0.1807,"sh24_labor":0.3406,"sh_gantz":0.1807,"sh24_gantz":0.1196,"sh_yb":0.025,"sh24_yb":0.029,"sh_meretz":0.0644,"sh24_meretz":0.087,"sh_hadash":0.0018,"sh24_yamina":0.0471,"sh24_newhope":0.0417,"sh_habait":0.0054,"sh_other":0.0233,"sh24_other":0.0072,"winner24":"labor"}},{"type":"Feature","geometry":{"type":"Point","coordinates":[34.88269,31.22236]},"properties":{"semel":396,"name":"נבטים","winner":"likud","winnerShare":0.3104,"turnout":0.7924,"valid":625,"sh_likud":0.3104,"sh24_likud":0.2891,"sh_yesh_atid":0.1824,"sh24_yesh_atid":0.1361,"sh_shas":0.0256,"sh24_shas":0.0221,"sh_utj":0.008,"sh24_utj":0.0017,"sh_rz":0.1664,"sh24_rz":0.051,"sh_labor":0.0288,"sh24_labor":0.051,"sh_gantz":0.2176,"sh24_gantz":0.1633,"sh_yb":0.0144,"sh24_yb":0.0187,"sh_meretz":0.0048,"sh24_meretz":0.0102,"sh_raam":0.008,"sh24_raam":0.0119,"sh_hadash":0.0016,"sh24_yamina":0.1412,"sh24_newhope":0.0884,"sh_habait":0.0128,"sh_other":0.0192,"sh24_other":0.0153,"winner24":"likud"}},{"type":"Feature","geometry":{"type":"Point","coordinates":[34.71358,31.24056]},"properties":{"semel":397,"name":"חצרים","winner":"yesh_atid","winnerShare":0.3888,"turnout":0.7296,"valid":607,"sh_likud":0.0313,"sh24_likud":0.0276,"sh_yesh_atid":0.3888,"sh24_yesh_atid":0.2468,"sh_shas":0.0033,"sh24_shas":0.0016,"sh_rz":0.0082,"sh_labor":0.2405,"sh24_labor":0.2906,"sh_gantz":0.168,"sh24_gantz":0.1347,"sh_yb":0.0264,"sh24_yb":0.0292,"sh_meretz":0.1203,"sh24_meretz":0.2078,"sh_raam":0.0049,"sh_hadash":0.0016,"sh24_yamina":0.013,"sh24_newhope":0.0373,"sh_other":0.0066,"sh24_other":0.0114,"winner24":"labor"}},{"type":"Feature","geometry":{"type":"Point","coordinates":[34.60292,31.4045]},"properties":{"semel":398,"name":"שרשרת","winner":"likud","winnerShare":0.4929,"turnout":0.7536,"valid":211,"sh_likud":0.4929,"sh24_likud":0.516,"sh_yesh_atid":0.0095,"sh24_yesh_atid":0.0106,"sh_shas":0.1943,"sh24_shas":0.117,"sh_utj":0.0237,"sh24_utj":0.0266,"sh_rz":0.2322,"sh24_rz":0.1543,"sh24_labor":0.0106,"sh_gantz":0.0379,"sh24_gantz":0.0053,"sh_meretz":0.0047,"sh24_meretz":0.0053,"sh24_yamina":0.0904,"sh24_newhope":0.0479,"sh_habait":0.0047,"sh24_other":0.016,"winner24":"likud"}},{"type":"Feature","geometry":{"type":"Point","coordinates":[34.49104,31.42385]},"properties":{"semel":399,"name":"בארי","winner":"labor","winnerShare":0.351,"turnout":0.7718,"valid":661,"sh_likud":0.0287,"sh24_likud":0.0312,"sh_yesh_atid":0.2859,"sh24_yesh_atid":0.1602,"sh_utj":0.0015,"sh24_utj":0.0015,"sh_rz":0.0121,"sh24_rz":0.0089,"sh_labor":0.351,"sh24_labor":0.4095,"sh_gantz":0.1256,"sh24_gantz":0.1142,"sh_yb":0.0061,"sh24_yb":0.0178,"sh_meretz":0.1649,"sh24_meretz":0.2166,"sh_hadash":0.0061,"sh24_yamina":0.0134,"sh24_newhope":0.0163,"sh_habait":0.0015,"sh_other":0.0166,"sh24_other":0.0104,"winner24":"labor"}},{"type":"Feature","geometry":{"type":"Point","coordinates":[34.76293,31.57618]},"properties":{"semel":400,"name":"אבן שמואל","winner":"rz","winnerShare":0.5332,"turnout":0.8466,"valid":904,"sh_likud":0.2743,"sh24_likud":0.2751,"sh_yesh_atid":0.0022,"sh24_yesh_atid":0.0024,"sh_shas":0.0951,"sh24_shas":0.0721,"sh_utj":0.0155,"sh24_utj":0.0147,"sh_rz":0.5332,"sh24_rz":0.4059,"sh_labor":0.0044,"sh24_labor":0.0037,"sh_gantz":0.021,"sh24_gantz":0.0024,"sh_meretz":0.0033,"sh24_meretz":0.0037,"sh24_yamina":0.1883,"sh24_newhope":0.022,"sh_habait":0.0487,"sh_other":0.0022,"sh24_other":0.0098,"winner24":"rz"}},{"type":"Feature","geometry":{"type":"Point","coordinates":[34.35765,31.23767]},"properties":{"semel":402,"name":"ניר יצחק","winner":"meretz","winnerShare":0.3774,"turnout":0.6542,"valid":363,"sh_likud":0.022,"sh24_likud":0.0131,"sh_yesh_atid":0.2837,"sh24_yesh_atid":0.1286,"sh_shas":0.0028,"sh24_shas":0.0052,"sh_labor":0.1405,"sh24_labor":0.2861,"sh_gantz":0.135,"sh24_gantz":0.084,"sh_yb":0.0083,"sh24_yb":0.0105,"sh_meretz":0.3774,"sh24_meretz":0.4042,"sh_hadash":0.011,"sh24_joint":0.0131,"sh24_yamina":0.0105,"sh24_newhope":0.0105,"sh_habait":0.0055,"sh_other":0.0138,"sh24_other":0.0341,"winner24":"meretz"}},{"type":"Feature","geometry":{"type":"Point","coordinates":[34.52263,31.30418]},"properties":{"semel":403,"name":"אורים","winner":"yesh_atid","winnerShare":0.336,"turnout":0.5378,"valid":247,"sh_likud":0.0729,"sh24_likud":0.0551,"sh_yesh_atid":0.336,"sh24_yesh_atid":0.2585,"sh_shas":0.0081,"sh_rz":0.0405,"sh24_rz":0.0042,"sh_labor":0.2146,"sh24_labor":0.322,"sh_gantz":0.166,"sh24_gantz":0.1102,"sh_yb":0.004,"sh24_yb":0.0381,"sh_meretz":0.0972,"sh24_meretz":0.1483,"sh_hadash":0.0202,"sh24_joint":0.0127,"sh24_yamina":0.0169,"sh24_newhope":0.0127,"sh_habait":0.004,"sh_other":0.0364,"sh24_other":0.0212,"winner24":"labor"}},{"type":"Feature","geometry":{"type":"Point","coordinates":[35.0813,31.80802]},"properties":{"semel":405,"name":"נווה אילן","winner":"yesh_atid","winnerShare":0.3406,"turnout":0.6875,"valid":505,"sh_likud":0.1941,"sh24_likud":0.1487,"sh_yesh_atid":0.3406,"sh24_yesh_atid":0.2627,"sh_shas":0.0099,"sh24_shas":0.0102,"sh_utj":0.0059,"sh24_utj":0.002,"sh_rz":0.0158,"sh24_rz":0.0041,"sh_labor":0.0851,"sh24_labor":0.1548,"sh_gantz":0.198,"sh24_gantz":0.1059,"sh_yb":0.0356,"sh24_yb":0.0468,"sh_meretz":0.095,"sh24_meretz":0.1385,"sh_raam":0.002,"sh24_raam":0.002,"sh_hadash":0.0079,"sh24_joint":0.002,"sh24_yamina":0.0428,"sh24_newhope":0.0774,"sh_habait":0.0059,"sh_other":0.004,"sh24_other":0.002,"winner24":"yesh_atid"}},{"type":"Feature","geometry":{"type":"Point","coordinates":[34.72033,31.77259]},"properties":{"semel":406,"name":"חצוראשדוד","winner":"yesh_atid","winnerShare":0.3789,"turnout":0.6984,"valid":483,"sh_likud":0.0414,"sh24_likud":0.0274,"sh_yesh_atid":0.3789,"sh24_yesh_atid":0.2363,"sh24_shas":0.0021,"sh_rz":0.0021,"sh_labor":0.1077,"sh24_labor":0.1814,"sh_gantz":0.1159,"sh24_gantz":0.1203,"sh_yb":0.0083,"sh24_yb":0.0148,"sh_meretz":0.3271,"sh24_meretz":0.3797,"sh_raam":0.0021,"sh_hadash":0.0041,"sh24_yamina":0.0042,"sh24_newhope":0.0253,"sh_habait":0.0021,"sh_other":0.0104,"sh24_other":0.0084,"winner24":"meretz"}},{"type":"Feature","geometry":{"type":"Point","coordinates":[35.34936,32.64703]},"properties":{"semel":407,"name":"דברת","winner":"yesh_atid","winnerShare":0.4225,"turnout":0.6935,"valid":258,"sh_likud":0.1047,"sh24_likud":0.0553,"sh_yesh_atid":0.4225,"sh24_yesh_atid":0.2925,"sh_shas":0.0155,"sh24_shas":0.0198,"sh_rz":0.0194,"sh24_rz":0.004,"sh_labor":0.155,"sh24_labor":0.2213,"sh_gantz":0.2016,"sh24_gantz":0.1423,"sh_yb":0.0194,"sh24_yb":0.0395,"sh_meretz":0.0271,"sh24_meretz":0.0514,"sh24_yamina":0.0672,"sh24_newhope":0.0909,"sh_habait":0.0039,"sh_other":0.031,"sh24_other":0.0158,"winner24":"yesh_atid"}},{"type":"Feature","geometry":{"type":"Point","coordinates":[35.59679,33.16001]},"properties":{"semel":408,"name":"נאות מרדכי","winner":"yesh_atid","winnerShare":0.4011,"turnout":0.7106,"valid":379,"sh_likud":0.0871,"sh24_likud":0.0557,"sh_yesh_atid":0.4011,"sh24_yesh_atid":0.2838,"sh_shas":0.0106,"sh24_shas":0.0106,"sh24_utj":0.0027,"sh_rz":0.0422,"sh24_rz":0.0159,"sh_labor":0.2032,"sh24_labor":0.2626,"sh_gantz":0.124,"sh24_gantz":0.1247,"sh_yb":0.0132,"sh24_yb":0.0451,"sh_meretz":0.0792,"sh24_meretz":0.1008,"sh24_yamina":0.0371,"sh24_newhope":0.0451,"sh_habait":0.0237,"sh_other":0.0158,"sh24_other":0.0159,"winner24":"yesh_atid"}},{"type":"Feature","geometry":{"type":"Point","coordinates":[35.22083,32.99679]},"properties":{"semel":409,"name":"יחיעם","winner":"yesh_atid","winnerShare":0.3317,"turnout":0.652,"valid":398,"sh_likud":0.1256,"sh24_likud":0.117,"sh_yesh_atid":0.3317,"sh24_yesh_atid":0.2341,"sh_utj":0.0025,"sh_rz":0.0302,"sh24_rz":0.0102,"sh_labor":0.1332,"sh24_labor":0.1832,"sh_gantz":0.1734,"sh24_gantz":0.1145,"sh_yb":0.0101,"sh24_yb":0.0254,"sh_meretz":0.1759,"sh24_meretz":0.2061,"sh24_yamina":0.0331,"sh24_newhope":0.056,"sh_habait":0.0025,"sh_other":0.0151,"sh24_other":0.0204,"winner24":"yesh_atid"}},{"type":"Feature","geometry":{"type":"Point","coordinates":[34.53405,31.20394]},"properties":{"semel":413,"name":"צאלים","winner":"yesh_atid","winnerShare":0.2913,"turnout":0.6538,"valid":254,"sh_likud":0.0945,"sh24_likud":0.097,"sh_yesh_atid":0.2913,"sh24_yesh_atid":0.1604,"sh_shas":0.0039,"sh_rz":0.0394,"sh24_rz":0.0149,"sh_labor":0.1811,"sh24_labor":0.2313,"sh_gantz":0.2126,"sh24_gantz":0.1381,"sh_yb":0.0118,"sh24_yb":0.0149,"sh_meretz":0.1181,"sh24_meretz":0.2537,"sh_raam":0.0039,"sh_hadash":0.0079,"sh24_joint":0.0037,"sh24_yamina":0.0261,"sh24_newhope":0.056,"sh_habait":0.0039,"sh_other":0.0315,"sh24_other":0.0037,"winner24":"meretz"}},{"type":"Feature","geometry":{"type":"Point","coordinates":[34.67791,31.4494]},"properties":{"semel":414,"name":"קלחים","winner":"likud","winnerShare":0.2852,"turnout":0.7807,"valid":298,"sh_likud":0.2852,"sh24_likud":0.3022,"sh_yesh_atid":0.2181,"sh24_yesh_atid":0.1079,"sh_shas":0.0604,"sh24_shas":0.0791,"sh_utj":0.0034,"sh_rz":0.1141,"sh24_rz":0.0252,"sh_labor":0.0772,"sh24_labor":0.1799,"sh_gantz":0.1376,"sh24_gantz":0.0647,"sh_yb":0.0034,"sh24_yb":0.0144,"sh_meretz":0.0805,"sh24_meretz":0.1043,"sh24_yamina":0.0576,"sh24_newhope":0.0576,"sh_habait":0.0134,"sh_other":0.0067,"sh24_other":0.0072,"winner24":"likud"}},{"type":"Feature","geometry":{"type":"Point","coordinates":[34.52471,31.422]},"properties":{"semel":415,"name":"שוקדה","winner":"rz","winnerShare":0.4392,"turnout":0.8444,"valid":255,"sh_likud":0.3216,"sh24_likud":0.2744,"sh_yesh_atid":0.0078,"sh_shas":0.1451,"sh24_shas":0.1349,"sh_utj":0.0039,"sh_rz":0.4392,"sh24_rz":0.2837,"sh_labor":0.0039,"sh24_labor":0.0047,"sh_gantz":0.0118,"sh24_yamina":0.2698,"sh24_newhope":0.0326,"sh_habait":0.0588,"sh_other":0.0078,"winner24":"rz"}},{"type":"Feature","geometry":{"type":"Point","coordinates":[35.60722,33.23979]},"properties":{"semel":416,"name":"מעין ברוך","winner":"yesh_atid","winnerShare":0.3913,"turnout":0.6585,"valid":322,"sh_likud":0.1118,"sh24_likud":0.0884,"sh_yesh_atid":0.3913,"sh24_yesh_atid":0.2287,"sh_shas":0.0062,"sh24_shas":0.0091,"sh_rz":0.0373,"sh24_rz":0.0122,"sh_labor":0.1801,"sh24_labor":0.2774,"sh_gantz":0.1273,"sh24_gantz":0.1402,"sh_yb":0.0497,"sh24_yb":0.0427,"sh_meretz":0.0683,"sh24_meretz":0.1098,"sh_hadash":0.0031,"sh24_joint":0.0061,"sh24_yamina":0.0213,"sh24_newhope":0.0427,"sh_habait":0.0155,"sh_other":0.0093,"sh24_other":0.0213,"winner24":"labor"}},{"type":"Feature","geometry":{"type":"Point","coordinates":[34.84198,32.24887]},"properties":{"semel":417,"name":"יקום","winner":"yesh_atid","winnerShare":0.3986,"turnout":0.7643,"valid":439,"sh_likud":0.0182,"sh24_likud":0.0138,"sh_yesh_atid":0.3986,"sh24_yesh_atid":0.2327,"sh_rz":0.0046,"sh24_rz":0.0023,"sh_labor":0.1344,"sh24_labor":0.212,"sh_gantz":0.1253,"sh24_gantz":0.0922,"sh_yb":0.0068,"sh24_yb":0.0184,"sh_meretz":0.2893,"sh24_meretz":0.3848,"sh_hadash":0.0068,"sh_balad":0.0023,"sh24_yamina":0.0161,"sh24_newhope":0.0184,"sh_other":0.0137,"sh24_other":0.0092,"winner24":"meretz"}},{"type":"Feature","geometry":{"type":"Point","coordinates":[34.86888,32.21917]},"properties":{"semel":418,"name":"בני ציון","winner":"yesh_atid","winnerShare":0.5267,"turnout":0.722,"valid":617,"sh_likud":0.1021,"sh24_likud":0.0902,"sh_yesh_atid":0.5267,"sh24_yesh_atid":0.3497,"sh_shas":0.013,"sh24_shas":0.0016,"sh_utj":0.0016,"sh_rz":0.013,"sh24_rz":0.0063,"sh_labor":0.0519,"sh24_labor":0.125,"sh_gantz":0.1637,"sh24_gantz":0.1456,"sh_yb":0.0162,"sh24_yb":0.0237,"sh_meretz":0.0843,"sh24_meretz":0.1424,"sh_raam":0.0016,"sh_hadash":0.0032,"sh24_joint":0.0016,"sh24_yamina":0.0443,"sh24_newhope":0.0506,"sh_habait":0.0049,"sh_other":0.0178,"sh24_other":0.019,"winner24":"yesh_atid"}},{"type":"Feature","geometry":{"type":"Point","coordinates":[34.53395,31.47048]},"properties":{"semel":419,"name":"סעד","winner":"rz","winnerShare":0.3034,"turnout":0.7406,"valid":468,"sh_likud":0.1368,"sh24_likud":0.084,"sh_yesh_atid":0.1068,"sh24_yesh_atid":0.0693,"sh_shas":0.015,"sh24_shas":0.0063,"sh_utj":0.0021,"sh_rz":0.3034,"sh24_rz":0.1597,"sh_labor":0.0342,"sh24_labor":0.0483,"sh_gantz":0.1966,"sh24_gantz":0.1345,"sh_yb":0.0107,"sh24_yb":0.0042,"sh_meretz":0.0192,"sh24_meretz":0.0189,"sh24_joint":0.0042,"sh24_yamina":0.3803,"sh24_newhope":0.0819,"sh_habait":0.1624,"sh_other":0.0128,"sh24_other":0.0084,"winner24":"yamina"}},{"type":"Feature","geometry":{"type":"Point","coordinates":[34.7862,31.00324]},"properties":{"semel":421,"name":"משאבי שדה","winner":"yesh_atid","winnerShare":0.3949,"turnout":0.6066,"valid":276,"sh_likud":0.0254,"sh24_likud":0.0278,"sh_yesh_atid":0.3949,"sh24_yesh_atid":0.2257,"sh_shas":0.0036,"sh24_shas":0.0069,"sh_rz":0.0399,"sh24_rz":0.0069,"sh_labor":0.1884,"sh24_labor":0.3194,"sh_gantz":0.1558,"sh24_gantz":0.1285,"sh_yb":0.0833,"sh24_yb":0.0556,"sh_meretz":0.087,"sh24_meretz":0.1493,"sh24_raam":0.0035,"sh_hadash":0.0036,"sh24_yamina":0.0069,"sh24_newhope":0.0486,"sh_habait":0.0036,"sh_other":0.0145,"sh24_other":0.0208,"winner24":"labor"}},{"type":"Feature","geometry":{"type":"Point","coordinates":[34.91698,32.4019]},"properties":{"semel":422,"name":"חרב לאת","winner":"yesh_atid","winnerShare":0.385,"turnout":0.7257,"valid":426,"sh_likud":0.1925,"sh24_likud":0.1733,"sh_yesh_atid":0.385,"sh24_yesh_atid":0.2342,"sh_shas":0.0164,"sh24_shas":0.0023,"sh_utj":0.0023,"sh_rz":0.0704,"sh24_rz":0.0445,"sh_labor":0.0892,"sh24_labor":0.1593,"sh_gantz":0.1174,"sh24_gantz":0.1452,"sh_yb":0.0258,"sh24_yb":0.0211,"sh_meretz":0.0634,"sh24_meretz":0.1054,"sh24_yamina":0.0632,"sh24_newhope":0.0351,"sh_habait":0.0023,"sh_other":0.0352,"sh24_other":0.0164,"winner24":"yesh_atid"}},{"type":"Feature","geometry":{"type":"Point","coordinates":[34.92402,32.36221]},"properties":{"semel":423,"name":"העוגן","winner":"yesh_atid","winnerShare":0.3698,"turnout":0.7063,"valid":457,"sh_likud":0.0328,"sh24_likud":0.0302,"sh_yesh_atid":0.3698,"sh24_yesh_atid":0.2138,"sh_shas":0.0022,"sh_rz":0.0153,"sh_labor":0.1597,"sh24_labor":0.2246,"sh_gantz":0.1138,"sh24_gantz":0.108,"sh_yb":0.0109,"sh24_yb":0.0259,"sh_meretz":0.2516,"sh24_meretz":0.3261,"sh_raam":0.0022,"sh_hadash":0.0088,"sh_balad":0.0022,"sh24_joint":0.0086,"sh24_yamina":0.0108,"sh24_newhope":0.013,"sh_habait":0.0044,"sh_other":0.0263,"sh24_other":0.0389,"winner24":"meretz"}},{"type":"Feature","geometry":{"type":"Point","coordinates":[34.59806,31.50756]},"properties":{"semel":424,"name":"גבים","winner":"yesh_atid","winnerShare":0.2896,"turnout":0.6983,"valid":328,"sh_likud":0.064,"sh24_likud":0.0501,"sh_yesh_atid":0.2896,"sh24_yesh_atid":0.174,"sh_shas":0.0061,"sh24_shas":0.0029,"sh_rz":0.0396,"sh24_rz":0.0118,"sh_labor":0.2317,"sh24_labor":0.3333,"sh_gantz":0.2165,"sh24_gantz":0.1504,"sh_yb":0.0183,"sh24_yb":0.0265,"sh_meretz":0.1067,"sh24_meretz":0.1445,"sh24_joint":0.0029,"sh24_yamina":0.0383,"sh24_newhope":0.0383,"sh_habait":0.0061,"sh_other":0.0213,"sh24_other":0.0265,"winner24":"labor"}},{"type":"Feature","geometry":{"type":"Point","coordinates":[34.92009,32.22799]},"properties":{"semel":425,"name":"משמרת","winner":"yesh_atid","winnerShare":0.5132,"turnout":0.7858,"valid":532,"sh_likud":0.0714,"sh24_likud":0.0498,"sh_yesh_atid":0.5132,"sh24_yesh_atid":0.3697,"sh_utj":0.0019,"sh24_utj":0.0019,"sh_rz":0.0263,"sh24_rz":0.0096,"sh_labor":0.0865,"sh24_labor":0.1762,"sh_gantz":0.1654,"sh24_gantz":0.1494,"sh_yb":0.0338,"sh24_yb":0.0402,"sh_meretz":0.0789,"sh24_meretz":0.113,"sh_hadash":0.0019,"sh24_joint":0.0019,"sh24_yamina":0.0345,"sh24_newhope":0.0364,"sh_habait":0.0094,"sh_other":0.0113,"sh24_other":0.0172,"winner24":"yesh_atid"}},{"type":"Feature","geometry":{"type":"Point","coordinates":[34.95319,32.67702]},"properties":{"semel":426,"name":"עין כרמל","winner":"yesh_atid","winnerShare":0.437,"turnout":0.7459,"valid":405,"sh_likud":0.037,"sh24_likud":0.0429,"sh_yesh_atid":0.437,"sh24_yesh_atid":0.2714,"sh_shas":0.0025,"sh24_shas":0.0024,"sh_rz":0.0222,"sh24_rz":0.0048,"sh_labor":0.2,"sh24_labor":0.2762,"sh_gantz":0.163,"sh24_gantz":0.1571,"sh_yb":0.0272,"sh24_yb":0.0429,"sh_meretz":0.0889,"sh24_meretz":0.1214,"sh_balad":0.0025,"sh24_joint":0.0024,"sh24_yamina":0.0214,"sh24_newhope":0.0381,"sh_habait":0.0099,"sh_other":0.0099,"sh24_other":0.019,"winner24":"labor"}},{"type":"Feature","geometry":{"type":"Point","coordinates":[34.95894,32.76591]},"properties":{"semel":427,"name":"כפר גלים","winner":"likud","winnerShare":0.3134,"turnout":0.5862,"valid":67,"sh_likud":0.3134,"sh24_likud":0.4138,"sh_yesh_atid":0.1343,"sh24_yesh_atid":0.1379,"sh_utj":0.0149,"sh24_utj":0.0172,"sh_rz":0.0597,"sh_labor":0.0299,"sh24_labor":0.069,"sh_gantz":0.2239,"sh24_gantz":0.0517,"sh_yb":0.1493,"sh24_yb":0.1379,"sh_meretz":0.0149,"sh24_meretz":0.0172,"sh24_yamina":0.0517,"sh24_newhope":0.069,"sh_habait":0.0448,"sh_other":0.0149,"sh24_other":0.0345,"winner24":"likud"}},{"type":"Feature","geometry":{"type":"Point","coordinates":[34.64658,31.55759]},"properties":{"semel":428,"name":"ברור חיל","winner":"yesh_atid","winnerShare":0.3424,"turnout":0.6594,"valid":514,"sh_likud":0.1187,"sh24_likud":0.0951,"sh_yesh_atid":0.3424,"sh24_yesh_atid":0.2311,"sh_utj":0.0019,"sh24_utj":0.0019,"sh_rz":0.0564,"sh24_rz":0.0136,"sh_labor":0.177,"sh24_labor":0.2757,"sh_gantz":0.1946,"sh24_gantz":0.1553,"sh_yb":0.0292,"sh24_yb":0.0194,"sh_meretz":0.0603,"sh24_meretz":0.099,"sh_raam":0.0019,"sh_hadash":0.0039,"sh_balad":0.0019,"sh24_joint":0.0058,"sh24_yamina":0.0466,"sh24_newhope":0.0388,"sh_habait":0.0019,"sh_other":0.0097,"sh24_other":0.0175,"winner24":"labor"}},{"type":"Feature","geometry":{"type":"Point","coordinates":[35.17085,32.72949]},"properties":{"semel":429,"name":"אלוני אבא","winner":"yesh_atid","winnerShare":0.5138,"turnout":0.7325,"valid":545,"sh_likud":0.0734,"sh24_likud":0.0716,"sh_yesh_atid":0.5138,"sh24_yesh_atid":0.322,"sh_shas":0.0037,"sh24_shas":0.0038,"sh_rz":0.022,"sh24_rz":0.0075,"sh_labor":0.1138,"sh24_labor":0.1883,"sh_gantz":0.1541,"sh24_gantz":0.1375,"sh_yb":0.011,"sh24_yb":0.0264,"sh_meretz":0.0844,"sh24_meretz":0.1375,"sh_raam":0.0037,"sh_hadash":0.0037,"sh24_joint":0.0019,"sh24_yamina":0.0169,"sh24_newhope":0.064,"sh_habait":0.0018,"sh_other":0.0147,"sh24_other":0.0226,"winner24":"yesh_atid"}},{"type":"Feature","geometry":{"type":"Point","coordinates":[35.19075,32.73498]},"properties":{"semel":430,"name":"בית לחם הגלילית","winner":"yesh_atid","winnerShare":0.4165,"turnout":0.7434,"valid":449,"sh_likud":0.1403,"sh24_likud":0.107,"sh_yesh_atid":0.4165,"sh24_yesh_atid":0.2795,"sh_shas":0.0045,"sh24_shas":0.0044,"sh_utj":0.0022,"sh_rz":0.0445,"sh24_rz":0.0087,"sh_labor":0.1091,"sh24_labor":0.1681,"sh_gantz":0.1804,"sh24_gantz":0.214,"sh_yb":0.0089,"sh24_yb":0.0197,"sh_meretz":0.0713,"sh24_meretz":0.1026,"sh24_yamina":0.0502,"sh24_newhope":0.0328,"sh_habait":0.0067,"sh_other":0.0156,"sh24_other":0.0131,"winner24":"yesh_atid"}},{"type":"Feature","geometry":{"type":"Point","coordinates":[35.48909,33.01688]},"properties":{"semel":431,"name":"דלתון","winner":"likud","winnerShare":0.553,"turnout":0.8107,"valid":528,"sh_likud":0.553,"sh24_likud":0.5505,"sh_yesh_atid":0.0076,"sh24_yesh_atid":0.0023,"sh_shas":0.2235,"sh24_shas":0.2775,"sh_utj":0.0114,"sh24_utj":0.0023,"sh_rz":0.178,"sh24_rz":0.1032,"sh24_labor":0.0023,"sh_gantz":0.0133,"sh24_gantz":0.0092,"sh_yb":0.0019,"sh24_meretz":0.0046,"sh24_yamina":0.0298,"sh24_newhope":0.0183,"sh_habait":0.0057,"sh_other":0.0057,"winner24":"likud"}},{"type":"Feature","geometry":{"type":"Point","coordinates":[35.09453,32.95119]},"properties":{"semel":432,"name":"שמרת","winner":"yesh_atid","winnerShare":0.3529,"turnout":0.7265,"valid":340,"sh_likud":0.0676,"sh24_likud":0.0498,"sh_yesh_atid":0.3529,"sh24_yesh_atid":0.2804,"sh_utj":0.0029,"sh24_utj":0.0031,"sh_rz":0.0294,"sh24_rz":0.0031,"sh_labor":0.0912,"sh24_labor":0.1558,"sh_gantz":0.1441,"sh24_gantz":0.1028,"sh_yb":0.0235,"sh24_yb":0.0249,"sh_meretz":0.2676,"sh24_meretz":0.3271,"sh_hadash":0.0029,"sh24_yamina":0.0343,"sh24_newhope":0.0156,"sh_habait":0.0118,"sh_other":0.0059,"sh24_other":0.0031,"winner24":"meretz"}},{"type":"Feature","geometry":{"type":"Point","coordinates":[34.92068,32.6136]},"properties":{"semel":433,"name":"נחשולים","winner":"yesh_atid","winnerShare":0.4614,"turnout":0.7601,"valid":414,"sh_likud":0.0386,"sh24_likud":0.0351,"sh_yesh_atid":0.4614,"sh24_yesh_atid":0.2553,"sh_shas":0.0024,"sh24_shas":0.0023,"sh_rz":0.0169,"sh24_rz":0.0094,"sh_labor":0.1643,"sh24_labor":0.274,"sh_gantz":0.2101,"sh24_gantz":0.1897,"sh_yb":0.0121,"sh24_yb":0.0211,"sh_meretz":0.07,"sh24_meretz":0.1358,"sh_hadash":0.0024,"sh24_yamina":0.0281,"sh24_newhope":0.0351,"sh_habait":0.0024,"sh_other":0.0193,"sh24_other":0.0141,"winner24":"labor"}},{"type":"Feature","geometry":{"type":"Point","coordinates":[34.9569,32.7522]},"properties":{"semel":434,"name":"החותרים","winner":"yesh_atid","winnerShare":0.4454,"turnout":0.7529,"valid":458,"sh_likud":0.0415,"sh24_likud":0.0434,"sh_yesh_atid":0.4454,"sh24_yesh_atid":0.2646,"sh_shas":0.0022,"sh24_shas":0.0043,"sh_utj":0.0022,"sh_rz":0.0197,"sh24_rz":0.0022,"sh_labor":0.2118,"sh24_labor":0.2755,"sh_gantz":0.1419,"sh24_gantz":0.1584,"sh_yb":0.0175,"sh24_yb":0.0282,"sh_meretz":0.0917,"sh24_meretz":0.1714,"sh_hadash":0.0109,"sh_balad":0.0022,"sh24_joint":0.0022,"sh24_yamina":0.0217,"sh24_newhope":0.0217,"sh_habait":0.0066,"sh_other":0.0066,"sh24_other":0.0065,"winner24":"labor"}},{"type":"Feature","geometry":{"type":"Point","coordinates":[34.82416,31.9232]},"properties":{"semel":435,"name":"נצר סרני","winner":"yesh_atid","winnerShare":0.3937,"turnout":0.82,"valid":541,"sh_likud":0.0203,"sh24_likud":0.0239,"sh_yesh_atid":0.3937,"sh24_yesh_atid":0.2112,"sh_shas":0.0111,"sh24_shas":0.004,"sh_rz":0.0092,"sh24_rz":0.004,"sh_labor":0.3346,"sh24_labor":0.3526,"sh_gantz":0.1257,"sh24_gantz":0.1972,"sh_yb":0.0222,"sh24_yb":0.0239,"sh_meretz":0.0573,"sh24_meretz":0.1195,"sh_hadash":0.0018,"sh24_yamina":0.0259,"sh24_newhope":0.0199,"sh_habait":0.0055,"sh_other":0.0185,"sh24_other":0.0179,"winner24":"labor"}},{"type":"Feature","geometry":{"type":"Point","coordinates":[35.41649,32.65635]},"properties":{"semel":436,"name":"עין דור","winner":"yesh_atid","winnerShare":0.4088,"turnout":0.617,"valid":570,"sh_likud":0.0561,"sh24_likud":0.0363,"sh_yesh_atid":0.4088,"sh24_yesh_atid":0.2543,"sh_utj":0.0018,"sh24_utj":0.0017,"sh_rz":0.0386,"sh24_rz":0.0069,"sh_labor":0.1158,"sh24_labor":0.1765,"sh_gantz":0.1386,"sh24_gantz":0.1176,"sh_yb":0.0263,"sh24_yb":0.0519,"sh_meretz":0.1737,"sh24_meretz":0.2751,"sh_hadash":0.0018,"sh24_yamina":0.0208,"sh24_newhope":0.0294,"sh_habait":0.0053,"sh_other":0.0333,"sh24_other":0.0294,"winner24":"meretz"}},{"type":"Feature","geometry":{"type":"Point","coordinates":[35.47699,32.48157]},"properties":{"semel":437,"name":"רשפים","winner":"yesh_atid","winnerShare":0.3101,"turnout":0.789,"valid":545,"sh_likud":0.0991,"sh24_likud":0.0674,"sh_yesh_atid":0.3101,"sh24_yesh_atid":0.2062,"sh_shas":0.0128,"sh24_shas":0.0019,"sh24_utj":0.0019,"sh_rz":0.0606,"sh24_rz":0.0231,"sh_labor":0.1119,"sh24_labor":0.2197,"sh_gantz":0.2202,"sh24_gantz":0.1079,"sh_yb":0.011,"sh24_yb":0.0193,"sh_meretz":0.0936,"sh24_meretz":0.1291,"sh_raam":0.0018,"sh_hadash":0.0018,"sh24_joint":0.0019,"sh24_yamina":0.1407,"sh24_newhope":0.0559,"sh_habait":0.0495,"sh_other":0.0275,"sh24_other":0.025,"winner24":"labor"}},{"type":"Feature","geometry":{"type":"Point","coordinates":[35.48073,32.47043]},"properties":{"semel":439,"name":"שלוחות","winner":"habait","winnerShare":0.2636,"turnout":0.7047,"valid":239,"sh_likud":0.1506,"sh24_likud":0.1545,"sh_yesh_atid":0.1255,"sh24_yesh_atid":0.0569,"sh_shas":0.0167,"sh24_shas":0.0163,"sh_utj":0.0209,"sh24_utj":0.0081,"sh_rz":0.1883,"sh24_rz":0.1179,"sh_labor":0.0293,"sh24_labor":0.0407,"sh_gantz":0.1799,"sh24_gantz":0.0285,"sh_yb":0.0084,"sh24_yb":0.0041,"sh_meretz":0.0084,"sh24_meretz":0.0041,"sh24_yamina":0.4756,"sh24_newhope":0.0813,"sh_habait":0.2636,"sh_other":0.0084,"sh24_other":0.0122,"winner24":"yamina"}},{"type":"Feature","geometry":{"type":"Point","coordinates":[34.86575,31.81535]},"properties":{"semel":440,"name":"יסודות","winner":"utj","winnerShare":0.8656,"turnout":0.9091,"valid":320,"sh_likud":0.0063,"sh24_likud":0.016,"sh_yesh_atid":0.0031,"sh24_yesh_atid":0.0032,"sh_shas":0.05,"sh24_shas":0.0288,"sh_utj":0.8656,"sh24_utj":0.875,"sh_rz":0.075,"sh24_rz":0.0609,"sh24_yamina":0.0128,"sh24_other":0.0032,"winner24":"utj"}},{"type":"Feature","geometry":{"type":"Point","coordinates":[35.3586,32.54894]},"properties":{"semel":442,"name":"גדעונה","winner":"likud","winnerShare":0.4261,"turnout":0.7219,"valid":230,"sh_likud":0.4261,"sh24_likud":0.4632,"sh_yesh_atid":0.1348,"sh24_yesh_atid":0.1126,"sh_shas":0.0304,"sh24_shas":0.0303,"sh_utj":0.1174,"sh24_utj":0.0996,"sh_rz":0.1696,"sh24_rz":0.039,"sh_labor":0.0261,"sh24_labor":0.0476,"sh_gantz":0.0565,"sh24_gantz":0.0216,"sh_yb":0.0043,"sh24_yb":0.0216,"sh_meretz":0.013,"sh24_meretz":0.0173,"sh24_yamina":0.0693,"sh24_newhope":0.0346,"sh_habait":0.013,"sh_other":0.0087,"sh24_other":0.0433,"winner24":"likud"}},{"type":"Feature","geometry":{"type":"Point","coordinates":[35.60344,32.97474]},"properties":{"semel":443,"name":"כפר הנשיא","winner":"yesh_atid","winnerShare":0.3682,"turnout":0.5418,"valid":402,"sh_likud":0.0498,"sh24_likud":0.0695,"sh_yesh_atid":0.3682,"sh24_yesh_atid":0.2481,"sh_shas":0.005,"sh24_shas":0.005,"sh_utj":0.0025,"sh_rz":0.0299,"sh24_rz":0.0124,"sh_labor":0.1866,"sh24_labor":0.2308,"sh_gantz":0.1692,"sh24_gantz":0.1092,"sh_yb":0.0124,"sh24_yb":0.0149,"sh_meretz":0.1318,"sh24_meretz":0.1787,"sh_raam":0.0025,"sh_hadash":0.005,"sh24_joint":0.0074,"sh24_yamina":0.0496,"sh24_newhope":0.0372,"sh_habait":0.0075,"sh_other":0.0299,"sh24_other":0.0372,"winner24":"yesh_atid"}},{"type":"Feature","geometry":{"type":"Point","coordinates":[35.03452,32.52399]},"properties":{"semel":444,"name":"רגבים","winner":"yesh_atid","winnerShare":0.3994,"turnout":0.7159,"valid":318,"sh_likud":0.0566,"sh24_likud":0.0599,"sh_yesh_atid":0.3994,"sh24_yesh_atid":0.2007,"sh_shas":0.0031,"sh24_shas":0.007,"sh_utj":0.0031,"sh_rz":0.0472,"sh24_rz":0.0176,"sh_labor":0.1887,"sh24_labor":0.257,"sh_gantz":0.1541,"sh24_gantz":0.2113,"sh_yb":0.0126,"sh24_yb":0.0141,"sh_meretz":0.1101,"sh24_meretz":0.1549,"sh_raam":0.0063,"sh_hadash":0.0126,"sh24_joint":0.0141,"sh24_yamina":0.0246,"sh24_newhope":0.0317,"sh_other":0.0063,"sh24_other":0.007,"winner24":"labor"}},{"type":"Feature","geometry":{"type":"Point","coordinates":[35.05668,32.59725]},"properties":{"semel":445,"name":"רמות מנשה","winner":"yesh_atid","winnerShare":0.432,"turnout":0.7616,"valid":706,"sh_likud":0.0411,"sh24_likud":0.0286,"sh_yesh_atid":0.432,"sh24_yesh_atid":0.2804,"sh_shas":0.0028,"sh_rz":0.0042,"sh24_rz":0.0029,"sh_labor":0.136,"sh24_labor":0.2132,"sh_gantz":0.1261,"sh24_gantz":0.1187,"sh_yb":0.0255,"sh24_yb":0.0215,"sh_meretz":0.2082,"sh24_meretz":0.2718,"sh_balad":0.0014,"sh24_joint":0.0043,"sh24_yamina":0.0186,"sh24_newhope":0.0243,"sh_other":0.0227,"sh24_other":0.0157,"winner24":"yesh_atid"}},{"type":"Feature","geometry":{"type":"Point","coordinates":[34.84753,32.26551]},"properties":{"semel":446,"name":"אודים","winner":"yesh_atid","winnerShare":0.4414,"turnout":0.7407,"valid":614,"sh_likud":0.1124,"sh24_likud":0.13,"sh_yesh_atid":0.4414,"sh24_yesh_atid":0.2492,"sh_shas":0.0098,"sh24_shas":0.0077,"sh_utj":0.0016,"sh24_utj":0.0015,"sh_rz":0.0309,"sh24_rz":0.0062,"sh_labor":0.1091,"sh24_labor":0.1749,"sh_gantz":0.1498,"sh24_gantz":0.1718,"sh_yb":0.0228,"sh24_yb":0.0464,"sh_meretz":0.0912,"sh24_meretz":0.1362,"sh_hadash":0.0049,"sh24_joint":0.0015,"sh24_yamina":0.0232,"sh24_newhope":0.0387,"sh_habait":0.0065,"sh_other":0.0195,"sh24_other":0.0124,"winner24":"yesh_atid"}},{"type":"Feature","geometry":{"type":"Point","coordinates":[34.8966,32.31524]},"properties":{"semel":447,"name":"נורדיה","winner":"yesh_atid","winnerShare":0.4071,"turnout":0.6061,"valid":926,"sh_likud":0.1965,"sh24_likud":0.1725,"sh_yesh_atid":0.4071,"sh24_yesh_atid":0.2991,"sh_shas":0.013,"sh24_shas":0.0153,"sh_utj":0.0043,"sh24_utj":0.0033,"sh_rz":0.0421,"sh24_rz":0.0055,"sh_labor":0.0583,"sh24_labor":0.0808,"sh_gantz":0.1922,"sh24_gantz":0.191,"sh_yb":0.0227,"sh24_yb":0.0284,"sh_meretz":0.0205,"sh24_meretz":0.048,"sh_hadash":0.0011,"sh24_yamina":0.048,"sh24_newhope":0.0917,"sh_habait":0.0108,"sh_other":0.0313,"sh24_other":0.0164,"winner24":"yesh_atid"}},{"type":"Feature","geometry":{"type":"Point","coordinates":[34.91426,32.02403]},"properties":{"semel":448,"name":"בני עטרות","winner":"yesh_atid","winnerShare":0.3959,"turnout":0.8043,"valid":485,"sh_likud":0.101,"sh24_likud":0.0828,"sh_yesh_atid":0.3959,"sh24_yesh_atid":0.2919,"sh_shas":0.0103,"sh24_shas":0.0039,"sh_utj":0.0062,"sh_rz":0.0206,"sh24_rz":0.0039,"sh_labor":0.1031,"sh24_labor":0.1637,"sh_gantz":0.2206,"sh24_gantz":0.1736,"sh_yb":0.0144,"sh24_yb":0.0335,"sh_meretz":0.099,"sh24_meretz":0.144,"sh_hadash":0.0041,"sh24_joint":0.0039,"sh24_yamina":0.0434,"sh24_newhope":0.0454,"sh_habait":0.0103,"sh_other":0.0144,"sh24_other":0.0099,"winner24":"yesh_atid"}},{"type":"Feature","geometry":{"type":"Point","coordinates":[34.91227,32.0591]},"properties":{"semel":449,"name":"נחלים","winner":"rz","winnerShare":0.4787,"turnout":0.8073,"valid":727,"sh_likud":0.2393,"sh24_likud":0.1564,"sh_yesh_atid":0.0261,"sh24_yesh_atid":0.0254,"sh_shas":0.0069,"sh24_shas":0.008,"sh_utj":0.0083,"sh24_utj":0.0013,"sh_rz":0.4787,"sh24_rz":0.3102,"sh_labor":0.0028,"sh24_labor":0.0174,"sh_gantz":0.0853,"sh24_gantz":0.0227,"sh_yb":0.0083,"sh24_yb":0.0067,"sh_meretz":0.0041,"sh24_meretz":0.0053,"sh_raam":0.0014,"sh_hadash":0.0014,"sh24_yamina":0.4037,"sh24_newhope":0.0361,"sh_habait":0.121,"sh_other":0.0165,"sh24_other":0.0067,"winner24":"yamina"}},{"type":"Feature","geometry":{"type":"Point","coordinates":[34.91041,32.04079]},"properties":{"semel":450,"name":"בארות יצחק","winner":"habait","winnerShare":0.2654,"turnout":0.6823,"valid":260,"sh_likud":0.1385,"sh24_likud":0.1191,"sh_yesh_atid":0.0962,"sh24_yesh_atid":0.083,"sh_shas":0.0077,"sh_utj":0.0038,"sh24_utj":0.0036,"sh_rz":0.25,"sh24_rz":0.1011,"sh_labor":0.0269,"sh24_labor":0.0578,"sh_gantz":0.1846,"sh24_gantz":0.1047,"sh_yb":0.0038,"sh_meretz":0.0077,"sh24_meretz":0.0072,"sh24_yamina":0.4296,"sh24_newhope":0.0686,"sh_habait":0.2654,"sh_other":0.0154,"sh24_other":0.0253,"winner24":"yamina"}},{"type":"Feature","geometry":{"type":"Point","coordinates":[35.32104,32.56214]},"properties":{"semel":452,"name":"יזרעאל","winner":"yesh_atid","winnerShare":0.3636,"turnout":0.6248,"valid":352,"sh_likud":0.0256,"sh24_likud":0.026,"sh_yesh_atid":0.3636,"sh24_yesh_atid":0.2197,"sh_rz":0.0057,"sh24_rz":0.0029,"sh_labor":0.2813,"sh24_labor":0.3699,"sh_gantz":0.142,"sh24_gantz":0.1156,"sh_yb":0.0284,"sh24_yb":0.0318,"sh_meretz":0.1335,"sh24_meretz":0.1821,"sh_hadash":0.0057,"sh24_yamina":0.0116,"sh24_newhope":0.0289,"sh_habait":0.0028,"sh_other":0.0114,"sh24_other":0.0116,"winner24":"labor"}},{"type":"Feature","geometry":{"type":"Point","coordinates":[35.55165,33.12871]},"properties":{"semel":453,"name":"יפתח","winner":"yesh_atid","winnerShare":0.4611,"turnout":0.6909,"valid":386,"sh_likud":0.0363,"sh24_likud":0.0282,"sh_yesh_atid":0.4611,"sh24_yesh_atid":0.2513,"sh_shas":0.0026,"sh24_shas":0.0051,"sh_rz":0.0337,"sh24_rz":0.0103,"sh_labor":0.171,"sh24_labor":0.2846,"sh_gantz":0.1554,"sh24_gantz":0.1821,"sh_yb":0.0259,"sh24_yb":0.0462,"sh_meretz":0.0803,"sh24_meretz":0.1128,"sh_raam":0.0052,"sh_hadash":0.0026,"sh_balad":0.0052,"sh24_yamina":0.0154,"sh24_newhope":0.0513,"sh_other":0.0207,"sh24_other":0.0128,"winner24":"labor"}},{"type":"Feature","geometry":{"type":"Point","coordinates":[35.10924,33.02905]},"properties":{"semel":454,"name":"סער","winner":"yesh_atid","winnerShare":0.371,"turnout":0.6787,"valid":469,"sh_likud":0.1386,"sh24_likud":0.1485,"sh_yesh_atid":0.371,"sh24_yesh_atid":0.2483,"sh_shas":0.0021,"sh_rz":0.0618,"sh_labor":0.1087,"sh24_labor":0.1485,"sh_gantz":0.1812,"sh24_gantz":0.1323,"sh_yb":0.0171,"sh24_yb":0.0487,"sh_meretz":0.1109,"sh24_meretz":0.1624,"sh_hadash":0.0021,"sh24_yamina":0.0418,"sh24_newhope":0.0487,"sh_other":0.0064,"sh24_other":0.0209,"winner24":"yesh_atid"}},{"type":"Feature","geometry":{"type":"Point","coordinates":[35.06538,31.79714]},"properties":{"semel":456,"name":"שורש","winner":"yesh_atid","winnerShare":0.3298,"turnout":0.4469,"valid":476,"sh_likud":0.1408,"sh24_likud":0.1579,"sh_yesh_atid":0.3298,"sh24_yesh_atid":0.2274,"sh_shas":0.0063,"sh24_shas":0.0063,"sh_utj":0.0084,"sh24_utj":0.0042,"sh_rz":0.0819,"sh24_rz":0.0211,"sh_labor":0.0882,"sh24_labor":0.1347,"sh_gantz":0.1471,"sh24_gantz":0.0863,"sh_yb":0.0483,"sh24_yb":0.08,"sh_meretz":0.084,"sh24_meretz":0.1095,"sh_raam":0.0042,"sh_hadash":0.0021,"sh24_yamina":0.0947,"sh24_newhope":0.0589,"sh_habait":0.0147,"sh_other":0.0441,"sh24_other":0.0189,"winner24":"yesh_atid"}},{"type":"Feature","geometry":{"type":"Point","coordinates":[35.44708,32.63848]},"properties":{"semel":457,"name":"גזית","winner":"yesh_atid","winnerShare":0.3689,"turnout":0.6857,"valid":469,"sh_likud":0.0256,"sh24_likud":0.0343,"sh_yesh_atid":0.3689,"sh24_yesh_atid":0.2056,"sh_rz":0.0149,"sh24_rz":0.0043,"sh_labor":0.1279,"sh24_labor":0.1842,"sh_gantz":0.1365,"sh24_gantz":0.0964,"sh_yb":0.032,"sh24_yb":0.0407,"sh_meretz":0.2516,"sh24_meretz":0.3576,"sh_hadash":0.0043,"sh_balad":0.0021,"sh24_joint":0.0021,"sh24_yamina":0.0236,"sh24_newhope":0.0214,"sh_habait":0.0021,"sh_other":0.0341,"sh24_other":0.03,"winner24":"meretz"}},{"type":"Feature","geometry":{"type":"Point","coordinates":[35.07319,31.77379]},"properties":{"semel":460,"name":"רמת רזיאל","winner":"yesh_atid","winnerShare":0.2795,"turnout":0.7373,"valid":347,"sh_likud":0.1556,"sh24_likud":0.1286,"sh_yesh_atid":0.2795,"sh24_yesh_atid":0.1914,"sh_shas":0.0058,"sh24_shas":0.0086,"sh_utj":0.0115,"sh_rz":0.1066,"sh24_rz":0.0286,"sh_labor":0.0951,"sh24_labor":0.1429,"sh_gantz":0.147,"sh24_gantz":0.1171,"sh_yb":0.0231,"sh24_yb":0.0257,"sh_meretz":0.1326,"sh24_meretz":0.1743,"sh_raam":0.0029,"sh_hadash":0.0058,"sh_balad":0.0058,"sh24_joint":0.0086,"sh24_yamina":0.0571,"sh24_newhope":0.0571,"sh_habait":0.0086,"sh_other":0.0202,"sh24_other":0.06,"winner24":"yesh_atid"}},{"type":"Feature","geometry":{"type":"Point","coordinates":[34.90265,31.80507]},"properties":{"semel":462,"name":"טל שחר","winner":"yesh_atid","winnerShare":0.3642,"turnout":0.7583,"valid":615,"sh_likud":0.122,"sh24_likud":0.0939,"sh_yesh_atid":0.3642,"sh24_yesh_atid":0.2134,"sh_shas":0.013,"sh24_shas":0.0143,"sh_utj":0.0016,"sh_rz":0.0504,"sh24_rz":0.0096,"sh_labor":0.1106,"sh24_labor":0.1783,"sh_gantz":0.1919,"sh24_gantz":0.1497,"sh_yb":0.0228,"sh24_yb":0.0446,"sh_meretz":0.0797,"sh24_meretz":0.1369,"sh_hadash":0.0049,"sh24_joint":0.0048,"sh24_yamina":0.0478,"sh24_newhope":0.0955,"sh_habait":0.0081,"sh_other":0.0309,"sh24_other":0.0111,"winner24":"yesh_atid"}},{"type":"Feature","geometry":{"type":"Point","coordinates":[35.2147,33.00645]},"properties":{"semel":463,"name":"געתון","winner":"yesh_atid","winnerShare":0.2824,"turnout":0.6907,"valid":393,"sh_likud":0.084,"sh24_likud":0.0641,"sh_yesh_atid":0.2824,"sh24_yesh_atid":0.1718,"sh_shas":0.0025,"sh_rz":0.0254,"sh24_rz":0.0026,"sh_labor":0.1247,"sh24_labor":0.2,"sh_gantz":0.2341,"sh24_gantz":0.1487,"sh_yb":0.0229,"sh24_yb":0.0256,"sh_meretz":0.201,"sh24_meretz":0.3282,"sh_raam":0.0025,"sh24_yamina":0.0103,"sh24_newhope":0.0359,"sh_other":0.0204,"sh24_other":0.0128,"winner24":"meretz"}},{"type":"Feature","geometry":{"type":"Point","coordinates":[34.94946,31.80903]},"properties":{"semel":464,"name":"הראל","winner":"yesh_atid","winnerShare":0.3543,"turnout":0.5381,"valid":127,"sh_likud":0.0472,"sh24_likud":0.0336,"sh_yesh_atid":0.3543,"sh24_yesh_atid":0.2857,"sh_rz":0.0079,"sh_labor":0.2362,"sh24_labor":0.2605,"sh_gantz":0.0945,"sh24_gantz":0.0756,"sh24_yb":0.042,"sh_meretz":0.2126,"sh24_meretz":0.2521,"sh_hadash":0.0236,"sh24_joint":0.0084,"sh24_yamina":0.0336,"sh24_newhope":0.0084,"sh_habait":0.0079,"sh_other":0.0157,"winner24":"yesh_atid"}},{"type":"Feature","geometry":{"type":"Point","coordinates":[35.11945,31.78353]},"properties":{"semel":465,"name":"צובה","winner":"yesh_atid","winnerShare":0.3368,"turnout":0.6307,"valid":386,"sh_likud":0.057,"sh24_likud":0.0276,"sh_yesh_atid":0.3368,"sh24_yesh_atid":0.206,"sh_shas":0.0026,"sh24_shas":0.0025,"sh_rz":0.013,"sh_labor":0.3264,"sh24_labor":0.4221,"sh_gantz":0.158,"sh24_gantz":0.1482,"sh_yb":0.013,"sh24_yb":0.0176,"sh_meretz":0.0725,"sh24_meretz":0.1181,"sh24_joint":0.0025,"sh24_yamina":0.0201,"sh24_newhope":0.0251,"sh_habait":0.0078,"sh_other":0.013,"sh24_other":0.0101,"winner24":"labor"}},{"type":"Feature","geometry":{"type":"Point","coordinates":[34.83006,32.00059]},"properties":{"semel":466,"name":"בית דגן","winner":"likud","winnerShare":0.3869,"turnout":0.758,"valid":4174,"sh_likud":0.3869,"sh24_likud":0.4248,"sh_yesh_atid":0.1608,"sh24_yesh_atid":0.1434,"sh_shas":0.081,"sh24_shas":0.071,"sh_utj":0.0146,"sh24_utj":0.0102,"sh_rz":0.1732,"sh24_rz":0.0667,"sh_labor":0.0211,"sh24_labor":0.0373,"sh_gantz":0.1116,"sh24_gantz":0.0681,"sh_yb":0.0187,"sh24_yb":0.0201,"sh_meretz":0.0105,"sh24_meretz":0.0163,"sh24_raam":0.0003,"sh_balad":0.0002,"sh24_joint":0.0005,"sh24_yamina":0.0665,"sh24_newhope":0.0555,"sh_habait":0.0079,"sh_other":0.0134,"sh24_other":0.0193,"winner24":"likud"}},{"type":"Feature","geometry":{"type":"Point","coordinates":[34.82304,31.86138]},"properties":{"semel":469,"name":"קרית עקרון","winner":"likud","winnerShare":0.4626,"turnout":0.7267,"valid":5889,"sh_likud":0.4626,"sh24_likud":0.5091,"sh_yesh_atid":0.0822,"sh24_yesh_atid":0.0721,"sh_shas":0.1151,"sh24_shas":0.1072,"sh_utj":0.0083,"sh24_utj":0.0058,"sh_rz":0.1904,"sh24_rz":0.0544,"sh_labor":0.0129,"sh24_labor":0.0227,"sh_gantz":0.0751,"sh24_gantz":0.0573,"sh_yb":0.0224,"sh24_yb":0.0293,"sh_meretz":0.0059,"sh24_meretz":0.0084,"sh_raam":0.0014,"sh24_raam":0.0004,"sh_hadash":0.0014,"sh_balad":0.0002,"sh24_joint":0.0022,"sh24_yamina":0.0619,"sh24_newhope":0.0529,"sh_habait":0.0066,"sh_other":0.0156,"sh24_other":0.0164,"winner24":"likud"}},{"type":"Feature","geometry":{"type":"Point","coordinates":[35.11016,31.80606]},"properties":{"semel":472,"name":"אבו גוש","winner":"balad","winnerShare":0.4561,"turnout":0.5514,"valid":2769,"sh_likud":0.0751,"sh24_likud":0.2445,"sh_yesh_atid":0.0094,"sh24_yesh_atid":0.0236,"sh_shas":0.0014,"sh24_shas":0.0067,"sh_utj":0.0011,"sh24_utj":0.0021,"sh_rz":0.0047,"sh24_rz":0.0005,"sh_labor":0.0051,"sh24_labor":0.0092,"sh_gantz":0.0029,"sh24_gantz":0.0067,"sh_yb":0.0007,"sh24_yb":0.0021,"sh_meretz":0.0209,"sh24_meretz":0.0349,"sh_raam":0.3026,"sh24_raam":0.17,"sh_hadash":0.1127,"sh_balad":0.4561,"sh24_joint":0.4884,"sh24_yamina":0.0021,"sh24_newhope":0.001,"sh_habait":0.0004,"sh_other":0.0069,"sh24_other":0.0082,"winner24":"joint"}},{"type":"Feature","geometry":{"type":"Point","coordinates":[35.16814,32.96045]},"properties":{"semel":473,"name":"אבו סנאן","winner":"hadash","winnerShare":0.3772,"turnout":0.5451,"valid":5382,"sh_likud":0.0753,"sh24_likud":0.1138,"sh_yesh_atid":0.0303,"sh24_yesh_atid":0.0191,"sh_shas":0.0022,"sh24_shas":0.1049,"sh24_utj":0.0002,"sh_rz":0.0011,"sh24_rz":0.001,"sh_labor":0.0063,"sh24_labor":0.0043,"sh_gantz":0.0745,"sh24_gantz":0.0087,"sh_yb":0.066,"sh24_yb":0.0779,"sh_meretz":0.0152,"sh24_meretz":0.0189,"sh_raam":0.2155,"sh24_raam":0.1751,"sh_hadash":0.3772,"sh_balad":0.1258,"sh24_joint":0.4195,"sh24_yamina":0.0004,"sh24_newhope":0.0479,"sh_habait":0.0006,"sh_other":0.01,"sh24_other":0.0081,"winner24":"joint"}},{"type":"Feature","geometry":{"type":"Point","coordinates":[35.3443,32.62105]},"properties":{"semel":475,"name":"דחי","winner":"hadash","winnerShare":0.341,"turnout":0.3993,"valid":217,"sh_likud":0.0046,"sh24_likud":0.1524,"sh_yesh_atid":0.0138,"sh_rz":0.0046,"sh_labor":0.0092,"sh24_labor":0.0095,"sh24_gantz":0.0095,"sh_meretz":0.0092,"sh24_meretz":0.0762,"sh_raam":0.3134,"sh24_raam":0.1905,"sh_hadash":0.341,"sh_balad":0.3041,"sh24_joint":0.5333,"sh24_newhope":0.0286,"winner24":"joint"}},{"type":"Feature","geometry":{"type":"Point","coordinates":[35.32481,32.68209]},"properties":{"semel":478,"name":"אכסאל","winner":"hadash","winnerShare":0.52,"turnout":0.5083,"valid":5212,"sh_likud":0.0079,"sh24_likud":0.0481,"sh_yesh_atid":0.0056,"sh24_yesh_atid":0.0043,"sh_shas":0.0004,"sh24_shas":0.0005,"sh_utj":0.0027,"sh24_utj":0.0002,"sh_rz":0.001,"sh24_rz":0.0002,"sh_labor":0.0006,"sh24_labor":0.0009,"sh_gantz":0.001,"sh24_gantz":0.0014,"sh_yb":0.0004,"sh24_yb":0.0002,"sh_meretz":0.0081,"sh24_meretz":0.0149,"sh_raam":0.2569,"sh24_raam":0.3176,"sh_hadash":0.52,"sh_balad":0.1898,"sh24_joint":0.5997,"sh24_newhope":0.0057,"sh_other":0.0059,"sh24_other":0.0062,"winner24":"joint"}},{"type":"Feature","geometry":{"type":"Point","coordinates":[35.37845,32.96429]},"properties":{"semel":480,"name":"בית גן","winner":"meretz","winnerShare":0.6159,"turnout":0.5303,"valid":4832,"sh_likud":0.0569,"sh24_likud":0.1383,"sh_yesh_atid":0.035,"sh24_yesh_atid":0.0812,"sh_shas":0.001,"sh24_shas":0.0091,"sh_rz":0.0027,"sh24_rz":0.0006,"sh_labor":0.0596,"sh24_labor":0.0271,"sh_gantz":0.0977,"sh24_gantz":0.1424,"sh_yb":0.0857,"sh24_yb":0.3427,"sh_meretz":0.6159,"sh24_meretz":0.153,"sh_raam":0.0114,"sh24_raam":0.0035,"sh_hadash":0.0155,"sh_balad":0.0054,"sh24_joint":0.0438,"sh24_yamina":0.0153,"sh24_newhope":0.0332,"sh_habait":0.001,"sh_other":0.0122,"sh24_other":0.0097,"winner24":"yb"}},{"type":"Feature","geometry":{"type":"Point","coordinates":[35.41231,32.8873]},"properties":{"semel":481,"name":"מגאר","winner":"raam","winnerShare":0.2783,"turnout":0.4403,"valid":7377,"sh_likud":0.0737,"sh24_likud":0.0845,"sh_yesh_atid":0.059,"sh24_yesh_atid":0.0536,"sh_shas":0.0344,"sh24_shas":0.0422,"sh_utj":0.0001,"sh24_utj":0.0006,"sh_rz":0.0022,"sh24_rz":0.0006,"sh_labor":0.027,"sh24_labor":0.0227,"sh_gantz":0.0897,"sh24_gantz":0.0261,"sh_yb":0.1331,"sh24_yb":0.1299,"sh_meretz":0.0503,"sh24_meretz":0.0432,"sh_raam":0.2783,"sh24_raam":0.2482,"sh_hadash":0.1816,"sh_balad":0.0371,"sh24_joint":0.2662,"sh24_yamina":0.0291,"sh24_newhope":0.0454,"sh_habait":0.0087,"sh_other":0.0247,"sh24_other":0.0078,"winner24":"joint"}},{"type":"Feature","geometry":{"type":"Point","coordinates":[35.3685,32.80789]},"properties":{"semel":482,"name":"בועיינהנוגידאת","winner":"raam","winnerShare":0.5584,"turnout":0.5653,"valid":3924,"sh_likud":0.0168,"sh24_likud":0.0358,"sh_yesh_atid":0.0112,"sh24_yesh_atid":0.0049,"sh_shas":0.0071,"sh24_shas":0.0093,"sh_rz":0.0005,"sh_labor":0.0059,"sh24_labor":0.0023,"sh_gantz":0.0005,"sh24_gantz":0.0009,"sh_meretz":0.0059,"sh24_meretz":0.024,"sh_raam":0.5584,"sh24_raam":0.6441,"sh_hadash":0.1481,"sh_balad":0.2416,"sh24_joint":0.2726,"sh24_newhope":0.0003,"sh_other":0.0041,"sh24_other":0.0058,"winner24":"raam"}},{"type":"Feature","geometry":{"type":"Point","coordinates":[35.27285,32.9293]},"properties":{"semel":483,"name":"בענה","winner":"raam","winnerShare":0.3778,"turnout":0.6317,"valid":3748,"sh_likud":0.008,"sh24_likud":0.0141,"sh_yesh_atid":0.0029,"sh24_yesh_atid":0.0034,"sh_shas":0.0053,"sh24_shas":0.0034,"sh_utj":0.0011,"sh_labor":0.0016,"sh24_labor":0.0025,"sh_gantz":0.0048,"sh24_gantz":0.012,"sh_yb":0.0003,"sh_meretz":0.0048,"sh24_meretz":0.0043,"sh_raam":0.3778,"sh24_raam":0.4057,"sh_hadash":0.3543,"sh_balad":0.2332,"sh24_joint":0.5421,"sh24_yamina":0.0003,"sh24_newhope":0.0095,"sh_habait":0.0003,"sh_other":0.0056,"sh24_other":0.0028,"winner24":"joint"}},{"type":"Feature","geometry":{"type":"Point","coordinates":[35.18352,32.94211]},"properties":{"semel":485,"name":"גולס","winner":"yb","winnerShare":0.3166,"turnout":0.5376,"valid":2628,"sh_likud":0.1511,"sh24_likud":0.1941,"sh_yesh_atid":0.1461,"sh24_yesh_atid":0.1212,"sh_shas":0.0361,"sh24_shas":0.1763,"sh_utj":0.0004,"sh_rz":0.0019,"sh24_rz":0.0004,"sh_labor":0.0236,"sh24_labor":0.0098,"sh_gantz":0.2215,"sh24_gantz":0.115,"sh_yb":0.3166,"sh24_yb":0.2885,"sh_meretz":0.0578,"sh24_meretz":0.033,"sh_raam":0.0141,"sh24_raam":0.0018,"sh_hadash":0.0103,"sh_balad":0.0023,"sh24_joint":0.0127,"sh24_yamina":0.0069,"sh24_newhope":0.0298,"sh_habait":0.0042,"sh_other":0.0141,"sh24_other":0.0105,"winner24":"yb"}},{"type":"Feature","geometry":{"type":"Point","coordinates":[35.44603,33.02277]},"properties":{"semel":487,"name":"גש גוש חלב","winner":"hadash","winnerShare":0.3618,"turnout":0.4959,"valid":1263,"sh_likud":0.0285,"sh24_likud":0.1331,"sh_yesh_atid":0.0681,"sh24_yesh_atid":0.0441,"sh_shas":0.0016,"sh_utj":0.0024,"sh_rz":0.0032,"sh_labor":0.0325,"sh24_labor":0.0162,"sh_gantz":0.0253,"sh24_gantz":0.0099,"sh_yb":0.0008,"sh24_yb":0.0027,"sh_meretz":0.0847,"sh24_meretz":0.1214,"sh_raam":0.1132,"sh24_raam":0.0782,"sh_hadash":0.3618,"sh_balad":0.266,"sh24_joint":0.5836,"sh24_newhope":0.0027,"sh_other":0.0119,"sh24_other":0.0081,"winner24":"joint"}},{"type":"Feature","geometry":{"type":"Point","coordinates":[35.37172,32.6914]},"properties":{"semel":489,"name":"דבוריה","winner":"hadash","winnerShare":0.3497,"turnout":0.5637,"valid":4206,"sh_likud":0.0031,"sh24_likud":0.0174,"sh_yesh_atid":0.0014,"sh24_yesh_atid":0.0029,"sh_shas":0.0005,"sh24_shas":0.0006,"sh_utj":0.0005,"sh_rz":0.0014,"sh_labor":0.001,"sh24_labor":0.0009,"sh_gantz":0.0038,"sh24_gantz":0.0003,"sh_yb":0.0005,"sh24_yb":0.0006,"sh_meretz":0.0109,"sh24_meretz":0.0156,"sh_raam":0.2798,"sh24_raam":0.4082,"sh_hadash":0.3497,"sh_balad":0.3417,"sh24_joint":0.5507,"sh24_newhope":0.0009,"sh_other":0.0057,"sh24_other":0.002,"winner24":"joint"}},{"type":"Feature","geometry":{"type":"Point","coordinates":[35.26831,32.93544]},"properties":{"semel":490,"name":"דייר אלאסד","winner":"raam","winnerShare":0.45,"turnout":0.6981,"valid":6154,"sh_likud":0.0052,"sh24_likud":0.0159,"sh_yesh_atid":0.0171,"sh24_yesh_atid":0.0064,"sh_shas":0.0231,"sh24_shas":0.0554,"sh24_utj":0.0002,"sh_rz":0.0005,"sh_labor":0.0016,"sh24_labor":0.0027,"sh_gantz":0.0013,"sh24_gantz":0.0012,"sh_yb":0.0002,"sh24_yb":0.0004,"sh_meretz":0.0049,"sh24_meretz":0.0085,"sh_raam":0.45,"sh24_raam":0.4051,"sh_hadash":0.3612,"sh_balad":0.1329,"sh24_joint":0.4982,"sh24_yamina":0.0002,"sh24_newhope":0.0023,"sh_other":0.0021,"sh24_other":0.0037,"winner24":"joint"}},{"type":"Feature","geometry":{"type":"Point","coordinates":[35.36842,32.86272]},"properties":{"semel":492,"name":"דייר חנא","winner":"hadash","winnerShare":0.4777,"turnout":0.6777,"valid":5277,"sh_likud":0.0087,"sh24_likud":0.022,"sh_yesh_atid":0.004,"sh24_yesh_atid":0.0085,"sh_shas":0.0233,"sh24_shas":0.0192,"sh_utj":0.0008,"sh24_utj":0.0002,"sh_rz":0.0002,"sh24_rz":0.0004,"sh_labor":0.0011,"sh24_labor":0.001,"sh_gantz":0.0025,"sh24_gantz":0.0006,"sh_yb":0.0002,"sh24_yb":0.0002,"sh_meretz":0.0083,"sh24_meretz":0.0216,"sh_raam":0.2263,"sh24_raam":0.3269,"sh_hadash":0.4777,"sh_balad":0.2431,"sh24_joint":0.5928,"sh24_yamina":0.0004,"sh24_newhope":0.0042,"sh_other":0.0038,"sh24_other":0.002,"winner24":"joint"}},{"type":"Feature","geometry":{"type":"Point","coordinates":[35.05083,32.69366]},"properties":{"semel":494,"name":"דאלית אלכרמל","winner":"gantz","winnerShare":0.5488,"turnout":0.5508,"valid":7225,"sh_likud":0.0316,"sh24_likud":0.0905,"sh_yesh_atid":0.1139,"sh24_yesh_atid":0.2541,"sh_shas":0.0007,"sh24_shas":0.0206,"sh_utj":0.0001,"sh24_utj":0.0002,"sh_rz":0.0015,"sh24_rz":0.0027,"sh_labor":0.0263,"sh24_labor":0.0635,"sh_gantz":0.5488,"sh24_gantz":0.0695,"sh_yb":0.1579,"sh24_yb":0.2584,"sh_meretz":0.0519,"sh24_meretz":0.0995,"sh_raam":0.012,"sh24_raam":0.0051,"sh_hadash":0.0278,"sh_balad":0.0091,"sh24_joint":0.0757,"sh24_yamina":0.0226,"sh24_newhope":0.0247,"sh_habait":0.0024,"sh_other":0.0159,"sh24_other":0.0129,"winner24":"yb"}},{"type":"Feature","geometry":{"type":"Point","coordinates":[35.34595,33.01731]},"properties":{"semel":496,"name":"חורפיש","winner":"gantz","winnerShare":0.5351,"turnout":0.5347,"valid":2577,"sh_likud":0.0365,"sh24_likud":0.0642,"sh_yesh_atid":0.0656,"sh24_yesh_atid":0.069,"sh_shas":0.0268,"sh24_shas":0.0784,"sh_rz":0.0008,"sh_labor":0.026,"sh24_labor":0.0402,"sh_gantz":0.5351,"sh24_gantz":0.2726,"sh_yb":0.1471,"sh24_yb":0.2159,"sh_meretz":0.1028,"sh24_meretz":0.069,"sh_raam":0.0093,"sh24_raam":0.0005,"sh_hadash":0.026,"sh_balad":0.0043,"sh24_joint":0.06,"sh24_yamina":0.0609,"sh24_newhope":0.0633,"sh_habait":0.0023,"sh_other":0.0175,"sh24_other":0.0061,"winner24":"gantz"}},{"type":"Feature","geometry":{"type":"Point","coordinates":[35.44489,32.60403]},"properties":{"semel":497,"name":"טייבה בעמק","winner":"raam","winnerShare":0.4809,"turnout":0.4613,"valid":601,"sh_likud":0.01,"sh24_likud":0.0859,"sh_yesh_atid":0.0083,"sh24_yesh_atid":0.0066,"sh_shas":0.0033,"sh_rz":0.0033,"sh_labor":0.0266,"sh24_labor":0.033,"sh24_gantz":0.0066,"sh_meretz":0.0266,"sh24_meretz":0.1916,"sh_raam":0.4809,"sh24_raam":0.2974,"sh_hadash":0.1963,"sh_balad":0.2346,"sh24_joint":0.37,"sh24_newhope":0.0022,"sh_other":0.01,"sh24_other":0.0066,"winner24":"joint"}},{"type":"Feature","geometry":{"type":"Point","coordinates":[35.37516,32.77636]},"properties":{"semel":498,"name":"טורעאן","winner":"hadash","winnerShare":0.4634,"turnout":0.4948,"valid":4961,"sh_likud":0.0135,"sh24_likud":0.0233,"sh_yesh_atid":0.006,"sh24_yesh_atid":0.0062,"sh_shas":0.002,"sh24_shas":0.0056,"sh_utj":0.0002,"sh_rz":0.0004,"sh24_rz":0.0008,"sh_labor":0.0034,"sh24_labor":0.0078,"sh_gantz":0.0032,"sh24_gantz":0.0005,"sh_yb":0.0002,"sh24_yb":0.0021,"sh_meretz":0.0127,"sh24_meretz":0.0239,"sh_raam":0.308,"sh24_raam":0.4134,"sh_hadash":0.4634,"sh_balad":0.1832,"sh24_joint":0.5029,"sh24_yamina":0.0005,"sh24_newhope":0.0054,"sh_habait":0.0002,"sh_other":0.0034,"sh24_other":0.0075,"winner24":"joint"}},{"type":"Feature","geometry":{"type":"Point","coordinates":[35.27599,32.68448]},"properties":{"semel":499,"name":"יפיע","winner":"hadash","winnerShare":0.4427,"turnout":0.4946,"valid":6750,"sh_likud":0.0302,"sh24_likud":0.0546,"sh_yesh_atid":0.0077,"sh24_yesh_atid":0.0075,"sh_shas":0.0031,"sh24_shas":0.0005,"sh_utj":0.0003,"sh_rz":0.0007,"sh24_rz":0.0002,"sh_labor":0.0139,"sh24_labor":0.0116,"sh_gantz":0.0031,"sh24_gantz":0.0021,"sh_yb":0.0004,"sh24_yb":0.0002,"sh_meretz":0.0163,"sh24_meretz":0.0324,"sh_raam":0.2116,"sh24_raam":0.2692,"sh_hadash":0.4427,"sh_balad":0.2622,"sh24_joint":0.6008,"sh24_newhope":0.0156,"sh_other":0.0077,"sh24_other":0.0052,"winner24":"joint"}},{"type":"Feature","geometry":{"type":"Point","coordinates":[35.20739,32.95425]},"properties":{"semel":502,"name":"ירכא","winner":"likud","winnerShare":0.3443,"turnout":0.5114,"valid":5722,"sh_likud":0.3443,"sh24_likud":0.3522,"sh_yesh_atid":0.065,"sh24_yesh_atid":0.061,"sh_shas":0.0065,"sh24_shas":0.0659,"sh_utj":0.0007,"sh24_utj":0.0004,"sh_rz":0.001,"sh24_rz":0.0002,"sh_labor":0.0119,"sh24_labor":0.0129,"sh_gantz":0.2261,"sh24_gantz":0.0264,"sh_yb":0.1568,"sh24_yb":0.3218,"sh_meretz":0.0744,"sh24_meretz":0.0465,"sh_raam":0.0206,"sh24_raam":0.0018,"sh_hadash":0.072,"sh_balad":0.0037,"sh24_joint":0.0866,"sh24_yamina":0.0047,"sh24_newhope":0.0138,"sh_habait":0.0023,"sh_other":0.0147,"sh24_other":0.0058,"winner24":"likud"}},{"type":"Feature","geometry":{"type":"Point","coordinates":[35.2075,32.86936]},"properties":{"semel":504,"name":"כאבול","winner":"hadash","winnerShare":0.36,"turnout":0.7053,"valid":6061,"sh_likud":0.003,"sh24_likud":0.0054,"sh_yesh_atid":0.0018,"sh24_yesh_atid":0.0021,"sh_shas":0.0005,"sh24_shas":0.001,"sh_utj":0.0002,"sh24_utj":0.0002,"sh_rz":0.0002,"sh_labor":0.0005,"sh24_labor":0.0006,"sh_gantz":0.0013,"sh24_gantz":0.0002,"sh24_yb":0.0013,"sh_meretz":0.0018,"sh24_meretz":0.004,"sh_raam":0.3087,"sh24_raam":0.4469,"sh_hadash":0.36,"sh_balad":0.3189,"sh24_joint":0.5354,"sh24_yamina":0.0002,"sh24_newhope":0.0004,"sh_other":0.0031,"sh24_other":0.0023,"winner24":"joint"}},{"type":"Feature","geometry":{"type":"Point","coordinates":[35.24864,32.83063]},"properties":{"semel":505,"name":"כאוכב אבו אלהיגא","winner":"hadash","winnerShare":0.3926,"turnout":0.6138,"valid":1699,"sh_likud":0.0018,"sh24_likud":0.0119,"sh_yesh_atid":0.0018,"sh24_yesh_atid":0.0013,"sh_shas":0.0012,"sh24_shas":0.0007,"sh_utj":0.0006,"sh_labor":0.0018,"sh_gantz":0.0012,"sh24_yb":0.002,"sh_meretz":0.0029,"sh24_meretz":0.0046,"sh_raam":0.3149,"sh24_raam":0.4466,"sh_hadash":0.3926,"sh_balad":0.2755,"sh24_joint":0.5309,"sh24_newhope":0.0013,"sh_other":0.0059,"sh24_other":0.0007,"winner24":"joint"}},{"type":"Feature","geometry":{"type":"Point","coordinates":[35.16321,32.95407]},"properties":{"semel":507,"name":"כפר יאסיף","winner":"hadash","winnerShare":0.5356,"turnout":0.6389,"valid":5237,"sh_likud":0.0264,"sh24_likud":0.0413,"sh_yesh_atid":0.0157,"sh24_yesh_atid":0.016,"sh_shas":0.0021,"sh24_shas":0.0029,"sh_utj":0.0006,"sh_rz":0.0015,"sh_labor":0.0044,"sh24_labor":0.0049,"sh_gantz":0.0109,"sh24_gantz":0.002,"sh_yb":0.0038,"sh24_yb":0.006,"sh_meretz":0.0174,"sh24_meretz":0.0585,"sh_raam":0.0819,"sh24_raam":0.1031,"sh_hadash":0.5356,"sh_balad":0.291,"sh24_joint":0.7197,"sh24_yamina":0.0027,"sh24_newhope":0.0362,"sh_habait":0.0011,"sh_other":0.0076,"sh24_other":0.0067,"winner24":"joint"}},{"type":"Feature","geometry":{"type":"Point","coordinates":[35.44048,32.7217]},"properties":{"semel":508,"name":"כפר כמא","winner":"yesh_atid","winnerShare":0.2882,"turnout":0.3523,"valid":930,"sh_likud":0.0301,"sh24_likud":0.0897,"sh_yesh_atid":0.2882,"sh24_yesh_atid":0.2005,"sh_shas":0.0032,"sh24_shas":0.0047,"sh_rz":0.0022,"sh_labor":0.0849,"sh24_labor":0.1993,"sh_gantz":0.2215,"sh24_gantz":0.2016,"sh_yb":0.0183,"sh24_yb":0.0233,"sh_meretz":0.0935,"sh24_meretz":0.1131,"sh_raam":0.1978,"sh24_raam":0.0303,"sh_hadash":0.028,"sh_balad":0.0043,"sh24_joint":0.0373,"sh24_yamina":0.0023,"sh24_newhope":0.0583,"sh_habait":0.0011,"sh_other":0.0269,"sh24_other":0.0396,"winner24":"gantz"}},{"type":"Feature","geometry":{"type":"Point","coordinates":[35.34218,32.74662]},"properties":{"semel":509,"name":"כפר כנא","winner":"balad","winnerShare":0.3711,"turnout":0.5253,"valid":8221,"sh_likud":0.024,"sh24_likud":0.037,"sh_yesh_atid":0.0218,"sh24_yesh_atid":0.0055,"sh_shas":0.0013,"sh24_shas":0.0037,"sh_utj":0.0004,"sh_rz":0.0011,"sh24_rz":0.0001,"sh_labor":0.0026,"sh24_labor":0.0026,"sh_gantz":0.0041,"sh24_gantz":0.0006,"sh_yb":0.0004,"sh24_yb":0.0008,"sh_meretz":0.0063,"sh24_meretz":0.011,"sh_raam":0.3384,"sh24_raam":0.4236,"sh_hadash":0.2217,"sh_balad":0.3711,"sh24_joint":0.4856,"sh24_yamina":0.0006,"sh24_newhope":0.0026,"sh_habait":0.0002,"sh_other":0.0066,"sh24_other":0.0262,"winner24":"joint"}},{"type":"Feature","geometry":{"type":"Point","coordinates":[35.26029,32.81019]},"properties":{"semel":510,"name":"כפר מנדא","winner":"balad","winnerShare":0.3502,"turnout":0.6516,"valid":8887,"sh_likud":0.0043,"sh24_likud":0.0293,"sh_yesh_atid":0.003,"sh24_yesh_atid":0.0068,"sh_shas":0.0253,"sh24_shas":0.0434,"sh_utj":0.0005,"sh24_utj":0.0001,"sh_rz":0.001,"sh24_rz":0.0003,"sh_labor":0.0012,"sh24_labor":0.001,"sh_gantz":0.0006,"sh24_gantz":0.0028,"sh_yb":0.0001,"sh24_yb":0.0006,"sh_meretz":0.0169,"sh24_meretz":0.0249,"sh_raam":0.2936,"sh24_raam":0.5363,"sh_hadash":0.2957,"sh_balad":0.3502,"sh24_joint":0.3386,"sh24_yamina":0.0001,"sh24_newhope":0.0057,"sh_habait":0.0001,"sh_other":0.0075,"sh24_other":0.0104,"winner24":"raam"}},{"type":"Feature","geometry":{"type":"Point","coordinates":[35.26125,32.71737]},"properties":{"semel":511,"name":"עילוט","winner":"hadash","winnerShare":0.3614,"turnout":0.464,"valid":2612,"sh_likud":0.0142,"sh24_likud":0.0128,"sh_yesh_atid":0.0008,"sh24_yesh_atid":0.0023,"sh_shas":0.0168,"sh24_shas":0.0718,"sh_rz":0.0019,"sh_labor":0.005,"sh24_labor":0.0006,"sh_gantz":0.0184,"sh24_gantz":0.0029,"sh_yb":0.0004,"sh_meretz":0.0031,"sh24_meretz":0.014,"sh_raam":0.3193,"sh24_raam":0.4936,"sh_hadash":0.3614,"sh_balad":0.2496,"sh24_joint":0.3903,"sh24_newhope":0.0006,"sh_other":0.0092,"sh24_other":0.0111,"winner24":"raam"}},{"type":"Feature","geometry":{"type":"Point","coordinates":[35.42197,32.64547]},"properties":{"semel":512,"name":"כפר מצר","winner":"raam","winnerShare":0.4741,"turnout":0.5408,"valid":1044,"sh_likud":0.0125,"sh24_likud":0.065,"sh_yesh_atid":0.0048,"sh24_yesh_atid":0.0534,"sh_shas":0.0048,"sh24_shas":0.0058,"sh_rz":0.0335,"sh_labor":0.0115,"sh24_labor":0.116,"sh24_gantz":0.0023,"sh_meretz":0.0421,"sh24_meretz":0.0777,"sh_raam":0.4741,"sh24_raam":0.3399,"sh_hadash":0.1772,"sh_balad":0.228,"sh24_joint":0.3097,"sh24_newhope":0.022,"sh_other":0.0115,"sh24_other":0.0081,"winner24":"raam"}},{"type":"Feature","geometry":{"type":"Point","coordinates":[35.11498,31.79029]},"properties":{"semel":514,"name":"עין ראפה","winner":"balad","winnerShare":0.4271,"turnout":0.5284,"valid":377,"sh_likud":0.0159,"sh24_likud":0.0402,"sh_yesh_atid":0.0106,"sh24_yesh_atid":0.0161,"sh_shas":0.0027,"sh24_shas":0.0602,"sh_rz":0.0053,"sh_labor":0.0133,"sh24_labor":0.0361,"sh_gantz":0.0027,"sh24_gantz":0.008,"sh_meretz":0.0239,"sh24_meretz":0.0843,"sh_raam":0.3263,"sh24_raam":0.2369,"sh_hadash":0.1618,"sh_balad":0.4271,"sh24_joint":0.494,"sh24_yamina":0.004,"sh24_newhope":0.004,"sh_other":0.0106,"sh24_other":0.0161,"winner24":"joint"}},{"type":"Feature","geometry":{"type":"Point","coordinates":[35.25442,32.92115]},"properties":{"semel":516,"name":"מגד אלכרום","winner":"hadash","winnerShare":0.4581,"turnout":0.6669,"valid":7280,"sh_likud":0.003,"sh24_likud":0.0099,"sh_yesh_atid":0.0014,"sh24_yesh_atid":0.0012,"sh_shas":0.0007,"sh24_shas":0.0031,"sh_utj":0.0005,"sh_rz":0.001,"sh_labor":0.0011,"sh24_labor":0.0038,"sh_gantz":0.0021,"sh24_gantz":0.0007,"sh_yb":0.0001,"sh24_yb":0.0003,"sh_meretz":0.0049,"sh24_meretz":0.0186,"sh_raam":0.1073,"sh24_raam":0.17,"sh_hadash":0.4581,"sh_balad":0.4124,"sh24_joint":0.7882,"sh24_yamina":0.0002,"sh24_newhope":0.0002,"sh_habait":0.0003,"sh_other":0.0071,"sh24_other":0.0037,"winner24":"joint"}},{"type":"Feature","geometry":{"type":"Point","coordinates":[35.09837,32.98377]},"properties":{"semel":517,"name":"מזרעה","winner":"hadash","winnerShare":0.3796,"turnout":0.6442,"valid":1939,"sh_likud":0.0057,"sh24_likud":0.0111,"sh_yesh_atid":0.0088,"sh24_yesh_atid":0.0026,"sh_shas":0.001,"sh24_shas":0.0046,"sh_rz":0.0041,"sh_labor":0.001,"sh24_labor":0.0026,"sh_gantz":0.001,"sh24_gantz":0.0013,"sh_yb":0.001,"sh_meretz":0.0124,"sh24_meretz":0.0534,"sh_raam":0.2914,"sh24_raam":0.3058,"sh_hadash":0.3796,"sh_balad":0.2878,"sh24_joint":0.6109,"sh24_newhope":0.0046,"sh_other":0.0062,"sh24_other":0.0033,"winner24":"joint"}},{"type":"Feature","geometry":{"type":"Point","coordinates":[35.25751,33.02677]},"properties":{"semel":518,"name":"מעיליא","winner":"hadash","winnerShare":0.4762,"turnout":0.6655,"valid":1724,"sh_likud":0.0145,"sh24_likud":0.0283,"sh_yesh_atid":0.1027,"sh24_yesh_atid":0.0917,"sh_shas":0.0006,"sh24_shas":0.0006,"sh_utj":0.0006,"sh_rz":0.0006,"sh_labor":0.0099,"sh24_labor":0.0078,"sh_gantz":0.0186,"sh24_gantz":0.009,"sh24_yb":0.0018,"sh_meretz":0.1154,"sh24_meretz":0.1616,"sh_raam":0.0087,"sh24_raam":0.0042,"sh_hadash":0.4762,"sh_balad":0.2477,"sh24_joint":0.6791,"sh24_yamina":0.0012,"sh24_newhope":0.0084,"sh_other":0.0046,"sh24_other":0.006,"winner24":"joint"}},{"type":"Feature","geometry":{"type":"Point","coordinates":[35.32319,32.74009]},"properties":{"semel":520,"name":"משהד","winner":"raam","winnerShare":0.4182,"turnout":0.4843,"valid":2862,"sh_likud":0.0091,"sh24_likud":0.0206,"sh_yesh_atid":0.0024,"sh24_yesh_atid":0.0021,"sh_shas":0.0017,"sh24_shas":0.0025,"sh_rz":0.001,"sh24_rz":0.0004,"sh_labor":0.001,"sh24_labor":0.0021,"sh_gantz":0.0042,"sh24_gantz":0.0007,"sh_yb":0.0066,"sh_meretz":0.0105,"sh24_meretz":0.0068,"sh_raam":0.4182,"sh24_raam":0.5466,"sh_hadash":0.2554,"sh_balad":0.2862,"sh24_joint":0.4012,"sh24_yamina":0.0004,"sh24_newhope":0.011,"sh_other":0.0035,"sh24_other":0.0057,"winner24":"raam"}},{"type":"Feature","geometry":{"type":"Point","coordinates":[35.11986,31.79328]},"properties":{"semel":521,"name":"עין נקובא","winner":"hadash","winnerShare":0.5976,"turnout":0.5911,"valid":1096,"sh_likud":0.0465,"sh24_likud":0.1159,"sh_yesh_atid":0.0091,"sh24_yesh_atid":0.0174,"sh24_shas":0.1043,"sh_utj":0.0018,"sh_rz":0.0009,"sh_labor":0.0064,"sh24_labor":0.0232,"sh_gantz":0.0027,"sh24_gantz":0.0046,"sh_meretz":0.0018,"sh24_meretz":0.0637,"sh_raam":0.229,"sh24_raam":0.2294,"sh_hadash":0.5976,"sh_balad":0.0985,"sh24_joint":0.4183,"sh24_yamina":0.0023,"sh24_newhope":0.0174,"sh_other":0.0055,"sh24_other":0.0035,"winner24":"joint"}},{"type":"Feature","geometry":{"type":"Point","coordinates":[35.31713,32.9348]},"properties":{"semel":522,"name":"נחף","winner":"hadash","winnerShare":0.3718,"turnout":0.5837,"valid":5325,"sh_likud":0.0051,"sh24_likud":0.014,"sh_yesh_atid":0.0009,"sh24_yesh_atid":0.0034,"sh_shas":0.0107,"sh24_shas":0.0157,"sh_utj":0.0015,"sh_rz":0.0004,"sh_labor":0.0013,"sh24_labor":0.001,"sh_gantz":0.0064,"sh24_gantz":0.0017,"sh_yb":0.0002,"sh24_yb":0.0005,"sh_meretz":0.021,"sh24_meretz":0.0184,"sh_raam":0.3549,"sh24_raam":0.4872,"sh_hadash":0.3718,"sh_balad":0.2152,"sh24_joint":0.4417,"sh24_newhope":0.0099,"sh_habait":0.0039,"sh_other":0.0066,"sh24_other":0.0065,"winner24":"raam"}},{"type":"Feature","geometry":{"type":"Point","coordinates":[35.34855,32.63124]},"properties":{"semel":523,"name":"ניין","winner":"balad","winnerShare":0.294,"turnout":0.5166,"valid":738,"sh_likud":0.0461,"sh24_likud":0.5021,"sh_yesh_atid":0.0176,"sh24_yesh_atid":0.0168,"sh_shas":0.0041,"sh_utj":0.0014,"sh_rz":0.0014,"sh_labor":0.0068,"sh24_labor":0.0112,"sh_gantz":0.0054,"sh24_gantz":0.0014,"sh24_yb":0.0014,"sh_meretz":0.2182,"sh24_meretz":0.0449,"sh_raam":0.2195,"sh24_raam":0.1935,"sh_hadash":0.1816,"sh_balad":0.294,"sh24_joint":0.223,"sh24_newhope":0.0028,"sh_other":0.0041,"sh24_other":0.0028,"winner24":"likud"}},{"type":"Feature","geometry":{"type":"Point","coordinates":[35.39128,32.61412]},"properties":{"semel":524,"name":"נאעורה","winner":"raam","winnerShare":0.4506,"turnout":0.5409,"valid":850,"sh_likud":0.0235,"sh24_likud":0.1167,"sh_yesh_atid":0.0035,"sh24_yesh_atid":0.02,"sh_shas":0.0012,"sh24_shas":0.0183,"sh24_utj":0.0017,"sh_labor":0.0106,"sh24_labor":0.005,"sh_gantz":0.0035,"sh24_gantz":0.0083,"sh_meretz":0.0141,"sh24_meretz":0.0983,"sh_raam":0.4506,"sh24_raam":0.3167,"sh_hadash":0.2565,"sh_balad":0.2318,"sh24_joint":0.4033,"sh24_newhope":0.0033,"sh_other":0.0047,"sh24_other":0.0083,"winner24":"joint"}},{"type":"Feature","geometry":{"type":"Point","coordinates":[35.34292,32.94208]},"properties":{"semel":525,"name":"סאגור","winner":"habait","winnerShare":0.4707,"turnout":0.5327,"valid":1704,"sh_likud":0.1896,"sh24_likud":0.2685,"sh_yesh_atid":0.0558,"sh24_yesh_atid":0.0637,"sh_shas":0.0065,"sh24_shas":0.1128,"sh_utj":0.0012,"sh24_utj":0.0062,"sh_rz":0.0293,"sh24_rz":0.0291,"sh_labor":0.1221,"sh24_labor":0.1924,"sh_gantz":0.071,"sh24_gantz":0.0242,"sh_yb":0.0129,"sh24_yb":0.0491,"sh_meretz":0.0235,"sh24_meretz":0.0131,"sh_raam":0.0094,"sh24_raam":0.0042,"sh_hadash":0.007,"sh24_joint":0.0215,"sh24_yamina":0.1516,"sh24_newhope":0.0602,"sh_habait":0.4707,"sh_other":0.0012,"sh24_other":0.0035,"winner24":"likud"}},{"type":"Feature","geometry":{"type":"Point","coordinates":[35.33452,32.60598]},"properties":{"semel":526,"name":"סולם","winner":"raam","winnerShare":0.4526,"turnout":0.5323,"valid":1129,"sh_likud":0.0071,"sh24_likud":0.0464,"sh_yesh_atid":0.0124,"sh24_yesh_atid":0.022,"sh_shas":0.0018,"sh24_shas":0.0012,"sh_utj":0.0009,"sh_rz":0.0018,"sh_labor":0.0035,"sh24_labor":0.0085,"sh_gantz":0.0115,"sh24_gantz":0.0073,"sh_yb":0.0027,"sh_meretz":0.0461,"sh24_meretz":0.0794,"sh_raam":0.4526,"sh24_raam":0.3101,"sh_hadash":0.2347,"sh_balad":0.2161,"sh24_joint":0.5104,"sh24_yamina":0.0012,"sh24_newhope":0.0024,"sh_other":0.0089,"sh24_other":0.011,"winner24":"joint"}},{"type":"Feature","geometry":{"type":"Point","coordinates":[35.35273,32.93316]},"properties":{"semel":527,"name":"שזור","winner":"likud","winnerShare":0.5888,"turnout":0.781,"valid":214,"sh_likud":0.5888,"sh24_likud":0.6719,"sh_yesh_atid":0.0561,"sh24_yesh_atid":0.0417,"sh_shas":0.0654,"sh24_shas":0.125,"sh_utj":0.014,"sh_rz":0.1449,"sh24_rz":0.0104,"sh_gantz":0.0935,"sh24_gantz":0.0573,"sh_yb":0.014,"sh24_yb":0.0104,"sh24_meretz":0.0052,"sh24_yamina":0.0208,"sh24_newhope":0.0573,"sh_other":0.0234,"winner24":"likud"}},{"type":"Feature","geometry":{"type":"Point","coordinates":[35.32538,32.79028]},"properties":{"semel":528,"name":"עוזייר","winner":"raam","winnerShare":0.4435,"turnout":0.4903,"valid":1080,"sh_likud":0.0019,"sh24_likud":0.0191,"sh_yesh_atid":0.0056,"sh24_yesh_atid":0.0011,"sh24_shas":0.0247,"sh_labor":0.0046,"sh24_labor":0.0022,"sh_gantz":0.0037,"sh_meretz":0.0056,"sh24_meretz":0.0236,"sh_raam":0.4435,"sh24_raam":0.5903,"sh_hadash":0.2185,"sh_balad":0.312,"sh24_joint":0.3311,"sh24_newhope":0.0022,"sh_other":0.0046,"sh24_other":0.0056,"winner24":"raam"}},{"type":"Feature","geometry":{"type":"Point","coordinates":[35.1861,32.82623]},"properties":{"semel":529,"name":"אעבלין","winner":"hadash","winnerShare":0.4836,"turnout":0.5931,"valid":5672,"sh_likud":0.0236,"sh24_likud":0.0487,"sh_yesh_atid":0.0145,"sh24_yesh_atid":0.0123,"sh_shas":0.0014,"sh24_shas":0.0011,"sh_utj":0.0007,"sh_rz":0.0021,"sh24_rz":0.0004,"sh_labor":0.0108,"sh24_labor":0.0123,"sh_gantz":0.0011,"sh24_gantz":0.0022,"sh_yb":0.0019,"sh24_yb":0.0017,"sh_meretz":0.0293,"sh24_meretz":0.0351,"sh_raam":0.2412,"sh24_raam":0.2449,"sh_hadash":0.4836,"sh_balad":0.1797,"sh24_joint":0.62,"sh24_yamina":0.0004,"sh24_newhope":0.0035,"sh_habait":0.0011,"sh_other":0.0092,"sh24_other":0.0173,"winner24":"joint"}},{"type":"Feature","geometry":{"type":"Point","coordinates":[35.4015,32.83658]},"properties":{"semel":530,"name":"עיילבון","winner":"hadash","winnerShare":0.3991,"turnout":0.6446,"valid":2759,"sh_likud":0.0504,"sh24_likud":0.0803,"sh_yesh_atid":0.0616,"sh24_yesh_atid":0.0375,"sh_shas":0.0062,"sh24_shas":0.0331,"sh_utj":0.0011,"sh24_utj":0.0004,"sh_rz":0.0018,"sh_labor":0.0145,"sh24_labor":0.0125,"sh_gantz":0.0352,"sh24_gantz":0.0093,"sh_yb":0.0025,"sh24_yb":0.0036,"sh_meretz":0.1124,"sh24_meretz":0.1389,"sh_raam":0.1243,"sh24_raam":0.1155,"sh_hadash":0.3991,"sh_balad":0.183,"sh24_joint":0.5297,"sh24_yamina":0.0004,"sh24_newhope":0.0339,"sh_habait":0.0022,"sh_other":0.0058,"sh24_other":0.0048,"winner24":"joint"}},{"type":"Feature","geometry":{"type":"Point","coordinates":[35.33804,32.85158]},"properties":{"semel":531,"name":"עראבה","winner":"hadash","winnerShare":0.4381,"turnout":0.5687,"valid":10289,"sh_likud":0.0025,"sh24_likud":0.0081,"sh_yesh_atid":0.0011,"sh24_yesh_atid":0.0023,"sh_shas":0.0006,"sh_utj":0.0003,"sh_rz":0.0005,"sh24_rz":0.0001,"sh_labor":0.0017,"sh24_labor":0.0004,"sh_gantz":0.0008,"sh24_gantz":0.0003,"sh_yb":0.0004,"sh24_yb":0.0001,"sh_meretz":0.0038,"sh24_meretz":0.0056,"sh_raam":0.2893,"sh24_raam":0.3972,"sh_hadash":0.4381,"sh_balad":0.2563,"sh24_joint":0.5826,"sh24_newhope":0.0004,"sh_other":0.0046,"sh24_other":0.0027,"winner24":"joint"}},{"type":"Feature","geometry":{"type":"Point","coordinates":[35.35287,32.72257]},"properties":{"semel":532,"name":"עין מאהל","winner":"hadash","winnerShare":0.3501,"turnout":0.5206,"valid":5001,"sh_likud":0.0048,"sh24_likud":0.0213,"sh_yesh_atid":0.001,"sh24_yesh_atid":0.0019,"sh_shas":0.0064,"sh24_shas":0.0321,"sh_utj":0.0008,"sh_rz":0.0006,"sh24_rz":0.0003,"sh_labor":0.001,"sh24_labor":0.0013,"sh_gantz":0.0014,"sh_yb":0.0022,"sh24_yb":0.0097,"sh_meretz":0.0032,"sh24_meretz":0.0103,"sh_raam":0.3347,"sh24_raam":0.4007,"sh_hadash":0.3501,"sh_balad":0.2877,"sh24_joint":0.5111,"sh24_yamina":0.0019,"sh24_newhope":0.0065,"sh_other":0.006,"sh24_other":0.003,"winner24":"joint"}},{"type":"Feature","geometry":{"type":"Point","coordinates":[35.06512,32.71716]},"properties":{"semel":534,"name":"עספיא","winner":"gantz","winnerShare":0.3215,"turnout":0.5175,"valid":4893,"sh_likud":0.0335,"sh24_likud":0.05,"sh_yesh_atid":0.0885,"sh24_yesh_atid":0.1613,"sh_shas":0.0004,"sh24_shas":0.0161,"sh_utj":0.0002,"sh24_utj":0.0005,"sh_rz":0.0029,"sh24_rz":0.0016,"sh_labor":0.0282,"sh24_labor":0.0448,"sh_gantz":0.3215,"sh24_gantz":0.0577,"sh_yb":0.1751,"sh24_yb":0.3175,"sh_meretz":0.085,"sh24_meretz":0.1046,"sh_raam":0.0562,"sh24_raam":0.0228,"sh_hadash":0.0762,"sh_balad":0.1118,"sh24_joint":0.1823,"sh24_yamina":0.0031,"sh24_newhope":0.0223,"sh_habait":0.0039,"sh_other":0.0166,"sh24_other":0.0155,"winner24":"yb"}},{"type":"Feature","geometry":{"type":"Point","coordinates":[35.30975,33.04842]},"properties":{"semel":535,"name":"פסוטה","winner":"balad","winnerShare":0.3462,"turnout":0.465,"valid":1245,"sh_likud":0.0466,"sh24_likud":0.1091,"sh_yesh_atid":0.0378,"sh24_yesh_atid":0.0201,"sh_shas":0.0024,"sh_rz":0.0024,"sh_labor":0.012,"sh24_labor":0.0148,"sh_gantz":0.0434,"sh24_gantz":0.007,"sh_yb":0.0032,"sh24_yb":0.007,"sh_meretz":0.1606,"sh24_meretz":0.2042,"sh_raam":0.0185,"sh24_raam":0.0026,"sh_hadash":0.3213,"sh_balad":0.3462,"sh24_joint":0.6195,"sh24_newhope":0.0035,"sh_other":0.0056,"sh24_other":0.0122,"winner24":"joint"}},{"type":"Feature","geometry":{"type":"Point","coordinates":[35.32672,32.97309]},"properties":{"semel":536,"name":"פקיעין בוקייעה","winner":"yb","winnerShare":0.375,"turnout":0.6219,"valid":2853,"sh_likud":0.0189,"sh24_likud":0.0652,"sh_yesh_atid":0.027,"sh24_yesh_atid":0.0368,"sh_shas":0.0004,"sh24_shas":0.0115,"sh_labor":0.0389,"sh24_labor":0.0242,"sh_gantz":0.1462,"sh24_gantz":0.023,"sh_yb":0.375,"sh24_yb":0.4382,"sh_meretz":0.0719,"sh24_meretz":0.066,"sh_raam":0.0158,"sh24_raam":0.0061,"sh_hadash":0.2387,"sh_balad":0.0603,"sh24_joint":0.2874,"sh24_newhope":0.0376,"sh_habait":0.0007,"sh_other":0.0063,"sh24_other":0.0038,"winner24":"yb"}},{"type":"Feature","geometry":{"type":"Point","coordinates":[34.9526,32.59788]},"properties":{"semel":537,"name":"פוריידיס","winner":"raam","winnerShare":0.3384,"turnout":0.3873,"valid":3531,"sh_likud":0.0074,"sh24_likud":0.0679,"sh_yesh_atid":0.0108,"sh24_yesh_atid":0.0094,"sh_shas":0.0017,"sh24_shas":0.0373,"sh_utj":0.0003,"sh_rz":0.002,"sh24_rz":0.0008,"sh_labor":0.0074,"sh24_labor":0.0079,"sh_gantz":0.0082,"sh24_gantz":0.002,"sh_yb":0.0011,"sh_meretz":0.0261,"sh24_meretz":0.0892,"sh_raam":0.3384,"sh24_raam":0.3995,"sh_hadash":0.288,"sh_balad":0.2965,"sh24_joint":0.3657,"sh24_yamina":0.0004,"sh24_newhope":0.0035,"sh_habait":0.0006,"sh_other":0.0116,"sh24_other":0.0165,"winner24":"raam"}},{"type":"Feature","geometry":{"type":"Point","coordinates":[35.23841,32.88975]},"properties":{"semel":538,"name":"שעב","winner":"hadash","winnerShare":0.457,"turnout":0.636,"valid":3313,"sh_likud":0.006,"sh24_likud":0.0078,"sh_yesh_atid":0.0429,"sh24_yesh_atid":0.0166,"sh_shas":0.0012,"sh24_shas":0.0007,"sh_utj":0.0006,"sh_rz":0.0003,"sh_labor":0.0081,"sh24_labor":0.0007,"sh_gantz":0.0018,"sh24_gantz":0.0003,"sh_yb":0.0003,"sh_meretz":0.0042,"sh24_meretz":0.0061,"sh_raam":0.3082,"sh24_raam":0.4399,"sh_hadash":0.457,"sh_balad":0.1636,"sh24_joint":0.5088,"sh24_yamina":0.0007,"sh24_newhope":0.0126,"sh_other":0.0057,"sh24_other":0.0058,"winner24":"joint"}},{"type":"Feature","geometry":{"type":"Point","coordinates":[35.31092,32.7877]},"properties":{"semel":539,"name":"רומאנה","winner":"hadash","winnerShare":0.4853,"turnout":0.7549,"valid":614,"sh_likud":0.0016,"sh24_likud":0.0036,"sh_yesh_atid":0.0016,"sh24_shas":0.0255,"sh_labor":0.0016,"sh24_labor":0.0018,"sh_gantz":0.0033,"sh24_gantz":0.0036,"sh24_meretz":0.0036,"sh_raam":0.3469,"sh24_raam":0.3078,"sh_hadash":0.4853,"sh_balad":0.1531,"sh24_joint":0.6539,"sh_other":0.0065,"winner24":"joint"}},{"type":"Feature","geometry":{"type":"Point","coordinates":[35.48739,33.04941]},"properties":{"semel":540,"name":"ריחאניה","winner":"gantz","winnerShare":0.2344,"turnout":0.5105,"valid":482,"sh_likud":0.0311,"sh24_likud":0.1143,"sh_yesh_atid":0.1867,"sh24_yesh_atid":0.1619,"sh24_shas":0.0095,"sh_utj":0.0021,"sh_rz":0.0041,"sh_labor":0.083,"sh24_labor":0.15,"sh_gantz":0.2344,"sh24_gantz":0.1833,"sh_yb":0.1826,"sh24_yb":0.0976,"sh_meretz":0.0498,"sh24_meretz":0.0619,"sh_raam":0.0871,"sh24_raam":0.0667,"sh_hadash":0.0913,"sh_balad":0.029,"sh24_joint":0.0619,"sh24_yamina":0.0024,"sh24_newhope":0.0714,"sh_other":0.0187,"sh24_other":0.019,"winner24":"gantz"}},{"type":"Feature","geometry":{"type":"Point","coordinates":[34.91209,32.53659]},"properties":{"semel":541,"name":"גסר אזרקא","winner":"hadash","winnerShare":0.4119,"turnout":0.4338,"valid":4108,"sh_likud":0.0122,"sh24_likud":0.0547,"sh_yesh_atid":0.0037,"sh24_yesh_atid":0.0077,"sh_shas":0.0017,"sh24_shas":0.0077,"sh_utj":0.0005,"sh_rz":0.0017,"sh24_rz":0.0005,"sh_labor":0.0068,"sh24_labor":0.0104,"sh_gantz":0.001,"sh24_gantz":0.0009,"sh_yb":0.0007,"sh24_yb":0.0005,"sh_meretz":0.0166,"sh24_meretz":0.0226,"sh_raam":0.3204,"sh24_raam":0.2979,"sh_hadash":0.4119,"sh_balad":0.2081,"sh24_joint":0.5836,"sh24_yamina":0.0005,"sh24_newhope":0.0023,"sh_habait":0.0007,"sh_other":0.0141,"sh24_other":0.0108,"winner24":"joint"}},{"type":"Feature","geometry":{"type":"Point","coordinates":[35.31191,32.72082]},"properties":{"semel":542,"name":"ריינה","winner":"balad","winnerShare":0.3657,"turnout":0.5279,"valid":6230,"sh_likud":0.0143,"sh24_likud":0.0276,"sh_yesh_atid":0.0103,"sh24_yesh_atid":0.0144,"sh_shas":0.001,"sh24_shas":0.0012,"sh_utj":0.0008,"sh24_utj":0.0002,"sh_rz":0.0011,"sh24_rz":0.001,"sh_labor":0.0045,"sh24_labor":0.004,"sh_gantz":0.0013,"sh24_gantz":0.0017,"sh_yb":0.0016,"sh_meretz":0.0071,"sh24_meretz":0.0303,"sh_raam":0.2722,"sh24_raam":0.3577,"sh_hadash":0.3108,"sh_balad":0.3657,"sh24_joint":0.5522,"sh24_newhope":0.0006,"sh_other":0.0095,"sh24_other":0.009,"winner24":"joint"}},{"type":"Feature","geometry":{"type":"Point","coordinates":[35.36694,32.93831]},"properties":{"semel":543,"name":"ראמה","winner":"hadash","winnerShare":0.3583,"turnout":0.5528,"valid":3598,"sh_likud":0.0817,"sh24_likud":0.1403,"sh_yesh_atid":0.0586,"sh24_yesh_atid":0.041,"sh_shas":0.0017,"sh24_shas":0.0069,"sh_utj":0.0003,"sh24_utj":0.0006,"sh_rz":0.0006,"sh24_rz":0.0006,"sh_labor":0.0272,"sh24_labor":0.0196,"sh_gantz":0.0509,"sh24_gantz":0.024,"sh_yb":0.0631,"sh24_yb":0.0635,"sh_meretz":0.0823,"sh24_meretz":0.0641,"sh_raam":0.1109,"sh24_raam":0.0988,"sh_hadash":0.3583,"sh_balad":0.1523,"sh24_joint":0.4109,"sh24_yamina":0.0012,"sh24_newhope":0.1253,"sh_habait":0.0011,"sh_other":0.0111,"sh24_other":0.0032,"winner24":"joint"}},{"type":"Feature","geometry":{"type":"Point","coordinates":[35.39939,32.94061]},"properties":{"semel":546,"name":"עין אלאסד","winner":"yb","winnerShare":0.408,"turnout":0.4788,"valid":326,"sh_likud":0.1166,"sh24_likud":0.1189,"sh_yesh_atid":0.0552,"sh24_yesh_atid":0.0979,"sh24_rz":0.0035,"sh_labor":0.0123,"sh24_labor":0.0315,"sh_gantz":0.1748,"sh24_gantz":0.049,"sh_yb":0.408,"sh24_yb":0.5175,"sh_meretz":0.1656,"sh24_meretz":0.049,"sh_raam":0.0153,"sh24_raam":0.0385,"sh_hadash":0.0307,"sh_balad":0.0061,"sh24_joint":0.0559,"sh24_newhope":0.0315,"sh_other":0.0153,"sh24_other":0.007,"winner24":"yb"}},{"type":"Feature","geometry":{"type":"Point","coordinates":[35.40382,32.6345]},"properties":{"semel":547,"name":"טמרה יזרעאל","winner":"raam","winnerShare":0.4357,"turnout":0.4574,"valid":498,"sh_likud":0.0181,"sh24_likud":0.1124,"sh24_yesh_atid":0.0135,"sh24_shas":0.0022,"sh_rz":0.002,"sh_labor":0.004,"sh24_labor":0.0045,"sh_gantz":0.012,"sh_meretz":0.008,"sh24_meretz":0.027,"sh_raam":0.4357,"sh24_raam":0.3438,"sh_hadash":0.3173,"sh_balad":0.1948,"sh24_joint":0.4921,"sh24_yamina":0.0022,"sh_other":0.008,"sh24_other":0.0022,"winner24":"joint"}},{"type":"Feature","geometry":{"type":"Point","coordinates":[34.90057,32.32066]},"properties":{"semel":549,"name":"גנות הדר","winner":"yesh_atid","winnerShare":0.3908,"turnout":0.7276,"valid":545,"sh_likud":0.2312,"sh24_likud":0.2265,"sh_yesh_atid":0.3908,"sh24_yesh_atid":0.2873,"sh_shas":0.022,"sh24_shas":0.0092,"sh_utj":0.0037,"sh_rz":0.0679,"sh24_rz":0.0203,"sh_labor":0.0349,"sh24_labor":0.0773,"sh_gantz":0.1945,"sh24_gantz":0.1657,"sh_yb":0.0147,"sh24_yb":0.0239,"sh_meretz":0.0147,"sh24_meretz":0.0405,"sh24_yamina":0.0589,"sh24_newhope":0.081,"sh_habait":0.0092,"sh_other":0.0165,"sh24_other":0.0092,"winner24":"yesh_atid"}},{"type":"Feature","geometry":{"type":"Point","coordinates":[34.7549,31.6718]},"properties":{"semel":553,"name":"ניר בנים","winner":"yesh_atid","winnerShare":0.4227,"turnout":0.7616,"valid":459,"sh_likud":0.0871,"sh24_likud":0.0667,"sh_yesh_atid":0.4227,"sh24_yesh_atid":0.3444,"sh_utj":0.0065,"sh24_utj":0.0044,"sh_rz":0.024,"sh24_rz":0.0067,"sh_labor":0.1351,"sh24_labor":0.1978,"sh_gantz":0.2309,"sh24_gantz":0.1778,"sh_yb":0.0109,"sh24_yb":0.0133,"sh_meretz":0.0741,"sh24_meretz":0.0911,"sh24_raam":0.0022,"sh_hadash":0.0044,"sh24_yamina":0.0289,"sh24_newhope":0.0556,"sh_habait":0.0022,"sh_other":0.0022,"sh24_other":0.0111,"winner24":"yesh_atid"}},{"type":"Feature","geometry":{"type":"Point","coordinates":[34.74137,31.83201]},"properties":{"semel":555,"name":"שדמה","winner":"yesh_atid","winnerShare":0.4224,"turnout":0.724,"valid":277,"sh_likud":0.0758,"sh24_likud":0.0804,"sh_yesh_atid":0.4224,"sh24_yesh_atid":0.3007,"sh_shas":0.0036,"sh_rz":0.0217,"sh24_rz":0.0105,"sh_labor":0.0866,"sh24_labor":0.1818,"sh_gantz":0.2383,"sh24_gantz":0.1713,"sh_yb":0.0072,"sh24_yb":0.0175,"sh_meretz":0.0975,"sh24_meretz":0.1503,"sh_hadash":0.0181,"sh24_joint":0.0035,"sh24_yamina":0.0175,"sh24_newhope":0.0594,"sh_habait":0.0144,"sh_other":0.0144,"sh24_other":0.007,"winner24":"yesh_atid"}},{"type":"Feature","geometry":{"type":"Point","coordinates":[35.08241,32.95016]},"properties":{"semel":559,"name":"בוסתן הגליל","winner":"yesh_atid","winnerShare":0.3043,"turnout":0.7527,"valid":562,"sh_likud":0.2598,"sh24_likud":0.2428,"sh_yesh_atid":0.3043,"sh24_yesh_atid":0.192,"sh_shas":0.0534,"sh24_shas":0.0417,"sh_utj":0.0053,"sh_rz":0.0961,"sh24_rz":0.0163,"sh_labor":0.0534,"sh24_labor":0.1105,"sh_gantz":0.1584,"sh24_gantz":0.1268,"sh_yb":0.016,"sh24_yb":0.0236,"sh_meretz":0.0285,"sh24_meretz":0.0598,"sh24_yamina":0.0743,"sh24_newhope":0.0906,"sh_habait":0.0071,"sh_other":0.0178,"sh24_other":0.0217,"winner24":"likud"}},{"type":"Feature","geometry":{"type":"Point","coordinates":[34.80314,31.84416]},"properties":{"semel":562,"name":"בית אלעזרי","winner":"yesh_atid","winnerShare":0.3081,"turnout":0.7518,"valid":818,"sh_likud":0.2298,"sh24_likud":0.2105,"sh_yesh_atid":0.3081,"sh24_yesh_atid":0.2243,"sh_shas":0.0134,"sh24_shas":0.0113,"sh_utj":0.0024,"sh24_utj":0.0013,"sh_rz":0.0917,"sh24_rz":0.0251,"sh_labor":0.0611,"sh24_labor":0.0877,"sh_gantz":0.22,"sh24_gantz":0.1992,"sh_yb":0.022,"sh24_yb":0.0414,"sh_meretz":0.0318,"sh24_meretz":0.0652,"sh_hadash":0.0024,"sh24_joint":0.0025,"sh24_yamina":0.0639,"sh24_newhope":0.0539,"sh_habait":0.0061,"sh_other":0.011,"sh24_other":0.0138,"winner24":"yesh_atid"}},{"type":"Feature","geometry":{"type":"Point","coordinates":[34.9006,31.82283]},"properties":{"semel":563,"name":"משמר דוד","winner":"yesh_atid","winnerShare":0.3697,"turnout":0.8381,"valid":614,"sh_likud":0.1612,"sh24_likud":0.1356,"sh_yesh_atid":0.3697,"sh24_yesh_atid":0.2633,"sh24_shas":0.002,"sh_rz":0.0456,"sh24_rz":0.0098,"sh_labor":0.0668,"sh24_labor":0.1375,"sh_gantz":0.1857,"sh24_gantz":0.1493,"sh_yb":0.0554,"sh24_yb":0.0511,"sh_meretz":0.0765,"sh24_meretz":0.1198,"sh_hadash":0.0065,"sh_balad":0.0016,"sh24_joint":0.0059,"sh24_yamina":0.0648,"sh24_newhope":0.053,"sh_habait":0.013,"sh_other":0.0179,"sh24_other":0.0079,"winner24":"yesh_atid"}},{"type":"Feature","geometry":{"type":"Point","coordinates":[34.81589,31.77381]},"properties":{"semel":564,"name":"רבדים","winner":"yesh_atid","winnerShare":0.3718,"turnout":0.7278,"valid":468,"sh_likud":0.0278,"sh24_likud":0.032,"sh_yesh_atid":0.3718,"sh24_yesh_atid":0.194,"sh_shas":0.0021,"sh_utj":0.0043,"sh24_utj":0.0064,"sh_rz":0.0171,"sh24_rz":0.0043,"sh_labor":0.1474,"sh24_labor":0.2196,"sh_gantz":0.1282,"sh24_gantz":0.1087,"sh_yb":0.0128,"sh24_yb":0.0235,"sh_meretz":0.25,"sh24_meretz":0.3582,"sh_raam":0.0043,"sh_hadash":0.0085,"sh_balad":0.0043,"sh24_joint":0.0043,"sh24_yamina":0.0192,"sh24_newhope":0.0107,"sh_habait":0.0043,"sh_other":0.0171,"sh24_other":0.0192,"winner24":"meretz"}},{"type":"Feature","geometry":{"type":"Point","coordinates":[34.80717,32.02367]},"properties":{"semel":565,"name":"אזור","winner":"likud","winnerShare":0.3391,"turnout":0.6827,"valid":6823,"sh_likud":0.3391,"sh24_likud":0.3461,"sh_yesh_atid":0.2087,"sh24_yesh_atid":0.1743,"sh_shas":0.1203,"sh24_shas":0.1024,"sh_utj":0.0088,"sh24_utj":0.0063,"sh_rz":0.1074,"sh24_rz":0.0251,"sh_labor":0.0366,"sh24_labor":0.0517,"sh_gantz":0.1093,"sh24_gantz":0.0863,"sh_yb":0.028,"sh24_yb":0.0418,"sh_meretz":0.0154,"sh24_meretz":0.025,"sh_raam":0.0003,"sh24_raam":0.0005,"sh_hadash":0.0009,"sh_balad":0.0001,"sh24_joint":0.0014,"sh24_yamina":0.0666,"sh24_newhope":0.0533,"sh_habait":0.0108,"sh_other":0.0141,"sh24_other":0.0193,"winner24":"likud"}},{"type":"Feature","geometry":{"type":"Point","coordinates":[34.96913,31.76288]},"properties":{"semel":567,"name":"צרעה","winner":"labor","winnerShare":0.2978,"turnout":0.6519,"valid":544,"sh_likud":0.046,"sh24_likud":0.0299,"sh_yesh_atid":0.2886,"sh24_yesh_atid":0.2393,"sh_shas":0.0018,"sh24_utj":0.0019,"sh_rz":0.0055,"sh_labor":0.2978,"sh24_labor":0.3028,"sh_gantz":0.125,"sh24_gantz":0.1084,"sh_yb":0.0184,"sh24_yb":0.0224,"sh_meretz":0.1379,"sh24_meretz":0.2131,"sh_raam":0.057,"sh24_raam":0.0299,"sh_hadash":0.0037,"sh_balad":0.0055,"sh24_joint":0.0131,"sh24_yamina":0.0131,"sh24_newhope":0.015,"sh_other":0.0129,"sh24_other":0.0112,"winner24":"labor"}},{"type":"Feature","geometry":{"type":"Point","coordinates":[35.26094,33.01619]},"properties":{"semel":570,"name":"מעונה","winner":"likud","winnerShare":0.4167,"turnout":0.7162,"valid":480,"sh_likud":0.4167,"sh24_likud":0.4361,"sh_yesh_atid":0.1667,"sh24_yesh_atid":0.1342,"sh_shas":0.0604,"sh24_shas":0.0335,"sh_rz":0.1313,"sh24_rz":0.0231,"sh_labor":0.0375,"sh24_labor":0.0734,"sh_gantz":0.1396,"sh24_gantz":0.0776,"sh_yb":0.0125,"sh24_yb":0.0231,"sh_meretz":0.0187,"sh24_meretz":0.0189,"sh24_yamina":0.0608,"sh24_newhope":0.1069,"sh_other":0.0167,"sh24_other":0.0126,"winner24":"likud"}},{"type":"Feature","geometry":{"type":"Point","coordinates":[34.76139,31.85656]},"properties":{"semel":571,"name":"בית גמליאל","winner":"rz","winnerShare":0.3427,"turnout":0.755,"valid":569,"sh_likud":0.2513,"sh24_likud":0.1907,"sh_yesh_atid":0.0316,"sh24_yesh_atid":0.0398,"sh_shas":0.0527,"sh24_shas":0.0315,"sh_utj":0.0211,"sh24_utj":0.0133,"sh_rz":0.3427,"sh24_rz":0.2504,"sh_labor":0.0123,"sh24_labor":0.0182,"sh_gantz":0.1353,"sh24_gantz":0.0464,"sh_yb":0.0123,"sh24_yb":0.0017,"sh_meretz":0.0053,"sh24_meretz":0.005,"sh_raam":0.0018,"sh_hadash":0.0018,"sh24_yamina":0.3715,"sh24_newhope":0.0299,"sh_habait":0.1178,"sh_other":0.0141,"sh24_other":0.0017,"winner24":"yamina"}},{"type":"Feature","geometry":{"type":"Point","coordinates":[35.1448,32.97126]},"properties":{"semel":572,"name":"בית העמק","winner":"yesh_atid","winnerShare":0.4097,"turnout":0.6883,"valid":371,"sh_likud":0.0431,"sh24_likud":0.0474,"sh_yesh_atid":0.4097,"sh24_yesh_atid":0.2702,"sh24_shas":0.0028,"sh_rz":0.0162,"sh_labor":0.2075,"sh24_labor":0.2869,"sh_gantz":0.1213,"sh24_gantz":0.1058,"sh_yb":0.0431,"sh24_yb":0.0446,"sh_meretz":0.1402,"sh24_meretz":0.1922,"sh24_yamina":0.0195,"sh24_newhope":0.0139,"sh_other":0.0189,"sh24_other":0.0167,"winner24":"labor"}},{"type":"Feature","geometry":{"type":"Point","coordinates":[34.57689,31.62215]},"properties":{"semel":573,"name":"מבקיעים","winner":"likud","winnerShare":0.3682,"turnout":0.759,"valid":296,"sh_likud":0.3682,"sh24_likud":0.3849,"sh_yesh_atid":0.1554,"sh24_yesh_atid":0.1585,"sh_shas":0.0642,"sh24_shas":0.0604,"sh_utj":0.0101,"sh24_utj":0.0038,"sh_rz":0.1655,"sh24_rz":0.0264,"sh_labor":0.027,"sh24_labor":0.0491,"sh_gantz":0.1453,"sh24_gantz":0.0679,"sh_yb":0.0135,"sh24_yb":0.0113,"sh_meretz":0.0135,"sh24_meretz":0.0226,"sh_raam":0.0034,"sh24_joint":0.0038,"sh24_yamina":0.1094,"sh24_newhope":0.0792,"sh_habait":0.0034,"sh_other":0.0304,"sh24_other":0.0226,"winner24":"likud"}},{"type":"Feature","geometry":{"type":"Point","coordinates":[35.11183,33.03911]},"properties":{"semel":574,"name":"גשר הזיו","winner":"yesh_atid","winnerShare":0.3231,"turnout":0.6442,"valid":811,"sh_likud":0.2404,"sh24_likud":0.2097,"sh_yesh_atid":0.3231,"sh24_yesh_atid":0.2432,"sh_shas":0.0037,"sh24_shas":0.0037,"sh_utj":0.0012,"sh_rz":0.058,"sh24_rz":0.0037,"sh_labor":0.0999,"sh24_labor":0.1402,"sh_gantz":0.1763,"sh24_gantz":0.1092,"sh_yb":0.0222,"sh24_yb":0.0248,"sh_meretz":0.053,"sh24_meretz":0.098,"sh_raam":0.0012,"sh_hadash":0.0025,"sh24_yamina":0.0732,"sh24_newhope":0.0782,"sh_habait":0.0074,"sh_other":0.0111,"sh24_other":0.0161,"winner24":"yesh_atid"}},{"type":"Feature","geometry":{"type":"Point","coordinates":[35.16597,32.90093]},"properties":{"semel":575,"name":"יסעור","winner":"yesh_atid","winnerShare":0.4557,"turnout":0.704,"valid":406,"sh_likud":0.0961,"sh24_likud":0.0911,"sh_yesh_atid":0.4557,"sh24_yesh_atid":0.3516,"sh_shas":0.0025,"sh_rz":0.0345,"sh24_rz":0.0052,"sh_labor":0.0936,"sh24_labor":0.1068,"sh_gantz":0.1429,"sh24_gantz":0.099,"sh_yb":0.0123,"sh24_yb":0.026,"sh_meretz":0.1404,"sh24_meretz":0.1849,"sh_hadash":0.0074,"sh24_yamina":0.0365,"sh24_newhope":0.0885,"sh_habait":0.0074,"sh_other":0.0074,"sh24_other":0.0104,"winner24":"yesh_atid"}},{"type":"Feature","geometry":{"type":"Point","coordinates":[35.14801,33.02099]},"properties":{"semel":576,"name":"כברי","winner":"yesh_atid","winnerShare":0.4042,"turnout":0.7045,"valid":626,"sh_likud":0.0639,"sh24_likud":0.0371,"sh_yesh_atid":0.4042,"sh24_yesh_atid":0.2113,"sh_shas":0.0032,"sh24_shas":0.0016,"sh_utj":0.0016,"sh24_utj":0.0016,"sh_rz":0.0256,"sh24_rz":0.0032,"sh_labor":0.2093,"sh24_labor":0.2903,"sh_gantz":0.1565,"sh24_gantz":0.1661,"sh_yb":0.0128,"sh24_yb":0.0145,"sh_meretz":0.0974,"sh24_meretz":0.1694,"sh_hadash":0.0016,"sh24_yamina":0.0339,"sh24_newhope":0.0452,"sh_habait":0.0032,"sh_other":0.0208,"sh24_other":0.0258,"winner24":"labor"}},{"type":"Feature","geometry":{"type":"Point","coordinates":[34.82195,31.79751]},"properties":{"semel":577,"name":"יד בנימין","winner":"rz","winnerShare":0.5836,"turnout":0.7777,"valid":1871,"sh_likud":0.1053,"sh24_likud":0.0991,"sh_yesh_atid":0.0107,"sh24_yesh_atid":0.0046,"sh_shas":0.0839,"sh24_shas":0.068,"sh_utj":0.1261,"sh24_utj":0.1118,"sh_rz":0.5836,"sh24_rz":0.5037,"sh_labor":0.0005,"sh24_labor":0.0029,"sh_gantz":0.0198,"sh24_gantz":0.0075,"sh_yb":0.0005,"sh_meretz":0.0005,"sh24_meretz":0.0017,"sh24_yamina":0.1769,"sh24_newhope":0.0133,"sh_habait":0.0668,"sh_other":0.0021,"sh24_other":0.0104,"winner24":"rz"}},{"type":"Feature","geometry":{"type":"Point","coordinates":[35.39459,33.02706]},"properties":{"semel":578,"name":"סאסא","winner":"meretz","winnerShare":0.3391,"turnout":0.6981,"valid":289,"sh_likud":0.0242,"sh24_likud":0.0263,"sh_yesh_atid":0.2768,"sh24_yesh_atid":0.1809,"sh_shas":0.0035,"sh24_utj":0.0033,"sh_rz":0.0104,"sh24_rz":0.0033,"sh_labor":0.1972,"sh24_labor":0.2336,"sh_gantz":0.1073,"sh24_gantz":0.0987,"sh_yb":0.0208,"sh24_yb":0.0395,"sh_meretz":0.3391,"sh24_meretz":0.3914,"sh_balad":0.0104,"sh24_joint":0.0033,"sh24_yamina":0.0099,"sh24_newhope":0.0033,"sh_habait":0.0035,"sh_other":0.0069,"sh24_other":0.0066,"winner24":"meretz"}},{"type":"Feature","geometry":{"type":"Point","coordinates":[35.11365,33.08616]},"properties":{"semel":579,"name":"כפר ראש הנקרה","winner":"yesh_atid","winnerShare":0.3194,"turnout":0.6914,"valid":742,"sh_likud":0.2049,"sh24_likud":0.1753,"sh_yesh_atid":0.3194,"sh24_yesh_atid":0.2541,"sh_shas":0.0027,"sh24_shas":0.0027,"sh_rz":0.0593,"sh24_rz":0.0177,"sh_labor":0.1415,"sh24_labor":0.1916,"sh_gantz":0.1792,"sh24_gantz":0.1101,"sh_yb":0.0202,"sh24_yb":0.0231,"sh_meretz":0.0458,"sh24_meretz":0.0788,"sh_raam":0.0013,"sh24_joint":0.0027,"sh24_yamina":0.0639,"sh24_newhope":0.0639,"sh_habait":0.0067,"sh_other":0.0189,"sh24_other":0.0163,"winner24":"yesh_atid"}},{"type":"Feature","geometry":{"type":"Point","coordinates":[34.99056,32.64619]},"properties":{"semel":580,"name":"כרם מהרל","winner":"yesh_atid","winnerShare":0.4948,"turnout":0.7147,"valid":481,"sh_likud":0.0769,"sh24_likud":0.0858,"sh_yesh_atid":0.4948,"sh24_yesh_atid":0.2774,"sh_shas":0.0042,"sh24_shas":0.006,"sh_utj":0.0042,"sh24_utj":0.002,"sh_rz":0.0312,"sh24_rz":0.014,"sh_labor":0.0811,"sh24_labor":0.1756,"sh_gantz":0.1393,"sh24_gantz":0.1317,"sh_yb":0.0187,"sh24_yb":0.0259,"sh_meretz":0.1102,"sh24_meretz":0.1677,"sh_hadash":0.0062,"sh24_joint":0.002,"sh24_yamina":0.0539,"sh24_newhope":0.0399,"sh_habait":0.0125,"sh_other":0.0208,"sh24_other":0.018,"winner24":"yesh_atid"}},{"type":"Feature","geometry":{"type":"Point","coordinates":[34.74954,31.88763]},"properties":{"semel":582,"name":"כפר הנגיד","winner":"yesh_atid","winnerShare":0.394,"turnout":0.7464,"valid":566,"sh_likud":0.1519,"sh24_likud":0.1343,"sh_yesh_atid":0.394,"sh24_yesh_atid":0.2488,"sh_shas":0.0124,"sh24_shas":0.0066,"sh_utj":0.0053,"sh24_utj":0.0017,"sh_rz":0.0724,"sh24_rz":0.0166,"sh_labor":0.0565,"sh24_labor":0.1061,"sh_gantz":0.2297,"sh24_gantz":0.2322,"sh_yb":0.023,"sh24_yb":0.0481,"sh_meretz":0.03,"sh24_meretz":0.0514,"sh24_yamina":0.0846,"sh24_newhope":0.0531,"sh_habait":0.0088,"sh_other":0.0159,"sh24_other":0.0166,"winner24":"yesh_atid"}},{"type":"Feature","geometry":{"type":"Point","coordinates":[34.52144,31.6092]},"properties":{"semel":584,"name":"זיקים","winner":"yesh_atid","winnerShare":0.3104,"turnout":0.679,"valid":509,"sh_likud":0.1473,"sh24_likud":0.1272,"sh_yesh_atid":0.3104,"sh24_yesh_atid":0.1792,"sh_shas":0.0039,"sh24_shas":0.0077,"sh_rz":0.0511,"sh24_rz":0.0058,"sh_labor":0.0904,"sh24_labor":0.1522,"sh_gantz":0.1552,"sh24_gantz":0.1618,"sh_yb":0.0196,"sh24_yb":0.0231,"sh_meretz":0.1807,"sh24_meretz":0.2274,"sh_raam":0.0079,"sh24_raam":0.0058,"sh_hadash":0.0039,"sh24_yamina":0.052,"sh24_newhope":0.0405,"sh_habait":0.0059,"sh_other":0.0236,"sh24_other":0.0173,"winner24":"meretz"}},{"type":"Feature","geometry":{"type":"Point","coordinates":[35.44199,32.7874]},"properties":{"semel":585,"name":"לביא","winner":"rz","winnerShare":0.3757,"turnout":0.6788,"valid":354,"sh_likud":0.1667,"sh24_likud":0.1366,"sh_yesh_atid":0.0593,"sh24_yesh_atid":0.0412,"sh_shas":0.0254,"sh24_shas":0.0155,"sh_rz":0.3757,"sh24_rz":0.2371,"sh_labor":0.0282,"sh24_labor":0.0335,"sh_gantz":0.1638,"sh24_gantz":0.0464,"sh_meretz":0.0028,"sh24_meretz":0.0026,"sh24_yamina":0.3892,"sh24_newhope":0.0876,"sh_habait":0.1554,"sh_other":0.0226,"sh24_other":0.0103,"winner24":"yamina"}},{"type":"Feature","geometry":{"type":"Point","coordinates":[35.1795,32.58009]},"properties":{"semel":586,"name":"מגידו","winner":"yesh_atid","winnerShare":0.4444,"turnout":0.739,"valid":504,"sh_likud":0.0833,"sh24_likud":0.0745,"sh_yesh_atid":0.4444,"sh24_yesh_atid":0.2919,"sh_shas":0.004,"sh24_shas":0.0021,"sh_rz":0.0119,"sh24_rz":0.0041,"sh_labor":0.1488,"sh24_labor":0.2319,"sh_gantz":0.1448,"sh24_gantz":0.147,"sh_yb":0.0159,"sh24_yb":0.0104,"sh_meretz":0.131,"sh24_meretz":0.1573,"sh_hadash":0.002,"sh24_joint":0.0021,"sh24_yamina":0.0207,"sh24_newhope":0.0476,"sh_other":0.0139,"sh24_other":0.0104,"winner24":"yesh_atid"}},{"type":"Feature","geometry":{"type":"Point","coordinates":[34.87769,32.04695]},"properties":{"semel":587,"name":"סביון","winner":"yesh_atid","winnerShare":0.426,"turnout":0.6738,"valid":2681,"sh_likud":0.1876,"sh24_likud":0.1895,"sh_yesh_atid":0.426,"sh24_yesh_atid":0.299,"sh_shas":0.009,"sh24_shas":0.0078,"sh_utj":0.0052,"sh24_utj":0.0033,"sh_rz":0.0418,"sh24_rz":0.013,"sh_labor":0.0541,"sh24_labor":0.0797,"sh_gantz":0.1443,"sh24_gantz":0.1617,"sh_yb":0.0373,"sh24_yb":0.0449,"sh_meretz":0.0716,"sh24_meretz":0.1039,"sh_raam":0.0022,"sh_hadash":0.003,"sh_balad":0.0004,"sh24_joint":0.0037,"sh24_yamina":0.0438,"sh24_newhope":0.0419,"sh_habait":0.009,"sh_other":0.0086,"sh24_other":0.0078,"winner24":"yesh_atid"}},{"type":"Feature","geometry":{"type":"Point","coordinates":[34.79141,31.77101]},"properties":{"semel":588,"name":"בני ראם","winner":"rz","winnerShare":0.4183,"turnout":0.7799,"valid":722,"sh_likud":0.2909,"sh24_likud":0.3053,"sh_yesh_atid":0.0139,"sh24_yesh_atid":0.0238,"sh_shas":0.0873,"sh24_shas":0.0854,"sh_utj":0.0651,"sh24_utj":0.0644,"sh_rz":0.4183,"sh24_rz":0.2437,"sh_labor":0.0028,"sh24_labor":0.0056,"sh_gantz":0.0374,"sh24_gantz":0.007,"sh_yb":0.0014,"sh24_yb":0.0028,"sh_meretz":0.0014,"sh24_meretz":0.0014,"sh24_yamina":0.2269,"sh24_newhope":0.0168,"sh_habait":0.0679,"sh_other":0.0139,"sh24_other":0.0168,"winner24":"likud"}},{"type":"Feature","geometry":{"type":"Point","coordinates":[35.13489,33.07118]},"properties":{"semel":589,"name":"בצת","winner":"yesh_atid","winnerShare":0.3345,"turnout":0.7857,"valid":296,"sh_likud":0.2061,"sh24_likud":0.2,"sh_yesh_atid":0.3345,"sh24_yesh_atid":0.2178,"sh_shas":0.0203,"sh24_shas":0.0133,"sh_utj":0.0034,"sh_rz":0.0845,"sh24_rz":0.0133,"sh_labor":0.0811,"sh24_labor":0.0889,"sh_gantz":0.1791,"sh24_gantz":0.2,"sh_yb":0.0135,"sh24_yb":0.0044,"sh_meretz":0.0372,"sh24_meretz":0.0667,"sh_hadash":0.0034,"sh24_joint":0.0089,"sh24_yamina":0.08,"sh24_newhope":0.0978,"sh_habait":0.0135,"sh_other":0.0236,"sh24_other":0.0089,"winner24":"yesh_atid"}},{"type":"Feature","geometry":{"type":"Point","coordinates":[35.55326,32.58857]},"properties":{"semel":590,"name":"נווה אור","winner":"yesh_atid","winnerShare":0.3904,"turnout":0.6638,"valid":228,"sh_likud":0.0702,"sh24_likud":0.0693,"sh_yesh_atid":0.3904,"sh24_yesh_atid":0.2641,"sh24_shas":0.0043,"sh_rz":0.0789,"sh24_rz":0.0087,"sh_labor":0.1667,"sh24_labor":0.2511,"sh_gantz":0.1623,"sh24_gantz":0.1385,"sh_yb":0.0351,"sh24_yb":0.0606,"sh_meretz":0.0439,"sh24_meretz":0.0909,"sh24_yamina":0.0476,"sh24_newhope":0.0303,"sh_habait":0.0088,"sh_other":0.0439,"sh24_other":0.0346,"winner24":"yesh_atid"}},{"type":"Feature","geometry":{"type":"Point","coordinates":[34.74729,31.82463]},"properties":{"semel":591,"name":"עשרת","winner":"yesh_atid","winnerShare":0.4938,"turnout":0.7299,"valid":642,"sh_likud":0.109,"sh24_likud":0.1048,"sh_yesh_atid":0.4938,"sh24_yesh_atid":0.3518,"sh_shas":0.0031,"sh24_shas":0.0045,"sh_utj":0.0062,"sh24_utj":0.0015,"sh_rz":0.0265,"sh24_rz":0.012,"sh_labor":0.0748,"sh24_labor":0.1287,"sh_gantz":0.1651,"sh24_gantz":0.1662,"sh_yb":0.0234,"sh24_yb":0.0225,"sh_meretz":0.0701,"sh24_meretz":0.1213,"sh_hadash":0.0016,"sh24_joint":0.0015,"sh24_yamina":0.0479,"sh24_newhope":0.0299,"sh_habait":0.014,"sh_other":0.0125,"sh24_other":0.0075,"winner24":"yesh_atid"}},{"type":"Feature","geometry":{"type":"Point","coordinates":[34.69173,31.81982]},"properties":{"semel":592,"name":"בני דרום","winner":"rz","winnerShare":0.4036,"turnout":0.8091,"valid":441,"sh_likud":0.2018,"sh24_likud":0.1549,"sh_yesh_atid":0.0408,"sh24_yesh_atid":0.0493,"sh_shas":0.0159,"sh24_shas":0.0094,"sh24_utj":0.0023,"sh_rz":0.4036,"sh24_rz":0.2183,"sh_labor":0.0227,"sh24_labor":0.0423,"sh_gantz":0.1338,"sh24_gantz":0.0235,"sh_yb":0.0091,"sh24_yb":0.0047,"sh24_meretz":0.0023,"sh24_yamina":0.446,"sh24_newhope":0.0399,"sh_habait":0.1701,"sh_other":0.0023,"sh24_other":0.007,"winner24":"yamina"}},{"type":"Feature","geometry":{"type":"Point","coordinates":[34.77243,31.7342]},"properties":{"semel":593,"name":"ערוגות","winner":"yesh_atid","winnerShare":0.3201,"turnout":0.7971,"valid":553,"sh_likud":0.1935,"sh24_likud":0.2026,"sh_yesh_atid":0.3201,"sh24_yesh_atid":0.2026,"sh_shas":0.0108,"sh24_shas":0.0147,"sh_rz":0.0741,"sh24_rz":0.0184,"sh_labor":0.0778,"sh24_labor":0.1271,"sh_gantz":0.2297,"sh24_gantz":0.2284,"sh_yb":0.0108,"sh24_yb":0.0166,"sh_meretz":0.0452,"sh24_meretz":0.0829,"sh_hadash":0.0036,"sh24_yamina":0.0552,"sh24_newhope":0.0479,"sh_habait":0.0036,"sh_other":0.0307,"sh24_other":0.0037,"winner24":"gantz"}},{"type":"Feature","geometry":{"type":"Point","coordinates":[34.85573,32.00319]},"properties":{"semel":594,"name":"צפריה","winner":"rz","winnerShare":0.4214,"turnout":0.7939,"valid":439,"sh_likud":0.2027,"sh24_likud":0.1632,"sh_yesh_atid":0.0387,"sh24_yesh_atid":0.0299,"sh_shas":0.0729,"sh24_shas":0.0506,"sh_utj":0.0296,"sh24_utj":0.0115,"sh_rz":0.4214,"sh24_rz":0.246,"sh_labor":0.0114,"sh24_labor":0.0207,"sh_gantz":0.1002,"sh24_gantz":0.0437,"sh_yb":0.0068,"sh_meretz":0.0046,"sh24_meretz":0.0046,"sh24_yamina":0.3609,"sh24_newhope":0.0598,"sh_habait":0.0979,"sh_other":0.0137,"sh24_other":0.0092,"winner24":"yamina"}},{"type":"Feature","geometry":{"type":"Point","coordinates":[35.09769,32.96335]},"properties":{"semel":595,"name":"לוחמי הגיטאות","winner":"yesh_atid","winnerShare":0.3794,"turnout":0.7672,"valid":456,"sh_likud":0.0768,"sh24_likud":0.0713,"sh_yesh_atid":0.3794,"sh24_yesh_atid":0.2762,"sh_shas":0.0044,"sh_rz":0.0548,"sh24_rz":0.0067,"sh_labor":0.1689,"sh24_labor":0.2227,"sh_gantz":0.1864,"sh24_gantz":0.1604,"sh_yb":0.0197,"sh24_yb":0.029,"sh_meretz":0.0789,"sh24_meretz":0.1359,"sh_raam":0.0022,"sh_hadash":0.0066,"sh24_yamina":0.0312,"sh24_newhope":0.0401,"sh_habait":0.0044,"sh_other":0.0175,"sh24_other":0.0267,"winner24":"yesh_atid"}},{"type":"Feature","geometry":{"type":"Point","coordinates":[35.51069,33.10086]},"properties":{"semel":596,"name":"מלכיה","winner":"yesh_atid","winnerShare":0.3589,"turnout":0.6034,"valid":248,"sh_likud":0.0605,"sh24_likud":0.0524,"sh_yesh_atid":0.3589,"sh24_yesh_atid":0.1976,"sh_shas":0.0081,"sh24_shas":0.0121,"sh_rz":0.0323,"sh24_rz":0.004,"sh_labor":0.2823,"sh24_labor":0.3548,"sh_gantz":0.1532,"sh24_gantz":0.129,"sh_yb":0.0161,"sh24_yb":0.0161,"sh_meretz":0.0726,"sh24_meretz":0.1492,"sh_hadash":0.004,"sh24_yamina":0.0282,"sh24_newhope":0.0282,"sh_habait":0.004,"sh_other":0.0081,"sh24_other":0.0282,"winner24":"labor"}},{"type":"Feature","geometry":{"type":"Point","coordinates":[34.70637,31.93343]},"properties":{"semel":597,"name":"פלמחים","winner":"yesh_atid","winnerShare":0.37,"turnout":0.7132,"valid":454,"sh_likud":0.0925,"sh24_likud":0.0987,"sh_yesh_atid":0.37,"sh24_yesh_atid":0.2124,"sh_shas":0.0066,"sh24_shas":0.0043,"sh_rz":0.0374,"sh24_rz":0.0021,"sh_labor":0.1872,"sh24_labor":0.2725,"sh_gantz":0.141,"sh24_gantz":0.1073,"sh_yb":0.0066,"sh24_yb":0.0236,"sh_meretz":0.141,"sh24_meretz":0.191,"sh24_joint":0.0021,"sh24_yamina":0.0386,"sh24_newhope":0.0322,"sh_habait":0.0022,"sh_other":0.0154,"sh24_other":0.015,"winner24":"labor"}},{"type":"Feature","geometry":{"type":"Point","coordinates":[34.76138,31.44837]},"properties":{"semel":598,"name":"בית קמה","winner":"yesh_atid","winnerShare":0.4283,"turnout":0.7523,"valid":565,"sh_likud":0.0867,"sh24_likud":0.0665,"sh_yesh_atid":0.4283,"sh24_yesh_atid":0.268,"sh_shas":0.0035,"sh24_shas":0.0053,"sh24_utj":0.0018,"sh_rz":0.0265,"sh24_rz":0.0105,"sh_labor":0.108,"sh24_labor":0.1716,"sh_gantz":0.1752,"sh24_gantz":0.1349,"sh_yb":0.0177,"sh24_yb":0.028,"sh_meretz":0.1363,"sh24_meretz":0.2224,"sh_raam":0.0018,"sh_hadash":0.0018,"sh24_yamina":0.0455,"sh24_newhope":0.0315,"sh_habait":0.0071,"sh_other":0.0071,"sh24_other":0.014,"winner24":"yesh_atid"}},{"type":"Feature","geometry":{"type":"Point","coordinates":[35.43331,32.93218]},"properties":{"semel":599,"name":"פרוד","winner":"yesh_atid","winnerShare":0.4007,"turnout":0.692,"valid":297,"sh_likud":0.0943,"sh24_likud":0.0984,"sh_yesh_atid":0.4007,"sh24_yesh_atid":0.3429,"sh_rz":0.0303,"sh24_rz":0.0032,"sh_labor":0.1212,"sh24_labor":0.2032,"sh_gantz":0.2222,"sh24_gantz":0.1048,"sh_yb":0.0303,"sh24_yb":0.0063,"sh_meretz":0.064,"sh24_meretz":0.0857,"sh_hadash":0.0034,"sh_balad":0.0034,"sh24_joint":0.0063,"sh24_yamina":0.054,"sh24_newhope":0.0603,"sh_habait":0.0101,"sh_other":0.0202,"sh24_other":0.0349,"winner24":"yesh_atid"}},{"type":"Feature","geometry":{"type":"Point","coordinates":[34.39493,31.33598]},"properties":{"semel":602,"name":"נירים","winner":"yesh_atid","winnerShare":0.3253,"turnout":0.7019,"valid":292,"sh_likud":0.0685,"sh24_likud":0.0455,"sh_yesh_atid":0.3253,"sh24_yesh_atid":0.1629,"sh24_shas":0.0038,"sh_rz":0.0616,"sh24_rz":0.0076,"sh_labor":0.137,"sh24_labor":0.2348,"sh_gantz":0.1164,"sh24_gantz":0.1061,"sh_yb":0.0342,"sh24_yb":0.0114,"sh_meretz":0.2295,"sh24_meretz":0.3182,"sh_balad":0.0034,"sh24_joint":0.0076,"sh24_yamina":0.0606,"sh24_newhope":0.0303,"sh_other":0.024,"sh24_other":0.0114,"winner24":"meretz"}},{"type":"Feature","geometry":{"type":"Point","coordinates":[35.32382,33.03329]},"properties":{"semel":603,"name":"אלקוש","winner":"likud","winnerShare":0.4471,"turnout":0.6641,"valid":170,"sh_likud":0.4471,"sh24_likud":0.5532,"sh_yesh_atid":0.0588,"sh24_yesh_atid":0.0284,"sh_shas":0.1529,"sh24_shas":0.1986,"sh_rz":0.2647,"sh24_rz":0.0638,"sh_labor":0.0118,"sh24_labor":0.0213,"sh_gantz":0.0471,"sh24_gantz":0.0426,"sh24_yb":0.0213,"sh_meretz":0.0118,"sh24_meretz":0.0071,"sh24_joint":0.0071,"sh24_yamina":0.0142,"sh24_newhope":0.0355,"sh_other":0.0059,"sh24_other":0.0071,"winner24":"likud"}},{"type":"Feature","geometry":{"type":"Point","coordinates":[34.93444,31.99593]},"properties":{"semel":604,"name":"בית עריף","winner":"likud","winnerShare":0.4356,"turnout":0.7865,"valid":606,"sh_likud":0.4356,"sh24_likud":0.5062,"sh_yesh_atid":0.0924,"sh24_yesh_atid":0.0949,"sh_shas":0.1056,"sh24_shas":0.0861,"sh_utj":0.005,"sh24_utj":0.0088,"sh_rz":0.198,"sh24_rz":0.0949,"sh_labor":0.0198,"sh24_labor":0.0369,"sh_gantz":0.099,"sh24_gantz":0.0527,"sh_yb":0.0099,"sh24_yb":0.0035,"sh_meretz":0.0116,"sh24_meretz":0.0141,"sh_hadash":0.0017,"sh24_joint":0.0018,"sh24_yamina":0.0633,"sh24_newhope":0.0316,"sh_habait":0.0116,"sh_other":0.0099,"sh24_other":0.0053,"winner24":"likud"}},{"type":"Feature","geometry":{"type":"Point","coordinates":[35.4572,32.95674]},"properties":{"semel":605,"name":"כפר שמאי","winner":"likud","winnerShare":0.4325,"turnout":0.7221,"valid":252,"sh_likud":0.4325,"sh24_likud":0.4542,"sh_yesh_atid":0.0238,"sh24_yesh_atid":0.0458,"sh_shas":0.1032,"sh24_shas":0.1167,"sh_utj":0.0278,"sh24_utj":0.0167,"sh_rz":0.3452,"sh24_rz":0.2208,"sh_labor":0.0159,"sh24_labor":0.0167,"sh_gantz":0.0278,"sh24_gantz":0.0167,"sh24_yb":0.0083,"sh_meretz":0.0198,"sh24_meretz":0.0208,"sh24_yamina":0.0458,"sh24_newhope":0.0208,"sh_habait":0.004,"sh24_other":0.0167,"winner24":"likud"}},{"type":"Feature","geometry":{"type":"Point","coordinates":[34.92537,32.05158]},"properties":{"semel":606,"name":"מזור","winner":"yesh_atid","winnerShare":0.5107,"turnout":0.7204,"valid":605,"sh_likud":0.0959,"sh24_likud":0.0942,"sh_yesh_atid":0.5107,"sh24_yesh_atid":0.3579,"sh_shas":0.0017,"sh_rz":0.0231,"sh24_rz":0.0047,"sh_labor":0.0744,"sh24_labor":0.1491,"sh_gantz":0.1802,"sh24_gantz":0.1695,"sh_yb":0.0198,"sh24_yb":0.0267,"sh_meretz":0.0678,"sh24_meretz":0.0816,"sh_raam":0.005,"sh_hadash":0.0017,"sh24_joint":0.0031,"sh24_yamina":0.0424,"sh24_newhope":0.0565,"sh_habait":0.005,"sh_other":0.0149,"sh24_other":0.0141,"winner24":"yesh_atid"}},{"type":"Feature","geometry":{"type":"Point","coordinates":[35.43999,32.98707]},"properties":{"semel":607,"name":"מירון","winner":"rz","winnerShare":0.3639,"turnout":0.6217,"valid":327,"sh_likud":0.0887,"sh24_likud":0.1032,"sh_yesh_atid":0.0122,"sh24_yesh_atid":0.0071,"sh_shas":0.2232,"sh24_shas":0.1352,"sh_utj":0.1896,"sh24_utj":0.1708,"sh_rz":0.3639,"sh24_rz":0.3843,"sh_labor":0.0092,"sh24_labor":0.0142,"sh_gantz":0.0367,"sh24_gantz":0.0214,"sh_raam":0.0031,"sh24_yamina":0.121,"sh24_newhope":0.0142,"sh_habait":0.0581,"sh_other":0.0153,"sh24_other":0.0285,"winner24":"rz"}},{"type":"Feature","geometry":{"type":"Point","coordinates":[35.44017,33.01205]},"properties":{"semel":609,"name":"כפר חושן","winner":"likud","winnerShare":0.456,"turnout":0.7018,"valid":432,"sh_likud":0.456,"sh24_likud":0.4976,"sh_yesh_atid":0.0208,"sh24_yesh_atid":0.0171,"sh_shas":0.1435,"sh24_shas":0.2024,"sh_utj":0.0231,"sh24_utj":0.0024,"sh_rz":0.2245,"sh24_rz":0.1024,"sh_labor":0.0093,"sh24_labor":0.0122,"sh_gantz":0.1088,"sh24_gantz":0.0854,"sh_yb":0.0023,"sh24_yb":0.0024,"sh24_meretz":0.0073,"sh24_yamina":0.0415,"sh24_newhope":0.0268,"sh_habait":0.0046,"sh_other":0.0069,"sh24_other":0.0024,"winner24":"likud"}},{"type":"Feature","geometry":{"type":"Point","coordinates":[34.84459,31.89023]},"properties":{"semel":610,"name":"סתריה","winner":"yesh_atid","winnerShare":0.3957,"turnout":0.7575,"valid":604,"sh_likud":0.1374,"sh24_likud":0.1242,"sh_yesh_atid":0.3957,"sh24_yesh_atid":0.2742,"sh_shas":0.0149,"sh24_shas":0.0016,"sh_utj":0.0017,"sh24_utj":0.0048,"sh_rz":0.0397,"sh24_rz":0.0161,"sh_labor":0.1076,"sh24_labor":0.1597,"sh_gantz":0.1573,"sh24_gantz":0.1661,"sh_yb":0.0331,"sh24_yb":0.0435,"sh_meretz":0.0795,"sh24_meretz":0.0968,"sh_hadash":0.0017,"sh24_joint":0.0016,"sh24_yamina":0.0387,"sh24_newhope":0.0581,"sh_habait":0.0132,"sh_other":0.0182,"sh24_other":0.0145,"winner24":"yesh_atid"}},{"type":"Feature","geometry":{"type":"Point","coordinates":[34.94831,32.64853]},"properties":{"semel":612,"name":"צרופה","winner":"likud","winnerShare":0.3141,"turnout":0.7416,"valid":554,"sh_likud":0.3141,"sh24_likud":0.3626,"sh_yesh_atid":0.1805,"sh24_yesh_atid":0.1319,"sh_shas":0.0343,"sh24_shas":0.0366,"sh_utj":0.0181,"sh24_utj":0.0128,"sh_rz":0.1823,"sh24_rz":0.0403,"sh_labor":0.0307,"sh24_labor":0.0568,"sh_gantz":0.1769,"sh24_gantz":0.1081,"sh_yb":0.0126,"sh24_yb":0.0256,"sh_meretz":0.0162,"sh24_meretz":0.022,"sh_hadash":0.0018,"sh24_joint":0.0018,"sh24_yamina":0.0751,"sh24_newhope":0.0989,"sh_habait":0.0054,"sh_other":0.0271,"sh24_other":0.0275,"winner24":"likud"}},{"type":"Feature","geometry":{"type":"Point","coordinates":[35.27845,32.74556]},"properties":{"semel":613,"name":"ציפורי","winner":"yesh_atid","winnerShare":0.3918,"turnout":0.6929,"valid":485,"sh_likud":0.1258,"sh24_likud":0.1161,"sh_yesh_atid":0.3918,"sh24_yesh_atid":0.2668,"sh_shas":0.0062,"sh24_shas":0.002,"sh_utj":0.0041,"sh24_utj":0.0041,"sh_rz":0.0392,"sh24_rz":0.0081,"sh_labor":0.0969,"sh24_labor":0.165,"sh_gantz":0.2124,"sh24_gantz":0.1568,"sh_yb":0.0227,"sh24_yb":0.0285,"sh_meretz":0.066,"sh24_meretz":0.1059,"sh_hadash":0.0021,"sh_balad":0.0021,"sh24_joint":0.002,"sh24_yamina":0.057,"sh24_newhope":0.0774,"sh_habait":0.0124,"sh_other":0.0186,"sh24_other":0.0102,"winner24":"yesh_atid"}},{"type":"Feature","geometry":{"type":"Point","coordinates":[35.28371,33.08316]},"properties":{"semel":614,"name":"שומרה","winner":"likud","winnerShare":0.5764,"turnout":0.6548,"valid":203,"sh_likud":0.5764,"sh24_likud":0.6563,"sh_yesh_atid":0.069,"sh24_yesh_atid":0.0677,"sh_shas":0.069,"sh24_shas":0.0833,"sh_utj":0.0099,"sh_rz":0.1675,"sh24_rz":0.026,"sh_labor":0.0148,"sh24_labor":0.026,"sh_gantz":0.0739,"sh24_gantz":0.0521,"sh_yb":0.0049,"sh24_yb":0.0104,"sh24_yamina":0.0417,"sh24_newhope":0.026,"sh_other":0.0148,"sh24_other":0.0104,"winner24":"likud"}},{"type":"Feature","geometry":{"type":"Point","coordinates":[34.79634,31.81543]},"properties":{"semel":615,"name":"קדרון","winner":"yesh_atid","winnerShare":0.4771,"turnout":0.748,"valid":918,"sh_likud":0.0675,"sh24_likud":0.0651,"sh_yesh_atid":0.4771,"sh24_yesh_atid":0.3199,"sh_shas":0.0065,"sh24_shas":0.0022,"sh_utj":0.0011,"sh_rz":0.0272,"sh24_rz":0.0067,"sh_labor":0.1013,"sh24_labor":0.1639,"sh_gantz":0.1808,"sh24_gantz":0.147,"sh_yb":0.0251,"sh24_yb":0.0483,"sh_meretz":0.0795,"sh24_meretz":0.1268,"sh_hadash":0.0022,"sh24_joint":0.0011,"sh24_yamina":0.0382,"sh24_newhope":0.0629,"sh_habait":0.0087,"sh_other":0.0229,"sh24_other":0.018,"winner24":"yesh_atid"}},{"type":"Feature","geometry":{"type":"Point","coordinates":[34.92822,32.04417]},"properties":{"semel":616,"name":"רינתיה","winner":"likud","winnerShare":0.3327,"turnout":0.7601,"valid":523,"sh_likud":0.3327,"sh24_likud":0.2779,"sh_yesh_atid":0.2811,"sh24_yesh_atid":0.2133,"sh_shas":0.0268,"sh24_shas":0.0254,"sh_utj":0.0038,"sh24_utj":0.0039,"sh_rz":0.0535,"sh24_rz":0.0157,"sh_labor":0.0688,"sh24_labor":0.1096,"sh_gantz":0.1644,"sh24_gantz":0.1311,"sh_yb":0.0153,"sh24_yb":0.0117,"sh_meretz":0.0306,"sh24_meretz":0.0548,"sh_hadash":0.0019,"sh24_yamina":0.0861,"sh24_newhope":0.045,"sh_habait":0.0076,"sh_other":0.0134,"sh24_other":0.0254,"winner24":"likud"}},{"type":"Feature","geometry":{"type":"Point","coordinates":[35.02913,32.4751]},"properties":{"semel":617,"name":"ברקאי","winner":"meretz","winnerShare":0.3694,"turnout":0.628,"valid":333,"sh_likud":0.021,"sh24_likud":0.0176,"sh_yesh_atid":0.3393,"sh24_yesh_atid":0.1906,"sh_shas":0.003,"sh24_utj":0.0029,"sh_rz":0.012,"sh_labor":0.1291,"sh24_labor":0.2023,"sh_gantz":0.0811,"sh24_gantz":0.1496,"sh_yb":0.006,"sh24_yb":0.0088,"sh_meretz":0.3694,"sh24_meretz":0.3636,"sh_raam":0.003,"sh_hadash":0.006,"sh24_joint":0.0059,"sh24_yamina":0.0264,"sh24_newhope":0.0176,"sh_habait":0.003,"sh_other":0.027,"sh24_other":0.0147,"winner24":"meretz"}},{"type":"Feature","geometry":{"type":"Point","coordinates":[34.93194,31.96887]},"properties":{"semel":618,"name":"חדיד","winner":"likud","winnerShare":0.4209,"turnout":0.78,"valid":506,"sh_likud":0.4209,"sh24_likud":0.4654,"sh_yesh_atid":0.1047,"sh24_yesh_atid":0.0732,"sh_shas":0.0909,"sh24_shas":0.0813,"sh_utj":0.0198,"sh24_utj":0.0224,"sh_rz":0.2372,"sh24_rz":0.1138,"sh_labor":0.0119,"sh24_labor":0.0407,"sh_gantz":0.0553,"sh24_gantz":0.0346,"sh_yb":0.004,"sh24_yb":0.0122,"sh_meretz":0.0099,"sh24_meretz":0.0122,"sh_hadash":0.002,"sh24_yamina":0.0813,"sh24_newhope":0.0447,"sh_habait":0.0296,"sh_other":0.0138,"sh24_other":0.0183,"winner24":"likud"}},{"type":"Feature","geometry":{"type":"Point","coordinates":[34.89594,31.61302]},"properties":{"semel":619,"name":"בית גוברין","winner":"yesh_atid","winnerShare":0.4802,"turnout":0.7517,"valid":227,"sh_likud":0.0264,"sh24_likud":0.0357,"sh_yesh_atid":0.4802,"sh24_yesh_atid":0.2991,"sh_rz":0.0264,"sh24_rz":0.0089,"sh_labor":0.1894,"sh24_labor":0.308,"sh_gantz":0.141,"sh24_gantz":0.1295,"sh_yb":0.0132,"sh24_yb":0.0223,"sh_meretz":0.0837,"sh24_meretz":0.1339,"sh_hadash":0.0088,"sh24_yamina":0.0089,"sh24_newhope":0.0357,"sh_habait":0.0088,"sh_other":0.022,"sh24_other":0.0179,"winner24":"labor"}},{"type":"Feature","geometry":{"type":"Point","coordinates":[34.68962,31.70288]},"properties":{"semel":620,"name":"משואות יצחק","winner":"rz","winnerShare":0.4011,"turnout":0.8333,"valid":374,"sh_likud":0.1524,"sh24_likud":0.0731,"sh_yesh_atid":0.0642,"sh24_yesh_atid":0.0548,"sh_shas":0.0027,"sh24_shas":0.0026,"sh_utj":0.0053,"sh_rz":0.4011,"sh24_rz":0.2272,"sh_labor":0.008,"sh24_labor":0.0313,"sh_gantz":0.1123,"sh24_gantz":0.0522,"sh_yb":0.0053,"sh_meretz":0.0214,"sh24_meretz":0.0235,"sh24_yamina":0.4752,"sh24_newhope":0.0548,"sh_habait":0.2112,"sh_other":0.016,"sh24_other":0.0052,"winner24":"yamina"}},{"type":"Feature","geometry":{"type":"Point","coordinates":[34.71983,31.69597]},"properties":{"semel":622,"name":"עין צורים","winner":"rz","winnerShare":0.2625,"turnout":0.8128,"valid":381,"sh_likud":0.1417,"sh24_likud":0.1304,"sh_yesh_atid":0.0945,"sh24_yesh_atid":0.0667,"sh_shas":0.0079,"sh24_shas":0.0058,"sh_utj":0.0157,"sh24_utj":0.0058,"sh_rz":0.2625,"sh24_rz":0.1826,"sh_labor":0.0341,"sh24_labor":0.0841,"sh_gantz":0.2073,"sh24_gantz":0.0493,"sh_yb":0.0079,"sh24_yb":0.0087,"sh_meretz":0.0131,"sh24_meretz":0.0174,"sh24_yamina":0.3855,"sh24_newhope":0.0638,"sh_habait":0.1995,"sh_other":0.0157,"winner24":"yamina"}},{"type":"Feature","geometry":{"type":"Point","coordinates":[35.45518,33.07734]},"properties":{"semel":623,"name":"יראון","winner":"yesh_atid","winnerShare":0.4424,"turnout":0.5967,"valid":217,"sh_likud":0.023,"sh24_likud":0.0237,"sh_yesh_atid":0.4424,"sh24_yesh_atid":0.2512,"sh_shas":0.0046,"sh_rz":0.023,"sh_labor":0.2442,"sh24_labor":0.3602,"sh_gantz":0.1336,"sh24_gantz":0.1043,"sh_yb":0.023,"sh24_yb":0.019,"sh_meretz":0.0737,"sh24_meretz":0.1185,"sh_hadash":0.0046,"sh24_yamina":0.0332,"sh24_newhope":0.0474,"sh_habait":0.0046,"sh_other":0.023,"sh24_other":0.0427,"winner24":"labor"}},{"type":"Feature","geometry":{"type":"Point","coordinates":[34.95324,32.15259]},"properties":{"semel":627,"name":"גלגוליה","winner":"raam","winnerShare":0.611,"turnout":0.695,"valid":4746,"sh_likud":0.0027,"sh24_likud":0.0052,"sh_yesh_atid":0.0013,"sh24_yesh_atid":0.0049,"sh_shas":0.0004,"sh24_shas":0.0003,"sh_utj":0.0002,"sh_rz":0.0004,"sh_labor":0.0044,"sh24_labor":0.0424,"sh_gantz":0.0023,"sh24_yb":0.0003,"sh_meretz":0.0053,"sh24_meretz":0.0367,"sh_raam":0.611,"sh24_raam":0.6109,"sh_hadash":0.1985,"sh_balad":0.1717,"sh24_joint":0.2901,"sh24_yamina":0.0013,"sh24_newhope":0.0003,"sh_other":0.0017,"sh24_other":0.0076,"winner24":"raam"}},{"type":"Feature","geometry":{"type":"Point","coordinates":[35.03661,32.39931]},"properties":{"semel":628,"name":"גת","winner":"balad","winnerShare":0.4584,"turnout":0.3983,"valid":3414,"sh_likud":0.0067,"sh24_likud":0.0187,"sh_yesh_atid":0.0023,"sh24_yesh_atid":0.0127,"sh_shas":0.0003,"sh24_shas":0.0045,"sh_rz":0.0003,"sh24_rz":0.0005,"sh_labor":0.0006,"sh24_labor":0.0018,"sh_gantz":0.0026,"sh24_gantz":0.0018,"sh_meretz":0.0111,"sh24_meretz":0.0491,"sh_raam":0.2581,"sh24_raam":0.4395,"sh_hadash":0.2542,"sh_balad":0.4584,"sh24_joint":0.4609,"sh24_yamina":0.0018,"sh24_newhope":0.0014,"sh_other":0.0053,"sh24_other":0.0073,"winner24":"joint"}},{"type":"Feature","geometry":{"type":"Point","coordinates":[34.97062,32.13093]},"properties":{"semel":633,"name":"כפר ברא","winner":"raam","winnerShare":0.6944,"turnout":0.6479,"valid":1656,"sh_likud":0.0024,"sh24_likud":0.0178,"sh_yesh_atid":0.0012,"sh24_yesh_atid":0.0044,"sh_labor":0.0018,"sh24_labor":0.0015,"sh24_gantz":0.0007,"sh_meretz":0.032,"sh24_meretz":0.057,"sh_raam":0.6944,"sh24_raam":0.7713,"sh_hadash":0.099,"sh_balad":0.163,"sh24_joint":0.1258,"sh24_yamina":0.017,"sh24_newhope":0.0007,"sh_habait":0.0036,"sh_other":0.0024,"sh24_other":0.0037,"winner24":"raam"}},{"type":"Feature","geometry":{"type":"Point","coordinates":[34.97453,32.11485]},"properties":{"semel":634,"name":"כפר קאסם","winner":"raam","winnerShare":0.6751,"turnout":0.6688,"valid":10895,"sh_likud":0.0029,"sh24_likud":0.0095,"sh_yesh_atid":0.0083,"sh24_yesh_atid":0.0028,"sh_shas":0.0006,"sh24_shas":0.0005,"sh_utj":0.0003,"sh_rz":0.0004,"sh24_rz":0.0012,"sh_labor":0.0021,"sh24_labor":0.0037,"sh_gantz":0.0036,"sh24_gantz":0.0028,"sh_yb":0.0002,"sh24_yb":0.0003,"sh_meretz":0.0542,"sh24_meretz":0.1949,"sh_raam":0.6751,"sh24_raam":0.627,"sh_hadash":0.1307,"sh_balad":0.1176,"sh24_joint":0.1524,"sh24_yamina":0.0006,"sh24_newhope":0.0006,"sh_habait":0.0001,"sh_other":0.004,"sh24_other":0.0038,"winner24":"raam"}},{"type":"Feature","geometry":{"type":"Point","coordinates":[35.29611,32.51422]},"properties":{"semel":635,"name":"מוקייבלה","winner":"hadash","winnerShare":0.4074,"turnout":0.4074,"valid":1112,"sh_likud":0.0036,"sh24_likud":0.0247,"sh_yesh_atid":0.0027,"sh24_yesh_atid":0.0011,"sh_shas":0.0009,"sh_labor":0.009,"sh24_labor":0.0032,"sh24_gantz":0.0032,"sh_meretz":0.0117,"sh24_meretz":0.0183,"sh_raam":0.3876,"sh24_raam":0.4505,"sh_hadash":0.4074,"sh_balad":0.1727,"sh24_joint":0.4914,"sh_other":0.0045,"sh24_other":0.0075,"winner24":"joint"}},{"type":"Feature","geometry":{"type":"Point","coordinates":[35.32331,32.52263]},"properties":{"semel":636,"name":"צנדלה","winner":"balad","winnerShare":0.479,"turnout":0.3665,"valid":476,"sh_likud":0.0021,"sh24_likud":0.012,"sh24_yesh_atid":0.024,"sh_gantz":0.0021,"sh_meretz":0.0063,"sh24_meretz":0.015,"sh_raam":0.2626,"sh24_raam":0.4144,"sh_hadash":0.2416,"sh_balad":0.479,"sh24_joint":0.5315,"sh_other":0.0063,"sh24_other":0.003,"winner24":"joint"}},{"type":"Feature","geometry":{"type":"Point","coordinates":[35.09034,32.49953]},"properties":{"semel":637,"name":"ערערה","winner":"balad","winnerShare":0.4506,"turnout":0.5245,"valid":7393,"sh_likud":0.0043,"sh24_likud":0.0096,"sh_yesh_atid":0.0031,"sh24_yesh_atid":0.0042,"sh_shas":0.0023,"sh24_shas":0.0008,"sh_rz":0.0015,"sh_labor":0.0028,"sh24_labor":0.0051,"sh_gantz":0.0077,"sh24_gantz":0.0008,"sh_yb":0.0001,"sh_meretz":0.0085,"sh24_meretz":0.0446,"sh_raam":0.2515,"sh24_raam":0.3078,"sh_hadash":0.2609,"sh_balad":0.4506,"sh24_joint":0.6101,"sh24_newhope":0.01,"sh_other":0.0066,"sh24_other":0.007,"winner24":"joint"}},{"type":"Feature","geometry":{"type":"Point","coordinates":[34.97741,32.28783]},"properties":{"semel":638,"name":"קלנסווה","winner":"hadash","winnerShare":0.4154,"turnout":0.5427,"valid":8290,"sh_likud":0.0052,"sh24_likud":0.0154,"sh_yesh_atid":0.0018,"sh24_yesh_atid":0.0109,"sh_shas":0.0007,"sh24_shas":0.0006,"sh_rz":0.0019,"sh24_rz":0.0002,"sh_labor":0.0012,"sh24_labor":0.0047,"sh_gantz":0.0066,"sh24_gantz":0.0008,"sh_yb":0.0001,"sh24_yb":0.0002,"sh_meretz":0.0076,"sh24_meretz":0.0346,"sh_raam":0.2312,"sh24_raam":0.2378,"sh_hadash":0.4154,"sh_balad":0.3224,"sh24_joint":0.6828,"sh24_yamina":0.0002,"sh24_newhope":0.0078,"sh_other":0.0057,"sh24_other":0.0041,"winner24":"joint"}},{"type":"Feature","geometry":{"type":"Point","coordinates":[35.04749,32.44004]},"properties":{"semel":648,"name":"מצר","winner":"meretz","winnerShare":0.4094,"turnout":0.6953,"valid":298,"sh_likud":0.0101,"sh24_likud":0.0033,"sh_yesh_atid":0.2685,"sh24_yesh_atid":0.1053,"sh24_rz":0.0033,"sh_labor":0.2148,"sh24_labor":0.2632,"sh_gantz":0.0604,"sh24_gantz":0.0921,"sh_yb":0.0134,"sh24_yb":0.0066,"sh_meretz":0.4094,"sh24_meretz":0.5099,"sh_hadash":0.0034,"sh24_newhope":0.0066,"sh_other":0.0201,"sh24_other":0.0099,"winner24":"meretz"}},{"type":"Feature","geometry":{"type":"Point","coordinates":[35.04187,32.44469]},"properties":{"semel":649,"name":"מייסר","winner":"hadash","winnerShare":0.4064,"turnout":0.4206,"valid":593,"sh_likud":0.0067,"sh24_likud":0.0134,"sh24_yesh_atid":0.0045,"sh24_shas":0.0022,"sh_rz":0.0017,"sh_labor":0.0034,"sh24_labor":0.0089,"sh_meretz":0.0135,"sh24_meretz":0.0536,"sh_raam":0.2024,"sh24_raam":0.308,"sh_hadash":0.4064,"sh_balad":0.3626,"sh24_joint":0.6004,"sh24_yamina":0.0045,"sh_other":0.0034,"sh24_other":0.0045,"winner24":"joint"}},{"type":"Feature","geometry":{"type":"Point","coordinates":[35.11298,32.76149]},"properties":{"semel":652,"name":"אבטין","winner":"raam","winnerShare":0.6171,"turnout":0.4522,"valid":867,"sh_likud":0.0161,"sh24_likud":0.0904,"sh_yesh_atid":0.0138,"sh24_yesh_atid":0.0123,"sh_shas":0.0035,"sh24_shas":0.0031,"sh24_utj":0.0015,"sh_rz":0.0023,"sh_labor":0.0012,"sh24_labor":0.0046,"sh_gantz":0.0092,"sh_yb":0.0219,"sh24_yb":0.0015,"sh_meretz":0.0012,"sh24_meretz":0.0092,"sh_raam":0.6171,"sh24_raam":0.5865,"sh_hadash":0.2249,"sh_balad":0.0854,"sh24_joint":0.2527,"sh24_newhope":0.0291,"sh_other":0.0035,"sh24_other":0.0092,"winner24":"raam"}},{"type":"Feature","geometry":{"type":"Point","coordinates":[35.05207,32.50589]},"properties":{"semel":654,"name":"כפר קרע","winner":"raam","winnerShare":0.5029,"turnout":0.6221,"valid":8489,"sh_likud":0.0039,"sh24_likud":0.0134,"sh_yesh_atid":0.0012,"sh24_yesh_atid":0.0072,"sh_shas":0.0006,"sh24_shas":0.0219,"sh_utj":0.0004,"sh24_utj":0.0002,"sh_rz":0.0009,"sh_labor":0.0026,"sh24_labor":0.0025,"sh_gantz":0.0064,"sh24_gantz":0.0005,"sh24_yb":0.0005,"sh_meretz":0.0074,"sh24_meretz":0.0474,"sh_raam":0.5029,"sh24_raam":0.3588,"sh_hadash":0.1931,"sh_balad":0.2774,"sh24_joint":0.5406,"sh24_yamina":0.0003,"sh24_newhope":0.002,"sh_other":0.0033,"sh24_other":0.0047,"winner24":"joint"}},{"type":"Feature","geometry":{"type":"Point","coordinates":[35.14788,32.99335]},"properties":{"semel":658,"name":"שייח דנון","winner":"balad","winnerShare":0.3331,"turnout":0.5581,"valid":1177,"sh_likud":0.0034,"sh24_likud":0.0132,"sh_yesh_atid":0.0042,"sh24_yesh_atid":0.0051,"sh_shas":0.0017,"sh_rz":0.0008,"sh_labor":0.0008,"sh24_labor":0.002,"sh24_gantz":0.001,"sh_yb":0.0025,"sh24_yb":0.0041,"sh_meretz":0.028,"sh24_meretz":0.0275,"sh_raam":0.3084,"sh24_raam":0.4043,"sh_hadash":0.3025,"sh_balad":0.3331,"sh24_joint":0.5041,"sh24_newhope":0.0316,"sh_other":0.0144,"sh24_other":0.0071,"winner24":"joint"}},{"type":"Feature","geometry":{"type":"Point","coordinates":[34.99707,32.28911]},"properties":{"semel":661,"name":"שער אפרים","winner":"likud","winnerShare":0.3219,"turnout":0.7345,"valid":991,"sh_likud":0.3219,"sh24_likud":0.3308,"sh_yesh_atid":0.2341,"sh24_yesh_atid":0.1844,"sh_shas":0.0595,"sh24_shas":0.0466,"sh_utj":0.005,"sh24_utj":0.0022,"sh_rz":0.1211,"sh24_rz":0.0304,"sh_labor":0.0383,"sh24_labor":0.0889,"sh_gantz":0.1514,"sh24_gantz":0.0868,"sh_yb":0.0091,"sh24_yb":0.026,"sh_meretz":0.0363,"sh24_meretz":0.0477,"sh_hadash":0.001,"sh24_yamina":0.0792,"sh24_newhope":0.0488,"sh_habait":0.0071,"sh_other":0.0151,"sh24_other":0.0282,"winner24":"likud"}},{"type":"Feature","geometry":{"type":"Point","coordinates":[35.29737,32.99777]},"properties":{"semel":662,"name":"חוסן","winner":"likud","winnerShare":0.5054,"turnout":0.7072,"valid":554,"sh_likud":0.5054,"sh24_likud":0.5088,"sh_yesh_atid":0.0975,"sh24_yesh_atid":0.0916,"sh_shas":0.0848,"sh24_shas":0.0663,"sh_utj":0.0072,"sh24_utj":0.0078,"sh_rz":0.1372,"sh24_rz":0.0448,"sh_labor":0.0144,"sh24_labor":0.0292,"sh_gantz":0.0921,"sh24_gantz":0.0409,"sh_yb":0.0253,"sh24_yb":0.0253,"sh_meretz":0.0108,"sh24_meretz":0.0214,"sh24_yamina":0.0643,"sh24_newhope":0.0877,"sh_habait":0.0144,"sh_other":0.0108,"sh24_other":0.0117,"winner24":"likud"}},{"type":"Feature","geometry":{"type":"Point","coordinates":[34.93386,32.01377]},"properties":{"semel":663,"name":"טירת יהודה","winner":"likud","winnerShare":0.3821,"turnout":0.7898,"valid":649,"sh_likud":0.3821,"sh24_likud":0.3244,"sh_yesh_atid":0.0293,"sh24_yesh_atid":0.0236,"sh_shas":0.074,"sh24_shas":0.0598,"sh_utj":0.0092,"sh24_utj":0.0063,"sh_rz":0.3112,"sh24_rz":0.189,"sh_labor":0.0139,"sh24_labor":0.0189,"sh_gantz":0.0786,"sh24_gantz":0.0236,"sh_yb":0.0015,"sh24_yb":0.0016,"sh_meretz":0.0046,"sh24_meretz":0.0094,"sh24_yamina":0.2882,"sh24_newhope":0.0441,"sh_habait":0.0909,"sh_other":0.0046,"sh24_other":0.011,"winner24":"likud"}},{"type":"Feature","geometry":{"type":"Point","coordinates":[35.46762,33.03823]},"properties":{"semel":664,"name":"כרם בן זמרה","winner":"likud","winnerShare":0.4765,"turnout":0.7401,"valid":298,"sh_likud":0.4765,"sh24_likud":0.5068,"sh_yesh_atid":0.0436,"sh24_yesh_atid":0.051,"sh_shas":0.0839,"sh24_shas":0.0544,"sh_utj":0.0201,"sh24_utj":0.0068,"sh_rz":0.1913,"sh24_rz":0.0952,"sh_labor":0.0134,"sh24_labor":0.0272,"sh_gantz":0.1242,"sh24_gantz":0.1122,"sh_meretz":0.0034,"sh24_meretz":0.0068,"sh24_yamina":0.0952,"sh24_newhope":0.0238,"sh_habait":0.0369,"sh_other":0.0067,"sh24_other":0.0204,"winner24":"likud"}},{"type":"Feature","geometry":{"type":"Point","coordinates":[34.57932,31.45092]},"properties":{"semel":665,"name":"תקומה","winner":"likud","winnerShare":0.343,"turnout":0.8074,"valid":414,"sh_likud":0.343,"sh24_likud":0.2808,"sh_yesh_atid":0.0604,"sh24_yesh_atid":0.0567,"sh_shas":0.0314,"sh24_shas":0.0172,"sh_utj":0.0024,"sh24_utj":0.0025,"sh_rz":0.3333,"sh24_rz":0.1773,"sh_labor":0.0072,"sh24_labor":0.032,"sh_gantz":0.1063,"sh24_gantz":0.0517,"sh_yb":0.0024,"sh24_yb":0.0025,"sh_meretz":0.0048,"sh24_meretz":0.0074,"sh24_yamina":0.2882,"sh24_newhope":0.0542,"sh_habait":0.1014,"sh_other":0.0072,"sh24_other":0.0296,"winner24":"yamina"}},{"type":"Feature","geometry":{"type":"Point","coordinates":[34.85018,31.26823]},"properties":{"semel":666,"name":"עומר","winner":"yesh_atid","winnerShare":0.2875,"turnout":0.6908,"valid":4578,"sh_likud":0.2569,"sh24_likud":0.2416,"sh_yesh_atid":0.2875,"sh24_yesh_atid":0.2158,"sh_shas":0.009,"sh24_shas":0.0042,"sh_utj":0.0035,"sh24_utj":0.0027,"sh_rz":0.0939,"sh24_rz":0.0216,"sh_labor":0.0544,"sh24_labor":0.0942,"sh_gantz":0.1763,"sh24_gantz":0.1412,"sh_yb":0.024,"sh24_yb":0.0265,"sh_meretz":0.059,"sh24_meretz":0.0837,"sh_raam":0.0031,"sh24_raam":0.0013,"sh_hadash":0.0026,"sh_balad":0.0042,"sh24_joint":0.0045,"sh24_yamina":0.0898,"sh24_newhope":0.0599,"sh_habait":0.0133,"sh_other":0.0125,"sh24_other":0.0129,"winner24":"likud"}},{"type":"Feature","geometry":{"type":"Point","coordinates":[35.43371,33.05853]},"properties":{"semel":667,"name":"ברעם","winner":"yesh_atid","winnerShare":0.3842,"turnout":0.6746,"valid":367,"sh_likud":0.03,"sh24_likud":0.0301,"sh_yesh_atid":0.3842,"sh24_yesh_atid":0.1913,"sh_shas":0.0054,"sh24_shas":0.0082,"sh_rz":0.0082,"sh24_rz":0.0027,"sh_labor":0.1172,"sh24_labor":0.1913,"sh_gantz":0.1063,"sh24_gantz":0.0902,"sh_yb":0.0082,"sh24_yb":0.0492,"sh_meretz":0.3134,"sh24_meretz":0.4044,"sh_hadash":0.0109,"sh24_joint":0.0055,"sh24_newhope":0.0219,"sh_other":0.0163,"sh24_other":0.0055,"winner24":"meretz"}},{"type":"Feature","geometry":{"type":"Point","coordinates":[34.56188,31.50202]},"properties":{"semel":668,"name":"מפלסים","winner":"yesh_atid","winnerShare":0.3381,"turnout":0.6898,"valid":494,"sh_likud":0.0992,"sh24_likud":0.0719,"sh_yesh_atid":0.3381,"sh24_yesh_atid":0.2643,"sh_utj":0.002,"sh_rz":0.0425,"sh24_rz":0.0042,"sh_labor":0.1377,"sh24_labor":0.2008,"sh_gantz":0.2571,"sh24_gantz":0.2114,"sh_yb":0.0142,"sh24_yb":0.0317,"sh_meretz":0.0769,"sh24_meretz":0.1226,"sh_raam":0.004,"sh_balad":0.002,"sh24_joint":0.0021,"sh24_yamina":0.0402,"sh24_newhope":0.0359,"sh_habait":0.0081,"sh_other":0.0182,"sh24_other":0.0148,"winner24":"yesh_atid"}},{"type":"Feature","geometry":{"type":"Point","coordinates":[34.94547,31.8714]},"properties":{"semel":670,"name":"משמר איילון","winner":"yesh_atid","winnerShare":0.2611,"turnout":0.8342,"valid":337,"sh_likud":0.2285,"sh24_likud":0.2333,"sh_yesh_atid":0.2611,"sh24_yesh_atid":0.22,"sh_shas":0.0059,"sh24_shas":0.0067,"sh24_utj":0.0033,"sh_rz":0.1068,"sh24_rz":0.0167,"sh_labor":0.0593,"sh24_labor":0.0767,"sh_gantz":0.2047,"sh24_gantz":0.1733,"sh_yb":0.0445,"sh24_yb":0.0333,"sh_meretz":0.0415,"sh24_meretz":0.0667,"sh_hadash":0.0059,"sh24_joint":0.0033,"sh24_yamina":0.0467,"sh24_newhope":0.0867,"sh_habait":0.0237,"sh_other":0.0178,"sh24_other":0.0333,"winner24":"likud"}},{"type":"Feature","geometry":{"type":"Point","coordinates":[35.12592,31.80452]},"properties":{"semel":672,"name":"בית נקופה","winner":"likud","winnerShare":0.2663,"turnout":0.745,"valid":368,"sh_likud":0.2663,"sh24_likud":0.2801,"sh_yesh_atid":0.2527,"sh24_yesh_atid":0.1485,"sh_shas":0.0516,"sh24_shas":0.0448,"sh_utj":0.0027,"sh_rz":0.1359,"sh24_rz":0.028,"sh_labor":0.0489,"sh24_labor":0.1092,"sh_gantz":0.1277,"sh24_gantz":0.1008,"sh_yb":0.0245,"sh24_yb":0.028,"sh_meretz":0.0761,"sh24_meretz":0.1176,"sh24_raam":0.0028,"sh_balad":0.0027,"sh24_yamina":0.0728,"sh24_newhope":0.0476,"sh_other":0.0109,"sh24_other":0.0196,"winner24":"likud"}},{"type":"Feature","geometry":{"type":"Point","coordinates":[34.92401,31.98022]},"properties":{"semel":673,"name":"כפר טרומן","winner":"yesh_atid","winnerShare":0.3414,"turnout":0.7765,"valid":454,"sh_likud":0.2137,"sh24_likud":0.2156,"sh_yesh_atid":0.3414,"sh24_yesh_atid":0.2422,"sh_shas":0.0154,"sh24_shas":0.0067,"sh_utj":0.0044,"sh_rz":0.0705,"sh24_rz":0.0178,"sh_labor":0.0441,"sh24_labor":0.0689,"sh_gantz":0.207,"sh24_gantz":0.18,"sh_yb":0.022,"sh24_yb":0.02,"sh_meretz":0.0551,"sh24_meretz":0.0644,"sh_raam":0.0022,"sh24_yamina":0.0667,"sh24_newhope":0.0667,"sh_habait":0.0044,"sh_other":0.0198,"sh24_other":0.0511,"winner24":"yesh_atid"}},{"type":"Feature","geometry":{"type":"Point","coordinates":[35.11273,33.05997]},"properties":{"semel":674,"name":"לימן","winner":"yesh_atid","winnerShare":0.3523,"turnout":0.6807,"valid":386,"sh_likud":0.3083,"sh24_likud":0.2685,"sh_yesh_atid":0.3523,"sh24_yesh_atid":0.2548,"sh_shas":0.0181,"sh24_shas":0.0192,"sh_utj":0.0026,"sh24_utj":0.0027,"sh_rz":0.0544,"sh24_rz":0.011,"sh_labor":0.0492,"sh24_labor":0.0822,"sh_gantz":0.1762,"sh24_gantz":0.1342,"sh_yb":0.0078,"sh24_yb":0.0219,"sh_meretz":0.0104,"sh24_meretz":0.011,"sh24_yamina":0.1068,"sh24_newhope":0.0767,"sh_habait":0.0104,"sh_other":0.0104,"sh24_other":0.011,"winner24":"likud"}},{"type":"Feature","geometry":{"type":"Point","coordinates":[34.93268,32.63708]},"properties":{"semel":675,"name":"הבונים","winner":"yesh_atid","winnerShare":0.5172,"turnout":0.6444,"valid":203,"sh_likud":0.0443,"sh24_likud":0.0379,"sh_yesh_atid":0.5172,"sh24_yesh_atid":0.2844,"sh_shas":0.0049,"sh24_shas":0.0095,"sh_rz":0.0099,"sh24_rz":0.0095,"sh_labor":0.1478,"sh24_labor":0.2844,"sh_gantz":0.1232,"sh24_gantz":0.1469,"sh_yb":0.0148,"sh24_yb":0.019,"sh_meretz":0.1084,"sh24_meretz":0.0948,"sh_hadash":0.0049,"sh_balad":0.0049,"sh24_yamina":0.019,"sh24_newhope":0.0711,"sh_other":0.0197,"sh24_other":0.0237,"winner24":"labor"}},{"type":"Feature","geometry":{"type":"Point","coordinates":[34.40157,31.35147]},"properties":{"semel":676,"name":"עין השלושה","winner":"yesh_atid","winnerShare":0.5115,"turnout":0.5853,"valid":174,"sh_likud":0.0747,"sh24_likud":0.0632,"sh_yesh_atid":0.5115,"sh24_yesh_atid":0.3105,"sh_shas":0.0115,"sh24_shas":0.0053,"sh_rz":0.069,"sh24_rz":0.0211,"sh_labor":0.1264,"sh24_labor":0.2632,"sh_gantz":0.1092,"sh24_gantz":0.0947,"sh_yb":0.0287,"sh24_yb":0.0842,"sh_meretz":0.0402,"sh24_meretz":0.0368,"sh_balad":0.0057,"sh24_joint":0.0158,"sh24_yamina":0.0526,"sh24_newhope":0.0368,"sh_other":0.023,"sh24_other":0.0158,"winner24":"yesh_atid"}},{"type":"Feature","geometry":{"type":"Point","coordinates":[35.23759,32.75058]},"properties":{"semel":677,"name":"הסוללים","winner":"yesh_atid","winnerShare":0.4506,"turnout":0.7329,"valid":557,"sh_likud":0.1023,"sh24_likud":0.0943,"sh_yesh_atid":0.4506,"sh24_yesh_atid":0.3087,"sh_shas":0.0072,"sh24_shas":0.0148,"sh_utj":0.0018,"sh_rz":0.0287,"sh24_rz":0.0055,"sh_labor":0.1221,"sh24_labor":0.1904,"sh_gantz":0.1885,"sh24_gantz":0.1479,"sh_yb":0.0126,"sh24_yb":0.0314,"sh_meretz":0.07,"sh24_meretz":0.1201,"sh_hadash":0.0054,"sh24_joint":0.0055,"sh24_yamina":0.0296,"sh24_newhope":0.0388,"sh_other":0.0108,"sh24_other":0.0129,"winner24":"yesh_atid"}},{"type":"Feature","geometry":{"type":"Point","coordinates":[35.60021,32.70637]},"properties":{"semel":678,"name":"מעגן","winner":"yesh_atid","winnerShare":0.346,"turnout":0.6524,"valid":211,"sh_likud":0.1469,"sh24_likud":0.1346,"sh_yesh_atid":0.346,"sh24_yesh_atid":0.2596,"sh_shas":0.019,"sh24_shas":0.0048,"sh_rz":0.0427,"sh24_rz":0.0096,"sh_labor":0.09,"sh24_labor":0.1683,"sh_gantz":0.2701,"sh24_gantz":0.2067,"sh_yb":0.019,"sh24_yb":0.0337,"sh_meretz":0.0379,"sh24_meretz":0.0913,"sh24_raam":0.0048,"sh24_yamina":0.0385,"sh24_newhope":0.0433,"sh_habait":0.0142,"sh_other":0.0142,"sh24_other":0.0048,"winner24":"yesh_atid"}},{"type":"Feature","geometry":{"type":"Point","coordinates":[34.99323,32.53204]},"properties":{"semel":679,"name":"אביאל","winner":"yesh_atid","winnerShare":0.3159,"turnout":0.7404,"valid":402,"sh_likud":0.1766,"sh24_likud":0.1782,"sh_yesh_atid":0.3159,"sh24_yesh_atid":0.1881,"sh_shas":0.005,"sh24_shas":0.0074,"sh_utj":0.005,"sh24_utj":0.0074,"sh_rz":0.0423,"sh24_rz":0.0099,"sh_labor":0.0896,"sh24_labor":0.198,"sh_gantz":0.1915,"sh24_gantz":0.1015,"sh_yb":0.0075,"sh24_yb":0.0272,"sh_meretz":0.1144,"sh24_meretz":0.1114,"sh_hadash":0.0075,"sh_balad":0.0025,"sh24_joint":0.0074,"sh24_yamina":0.0619,"sh24_newhope":0.0767,"sh_habait":0.005,"sh_other":0.0373,"sh24_other":0.0248,"winner24":"labor"}},{"type":"Feature","geometry":{"type":"Point","coordinates":[34.99441,32.37058]},"properties":{"semel":680,"name":"אומץ","winner":"yesh_atid","winnerShare":0.4332,"turnout":0.7412,"valid":397,"sh_likud":0.1159,"sh24_likud":0.1196,"sh_yesh_atid":0.4332,"sh24_yesh_atid":0.2697,"sh_shas":0.0151,"sh24_shas":0.0102,"sh_utj":0.0025,"sh24_utj":0.0025,"sh_rz":0.0302,"sh24_rz":0.0025,"sh_labor":0.1058,"sh24_labor":0.2087,"sh_gantz":0.1814,"sh24_gantz":0.1959,"sh_yb":0.0151,"sh24_yb":0.0356,"sh_meretz":0.0781,"sh24_meretz":0.084,"sh24_joint":0.0025,"sh24_yamina":0.0204,"sh24_newhope":0.0229,"sh_habait":0.0101,"sh_other":0.0126,"sh24_other":0.0254,"winner24":"yesh_atid"}},{"type":"Feature","geometry":{"type":"Point","coordinates":[34.85017,32.07688]},"properties":{"semel":681,"name":"גבעת שמואל","winner":"rz","winnerShare":0.2395,"turnout":0.7492,"valid":15059,"sh_likud":0.2393,"sh24_likud":0.2088,"sh_yesh_atid":0.1458,"sh24_yesh_atid":0.1176,"sh_shas":0.0671,"sh24_shas":0.0496,"sh_utj":0.0157,"sh24_utj":0.0106,"sh_rz":0.2395,"sh24_rz":0.1495,"sh_labor":0.0275,"sh24_labor":0.0469,"sh_gantz":0.1199,"sh24_gantz":0.0635,"sh_yb":0.0187,"sh24_yb":0.0153,"sh_meretz":0.0192,"sh24_meretz":0.0281,"sh_raam":0.0007,"sh24_raam":0.0005,"sh_hadash":0.0008,"sh_balad":0.0007,"sh24_joint":0.0016,"sh24_yamina":0.2407,"sh24_newhope":0.0579,"sh_habait":0.0904,"sh_other":0.0147,"sh24_other":0.0095,"winner24":"yamina"}},{"type":"Feature","geometry":{"type":"Point","coordinates":[35.06732,32.63214]},"properties":{"semel":682,"name":"אליקים","winner":"likud","winnerShare":0.4317,"turnout":0.7319,"valid":454,"sh_likud":0.4317,"sh24_likud":0.4674,"sh_yesh_atid":0.0264,"sh24_yesh_atid":0.0418,"sh_shas":0.1784,"sh24_shas":0.1828,"sh_utj":0.033,"sh24_utj":0.0418,"sh_rz":0.2621,"sh24_rz":0.0757,"sh_labor":0.0088,"sh24_labor":0.0104,"sh_gantz":0.0264,"sh24_gantz":0.0157,"sh_yb":0.0044,"sh24_yb":0.0157,"sh_meretz":0.0044,"sh24_meretz":0.0052,"sh24_yamina":0.0992,"sh24_newhope":0.0339,"sh_habait":0.0044,"sh_other":0.0198,"sh24_other":0.0104,"winner24":"likud"}},{"type":"Feature","geometry":{"type":"Point","coordinates":[34.95465,32.66269]},"properties":{"semel":683,"name":"גבע כרמל","winner":"yesh_atid","winnerShare":0.3236,"turnout":0.7545,"valid":550,"sh_likud":0.2473,"sh24_likud":0.2411,"sh_yesh_atid":0.3236,"sh24_yesh_atid":0.2298,"sh_shas":0.0109,"sh24_shas":0.0038,"sh_utj":0.0018,"sh24_utj":0.0019,"sh_rz":0.0873,"sh24_rz":0.0094,"sh_labor":0.0891,"sh24_labor":0.0866,"sh_gantz":0.1927,"sh24_gantz":0.1751,"sh24_yb":0.0132,"sh_meretz":0.0273,"sh24_meretz":0.0527,"sh_raam":0.0018,"sh24_yamina":0.0753,"sh24_newhope":0.096,"sh_habait":0.0073,"sh_other":0.0109,"sh24_other":0.0151,"winner24":"likud"}},{"type":"Feature","geometry":{"type":"Point","coordinates":[35.20481,32.61183]},"properties":{"semel":684,"name":"היוגב","winner":"yesh_atid","winnerShare":0.512,"turnout":0.8107,"valid":500,"sh_likud":0.062,"sh24_likud":0.0488,"sh_yesh_atid":0.512,"sh24_yesh_atid":0.3326,"sh_shas":0.008,"sh24_shas":0.0089,"sh_rz":0.026,"sh24_rz":0.0044,"sh_labor":0.106,"sh24_labor":0.2151,"sh_gantz":0.186,"sh24_gantz":0.2151,"sh_yb":0.02,"sh24_yb":0.0421,"sh_meretz":0.046,"sh24_meretz":0.0466,"sh_hadash":0.002,"sh24_yamina":0.0288,"sh24_newhope":0.0333,"sh_habait":0.01,"sh_other":0.022,"sh24_other":0.0244,"winner24":"yesh_atid"}},{"type":"Feature","geometry":{"type":"Point","coordinates":[34.75296,31.84371]},"properties":{"semel":685,"name":"בניה","winner":"yesh_atid","winnerShare":0.3926,"turnout":0.789,"valid":484,"sh_likud":0.1446,"sh24_likud":0.1397,"sh_yesh_atid":0.3926,"sh24_yesh_atid":0.3016,"sh_shas":0.0062,"sh24_shas":0.0061,"sh_utj":0.0021,"sh_rz":0.0558,"sh24_rz":0.0223,"sh_labor":0.064,"sh24_labor":0.1235,"sh_gantz":0.2459,"sh24_gantz":0.168,"sh_yb":0.0227,"sh24_yb":0.0304,"sh_meretz":0.0455,"sh24_meretz":0.0688,"sh24_yamina":0.0466,"sh24_newhope":0.0729,"sh_habait":0.0124,"sh_other":0.0083,"sh24_other":0.0202,"winner24":"yesh_atid"}},{"type":"Feature","geometry":{"type":"Point","coordinates":[34.93977,32.17131]},"properties":{"semel":686,"name":"נווה ימין","winner":"likud","winnerShare":0.4294,"turnout":0.7382,"valid":701,"sh_likud":0.4294,"sh24_likud":0.4126,"sh_yesh_atid":0.1541,"sh24_yesh_atid":0.1233,"sh_shas":0.0685,"sh24_shas":0.0529,"sh_utj":0.0057,"sh24_utj":0.0044,"sh_rz":0.1284,"sh24_rz":0.0426,"sh_labor":0.0243,"sh24_labor":0.0617,"sh_gantz":0.1312,"sh24_gantz":0.094,"sh_yb":0.02,"sh24_yb":0.0162,"sh_meretz":0.0143,"sh24_meretz":0.0176,"sh24_raam":0.0015,"sh_balad":0.0014,"sh24_yamina":0.0411,"sh24_newhope":0.0602,"sh_habait":0.01,"sh_other":0.0128,"sh24_other":0.072,"winner24":"likud"}},{"type":"Feature","geometry":{"type":"Point","coordinates":[34.94637,32.62924]},"properties":{"semel":687,"name":"עין איילה","winner":"yesh_atid","winnerShare":0.4537,"turnout":0.7132,"valid":562,"sh_likud":0.1032,"sh24_likud":0.0996,"sh_yesh_atid":0.4537,"sh24_yesh_atid":0.2844,"sh_shas":0.0036,"sh24_shas":0.0036,"sh_utj":0.0018,"sh_rz":0.0249,"sh24_rz":0.0091,"sh_labor":0.1103,"sh24_labor":0.1522,"sh_gantz":0.1655,"sh24_gantz":0.1576,"sh_yb":0.0231,"sh24_yb":0.0217,"sh_meretz":0.0658,"sh24_meretz":0.1522,"sh_raam":0.0036,"sh_hadash":0.0036,"sh24_yamina":0.038,"sh24_newhope":0.0525,"sh_habait":0.016,"sh_other":0.0249,"sh24_other":0.029,"winner24":"yesh_atid"}},{"type":"Feature","geometry":{"type":"Point","coordinates":[35.49986,33.05117]},"properties":{"semel":688,"name":"עלמה","winner":"likud","winnerShare":0.5197,"turnout":0.7748,"valid":458,"sh_likud":0.5197,"sh24_likud":0.6878,"sh_yesh_atid":0.0284,"sh24_yesh_atid":0.0164,"sh_shas":0.1638,"sh24_shas":0.1385,"sh_utj":0.0066,"sh24_utj":0.0047,"sh_rz":0.2686,"sh24_rz":0.1103,"sh_labor":0.0022,"sh24_labor":0.0094,"sh_gantz":0.0044,"sh24_gantz":0.007,"sh24_yamina":0.0211,"sh24_newhope":0.0023,"sh_other":0.0066,"sh24_other":0.0023,"winner24":"likud"}},{"type":"Feature","geometry":{"type":"Point","coordinates":[34.9587,32.7298]},"properties":{"semel":689,"name":"מגדים","winner":"likud","winnerShare":0.2938,"turnout":0.753,"valid":633,"sh_likud":0.2938,"sh24_likud":0.2714,"sh_yesh_atid":0.2654,"sh24_yesh_atid":0.2155,"sh_shas":0.0521,"sh24_shas":0.0444,"sh_utj":0.0047,"sh24_utj":0.0033,"sh_rz":0.0616,"sh24_rz":0.0164,"sh_labor":0.0506,"sh24_labor":0.0839,"sh_gantz":0.2022,"sh24_gantz":0.1365,"sh_yb":0.0095,"sh24_yb":0.028,"sh_meretz":0.0284,"sh24_meretz":0.0395,"sh_hadash":0.0016,"sh24_yamina":0.0625,"sh24_newhope":0.0724,"sh_habait":0.0063,"sh_other":0.0237,"sh24_other":0.0263,"winner24":"likud"}},{"type":"Feature","geometry":{"type":"Point","coordinates":[34.75699,31.74461]},"properties":{"semel":690,"name":"כפר אחים","winner":"gantz","winnerShare":0.3236,"turnout":0.773,"valid":411,"sh_likud":0.3139,"sh24_likud":0.2665,"sh_yesh_atid":0.1727,"sh24_yesh_atid":0.1439,"sh_shas":0.0316,"sh24_shas":0.0283,"sh_utj":0.0097,"sh_rz":0.09,"sh24_rz":0.0354,"sh_labor":0.0097,"sh24_labor":0.0377,"sh_gantz":0.3236,"sh24_gantz":0.3113,"sh_yb":0.0146,"sh24_yb":0.0212,"sh_meretz":0.017,"sh24_meretz":0.0259,"sh24_yamina":0.0825,"sh24_newhope":0.0472,"sh_habait":0.0146,"sh_other":0.0024,"winner24":"gantz"}},{"type":"Feature","geometry":{"type":"Point","coordinates":[34.72873,31.69712]},"properties":{"semel":692,"name":"שפיר","winner":"likud","winnerShare":0.3846,"turnout":0.8071,"valid":455,"sh_likud":0.3846,"sh24_likud":0.3438,"sh_yesh_atid":0.1341,"sh24_yesh_atid":0.1429,"sh_shas":0.0593,"sh24_shas":0.0491,"sh_utj":0.022,"sh24_utj":0.0045,"sh_rz":0.211,"sh24_rz":0.154,"sh_labor":0.0286,"sh24_labor":0.0335,"sh_gantz":0.0989,"sh24_gantz":0.0692,"sh_yb":0.011,"sh24_yb":0.0179,"sh_meretz":0.011,"sh24_meretz":0.0112,"sh_hadash":0.0044,"sh24_yamina":0.1295,"sh24_newhope":0.0402,"sh_habait":0.0154,"sh_other":0.0198,"sh24_other":0.0045,"winner24":"likud"}},{"type":"Feature","geometry":{"type":"Point","coordinates":[34.98253,31.688]},"properties":{"semel":693,"name":"נתיב הלה","winner":"yesh_atid","winnerShare":0.3811,"turnout":0.7385,"valid":370,"sh_likud":0.0243,"sh24_likud":0.0257,"sh_yesh_atid":0.3811,"sh24_yesh_atid":0.1829,"sh_rz":0.0189,"sh24_rz":0.0029,"sh_labor":0.2216,"sh24_labor":0.4086,"sh_gantz":0.1405,"sh24_gantz":0.1314,"sh_yb":0.0243,"sh24_yb":0.0229,"sh_meretz":0.1324,"sh24_meretz":0.1657,"sh_raam":0.0027,"sh24_yamina":0.0257,"sh24_newhope":0.0257,"sh_habait":0.0108,"sh_other":0.0432,"sh24_other":0.0086,"winner24":"labor"}},{"type":"Feature","geometry":{"type":"Point","coordinates":[34.91603,32.55608]},"properties":{"semel":694,"name":"מעגן מיכאל","winner":"yesh_atid","winnerShare":0.3564,"turnout":0.6358,"valid":1100,"sh_likud":0.04,"sh24_likud":0.0327,"sh_yesh_atid":0.3564,"sh24_yesh_atid":0.2058,"sh_shas":0.0036,"sh24_shas":0.0009,"sh_utj":0.0009,"sh_rz":0.0145,"sh24_rz":0.0053,"sh_labor":0.2645,"sh24_labor":0.2986,"sh_gantz":0.12,"sh24_gantz":0.121,"sh_yb":0.0127,"sh24_yb":0.0327,"sh_meretz":0.1518,"sh24_meretz":0.2226,"sh24_raam":0.0009,"sh_hadash":0.0064,"sh_balad":0.0009,"sh24_joint":0.0009,"sh24_yamina":0.0203,"sh24_newhope":0.0318,"sh_habait":0.0036,"sh_other":0.0245,"sh24_other":0.0265,"winner24":"labor"}},{"type":"Feature","geometry":{"type":"Point","coordinates":[34.42695,31.29974]},"properties":{"semel":695,"name":"מגן","winner":"yesh_atid","winnerShare":0.3746,"turnout":0.6731,"valid":315,"sh_likud":0.0349,"sh24_likud":0.025,"sh_yesh_atid":0.3746,"sh24_yesh_atid":0.2125,"sh24_shas":0.0031,"sh_rz":0.0063,"sh24_rz":0.0031,"sh_labor":0.1048,"sh24_labor":0.1219,"sh_gantz":0.1111,"sh24_gantz":0.0844,"sh_yb":0.0254,"sh24_yb":0.0313,"sh_meretz":0.3302,"sh24_meretz":0.4562,"sh_raam":0.0063,"sh24_raam":0.0063,"sh_balad":0.0032,"sh24_yamina":0.0031,"sh24_newhope":0.0406,"sh_other":0.0032,"sh24_other":0.0125,"winner24":"meretz"}},{"type":"Feature","geometry":{"type":"Point","coordinates":[34.85038,31.99005]},"properties":{"semel":696,"name":"כפר חבד","winner":"rz","winnerShare":0.5628,"turnout":0.6731,"valid":2939,"sh_likud":0.1062,"sh24_likud":0.1064,"sh_yesh_atid":0.0007,"sh24_yesh_atid":0.0014,"sh_shas":0.1259,"sh24_shas":0.1107,"sh_utj":0.1912,"sh24_utj":0.1594,"sh_rz":0.5628,"sh24_rz":0.5811,"sh_labor":0.0007,"sh24_labor":0.0028,"sh_gantz":0.001,"sh24_gantz":0.0014,"sh_yb":0.0037,"sh24_yb":0.0021,"sh_meretz":0.001,"sh24_meretz":0.0004,"sh_raam":0.0003,"sh24_raam":0.0004,"sh_balad":0.0003,"sh24_yamina":0.0228,"sh24_newhope":0.0043,"sh_habait":0.0014,"sh_other":0.0048,"sh24_other":0.0068,"winner24":"rz"}},{"type":"Feature","geometry":{"type":"Point","coordinates":[34.98332,32.32163]},"properties":{"semel":697,"name":"בארותיים","winner":"yesh_atid","winnerShare":0.4528,"turnout":0.7759,"valid":583,"sh_likud":0.1218,"sh24_likud":0.117,"sh_yesh_atid":0.4528,"sh24_yesh_atid":0.273,"sh_shas":0.0051,"sh24_shas":0.0018,"sh_utj":0.0051,"sh24_utj":0.0035,"sh_rz":0.0446,"sh24_rz":0.0089,"sh_labor":0.0926,"sh24_labor":0.1631,"sh_gantz":0.1527,"sh24_gantz":0.1472,"sh_yb":0.0292,"sh24_yb":0.0372,"sh_meretz":0.0549,"sh24_meretz":0.0957,"sh24_yamina":0.0514,"sh24_newhope":0.0674,"sh_habait":0.012,"sh_other":0.0292,"sh24_other":0.0337,"winner24":"yesh_atid"}},{"type":"Feature","geometry":{"type":"Point","coordinates":[34.96269,32.32523]},"properties":{"semel":698,"name":"בורגתה","winner":"yesh_atid","winnerShare":0.3533,"turnout":0.7389,"valid":617,"sh_likud":0.2042,"sh24_likud":0.1868,"sh_yesh_atid":0.3533,"sh24_yesh_atid":0.2287,"sh_shas":0.0211,"sh24_shas":0.0177,"sh_utj":0.0032,"sh_rz":0.0519,"sh24_rz":0.0129,"sh_labor":0.047,"sh24_labor":0.1063,"sh_gantz":0.2253,"sh24_gantz":0.2271,"sh_yb":0.0178,"sh24_yb":0.0209,"sh_meretz":0.0454,"sh24_meretz":0.0757,"sh_raam":0.0016,"sh24_yamina":0.0435,"sh24_newhope":0.0612,"sh_habait":0.0032,"sh_other":0.0259,"sh24_other":0.0193,"winner24":"yesh_atid"}},{"type":"Feature","geometry":{"type":"Point","coordinates":[34.63648,31.68733]},"properties":{"semel":699,"name":"ניר ישראל","winner":"yesh_atid","winnerShare":0.3297,"turnout":0.7549,"valid":464,"sh_likud":0.2284,"sh24_likud":0.1933,"sh_yesh_atid":0.3297,"sh24_yesh_atid":0.2111,"sh_shas":0.0129,"sh24_shas":0.0156,"sh_utj":0.0022,"sh_rz":0.0647,"sh24_rz":0.0156,"sh_labor":0.0431,"sh24_labor":0.1022,"sh_gantz":0.2349,"sh24_gantz":0.1867,"sh_yb":0.0086,"sh24_yb":0.0178,"sh_meretz":0.0453,"sh24_meretz":0.0911,"sh24_yamina":0.0911,"sh24_newhope":0.0689,"sh_habait":0.0129,"sh_other":0.0172,"sh24_other":0.0067,"winner24":"yesh_atid"}},{"type":"Feature","geometry":{"type":"Point","coordinates":[34.76972,31.78115]},"properties":{"semel":700,"name":"חצב","winner":"likud","winnerShare":0.3566,"turnout":0.7785,"valid":701,"sh_likud":0.3566,"sh24_likud":0.4173,"sh_yesh_atid":0.1355,"sh24_yesh_atid":0.1017,"sh_shas":0.0514,"sh24_shas":0.041,"sh_utj":0.01,"sh24_utj":0.0015,"sh_rz":0.2083,"sh24_rz":0.0501,"sh_labor":0.0228,"sh24_labor":0.0501,"sh_gantz":0.1812,"sh24_gantz":0.1305,"sh_yb":0.0043,"sh24_yb":0.0121,"sh_meretz":0.0014,"sh24_meretz":0.0091,"sh24_joint":0.0015,"sh24_yamina":0.0956,"sh24_newhope":0.0668,"sh_habait":0.01,"sh_other":0.0185,"sh24_other":0.0228,"winner24":"likud"}},{"type":"Feature","geometry":{"type":"Point","coordinates":[35.48441,32.81263]},"properties":{"semel":701,"name":"ארבל","winner":"likud","winnerShare":0.3225,"turnout":0.7445,"valid":369,"sh_likud":0.3225,"sh24_likud":0.3033,"sh_yesh_atid":0.1762,"sh24_yesh_atid":0.1381,"sh_shas":0.0136,"sh24_shas":0.021,"sh_utj":0.0027,"sh24_utj":0.009,"sh_rz":0.1599,"sh24_rz":0.033,"sh_labor":0.065,"sh24_labor":0.0961,"sh_gantz":0.2141,"sh24_gantz":0.1802,"sh_yb":0.0108,"sh24_yb":0.033,"sh_meretz":0.0244,"sh24_meretz":0.036,"sh24_yamina":0.0841,"sh24_newhope":0.0571,"sh_habait":0.0027,"sh_other":0.0081,"sh24_other":0.009,"winner24":"likud"}},{"type":"Feature","geometry":{"type":"Point","coordinates":[35.6219,32.7252]},"properties":{"semel":702,"name":"האון","winner":"yesh_atid","winnerShare":0.3452,"turnout":0.535,"valid":84,"sh_likud":0.131,"sh24_likud":0.1412,"sh_yesh_atid":0.3452,"sh24_yesh_atid":0.2,"sh_shas":0.0238,"sh24_shas":0.0235,"sh24_utj":0.0118,"sh_rz":0.0357,"sh_labor":0.3214,"sh24_labor":0.3412,"sh_gantz":0.0714,"sh24_gantz":0.0471,"sh_yb":0.0119,"sh24_yb":0.0118,"sh_meretz":0.0357,"sh24_meretz":0.0471,"sh_raam":0.0119,"sh24_yamina":0.0471,"sh24_newhope":0.0706,"sh_habait":0.0119,"sh24_other":0.0588,"winner24":"labor"}},{"type":"Feature","geometry":{"type":"Point","coordinates":[35.19854,32.55487]},"properties":{"semel":703,"name":"גבעת עוז","winner":"yesh_atid","winnerShare":0.3622,"turnout":0.6235,"valid":254,"sh_likud":0.0433,"sh24_likud":0.0567,"sh_yesh_atid":0.3622,"sh24_yesh_atid":0.2429,"sh24_utj":0.004,"sh_rz":0.0315,"sh_labor":0.1457,"sh24_labor":0.1862,"sh_gantz":0.185,"sh24_gantz":0.1538,"sh_yb":0.0157,"sh24_yb":0.0445,"sh_meretz":0.1969,"sh24_meretz":0.247,"sh_balad":0.0039,"sh24_yamina":0.0445,"sh24_newhope":0.0162,"sh_habait":0.0118,"sh_other":0.0039,"sh24_other":0.004,"winner24":"meretz"}},{"type":"Feature","geometry":{"type":"Point","coordinates":[34.94891,32.06119]},"properties":{"semel":705,"name":"נחשונים","winner":"yesh_atid","winnerShare":0.3555,"turnout":0.7052,"valid":256,"sh_likud":0.0391,"sh24_likud":0.0412,"sh_yesh_atid":0.3555,"sh24_yesh_atid":0.2305,"sh_rz":0.0078,"sh_labor":0.1563,"sh24_labor":0.2058,"sh_gantz":0.1406,"sh24_gantz":0.1193,"sh_yb":0.0156,"sh24_yb":0.0329,"sh_meretz":0.2656,"sh24_meretz":0.3333,"sh24_yamina":0.0041,"sh24_newhope":0.0247,"sh_habait":0.0039,"sh_other":0.0156,"sh24_other":0.0082,"winner24":"meretz"}},{"type":"Feature","geometry":{"type":"Point","coordinates":[34.60335,31.62774]},"properties":{"semel":706,"name":"גיאה","winner":"yesh_atid","winnerShare":0.3698,"turnout":0.7509,"valid":430,"sh_likud":0.2047,"sh24_likud":0.2115,"sh_yesh_atid":0.3698,"sh24_yesh_atid":0.2644,"sh_shas":0.0163,"sh24_shas":0.0092,"sh_utj":0.0047,"sh24_utj":0.0069,"sh_rz":0.086,"sh24_rz":0.023,"sh_labor":0.0791,"sh24_labor":0.1333,"sh_gantz":0.1512,"sh24_gantz":0.131,"sh_yb":0.014,"sh24_yb":0.0184,"sh_meretz":0.0419,"sh24_meretz":0.0552,"sh_hadash":0.0047,"sh24_yamina":0.0575,"sh24_newhope":0.0644,"sh_habait":0.0116,"sh_other":0.0163,"sh24_other":0.0253,"winner24":"yesh_atid"}},{"type":"Feature","geometry":{"type":"Point","coordinates":[34.93241,31.93382]},"properties":{"semel":707,"name":"כפר דניאל","winner":"yesh_atid","winnerShare":0.4669,"turnout":0.7168,"valid":362,"sh_likud":0.0856,"sh24_likud":0.1022,"sh_yesh_atid":0.4669,"sh24_yesh_atid":0.3306,"sh_utj":0.011,"sh24_utj":0.0027,"sh_rz":0.0221,"sh24_rz":0.0054,"sh_labor":0.1105,"sh24_labor":0.1909,"sh_gantz":0.1492,"sh24_gantz":0.1317,"sh_yb":0.0304,"sh24_yb":0.0215,"sh_meretz":0.0912,"sh24_meretz":0.1156,"sh_hadash":0.0028,"sh24_yamina":0.0242,"sh24_newhope":0.0484,"sh_habait":0.0055,"sh_other":0.0249,"sh24_other":0.0269,"winner24":"yesh_atid"}},{"type":"Feature","geometry":{"type":"Point","coordinates":[35.16191,32.97917]},"properties":{"semel":708,"name":"עמקה","winner":"likud","winnerShare":0.4779,"turnout":0.7475,"valid":452,"sh_likud":0.4779,"sh24_likud":0.5465,"sh_yesh_atid":0.0376,"sh24_yesh_atid":0.0286,"sh_shas":0.0929,"sh24_shas":0.0764,"sh_utj":0.0398,"sh24_utj":0.0382,"sh_rz":0.2257,"sh24_rz":0.0668,"sh_labor":0.0133,"sh24_labor":0.0167,"sh_gantz":0.0841,"sh24_gantz":0.0239,"sh24_yb":0.0024,"sh_meretz":0.0066,"sh24_meretz":0.0095,"sh24_yamina":0.1193,"sh24_newhope":0.0501,"sh_habait":0.0199,"sh_other":0.0022,"sh24_other":0.0215,"winner24":"likud"}},{"type":"Feature","geometry":{"type":"Point","coordinates":[34.67819,31.3254]},"properties":{"semel":709,"name":"תפרח","winner":"utj","winnerShare":0.7097,"turnout":0.8808,"valid":944,"sh_likud":0.0392,"sh24_likud":0.0579,"sh_yesh_atid":0.0021,"sh24_yesh_atid":0.0023,"sh_shas":0.1907,"sh24_shas":0.151,"sh_utj":0.7097,"sh24_utj":0.7401,"sh_rz":0.0466,"sh24_rz":0.0375,"sh_labor":0.0011,"sh_gantz":0.0021,"sh24_gantz":0.0011,"sh_meretz":0.0032,"sh24_meretz":0.0023,"sh24_yamina":0.0079,"sh_other":0.0053,"winner24":"utj"}},{"type":"Feature","geometry":{"type":"Point","coordinates":[35.16171,31.78208]},"properties":{"semel":710,"name":"בית זית","winner":"yesh_atid","winnerShare":0.2942,"turnout":0.7211,"valid":809,"sh_likud":0.1595,"sh24_likud":0.1637,"sh_yesh_atid":0.2942,"sh24_yesh_atid":0.1977,"sh_shas":0.0173,"sh24_shas":0.0117,"sh_utj":0.0074,"sh24_utj":0.0117,"sh_rz":0.0828,"sh24_rz":0.0152,"sh_labor":0.1224,"sh24_labor":0.1942,"sh_gantz":0.157,"sh24_gantz":0.1263,"sh_yb":0.0222,"sh24_yb":0.0281,"sh_meretz":0.1088,"sh24_meretz":0.1111,"sh_raam":0.0012,"sh_hadash":0.0062,"sh24_joint":0.0012,"sh24_yamina":0.0819,"sh24_newhope":0.0433,"sh_habait":0.0074,"sh_other":0.0136,"sh24_other":0.014,"winner24":"yesh_atid"}},{"type":"Feature","geometry":{"type":"Point","coordinates":[34.90936,31.89038]},"properties":{"semel":711,"name":"עזריה","winner":"likud","winnerShare":0.5606,"turnout":0.848,"valid":685,"sh_likud":0.5606,"sh24_likud":0.5854,"sh_yesh_atid":0.0409,"sh24_yesh_atid":0.0506,"sh_shas":0.1139,"sh24_shas":0.0823,"sh_utj":0.0029,"sh24_utj":0.0032,"sh_rz":0.1285,"sh24_rz":0.0396,"sh_labor":0.0102,"sh24_labor":0.0095,"sh_gantz":0.1226,"sh24_gantz":0.0443,"sh_yb":0.0088,"sh24_yb":0.0127,"sh_meretz":0.0029,"sh24_meretz":0.0032,"sh24_yamina":0.0649,"sh24_newhope":0.0902,"sh_habait":0.0015,"sh_other":0.0073,"sh24_other":0.0142,"winner24":"likud"}},{"type":"Feature","geometry":{"type":"Point","coordinates":[35.12358,33.00558]},"properties":{"semel":712,"name":"בן עמי","winner":"yesh_atid","winnerShare":0.2796,"turnout":0.7151,"valid":397,"sh_likud":0.204,"sh24_likud":0.2,"sh_yesh_atid":0.2796,"sh24_yesh_atid":0.2217,"sh_shas":0.0176,"sh24_shas":0.012,"sh_utj":0.0252,"sh24_utj":0.0193,"sh_rz":0.0579,"sh24_rz":0.012,"sh_labor":0.063,"sh24_labor":0.1229,"sh_gantz":0.2418,"sh24_gantz":0.1446,"sh_yb":0.0076,"sh24_yb":0.0265,"sh_meretz":0.0605,"sh24_meretz":0.0723,"sh24_joint":0.0072,"sh24_yamina":0.041,"sh24_newhope":0.0843,"sh_habait":0.0101,"sh_other":0.0327,"sh24_other":0.0361,"winner24":"yesh_atid"}},{"type":"Feature","geometry":{"type":"Point","coordinates":[34.45931,31.38551]},"properties":{"semel":713,"name":"רעים","winner":"yesh_atid","winnerShare":0.3986,"turnout":0.7287,"valid":281,"sh_likud":0.0427,"sh24_likud":0.0326,"sh_yesh_atid":0.3986,"sh24_yesh_atid":0.2029,"sh_shas":0.0036,"sh_rz":0.0142,"sh_labor":0.2491,"sh24_labor":0.3333,"sh_gantz":0.1068,"sh24_gantz":0.1051,"sh_yb":0.0249,"sh24_yb":0.0362,"sh_meretz":0.1246,"sh24_meretz":0.192,"sh24_yamina":0.0254,"sh24_newhope":0.0362,"sh_habait":0.0142,"sh_other":0.0214,"sh24_other":0.0362,"winner24":"labor"}},{"type":"Feature","geometry":{"type":"Point","coordinates":[34.5665,31.56022]},"properties":{"semel":714,"name":"ארז","winner":"yesh_atid","winnerShare":0.3738,"turnout":0.6808,"valid":321,"sh_likud":0.0498,"sh24_likud":0.0464,"sh_yesh_atid":0.3738,"sh24_yesh_atid":0.1703,"sh24_shas":0.0031,"sh_rz":0.0498,"sh24_rz":0.0062,"sh_labor":0.1402,"sh24_labor":0.2848,"sh_gantz":0.2336,"sh24_gantz":0.2105,"sh_yb":0.0218,"sh24_yb":0.0341,"sh_meretz":0.1028,"sh24_meretz":0.1393,"sh24_yamina":0.0433,"sh24_newhope":0.0433,"sh_habait":0.0031,"sh_other":0.0249,"sh24_other":0.0186,"winner24":"labor"}},{"type":"Feature","geometry":{"type":"Point","coordinates":[35.00925,32.39499]},"properties":{"semel":715,"name":"להבות חביבה","winner":"yesh_atid","winnerShare":0.4207,"turnout":0.7565,"valid":492,"sh_likud":0.0467,"sh24_likud":0.0358,"sh_yesh_atid":0.4207,"sh24_yesh_atid":0.3011,"sh_utj":0.002,"sh_rz":0.002,"sh24_rz":0.0042,"sh_labor":0.1341,"sh24_labor":0.2295,"sh_gantz":0.2114,"sh24_gantz":0.1495,"sh_yb":0.0102,"sh24_yb":0.0063,"sh_meretz":0.1443,"sh24_meretz":0.1916,"sh_raam":0.002,"sh_hadash":0.0061,"sh24_yamina":0.0274,"sh24_newhope":0.0337,"sh_habait":0.0041,"sh_other":0.0163,"sh24_other":0.0211,"winner24":"yesh_atid"}},{"type":"Feature","geometry":{"type":"Point","coordinates":[34.9791,32.21164]},"properties":{"semel":716,"name":"אייל","winner":"yesh_atid","winnerShare":0.4625,"turnout":0.8122,"valid":333,"sh_likud":0.042,"sh24_likud":0.0155,"sh_yesh_atid":0.4625,"sh24_yesh_atid":0.3043,"sh_rz":0.006,"sh_labor":0.2192,"sh24_labor":0.3075,"sh_gantz":0.1201,"sh24_gantz":0.1584,"sh_yb":0.024,"sh24_yb":0.0217,"sh_meretz":0.1141,"sh24_meretz":0.1429,"sh_balad":0.003,"sh24_joint":0.0031,"sh24_yamina":0.0124,"sh24_newhope":0.028,"sh_other":0.009,"sh24_other":0.0062,"winner24":"labor"}},{"type":"Feature","geometry":{"type":"Point","coordinates":[34.94695,32.13738]},"properties":{"semel":717,"name":"חגור","winner":"yesh_atid","winnerShare":0.3903,"turnout":0.7956,"valid":579,"sh_likud":0.209,"sh24_likud":0.1903,"sh_yesh_atid":0.3903,"sh24_yesh_atid":0.2958,"sh_shas":0.0207,"sh24_shas":0.0156,"sh_utj":0.0052,"sh24_utj":0.0017,"sh_rz":0.0846,"sh24_rz":0.026,"sh_labor":0.0743,"sh24_labor":0.1176,"sh_gantz":0.1382,"sh24_gantz":0.109,"sh_yb":0.0138,"sh24_yb":0.019,"sh_meretz":0.0363,"sh24_meretz":0.0502,"sh_raam":0.0017,"sh_hadash":0.0017,"sh24_yamina":0.083,"sh24_newhope":0.0657,"sh_habait":0.0052,"sh_other":0.019,"sh24_other":0.026,"winner24":"yesh_atid"}},{"type":"Feature","geometry":{"type":"Point","coordinates":[34.96778,32.15281]},"properties":{"semel":718,"name":"ירחיב","winner":"likud","winnerShare":0.4496,"turnout":0.7384,"valid":605,"sh_likud":0.4496,"sh24_likud":0.4756,"sh_yesh_atid":0.1074,"sh24_yesh_atid":0.1028,"sh_shas":0.0529,"sh24_shas":0.0418,"sh_utj":0.0017,"sh24_utj":0.0035,"sh_rz":0.1884,"sh24_rz":0.0366,"sh_labor":0.0298,"sh24_labor":0.0679,"sh_gantz":0.1008,"sh24_gantz":0.0418,"sh_yb":0.0132,"sh24_yb":0.007,"sh_meretz":0.0231,"sh24_meretz":0.0174,"sh24_yamina":0.0976,"sh24_newhope":0.0819,"sh_habait":0.0099,"sh_other":0.0231,"sh24_other":0.0261,"winner24":"likud"}},{"type":"Feature","geometry":{"type":"Point","coordinates":[35.61766,32.70503]},"properties":{"semel":719,"name":"תל קציר","winner":"yesh_atid","winnerShare":0.4049,"turnout":0.6983,"valid":247,"sh_likud":0.085,"sh24_likud":0.0885,"sh_yesh_atid":0.4049,"sh24_yesh_atid":0.2832,"sh_shas":0.0121,"sh24_shas":0.0044,"sh_rz":0.0688,"sh24_rz":0.0133,"sh_labor":0.1377,"sh24_labor":0.2478,"sh_gantz":0.1579,"sh24_gantz":0.1327,"sh_yb":0.0364,"sh24_yb":0.031,"sh_meretz":0.0486,"sh24_meretz":0.0531,"sh24_yamina":0.0487,"sh24_newhope":0.0885,"sh_other":0.0486,"sh24_other":0.0088,"winner24":"yesh_atid"}},{"type":"Feature","geometry":{"type":"Point","coordinates":[34.68261,31.82465]},"properties":{"semel":720,"name":"ניר גלים","winner":"rz","winnerShare":0.3544,"turnout":0.7892,"valid":522,"sh_likud":0.3027,"sh24_likud":0.2468,"sh_yesh_atid":0.0249,"sh24_yesh_atid":0.0183,"sh_shas":0.0517,"sh24_shas":0.0439,"sh_utj":0.0134,"sh24_utj":0.011,"sh_rz":0.3544,"sh24_rz":0.2285,"sh_labor":0.0172,"sh24_labor":0.0329,"sh_gantz":0.0805,"sh24_gantz":0.0128,"sh_yb":0.0038,"sh_raam":0.0019,"sh24_yamina":0.3766,"sh24_newhope":0.0274,"sh_habait":0.1437,"sh_other":0.0057,"sh24_other":0.0018,"winner24":"yamina"}},{"type":"Feature","geometry":{"type":"Point","coordinates":[35.4234,32.74902]},"properties":{"semel":721,"name":"שדה אילן","winner":"rz","winnerShare":0.3618,"turnout":0.8115,"valid":340,"sh_likud":0.2235,"sh24_likud":0.2069,"sh_yesh_atid":0.0353,"sh24_yesh_atid":0.0376,"sh_shas":0.0324,"sh24_shas":0.0188,"sh_utj":0.0059,"sh24_utj":0.0157,"sh_rz":0.3618,"sh24_rz":0.1787,"sh_labor":0.0088,"sh24_labor":0.0094,"sh_gantz":0.1647,"sh24_gantz":0.069,"sh_yb":0.0088,"sh24_yb":0.0031,"sh24_raam":0.0031,"sh24_yamina":0.3511,"sh24_newhope":0.094,"sh_habait":0.1441,"sh_other":0.0147,"sh24_other":0.0125,"winner24":"yamina"}},{"type":"Feature","geometry":{"type":"Point","coordinates":[34.89902,32.0465]},"properties":{"semel":722,"name":"מגשימים","winner":"yesh_atid","winnerShare":0.4324,"turnout":0.7566,"valid":518,"sh_likud":0.1313,"sh24_likud":0.1585,"sh_yesh_atid":0.4324,"sh24_yesh_atid":0.286,"sh_shas":0.0077,"sh24_shas":0.0036,"sh_utj":0.0039,"sh24_utj":0.0036,"sh_rz":0.0656,"sh24_rz":0.0146,"sh_labor":0.0463,"sh24_labor":0.0893,"sh_gantz":0.1911,"sh24_gantz":0.2204,"sh_yb":0.029,"sh24_yb":0.031,"sh_meretz":0.0656,"sh24_meretz":0.0893,"sh_raam":0.0019,"sh_hadash":0.0039,"sh24_yamina":0.0492,"sh24_newhope":0.0401,"sh_habait":0.0097,"sh_other":0.0116,"sh24_other":0.0146,"winner24":"yesh_atid"}},{"type":"Feature","geometry":{"type":"Point","coordinates":[34.60662,31.42569]},"properties":{"semel":723,"name":"בית הגדי","winner":"likud","winnerShare":0.5438,"turnout":0.8252,"valid":491,"sh_likud":0.5438,"sh24_likud":0.6315,"sh_yesh_atid":0.0143,"sh24_yesh_atid":0.0065,"sh_shas":0.1202,"sh24_shas":0.0927,"sh_utj":0.0061,"sh24_utj":0.0086,"sh_rz":0.277,"sh24_rz":0.1681,"sh_labor":0.002,"sh24_labor":0.0022,"sh_gantz":0.0061,"sh_yb":0.002,"sh24_yb":0.0022,"sh24_meretz":0.0043,"sh24_yamina":0.0474,"sh24_newhope":0.028,"sh_habait":0.0122,"sh_other":0.0163,"sh24_other":0.0086,"winner24":"likud"}},{"type":"Feature","geometry":{"type":"Point","coordinates":[34.64079,31.67492]},"properties":{"semel":726,"name":"הודיה","winner":"likud","winnerShare":0.438,"turnout":0.6822,"valid":363,"sh_likud":0.438,"sh24_likud":0.4706,"sh_yesh_atid":0.1129,"sh24_yesh_atid":0.1,"sh_shas":0.1212,"sh24_shas":0.0971,"sh24_utj":0.0029,"sh_rz":0.146,"sh24_rz":0.05,"sh_labor":0.0275,"sh24_labor":0.0412,"sh_gantz":0.1129,"sh24_gantz":0.0882,"sh_yb":0.0165,"sh24_yb":0.0147,"sh_meretz":0.0083,"sh24_meretz":0.0176,"sh24_yamina":0.0529,"sh24_newhope":0.0382,"sh_other":0.0165,"sh24_other":0.0265,"winner24":"likud"}},{"type":"Feature","geometry":{"type":"Point","coordinates":[34.76281,31.75326]},"properties":{"semel":727,"name":"תלמי יחיאל","winner":"yesh_atid","winnerShare":0.2684,"turnout":0.7319,"valid":462,"sh_likud":0.2576,"sh24_likud":0.2765,"sh_yesh_atid":0.2684,"sh24_yesh_atid":0.1991,"sh_shas":0.039,"sh24_shas":0.0243,"sh_utj":0.0022,"sh_rz":0.0996,"sh24_rz":0.0354,"sh_labor":0.0303,"sh24_labor":0.0597,"sh_gantz":0.2294,"sh24_gantz":0.208,"sh_yb":0.0238,"sh24_yb":0.0199,"sh_meretz":0.0152,"sh24_meretz":0.0398,"sh24_yamina":0.0752,"sh24_newhope":0.0442,"sh_habait":0.0216,"sh_other":0.013,"sh24_other":0.0177,"winner24":"likud"}},{"type":"Feature","geometry":{"type":"Point","coordinates":[34.8236,32.00982]},"properties":{"semel":729,"name":"משמר השבעה","winner":"yesh_atid","winnerShare":0.3394,"turnout":0.7751,"valid":551,"sh_likud":0.3013,"sh24_likud":0.2743,"sh_yesh_atid":0.3394,"sh24_yesh_atid":0.2374,"sh_shas":0.0054,"sh24_shas":0.0039,"sh_utj":0.0054,"sh24_utj":0.0039,"sh_rz":0.0635,"sh24_rz":0.0117,"sh_labor":0.0563,"sh24_labor":0.0875,"sh_gantz":0.1579,"sh24_gantz":0.1556,"sh_yb":0.0254,"sh24_yb":0.0292,"sh_meretz":0.029,"sh24_meretz":0.0525,"sh_hadash":0.0018,"sh24_yamina":0.0409,"sh24_newhope":0.0798,"sh_habait":0.0036,"sh_other":0.0109,"sh24_other":0.0233,"winner24":"likud"}},{"type":"Feature","geometry":{"type":"Point","coordinates":[35.54736,32.9479]},"properties":{"semel":730,"name":"אליפלט","winner":"likud","winnerShare":0.5806,"turnout":0.7758,"valid":391,"sh_likud":0.5806,"sh24_likud":0.6554,"sh_yesh_atid":0.0281,"sh24_yesh_atid":0.0277,"sh_shas":0.0946,"sh24_shas":0.0646,"sh_utj":0.0205,"sh_rz":0.1662,"sh24_rz":0.0554,"sh_labor":0.0051,"sh24_labor":0.0062,"sh_gantz":0.0716,"sh24_gantz":0.0615,"sh_meretz":0.0026,"sh24_meretz":0.0031,"sh24_yamina":0.0862,"sh24_newhope":0.04,"sh_habait":0.0153,"sh_other":0.0153,"winner24":"likud"}},{"type":"Feature","geometry":{"type":"Point","coordinates":[34.75409,31.8182]},"properties":{"semel":731,"name":"מישר","winner":"yesh_atid","winnerShare":0.4349,"turnout":0.7942,"valid":384,"sh_likud":0.151,"sh24_likud":0.1172,"sh_yesh_atid":0.4349,"sh24_yesh_atid":0.3125,"sh_shas":0.0026,"sh_utj":0.0026,"sh24_utj":0.0078,"sh_rz":0.0365,"sh24_rz":0.0182,"sh_labor":0.0833,"sh24_labor":0.1563,"sh_gantz":0.1745,"sh24_gantz":0.1563,"sh_yb":0.0234,"sh24_yb":0.0182,"sh_meretz":0.0755,"sh24_meretz":0.1042,"sh_raam":0.0026,"sh_hadash":0.0026,"sh_balad":0.0026,"sh24_joint":0.0026,"sh24_yamina":0.0391,"sh24_newhope":0.0443,"sh_other":0.0078,"sh24_other":0.0234,"winner24":"yesh_atid"}},{"type":"Feature","geometry":{"type":"Point","coordinates":[35.59916,33.00458]},"properties":{"semel":732,"name":"משמר הירדן","winner":"likud","winnerShare":0.4401,"turnout":0.7474,"valid":434,"sh_likud":0.4401,"sh24_likud":0.4785,"sh_yesh_atid":0.1359,"sh24_yesh_atid":0.1114,"sh_shas":0.03,"sh24_shas":0.0253,"sh_utj":0.0023,"sh_rz":0.182,"sh24_rz":0.0582,"sh_labor":0.0553,"sh24_labor":0.0734,"sh_gantz":0.0829,"sh24_gantz":0.0481,"sh_yb":0.0138,"sh24_yb":0.0405,"sh_meretz":0.0276,"sh24_meretz":0.0278,"sh24_yamina":0.0684,"sh24_newhope":0.043,"sh_habait":0.0092,"sh_other":0.0207,"sh24_other":0.0253,"winner24":"likud"}},{"type":"Feature","geometry":{"type":"Point","coordinates":[34.99399,32.35039]},"properties":{"semel":734,"name":"גן יאשיה","winner":"yesh_atid","winnerShare":0.4893,"turnout":0.7611,"valid":515,"sh_likud":0.0718,"sh24_likud":0.0837,"sh_yesh_atid":0.4893,"sh24_yesh_atid":0.2996,"sh_shas":0.0078,"sh24_shas":0.0058,"sh_utj":0.0019,"sh_rz":0.0136,"sh24_rz":0.0039,"sh_labor":0.0951,"sh24_labor":0.1965,"sh_gantz":0.1534,"sh24_gantz":0.1459,"sh_yb":0.0214,"sh24_yb":0.0272,"sh_meretz":0.0893,"sh24_meretz":0.1342,"sh_hadash":0.0019,"sh24_yamina":0.0545,"sh24_newhope":0.0253,"sh_habait":0.033,"sh_other":0.0214,"sh24_other":0.0233,"winner24":"yesh_atid"}},{"type":"Feature","geometry":{"type":"Point","coordinates":[34.85612,31.87384]},"properties":{"semel":735,"name":"רמות מאיר","winner":"yesh_atid","winnerShare":0.3514,"turnout":0.7071,"valid":387,"sh_likud":0.155,"sh24_likud":0.1571,"sh_yesh_atid":0.3514,"sh24_yesh_atid":0.2244,"sh_shas":0.0129,"sh24_shas":0.005,"sh_utj":0.0052,"sh24_utj":0.005,"sh_rz":0.0982,"sh24_rz":0.0274,"sh_labor":0.0827,"sh24_labor":0.1671,"sh_gantz":0.186,"sh24_gantz":0.1471,"sh_yb":0.0078,"sh24_yb":0.0249,"sh_meretz":0.0594,"sh24_meretz":0.0973,"sh_hadash":0.0052,"sh24_yamina":0.0823,"sh24_newhope":0.0499,"sh_habait":0.0233,"sh_other":0.0129,"sh24_other":0.0125,"winner24":"yesh_atid"}},{"type":"Feature","geometry":{"type":"Point","coordinates":[34.65203,31.32798]},"properties":{"semel":736,"name":"גילת","winner":"likud","winnerShare":0.4416,"turnout":0.7766,"valid":865,"sh_likud":0.4416,"sh24_likud":0.5027,"sh_yesh_atid":0.089,"sh24_yesh_atid":0.0618,"sh_shas":0.0451,"sh24_shas":0.039,"sh_utj":0.0058,"sh24_utj":0.0067,"sh_rz":0.2416,"sh24_rz":0.0659,"sh_labor":0.0139,"sh24_labor":0.0175,"sh_gantz":0.126,"sh24_gantz":0.1062,"sh_yb":0.0035,"sh24_yb":0.0067,"sh_meretz":0.0012,"sh24_meretz":0.0081,"sh24_yamina":0.1129,"sh24_newhope":0.0605,"sh_habait":0.0081,"sh_other":0.0243,"sh24_other":0.0121,"winner24":"likud"}},{"type":"Feature","geometry":{"type":"Point","coordinates":[34.9857,32.33221]},"properties":{"semel":737,"name":"עולש","winner":"yesh_atid","winnerShare":0.4318,"turnout":0.737,"valid":579,"sh_likud":0.171,"sh24_likud":0.1314,"sh_yesh_atid":0.4318,"sh24_yesh_atid":0.2529,"sh_shas":0.0138,"sh24_shas":0.01,"sh_utj":0.0017,"sh24_utj":0.0017,"sh_rz":0.0466,"sh24_rz":0.0183,"sh_labor":0.0691,"sh24_labor":0.1531,"sh_gantz":0.1762,"sh24_gantz":0.1531,"sh_yb":0.0069,"sh24_yb":0.0266,"sh_meretz":0.0328,"sh24_meretz":0.0532,"sh_hadash":0.0017,"sh24_yamina":0.0882,"sh24_newhope":0.0832,"sh_habait":0.0121,"sh_other":0.0363,"sh24_other":0.0283,"winner24":"yesh_atid"}},{"type":"Feature","geometry":{"type":"Point","coordinates":[34.92092,32.60769]},"properties":{"semel":738,"name":"דור","winner":"yesh_atid","winnerShare":0.3271,"turnout":0.7483,"valid":214,"sh_likud":0.2056,"sh24_likud":0.2108,"sh_yesh_atid":0.3271,"sh24_yesh_atid":0.2556,"sh_shas":0.0093,"sh24_shas":0.0045,"sh_utj":0.0047,"sh_rz":0.0327,"sh_labor":0.0748,"sh24_labor":0.1659,"sh_gantz":0.2523,"sh24_gantz":0.148,"sh_yb":0.0187,"sh24_yb":0.0359,"sh_meretz":0.0234,"sh24_meretz":0.0762,"sh_raam":0.0047,"sh24_yamina":0.0224,"sh24_newhope":0.0583,"sh_habait":0.0047,"sh_other":0.0421,"sh24_other":0.0224,"winner24":"yesh_atid"}},{"type":"Feature","geometry":{"type":"Point","coordinates":[34.67775,31.75649]},"properties":{"semel":739,"name":"שדה עוזיהו","winner":"likud","winnerShare":0.5442,"turnout":0.8294,"valid":849,"sh_likud":0.5442,"sh24_likud":0.6219,"sh_yesh_atid":0.0294,"sh24_yesh_atid":0.0184,"sh_shas":0.1661,"sh24_shas":0.1212,"sh_utj":0.0236,"sh24_utj":0.004,"sh_rz":0.1519,"sh24_rz":0.0725,"sh_labor":0.0082,"sh24_labor":0.0184,"sh_gantz":0.0648,"sh24_gantz":0.0448,"sh_yb":0.0012,"sh24_yb":0.0053,"sh24_meretz":0.0053,"sh24_yamina":0.0422,"sh24_newhope":0.0237,"sh_habait":0.0035,"sh_other":0.0071,"sh24_other":0.0224,"winner24":"likud"}},{"type":"Feature","geometry":{"type":"Point","coordinates":[35.00913,31.78112]},"properties":{"semel":740,"name":"אשתאול","winner":"likud","winnerShare":0.3997,"turnout":0.7913,"valid":598,"sh_likud":0.3997,"sh24_likud":0.4603,"sh_yesh_atid":0.0886,"sh24_yesh_atid":0.0552,"sh_shas":0.1455,"sh24_shas":0.1155,"sh_utj":0.0234,"sh24_utj":0.0172,"sh_rz":0.1689,"sh24_rz":0.0655,"sh_labor":0.0351,"sh24_labor":0.0586,"sh_gantz":0.0585,"sh24_gantz":0.0431,"sh_yb":0.0151,"sh24_yb":0.0086,"sh_meretz":0.0385,"sh24_meretz":0.0586,"sh_hadash":0.0017,"sh24_joint":0.0017,"sh24_yamina":0.0655,"sh24_newhope":0.0362,"sh_habait":0.0117,"sh_other":0.0134,"sh24_other":0.0138,"winner24":"likud"}},{"type":"Feature","geometry":{"type":"Point","coordinates":[35.07801,31.79828]},"properties":{"semel":741,"name":"שואבה","winner":"likud","winnerShare":0.2891,"turnout":0.7381,"valid":339,"sh_likud":0.2891,"sh24_likud":0.2638,"sh_yesh_atid":0.2596,"sh24_yesh_atid":0.1963,"sh_shas":0.0236,"sh24_shas":0.0215,"sh_utj":0.0029,"sh_rz":0.0708,"sh24_rz":0.0092,"sh_labor":0.0885,"sh24_labor":0.1564,"sh_gantz":0.118,"sh24_gantz":0.0859,"sh_yb":0.0177,"sh24_yb":0.0153,"sh_meretz":0.1091,"sh24_meretz":0.135,"sh_raam":0.0029,"sh_hadash":0.0088,"sh24_joint":0.0061,"sh24_yamina":0.0491,"sh24_newhope":0.0215,"sh_other":0.0088,"sh24_other":0.0399,"winner24":"likud"}},{"type":"Feature","geometry":{"type":"Point","coordinates":[35.01116,31.80232]},"properties":{"semel":742,"name":"מסילת ציון","winner":"yesh_atid","winnerShare":0.2832,"turnout":0.8143,"valid":579,"sh_likud":0.171,"sh24_likud":0.1356,"sh_yesh_atid":0.2832,"sh24_yesh_atid":0.1953,"sh_shas":0.0415,"sh24_shas":0.0325,"sh_utj":0.0035,"sh_rz":0.0915,"sh24_rz":0.0307,"sh_labor":0.0846,"sh24_labor":0.1284,"sh_gantz":0.1762,"sh24_gantz":0.1664,"sh_yb":0.019,"sh24_yb":0.0145,"sh_meretz":0.0898,"sh24_meretz":0.1049,"sh_raam":0.0017,"sh_hadash":0.0035,"sh24_joint":0.0036,"sh24_yamina":0.0759,"sh24_newhope":0.0778,"sh_habait":0.0155,"sh_other":0.019,"sh24_other":0.0344,"winner24":"yesh_atid"}},{"type":"Feature","geometry":{"type":"Point","coordinates":[34.93232,31.89015]},"properties":{"semel":743,"name":"כפר שמואל","winner":"yesh_atid","winnerShare":0.4008,"turnout":0.8198,"valid":504,"sh_likud":0.1448,"sh24_likud":0.1268,"sh_yesh_atid":0.4008,"sh24_yesh_atid":0.2986,"sh_shas":0.002,"sh24_shas":0.0041,"sh_utj":0.004,"sh24_utj":0.002,"sh_rz":0.0615,"sh24_rz":0.0184,"sh_labor":0.0833,"sh24_labor":0.1288,"sh_gantz":0.1786,"sh24_gantz":0.1636,"sh_yb":0.0258,"sh24_yb":0.0286,"sh_meretz":0.0694,"sh24_meretz":0.0961,"sh_hadash":0.002,"sh24_yamina":0.0532,"sh24_newhope":0.0593,"sh_habait":0.006,"sh_other":0.0218,"sh24_other":0.0204,"winner24":"yesh_atid"}},{"type":"Feature","geometry":{"type":"Point","coordinates":[34.61351,31.61817]},"properties":{"semel":744,"name":"תלמי יפה","winner":"yesh_atid","winnerShare":0.3264,"turnout":0.7338,"valid":386,"sh_likud":0.2617,"sh24_likud":0.2067,"sh_yesh_atid":0.3264,"sh24_yesh_atid":0.2374,"sh_shas":0.0259,"sh24_shas":0.0112,"sh_utj":0.0104,"sh_rz":0.0777,"sh24_rz":0.0168,"sh_labor":0.0544,"sh24_labor":0.1006,"sh_gantz":0.1684,"sh24_gantz":0.1229,"sh_yb":0.0078,"sh24_yb":0.0279,"sh_meretz":0.0311,"sh24_meretz":0.0503,"sh24_yamina":0.1034,"sh24_newhope":0.0922,"sh_habait":0.0155,"sh_other":0.0207,"sh24_other":0.0307,"winner24":"yesh_atid"}},{"type":"Feature","geometry":{"type":"Point","coordinates":[34.94104,31.92781]},"properties":{"semel":745,"name":"גמזו","winner":"rz","winnerShare":0.4393,"turnout":0.7861,"valid":544,"sh_likud":0.1912,"sh24_likud":0.1745,"sh_yesh_atid":0.0294,"sh24_yesh_atid":0.0188,"sh_shas":0.0441,"sh24_shas":0.0375,"sh_utj":0.0165,"sh24_utj":0.0131,"sh_rz":0.4393,"sh24_rz":0.3002,"sh_labor":0.0165,"sh24_labor":0.0206,"sh_gantz":0.0846,"sh24_gantz":0.0169,"sh_yb":0.0018,"sh24_yb":0.0019,"sh_meretz":0.0037,"sh24_meretz":0.0113,"sh24_yamina":0.3734,"sh24_newhope":0.0281,"sh_habait":0.1618,"sh_other":0.011,"sh24_other":0.0038,"winner24":"yamina"}},{"type":"Feature","geometry":{"type":"Point","coordinates":[34.62538,31.66928]},"properties":{"semel":746,"name":"ברכיה","winner":"likud","winnerShare":0.3463,"turnout":0.8752,"valid":693,"sh_likud":0.3463,"sh24_likud":0.3947,"sh_yesh_atid":0.0058,"sh24_yesh_atid":0.0047,"sh_shas":0.2424,"sh24_shas":0.2107,"sh_utj":0.0303,"sh24_utj":0.0236,"sh_rz":0.3146,"sh24_rz":0.2516,"sh_labor":0.0014,"sh_gantz":0.0245,"sh24_gantz":0.0079,"sh_yb":0.0029,"sh_meretz":0.0014,"sh24_meretz":0.0016,"sh24_yamina":0.0818,"sh24_newhope":0.022,"sh_habait":0.0202,"sh_other":0.0101,"sh24_other":0.0016,"winner24":"likud"}},{"type":"Feature","geometry":{"type":"Point","coordinates":[34.60773,31.63789]},"properties":{"semel":747,"name":"בית שקמה","winner":"likud","winnerShare":0.4157,"turnout":0.7391,"valid":421,"sh_likud":0.4157,"sh24_likud":0.5296,"sh_yesh_atid":0.0261,"sh24_yesh_atid":0.0334,"sh_shas":0.2494,"sh24_shas":0.2288,"sh_utj":0.0143,"sh24_utj":0.0051,"sh_rz":0.2043,"sh24_rz":0.0617,"sh_labor":0.0119,"sh24_labor":0.0206,"sh_gantz":0.0404,"sh24_gantz":0.0283,"sh_yb":0.0119,"sh24_yb":0.0077,"sh_meretz":0.0024,"sh24_meretz":0.0026,"sh24_yamina":0.0488,"sh24_newhope":0.0206,"sh_habait":0.0095,"sh_other":0.0143,"sh24_other":0.0129,"winner24":"likud"}},{"type":"Feature","geometry":{"type":"Point","coordinates":[34.58944,31.3246]},"properties":{"semel":748,"name":"מסלול","winner":"likud","winnerShare":0.4181,"turnout":0.7491,"valid":409,"sh_likud":0.4181,"sh24_likud":0.4405,"sh_yesh_atid":0.0978,"sh24_yesh_atid":0.073,"sh_shas":0.0831,"sh24_shas":0.0703,"sh_utj":0.0122,"sh24_utj":0.0054,"sh_rz":0.1834,"sh24_rz":0.0784,"sh_labor":0.0465,"sh24_labor":0.0432,"sh_gantz":0.1125,"sh24_gantz":0.0757,"sh_yb":0.0073,"sh24_yb":0.0405,"sh_meretz":0.0049,"sh24_meretz":0.0324,"sh_hadash":0.0024,"sh24_yamina":0.0919,"sh24_newhope":0.0432,"sh_habait":0.0122,"sh_other":0.0196,"sh24_other":0.0054,"winner24":"likud"}},{"type":"Feature","geometry":{"type":"Point","coordinates":[34.55983,31.32724]},"properties":{"semel":749,"name":"פטיש","winner":"likud","winnerShare":0.4358,"turnout":0.8492,"valid":576,"sh_likud":0.4358,"sh24_likud":0.4556,"sh_yesh_atid":0.0226,"sh24_yesh_atid":0.017,"sh_shas":0.2639,"sh24_shas":0.2609,"sh_utj":0.0087,"sh24_utj":0.0076,"sh_rz":0.1858,"sh24_rz":0.0662,"sh_labor":0.0087,"sh24_labor":0.0113,"sh_gantz":0.0642,"sh24_gantz":0.0435,"sh24_meretz":0.0019,"sh24_yamina":0.0756,"sh24_newhope":0.0586,"sh_habait":0.0017,"sh_other":0.0087,"sh24_other":0.0019,"winner24":"likud"}},{"type":"Feature","geometry":{"type":"Point","coordinates":[34.61115,31.32691]},"properties":{"semel":750,"name":"פדויים","winner":"likud","winnerShare":0.418,"turnout":0.7406,"valid":256,"sh_likud":0.418,"sh24_likud":0.4538,"sh_yesh_atid":0.0508,"sh24_yesh_atid":0.0336,"sh_shas":0.1016,"sh24_shas":0.0798,"sh_utj":0.0234,"sh24_utj":0.0252,"sh_rz":0.2461,"sh24_rz":0.1134,"sh_labor":0.0156,"sh24_labor":0.021,"sh_gantz":0.0898,"sh24_gantz":0.0336,"sh_yb":0.0039,"sh24_yb":0.0168,"sh_meretz":0.0078,"sh24_meretz":0.0084,"sh24_yamina":0.1176,"sh24_newhope":0.0588,"sh_habait":0.0117,"sh_other":0.0313,"sh24_other":0.0378,"winner24":"likud"}},{"type":"Feature","geometry":{"type":"Point","coordinates":[35.03672,31.79409]},"properties":{"semel":751,"name":"בית מאיר","winner":"rz","winnerShare":0.3347,"turnout":0.7185,"valid":245,"sh_likud":0.2571,"sh24_likud":0.2941,"sh_yesh_atid":0.0245,"sh24_yesh_atid":0.0353,"sh_shas":0.1306,"sh24_shas":0.102,"sh_utj":0.1102,"sh24_utj":0.0667,"sh_rz":0.3347,"sh24_rz":0.2078,"sh_labor":0.0122,"sh24_labor":0.0196,"sh_gantz":0.0612,"sh24_gantz":0.0118,"sh24_yamina":0.2,"sh24_newhope":0.0196,"sh_habait":0.0531,"sh_other":0.0163,"sh24_other":0.0431,"winner24":"likud"}},{"type":"Feature","geometry":{"type":"Point","coordinates":[34.97467,31.801]},"properties":{"semel":752,"name":"תעוז","winner":"likud","winnerShare":0.344,"turnout":0.7945,"valid":343,"sh_likud":0.344,"sh24_likud":0.3095,"sh_yesh_atid":0.1283,"sh24_yesh_atid":0.1042,"sh_shas":0.1137,"sh24_shas":0.1131,"sh_utj":0.0087,"sh24_utj":0.003,"sh_rz":0.1691,"sh24_rz":0.0714,"sh_labor":0.0466,"sh24_labor":0.0625,"sh_gantz":0.0875,"sh24_gantz":0.0357,"sh_yb":0.0117,"sh24_yb":0.006,"sh_meretz":0.0466,"sh24_meretz":0.0595,"sh_balad":0.0029,"sh24_joint":0.003,"sh24_yamina":0.1339,"sh24_newhope":0.0833,"sh_habait":0.0233,"sh_other":0.0175,"sh24_other":0.0149,"winner24":"likud"}},{"type":"Feature","geometry":{"type":"Point","coordinates":[34.94958,32.30649]},"properties":{"semel":753,"name":"ינוב","winner":"likud","winnerShare":0.3048,"turnout":0.7407,"valid":456,"sh_likud":0.3048,"sh24_likud":0.3104,"sh_yesh_atid":0.2873,"sh24_yesh_atid":0.2062,"sh_shas":0.0241,"sh24_shas":0.02,"sh_utj":0.0154,"sh24_utj":0.0089,"sh_rz":0.0899,"sh24_rz":0.0443,"sh_labor":0.0658,"sh24_labor":0.0798,"sh_gantz":0.1469,"sh24_gantz":0.1264,"sh_yb":0.0132,"sh24_yb":0.031,"sh_meretz":0.0241,"sh24_meretz":0.0377,"sh24_yamina":0.0599,"sh24_newhope":0.0466,"sh_habait":0.0066,"sh_other":0.0219,"sh24_other":0.0288,"winner24":"likud"}},{"type":"Feature","geometry":{"type":"Point","coordinates":[35.23633,33.05659]},"properties":{"semel":755,"name":"גורן","winner":"likud","winnerShare":0.5849,"turnout":0.7733,"valid":265,"sh_likud":0.5849,"sh24_likud":0.5311,"sh_yesh_atid":0.0151,"sh24_yesh_atid":0.029,"sh_shas":0.166,"sh24_shas":0.2324,"sh_utj":0.0038,"sh_rz":0.1585,"sh24_rz":0.0456,"sh_labor":0.0151,"sh24_labor":0.0166,"sh_gantz":0.0453,"sh24_gantz":0.0373,"sh_meretz":0.0038,"sh24_meretz":0.0041,"sh24_yamina":0.0539,"sh24_newhope":0.0456,"sh_habait":0.0038,"sh_other":0.0038,"sh24_other":0.0041,"winner24":"likud"}},{"type":"Feature","geometry":{"type":"Point","coordinates":[34.65541,31.73738]},"properties":{"semel":756,"name":"בית עזרא","winner":"likud","winnerShare":0.3287,"turnout":0.7743,"valid":642,"sh_likud":0.3287,"sh24_likud":0.3028,"sh_yesh_atid":0.1791,"sh24_yesh_atid":0.1498,"sh_shas":0.0997,"sh24_shas":0.0868,"sh_utj":0.0078,"sh24_utj":0.0032,"sh_rz":0.0935,"sh24_rz":0.0142,"sh_labor":0.0358,"sh24_labor":0.0552,"sh_gantz":0.1947,"sh24_gantz":0.153,"sh_yb":0.0187,"sh24_yb":0.03,"sh_meretz":0.0156,"sh24_meretz":0.0174,"sh_hadash":0.0016,"sh24_yamina":0.0883,"sh24_newhope":0.0804,"sh_habait":0.0062,"sh_other":0.0187,"sh24_other":0.0189,"winner24":"likud"}},{"type":"Feature","geometry":{"type":"Point","coordinates":[34.87304,31.90641]},"properties":{"semel":757,"name":"מצליח","winner":"likud","winnerShare":0.4749,"turnout":0.7589,"valid":718,"sh_likud":0.4749,"sh24_likud":0.5231,"sh_yesh_atid":0.1212,"sh24_yesh_atid":0.1199,"sh_shas":0.0599,"sh24_shas":0.0549,"sh_utj":0.0014,"sh24_utj":0.0014,"sh_rz":0.1657,"sh24_rz":0.0275,"sh_labor":0.0125,"sh24_labor":0.0303,"sh_gantz":0.1184,"sh24_gantz":0.0694,"sh_yb":0.0125,"sh24_yb":0.0202,"sh_meretz":0.0056,"sh24_meretz":0.0072,"sh24_yamina":0.0592,"sh24_newhope":0.0621,"sh_habait":0.0042,"sh_other":0.0237,"sh24_other":0.0246,"winner24":"likud"}},{"type":"Feature","geometry":{"type":"Point","coordinates":[35.00614,32.32606]},"properties":{"semel":758,"name":"יד חנה","winner":"yesh_atid","winnerShare":0.4369,"turnout":0.803,"valid":483,"sh_likud":0.1408,"sh24_likud":0.132,"sh_yesh_atid":0.4369,"sh24_yesh_atid":0.29,"sh24_shas":0.0022,"sh_rz":0.06,"sh24_rz":0.0087,"sh_labor":0.0849,"sh24_labor":0.1407,"sh_gantz":0.1387,"sh24_gantz":0.1299,"sh_yb":0.0269,"sh24_yb":0.0433,"sh_meretz":0.0787,"sh24_meretz":0.1169,"sh_raam":0.0021,"sh_hadash":0.0104,"sh24_joint":0.0087,"sh24_yamina":0.0498,"sh24_newhope":0.0584,"sh_habait":0.0021,"sh_other":0.0186,"sh24_other":0.0195,"winner24":"yesh_atid"}},{"type":"Feature","geometry":{"type":"Point","coordinates":[34.8604,31.86307]},"properties":{"semel":759,"name":"יציץ","winner":"likud","winnerShare":0.4521,"turnout":0.7599,"valid":438,"sh_likud":0.4521,"sh24_likud":0.5981,"sh_yesh_atid":0.0548,"sh24_yesh_atid":0.0631,"sh_shas":0.1027,"sh24_shas":0.0584,"sh_utj":0.0068,"sh_rz":0.2329,"sh24_rz":0.0397,"sh_labor":0.032,"sh24_labor":0.0491,"sh_gantz":0.0868,"sh24_gantz":0.0397,"sh_yb":0.0023,"sh24_yb":0.014,"sh_meretz":0.0091,"sh24_meretz":0.0164,"sh24_yamina":0.0607,"sh24_newhope":0.0514,"sh_habait":0.0068,"sh_other":0.0137,"sh24_other":0.0093,"winner24":"likud"}},{"type":"Feature","geometry":{"type":"Point","coordinates":[34.72878,31.85654]},"properties":{"semel":760,"name":"בן זכאי","winner":"likud","winnerShare":0.502,"turnout":0.8408,"valid":490,"sh_likud":0.502,"sh24_likud":0.5581,"sh_yesh_atid":0.0122,"sh24_yesh_atid":0.0083,"sh_shas":0.2633,"sh24_shas":0.2593,"sh_utj":0.0102,"sh_rz":0.1673,"sh24_rz":0.0726,"sh24_labor":0.0124,"sh_gantz":0.0224,"sh24_gantz":0.0083,"sh_yb":0.0041,"sh24_yb":0.0083,"sh24_yamina":0.0498,"sh24_newhope":0.0145,"sh_habait":0.0122,"sh_other":0.0061,"sh24_other":0.0083,"winner24":"likud"}},{"type":"Feature","geometry":{"type":"Point","coordinates":[34.54408,31.45203]},"properties":{"semel":761,"name":"שובה","winner":"likud","winnerShare":0.4451,"turnout":0.7746,"valid":346,"sh_likud":0.4451,"sh24_likud":0.5166,"sh_yesh_atid":0.0145,"sh24_yesh_atid":0.0066,"sh_shas":0.1127,"sh24_shas":0.0993,"sh_utj":0.0202,"sh24_utj":0.0099,"sh_rz":0.3468,"sh24_rz":0.1358,"sh_labor":0.0029,"sh24_labor":0.0033,"sh_gantz":0.0173,"sh24_gantz":0.0132,"sh24_raam":0.0033,"sh24_yamina":0.1623,"sh24_newhope":0.0232,"sh_habait":0.0405,"sh24_other":0.0265,"winner24":"likud"}},{"type":"Feature","geometry":{"type":"Point","coordinates":[34.63253,31.33427]},"properties":{"semel":762,"name":"בטחה","winner":"likud","winnerShare":0.5087,"turnout":0.8188,"valid":515,"sh_likud":0.5087,"sh24_likud":0.5462,"sh_yesh_atid":0.0175,"sh24_yesh_atid":0.0231,"sh_shas":0.2078,"sh24_shas":0.1807,"sh_utj":0.0097,"sh24_utj":0.0063,"sh_rz":0.1767,"sh24_rz":0.0735,"sh_labor":0.0058,"sh24_labor":0.0105,"sh_gantz":0.0621,"sh24_gantz":0.0315,"sh_meretz":0.0019,"sh24_meretz":0.0021,"sh24_yamina":0.0966,"sh24_newhope":0.0252,"sh_habait":0.0039,"sh_other":0.0058,"sh24_other":0.0042,"winner24":"likud"}},{"type":"Feature","geometry":{"type":"Point","coordinates":[34.68358,31.77371]},"properties":{"semel":763,"name":"שתולים","winner":"likud","winnerShare":0.4064,"turnout":0.776,"valid":1127,"sh_likud":0.4064,"sh24_likud":0.4635,"sh_yesh_atid":0.1056,"sh24_yesh_atid":0.0969,"sh_shas":0.0816,"sh24_shas":0.0653,"sh_utj":0.0151,"sh24_utj":0.0038,"sh_rz":0.2041,"sh24_rz":0.0557,"sh_labor":0.0169,"sh24_labor":0.0336,"sh_gantz":0.1127,"sh24_gantz":0.0643,"sh_yb":0.0142,"sh24_yb":0.0221,"sh_meretz":0.0027,"sh24_meretz":0.0154,"sh24_yamina":0.1008,"sh24_newhope":0.0585,"sh_habait":0.0186,"sh_other":0.0222,"sh24_other":0.0202,"winner24":"likud"}},{"type":"Feature","geometry":{"type":"Point","coordinates":[34.75541,31.83122]},"properties":{"semel":764,"name":"כפר מרדכי","winner":"yesh_atid","winnerShare":0.4203,"turnout":0.7615,"valid":364,"sh_likud":0.0742,"sh24_likud":0.0886,"sh_yesh_atid":0.4203,"sh24_yesh_atid":0.3213,"sh_shas":0.0027,"sh24_shas":0.0028,"sh_utj":0.0027,"sh_rz":0.0165,"sh24_rz":0.0055,"sh_labor":0.1374,"sh24_labor":0.1994,"sh_gantz":0.2143,"sh24_gantz":0.1745,"sh_yb":0.0082,"sh24_yb":0.0332,"sh_meretz":0.1044,"sh24_meretz":0.1274,"sh_raam":0.0027,"sh_hadash":0.0082,"sh24_yamina":0.0166,"sh24_newhope":0.0249,"sh_habait":0.0027,"sh_other":0.0055,"sh24_other":0.0055,"winner24":"yesh_atid"}},{"type":"Feature","geometry":{"type":"Point","coordinates":[34.73917,31.82018]},"properties":{"semel":765,"name":"משגב דב","winner":"yesh_atid","winnerShare":0.3897,"turnout":0.7524,"valid":390,"sh_likud":0.1974,"sh24_likud":0.157,"sh_yesh_atid":0.3897,"sh24_yesh_atid":0.2785,"sh_shas":0.0026,"sh_utj":0.0026,"sh_rz":0.0436,"sh24_rz":0.0203,"sh_labor":0.0667,"sh24_labor":0.0962,"sh_gantz":0.1667,"sh24_gantz":0.1747,"sh_yb":0.0231,"sh24_yb":0.0253,"sh_meretz":0.0795,"sh24_meretz":0.1165,"sh_raam":0.0026,"sh_balad":0.0026,"sh24_yamina":0.0481,"sh24_newhope":0.0582,"sh_habait":0.0077,"sh_other":0.0154,"sh24_other":0.0253,"winner24":"yesh_atid"}},{"type":"Feature","geometry":{"type":"Point","coordinates":[34.73073,31.6616]},"properties":{"semel":766,"name":"קוממיות","winner":"utj","winnerShare":0.9366,"turnout":0.7946,"valid":205,"sh_likud":0.0049,"sh24_likud":0.0065,"sh_shas":0.039,"sh24_shas":0.0258,"sh_utj":0.9366,"sh24_utj":0.9419,"sh_rz":0.0195,"sh24_rz":0.0258,"winner24":"utj"}},{"type":"Feature","geometry":{"type":"Point","coordinates":[34.95026,32.27642]},"properties":{"semel":767,"name":"פורת","winner":"likud","winnerShare":0.4347,"turnout":0.7413,"valid":681,"sh_likud":0.4347,"sh24_likud":0.5215,"sh_yesh_atid":0.0323,"sh24_yesh_atid":0.0429,"sh_shas":0.1718,"sh24_shas":0.165,"sh_utj":0.0132,"sh24_utj":0.0033,"sh_rz":0.2863,"sh24_rz":0.104,"sh_labor":0.0015,"sh24_labor":0.005,"sh_gantz":0.022,"sh24_gantz":0.0215,"sh_yb":0.0015,"sh24_yb":0.0083,"sh24_meretz":0.0017,"sh24_yamina":0.0875,"sh24_newhope":0.0264,"sh_habait":0.0059,"sh_other":0.0308,"sh24_other":0.0132,"winner24":"likud"}},{"type":"Feature","geometry":{"type":"Point","coordinates":[34.54195,31.60515]},"properties":{"semel":768,"name":"כרמיה","winner":"yesh_atid","winnerShare":0.3018,"turnout":0.7375,"valid":338,"sh_likud":0.1953,"sh24_likud":0.1502,"sh_yesh_atid":0.3018,"sh24_yesh_atid":0.1922,"sh_shas":0.0118,"sh24_shas":0.006,"sh_utj":0.003,"sh_rz":0.0533,"sh24_rz":0.006,"sh_labor":0.0444,"sh24_labor":0.1231,"sh_gantz":0.1686,"sh24_gantz":0.1201,"sh_yb":0.0237,"sh24_yb":0.021,"sh_meretz":0.1627,"sh24_meretz":0.2222,"sh_hadash":0.0118,"sh24_joint":0.009,"sh24_yamina":0.0601,"sh24_newhope":0.0721,"sh_habait":0.0089,"sh_other":0.0148,"sh24_other":0.018,"winner24":"meretz"}},{"type":"Feature","geometry":{"type":"Point","coordinates":[34.99066,32.69941]},"properties":{"semel":769,"name":"ניר עציון","winner":"rz","winnerShare":0.3799,"turnout":0.7146,"valid":308,"sh_likud":0.1591,"sh24_likud":0.1111,"sh_yesh_atid":0.0779,"sh24_yesh_atid":0.0294,"sh_shas":0.0227,"sh24_shas":0.0163,"sh_utj":0.0097,"sh24_utj":0.0098,"sh_rz":0.3799,"sh24_rz":0.232,"sh_labor":0.0162,"sh24_labor":0.049,"sh_gantz":0.1429,"sh24_gantz":0.0556,"sh_yb":0.013,"sh24_yb":0.0098,"sh_meretz":0.013,"sh24_meretz":0.0131,"sh_raam":0.0032,"sh24_raam":0.0033,"sh_hadash":0.0032,"sh24_joint":0.0033,"sh24_yamina":0.3529,"sh24_newhope":0.0882,"sh_habait":0.1429,"sh_other":0.0162,"sh24_other":0.0261,"winner24":"yamina"}},{"type":"Feature","geometry":{"type":"Point","coordinates":[35.10583,31.72181]},"properties":{"semel":771,"name":"מבוא ביתר","winner":"likud","winnerShare":0.3027,"turnout":0.7274,"valid":489,"sh_likud":0.3027,"sh24_likud":0.2453,"sh_yesh_atid":0.1922,"sh24_yesh_atid":0.1237,"sh_shas":0.0123,"sh24_shas":0.0042,"sh_utj":0.002,"sh_rz":0.1186,"sh24_rz":0.0503,"sh_labor":0.0654,"sh24_labor":0.0922,"sh_gantz":0.1902,"sh24_gantz":0.1132,"sh_yb":0.0245,"sh24_yb":0.0294,"sh_meretz":0.0348,"sh24_meretz":0.0713,"sh_hadash":0.0041,"sh24_yamina":0.1258,"sh24_newhope":0.1237,"sh_habait":0.0368,"sh_other":0.0164,"sh24_other":0.021,"winner24":"likud"}},{"type":"Feature","geometry":{"type":"Point","coordinates":[34.67619,31.74368]},"properties":{"semel":772,"name":"אמונים","winner":"likud","winnerShare":0.3099,"turnout":0.7184,"valid":526,"sh_likud":0.3099,"sh24_likud":0.3262,"sh_yesh_atid":0.1787,"sh24_yesh_atid":0.1426,"sh_shas":0.1331,"sh24_shas":0.0859,"sh_utj":0.0095,"sh_rz":0.0837,"sh24_rz":0.0469,"sh_labor":0.0437,"sh24_labor":0.0449,"sh_gantz":0.1787,"sh24_gantz":0.1484,"sh_yb":0.0076,"sh24_yb":0.0215,"sh_meretz":0.0133,"sh24_meretz":0.0254,"sh_hadash":0.0019,"sh24_joint":0.002,"sh24_yamina":0.0586,"sh24_newhope":0.0781,"sh_habait":0.0133,"sh_other":0.0266,"sh24_other":0.0195,"winner24":"likud"}},{"type":"Feature","geometry":{"type":"Point","coordinates":[35.02088,32.56314]},"properties":{"semel":773,"name":"עמיקם","winner":"yesh_atid","winnerShare":0.3909,"turnout":0.719,"valid":394,"sh_likud":0.1548,"sh24_likud":0.1191,"sh_yesh_atid":0.3909,"sh24_yesh_atid":0.2035,"sh_shas":0.0051,"sh24_shas":0.005,"sh_utj":0.0025,"sh_rz":0.0305,"sh24_rz":0.0099,"sh_labor":0.0914,"sh24_labor":0.2084,"sh_gantz":0.1675,"sh24_gantz":0.1166,"sh_yb":0.0102,"sh24_yb":0.0372,"sh_meretz":0.1142,"sh24_meretz":0.1663,"sh_raam":0.0025,"sh_hadash":0.0051,"sh24_joint":0.0025,"sh24_yamina":0.0372,"sh24_newhope":0.0794,"sh_habait":0.0025,"sh_other":0.0228,"sh24_other":0.0149,"winner24":"labor"}},{"type":"Feature","geometry":{"type":"Point","coordinates":[35.31376,33.00676]},"properties":{"semel":774,"name":"צוריאל","winner":"likud","winnerShare":0.4955,"turnout":0.6788,"valid":224,"sh_likud":0.4955,"sh24_likud":0.5509,"sh_yesh_atid":0.0313,"sh24_yesh_atid":0.0231,"sh_shas":0.0714,"sh24_shas":0.0417,"sh_rz":0.2321,"sh24_rz":0.0741,"sh_labor":0.0268,"sh24_labor":0.0463,"sh_gantz":0.1161,"sh24_gantz":0.0694,"sh_yb":0.0045,"sh24_yb":0.0093,"sh_meretz":0.0089,"sh24_meretz":0.0093,"sh24_yamina":0.0833,"sh24_newhope":0.0741,"sh_habait":0.0134,"sh24_other":0.0185,"winner24":"likud"}},{"type":"Feature","geometry":{"type":"Point","coordinates":[34.70554,31.65249]},"properties":{"semel":775,"name":"יד נתן","winner":"yesh_atid","winnerShare":0.3595,"turnout":0.7351,"valid":306,"sh_likud":0.1209,"sh24_likud":0.1406,"sh_yesh_atid":0.3595,"sh24_yesh_atid":0.278,"sh_shas":0.0294,"sh24_shas":0.0128,"sh_utj":0.0065,"sh_rz":0.1144,"sh24_rz":0.016,"sh_labor":0.0523,"sh24_labor":0.0767,"sh_gantz":0.2386,"sh24_gantz":0.2173,"sh_yb":0.0229,"sh24_yb":0.0224,"sh_meretz":0.0261,"sh24_meretz":0.0607,"sh24_joint":0.0032,"sh24_yamina":0.0831,"sh24_newhope":0.0639,"sh_habait":0.0196,"sh_other":0.0098,"sh24_other":0.0256,"winner24":"yesh_atid"}},{"type":"Feature","geometry":{"type":"Point","coordinates":[35.00732,31.74781]},"properties":{"semel":776,"name":"מחסיה","winner":"likud","winnerShare":0.3976,"turnout":0.8199,"valid":254,"sh_likud":0.3976,"sh24_likud":0.4571,"sh_yesh_atid":0.0236,"sh24_yesh_atid":0.0286,"sh_shas":0.2087,"sh24_shas":0.2041,"sh_utj":0.0394,"sh24_utj":0.0163,"sh_rz":0.2205,"sh24_rz":0.1061,"sh_labor":0.0039,"sh24_labor":0.0122,"sh_gantz":0.0866,"sh24_gantz":0.0408,"sh_yb":0.0118,"sh24_yb":0.0122,"sh24_meretz":0.0041,"sh24_yamina":0.0653,"sh24_newhope":0.0408,"sh_habait":0.0079,"sh24_other":0.0122,"winner24":"likud"}},{"type":"Feature","geometry":{"type":"Point","coordinates":[34.95561,31.83117]},"properties":{"semel":777,"name":"נחשון","winner":"yesh_atid","winnerShare":0.3504,"turnout":0.7364,"valid":351,"sh_likud":0.0399,"sh24_likud":0.0483,"sh_yesh_atid":0.3504,"sh24_yesh_atid":0.2244,"sh_shas":0.0028,"sh24_shas":0.0057,"sh_rz":0.0085,"sh24_rz":0.0028,"sh_labor":0.0741,"sh24_labor":0.1563,"sh_gantz":0.0855,"sh24_gantz":0.054,"sh_yb":0.0028,"sh24_yb":0.0057,"sh_meretz":0.339,"sh24_meretz":0.4517,"sh_raam":0.0028,"sh_hadash":0.0142,"sh_balad":0.0085,"sh24_joint":0.0057,"sh24_yamina":0.017,"sh24_newhope":0.0057,"sh_other":0.0712,"sh24_other":0.0227,"winner24":"meretz"}},{"type":"Feature","geometry":{"type":"Point","coordinates":[34.98173,31.78299]},"properties":{"semel":778,"name":"תרום","winner":"likud","winnerShare":0.4069,"turnout":0.8019,"valid":494,"sh_likud":0.4069,"sh24_likud":0.453,"sh_yesh_atid":0.0425,"sh24_yesh_atid":0.0321,"sh_shas":0.0992,"sh24_shas":0.0983,"sh_utj":0.0243,"sh24_utj":0.0021,"sh_rz":0.2632,"sh24_rz":0.1132,"sh_labor":0.0101,"sh24_labor":0.0171,"sh_gantz":0.0931,"sh24_gantz":0.0299,"sh24_yb":0.0107,"sh_meretz":0.002,"sh24_meretz":0.0021,"sh_raam":0.002,"sh24_yamina":0.1581,"sh24_newhope":0.062,"sh_habait":0.0344,"sh_other":0.0223,"sh24_other":0.0214,"winner24":"likud"}},{"type":"Feature","geometry":{"type":"Point","coordinates":[35.1416,31.75155]},"properties":{"semel":779,"name":"עמינדב","winner":"likud","winnerShare":0.3218,"turnout":0.7163,"valid":463,"sh_likud":0.3218,"sh24_likud":0.3164,"sh_yesh_atid":0.1922,"sh24_yesh_atid":0.1438,"sh_shas":0.0324,"sh24_shas":0.0111,"sh_utj":0.0022,"sh24_utj":0.0022,"sh_rz":0.1404,"sh24_rz":0.0487,"sh_labor":0.0648,"sh24_labor":0.0885,"sh_gantz":0.1382,"sh24_gantz":0.1128,"sh_yb":0.013,"sh24_yb":0.0265,"sh_meretz":0.0713,"sh24_meretz":0.0686,"sh_hadash":0.0065,"sh24_joint":0.0022,"sh24_yamina":0.0951,"sh24_newhope":0.0597,"sh_habait":0.0108,"sh_other":0.0065,"sh24_other":0.0243,"winner24":"likud"}},{"type":"Feature","geometry":{"type":"Point","coordinates":[35.15288,31.75393]},"properties":{"semel":780,"name":"אורה","winner":"likud","winnerShare":0.3137,"turnout":0.7172,"valid":593,"sh_likud":0.3137,"sh24_likud":0.3002,"sh_yesh_atid":0.145,"sh24_yesh_atid":0.1208,"sh_shas":0.0843,"sh24_shas":0.0782,"sh_utj":0.0034,"sh24_utj":0.0071,"sh_rz":0.1771,"sh24_rz":0.0568,"sh_labor":0.0388,"sh24_labor":0.071,"sh_gantz":0.1737,"sh24_gantz":0.1155,"sh_yb":0.0118,"sh24_yb":0.0089,"sh_meretz":0.0135,"sh24_meretz":0.0391,"sh_hadash":0.0017,"sh24_yamina":0.0906,"sh24_newhope":0.0853,"sh_habait":0.0084,"sh_other":0.0287,"sh24_other":0.0266,"winner24":"likud"}},{"type":"Feature","geometry":{"type":"Point","coordinates":[35.13464,31.76284]},"properties":{"semel":783,"name":"אבן ספיר","winner":"likud","winnerShare":0.4918,"turnout":0.7292,"valid":368,"sh_likud":0.4918,"sh24_likud":0.4744,"sh_yesh_atid":0.1114,"sh24_yesh_atid":0.0966,"sh_shas":0.0489,"sh24_shas":0.0483,"sh_utj":0.0082,"sh_rz":0.1141,"sh24_rz":0.0341,"sh_labor":0.0326,"sh24_labor":0.0369,"sh_gantz":0.1304,"sh24_gantz":0.0625,"sh_yb":0.0054,"sh24_yb":0.017,"sh_meretz":0.0272,"sh24_meretz":0.0426,"sh24_yamina":0.0483,"sh24_newhope":0.0909,"sh_habait":0.0109,"sh_other":0.019,"sh24_other":0.0483,"winner24":"likud"}},{"type":"Feature","geometry":{"type":"Point","coordinates":[34.95499,31.97662]},"properties":{"semel":784,"name":"בית נחמיה","winner":"likud","winnerShare":0.2813,"turnout":0.7558,"valid":487,"sh_likud":0.2813,"sh24_likud":0.307,"sh_yesh_atid":0.2526,"sh24_yesh_atid":0.162,"sh_shas":0.0082,"sh24_shas":0.0021,"sh24_utj":0.0043,"sh_rz":0.1232,"sh24_rz":0.0192,"sh_labor":0.0349,"sh24_labor":0.0832,"sh_gantz":0.2094,"sh24_gantz":0.145,"sh_yb":0.0164,"sh24_yb":0.0192,"sh_meretz":0.0452,"sh24_meretz":0.0853,"sh_raam":0.0062,"sh_hadash":0.0021,"sh24_joint":0.0043,"sh24_yamina":0.0768,"sh24_newhope":0.0832,"sh_habait":0.0062,"sh_other":0.0144,"sh24_other":0.0085,"winner24":"likud"}},{"type":"Feature","geometry":{"type":"Point","coordinates":[35.17316,32.90778]},"properties":{"semel":785,"name":"אחיהוד","winner":"likud","winnerShare":0.4481,"turnout":0.7619,"valid":540,"sh_likud":0.4481,"sh24_likud":0.5527,"sh_yesh_atid":0.0204,"sh24_yesh_atid":0.0234,"sh_shas":0.1352,"sh24_shas":0.1211,"sh_utj":0.0148,"sh24_utj":0.0117,"sh_rz":0.3222,"sh24_rz":0.1367,"sh_labor":0.0037,"sh24_labor":0.0098,"sh_gantz":0.0333,"sh24_gantz":0.0098,"sh24_yb":0.0117,"sh_meretz":0.0019,"sh24_meretz":0.0039,"sh24_yamina":0.0664,"sh24_newhope":0.0352,"sh_habait":0.0111,"sh_other":0.0093,"sh24_other":0.0176,"winner24":"likud"}},{"type":"Feature","geometry":{"type":"Point","coordinates":[35.46398,32.81144]},"properties":{"semel":786,"name":"כפר זיתים","winner":"likud","winnerShare":0.5242,"turnout":0.7442,"valid":351,"sh_likud":0.5242,"sh24_likud":0.5889,"sh_yesh_atid":0.0399,"sh24_yesh_atid":0.0292,"sh_shas":0.1026,"sh24_shas":0.0816,"sh_utj":0.0114,"sh24_utj":0.0146,"sh_rz":0.2422,"sh24_rz":0.07,"sh_labor":0.0028,"sh24_labor":0.0087,"sh_gantz":0.0598,"sh24_gantz":0.0321,"sh_yb":0.0057,"sh24_yb":0.0058,"sh24_raam":0.0029,"sh24_yamina":0.0816,"sh24_newhope":0.0612,"sh_habait":0.0057,"sh_other":0.0057,"sh24_other":0.0233,"winner24":"likud"}},{"type":"Feature","geometry":{"type":"Point","coordinates":[35.09199,31.78689]},"properties":{"semel":787,"name":"גבעת יערים","winner":"likud","winnerShare":0.3231,"turnout":0.7129,"valid":650,"sh_likud":0.3231,"sh24_likud":0.3062,"sh_yesh_atid":0.1415,"sh24_yesh_atid":0.0995,"sh_shas":0.0462,"sh24_shas":0.0362,"sh_utj":0.0108,"sh24_utj":0.003,"sh_rz":0.1462,"sh24_rz":0.0724,"sh_labor":0.0708,"sh24_labor":0.1116,"sh_gantz":0.1369,"sh24_gantz":0.0754,"sh_yb":0.0185,"sh24_yb":0.0136,"sh_meretz":0.0738,"sh24_meretz":0.0905,"sh_hadash":0.0046,"sh24_yamina":0.0769,"sh24_newhope":0.0739,"sh_habait":0.0108,"sh_other":0.0169,"sh24_other":0.0407,"winner24":"likud"}},{"type":"Feature","geometry":{"type":"Point","coordinates":[34.89053,31.97561]},"properties":{"semel":788,"name":"זיתן","winner":"likud","winnerShare":0.5542,"turnout":0.824,"valid":673,"sh_likud":0.5542,"sh24_likud":0.5849,"sh_yesh_atid":0.049,"sh24_yesh_atid":0.0449,"sh_shas":0.1263,"sh24_shas":0.1138,"sh_utj":0.003,"sh24_utj":0.0048,"sh_rz":0.1575,"sh24_rz":0.0497,"sh_labor":0.0089,"sh24_labor":0.016,"sh_gantz":0.0743,"sh24_gantz":0.0657,"sh_yb":0.0074,"sh24_yb":0.0032,"sh_meretz":0.0045,"sh24_meretz":0.008,"sh24_yamina":0.0609,"sh24_newhope":0.0353,"sh_habait":0.0059,"sh_other":0.0089,"sh24_other":0.0128,"winner24":"likud"}},{"type":"Feature","geometry":{"type":"Point","coordinates":[34.6015,31.33769]},"properties":{"semel":789,"name":"רנן","winner":"likud","winnerShare":0.3779,"turnout":0.7415,"valid":344,"sh_likud":0.3779,"sh24_likud":0.4258,"sh_yesh_atid":0.1424,"sh24_yesh_atid":0.1613,"sh_shas":0.0145,"sh24_shas":0.0097,"sh_utj":0.0116,"sh_rz":0.2267,"sh24_rz":0.0161,"sh_labor":0.0145,"sh24_labor":0.0548,"sh_gantz":0.1802,"sh24_gantz":0.0742,"sh_yb":0.0029,"sh24_yb":0.0129,"sh_meretz":0.0058,"sh24_yamina":0.1129,"sh24_newhope":0.1032,"sh_habait":0.0058,"sh_other":0.0174,"sh24_other":0.029,"winner24":"likud"}},{"type":"Feature","geometry":{"type":"Point","coordinates":[34.62369,31.6572]},"properties":{"semel":791,"name":"משען","winner":"likud","winnerShare":0.5097,"turnout":0.7848,"valid":569,"sh_likud":0.5097,"sh24_likud":0.5617,"sh_yesh_atid":0.0492,"sh24_yesh_atid":0.0331,"sh_shas":0.1195,"sh24_shas":0.1105,"sh_utj":0.0264,"sh24_utj":0.0037,"sh_rz":0.1775,"sh24_rz":0.0755,"sh_labor":0.0158,"sh24_labor":0.0129,"sh_gantz":0.0685,"sh24_gantz":0.0534,"sh_yb":0.007,"sh24_yb":0.011,"sh_meretz":0.0018,"sh24_meretz":0.0092,"sh24_yamina":0.0939,"sh24_newhope":0.0295,"sh_habait":0.0141,"sh_other":0.0105,"sh24_other":0.0055,"winner24":"likud"}},{"type":"Feature","geometry":{"type":"Point","coordinates":[35.13566,32.99402]},"properties":{"semel":792,"name":"נתיב השיירה","winner":"likud","winnerShare":0.3172,"turnout":0.7375,"valid":309,"sh_likud":0.3172,"sh24_likud":0.3227,"sh_yesh_atid":0.1974,"sh24_yesh_atid":0.1277,"sh_shas":0.0518,"sh24_shas":0.039,"sh_utj":0.0032,"sh24_utj":0.0035,"sh_rz":0.055,"sh24_rz":0.0213,"sh_labor":0.055,"sh24_labor":0.078,"sh_gantz":0.2816,"sh24_gantz":0.1844,"sh_yb":0.0032,"sh24_yb":0.0213,"sh_meretz":0.0129,"sh24_meretz":0.0213,"sh24_yamina":0.0922,"sh24_newhope":0.0816,"sh_habait":0.0097,"sh_other":0.0129,"sh24_other":0.0071,"winner24":"likud"}},{"type":"Feature","geometry":{"type":"Point","coordinates":[34.68054,31.73299]},"properties":{"semel":793,"name":"גבעתי","winner":"likud","winnerShare":0.4168,"turnout":0.7725,"valid":523,"sh_likud":0.4168,"sh24_likud":0.5209,"sh_yesh_atid":0.065,"sh24_yesh_atid":0.0527,"sh_shas":0.1224,"sh24_shas":0.0791,"sh_utj":0.021,"sh24_utj":0.0022,"sh_rz":0.1606,"sh24_rz":0.044,"sh_labor":0.0096,"sh24_labor":0.0154,"sh_gantz":0.1721,"sh24_gantz":0.1077,"sh_yb":0.0057,"sh24_yb":0.0132,"sh_meretz":0.0076,"sh24_meretz":0.0088,"sh24_yamina":0.0835,"sh24_newhope":0.0615,"sh_habait":0.0134,"sh_other":0.0057,"sh24_other":0.011,"winner24":"likud"}},{"type":"Feature","geometry":{"type":"Point","coordinates":[34.9122,31.69768]},"properties":{"semel":794,"name":"עגור","winner":"likud","winnerShare":0.5143,"turnout":0.7554,"valid":245,"sh_likud":0.5143,"sh24_likud":0.625,"sh_yesh_atid":0.0327,"sh24_yesh_atid":0.0216,"sh_shas":0.1388,"sh24_shas":0.1293,"sh_utj":0.0327,"sh24_utj":0.0086,"sh_rz":0.2,"sh24_rz":0.0603,"sh_labor":0.0163,"sh24_labor":0.0259,"sh_gantz":0.0245,"sh24_gantz":0.0216,"sh_yb":0.0041,"sh24_yb":0.0172,"sh_meretz":0.0286,"sh24_meretz":0.0345,"sh24_yamina":0.0259,"sh24_newhope":0.0172,"sh_other":0.0082,"sh24_other":0.0129,"winner24":"likud"}},{"type":"Feature","geometry":{"type":"Point","coordinates":[35.1865,33.0674]},"properties":{"semel":795,"name":"יערה","winner":"likud","winnerShare":0.5065,"turnout":0.6576,"valid":387,"sh_likud":0.5065,"sh24_likud":0.5053,"sh_yesh_atid":0.0724,"sh24_yesh_atid":0.0426,"sh_shas":0.124,"sh24_shas":0.1356,"sh_utj":0.0078,"sh24_utj":0.008,"sh_rz":0.1499,"sh24_rz":0.0319,"sh_labor":0.0103,"sh24_labor":0.0399,"sh_gantz":0.0827,"sh24_gantz":0.0319,"sh_yb":0.0026,"sh24_yb":0.0239,"sh_meretz":0.0181,"sh24_meretz":0.0266,"sh_hadash":0.0026,"sh_balad":0.0026,"sh24_joint":0.0027,"sh24_yamina":0.0931,"sh24_newhope":0.0426,"sh_habait":0.0026,"sh_other":0.0181,"sh24_other":0.016,"winner24":"likud"}},{"type":"Feature","geometry":{"type":"Point","coordinates":[34.9312,31.80449]},"properties":{"semel":796,"name":"צלפון","winner":"likud","winnerShare":0.4739,"turnout":0.773,"valid":536,"sh_likud":0.4739,"sh24_likud":0.5141,"sh_yesh_atid":0.084,"sh24_yesh_atid":0.0726,"sh_shas":0.084,"sh24_shas":0.0706,"sh_utj":0.0093,"sh24_utj":0.004,"sh_rz":0.194,"sh24_rz":0.0927,"sh_labor":0.0187,"sh24_labor":0.0423,"sh_gantz":0.1063,"sh24_gantz":0.0464,"sh_yb":0.0075,"sh24_yb":0.004,"sh_meretz":0.0037,"sh24_meretz":0.0181,"sh24_yamina":0.0806,"sh24_newhope":0.0383,"sh_habait":0.0112,"sh_other":0.0075,"sh24_other":0.0161,"winner24":"likud"}},{"type":"Feature","geometry":{"type":"Point","coordinates":[34.8712,31.98229]},"properties":{"semel":797,"name":"אחיעזר","winner":"shas","winnerShare":0.4411,"turnout":0.8578,"valid":1045,"sh_likud":0.3139,"sh24_likud":0.3423,"sh_yesh_atid":0.0057,"sh24_yesh_atid":0.005,"sh_shas":0.4411,"sh24_shas":0.4507,"sh_utj":0.022,"sh24_utj":0.0209,"sh_rz":0.1866,"sh24_rz":0.0806,"sh24_labor":0.003,"sh_gantz":0.0086,"sh24_gantz":0.003,"sh_yb":0.001,"sh24_yamina":0.0706,"sh24_newhope":0.01,"sh_habait":0.0163,"sh_other":0.0048,"sh24_other":0.0139,"winner24":"shas"}},{"type":"Feature","geometry":{"type":"Point","coordinates":[34.87894,31.98863]},"properties":{"semel":798,"name":"יגל","winner":"likud","winnerShare":0.5283,"turnout":0.8162,"valid":513,"sh_likud":0.5283,"sh24_likud":0.6147,"sh_yesh_atid":0.0682,"sh24_yesh_atid":0.0463,"sh_shas":0.1404,"sh24_shas":0.1095,"sh_utj":0.0156,"sh24_utj":0.0126,"sh_rz":0.1365,"sh24_rz":0.0358,"sh_labor":0.0156,"sh24_labor":0.0063,"sh_gantz":0.0604,"sh24_gantz":0.0379,"sh_yb":0.0058,"sh24_yb":0.0168,"sh_meretz":0.0039,"sh24_meretz":0.0126,"sh24_yamina":0.0505,"sh24_newhope":0.0379,"sh_habait":0.0117,"sh_other":0.0136,"sh24_other":0.0189,"winner24":"likud"}},{"type":"Feature","geometry":{"type":"Point","coordinates":[34.94487,31.70964]},"properties":{"semel":799,"name":"זכריה","winner":"likud","winnerShare":0.6174,"turnout":0.8162,"valid":622,"sh_likud":0.6174,"sh24_likud":0.6211,"sh_yesh_atid":0.0595,"sh24_yesh_atid":0.0398,"sh_shas":0.0884,"sh24_shas":0.1073,"sh_utj":0.0048,"sh24_utj":0.0017,"sh_rz":0.164,"sh24_rz":0.0675,"sh_labor":0.0048,"sh24_labor":0.0138,"sh_gantz":0.0482,"sh24_gantz":0.0156,"sh_yb":0.0032,"sh24_yb":0.0138,"sh_meretz":0.0016,"sh24_meretz":0.0052,"sh24_yamina":0.0657,"sh24_newhope":0.0398,"sh_habait":0.0032,"sh_other":0.0048,"sh24_other":0.0087,"winner24":"likud"}},{"type":"Feature","geometry":{"type":"Point","coordinates":[34.92582,32.5283]},"properties":{"semel":800,"name":"בית חנניה","winner":"yesh_atid","winnerShare":0.4322,"turnout":0.7627,"valid":479,"sh_likud":0.0939,"sh24_likud":0.0922,"sh_yesh_atid":0.4322,"sh24_yesh_atid":0.3229,"sh_shas":0.0146,"sh24_shas":0.0063,"sh_utj":0.0021,"sh24_utj":0.0021,"sh_rz":0.0355,"sh24_rz":0.0147,"sh_labor":0.071,"sh24_labor":0.1153,"sh_gantz":0.2255,"sh24_gantz":0.1992,"sh_yb":0.0251,"sh24_yb":0.0398,"sh_meretz":0.0689,"sh24_meretz":0.0943,"sh_hadash":0.0021,"sh_balad":0.0042,"sh24_joint":0.0021,"sh24_yamina":0.0273,"sh24_newhope":0.0671,"sh_habait":0.0104,"sh_other":0.0146,"sh24_other":0.0168,"winner24":"yesh_atid"}},{"type":"Feature","geometry":{"type":"Point","coordinates":[34.8409,32.01849]},"properties":{"semel":801,"name":"חמד","winner":"rz","winnerShare":0.3048,"turnout":0.8257,"valid":502,"sh_likud":0.1992,"sh24_likud":0.168,"sh_yesh_atid":0.0637,"sh24_yesh_atid":0.0547,"sh_shas":0.0857,"sh24_shas":0.0567,"sh_utj":0.0458,"sh24_utj":0.0405,"sh_rz":0.3048,"sh24_rz":0.2045,"sh_labor":0.0159,"sh24_labor":0.0142,"sh_gantz":0.1076,"sh24_gantz":0.0344,"sh_yb":0.01,"sh24_yb":0.002,"sh_meretz":0.002,"sh24_meretz":0.0081,"sh24_raam":0.002,"sh24_yamina":0.3644,"sh24_newhope":0.0445,"sh_habait":0.1514,"sh_other":0.0139,"sh24_other":0.0061,"winner24":"yamina"}},{"type":"Feature","geometry":{"type":"Point","coordinates":[34.9358,32.03136]},"properties":{"semel":802,"name":"גבעת כח","winner":"likud","winnerShare":0.4024,"turnout":0.7937,"valid":507,"sh_likud":0.4024,"sh24_likud":0.397,"sh_yesh_atid":0.14,"sh24_yesh_atid":0.1094,"sh_shas":0.0552,"sh24_shas":0.0536,"sh_utj":0.0138,"sh24_utj":0.0064,"sh_rz":0.1992,"sh24_rz":0.0515,"sh_labor":0.0316,"sh24_labor":0.0408,"sh_gantz":0.1006,"sh24_gantz":0.073,"sh_yb":0.0118,"sh24_yb":0.0064,"sh_meretz":0.0099,"sh24_meretz":0.0129,"sh24_yamina":0.118,"sh24_newhope":0.1073,"sh_habait":0.0138,"sh_other":0.0217,"sh24_other":0.0236,"winner24":"likud"}},{"type":"Feature","geometry":{"type":"Point","coordinates":[34.60924,31.44375]},"properties":{"semel":803,"name":"יושיביה","winner":"shas","winnerShare":0.3657,"turnout":0.8223,"valid":309,"sh_likud":0.3172,"sh24_likud":0.3643,"sh_yesh_atid":0.0129,"sh24_yesh_atid":0.0037,"sh_shas":0.3657,"sh24_shas":0.3532,"sh_utj":0.0227,"sh24_utj":0.0112,"sh_rz":0.2621,"sh24_rz":0.1822,"sh_labor":0.0032,"sh24_labor":0.0112,"sh_gantz":0.0032,"sh24_gantz":0.0074,"sh_yb":0.0065,"sh24_yb":0.0074,"sh24_yamina":0.0483,"sh24_newhope":0.0074,"sh_habait":0.0065,"sh24_other":0.0037,"winner24":"likud"}},{"type":"Feature","geometry":{"type":"Point","coordinates":[34.90789,31.93548]},"properties":{"semel":804,"name":"אחיסמך","winner":"likud","winnerShare":0.5122,"turnout":0.8315,"valid":738,"sh_likud":0.5122,"sh24_likud":0.6155,"sh_yesh_atid":0.0041,"sh24_yesh_atid":0.0161,"sh_shas":0.2561,"sh24_shas":0.2091,"sh_utj":0.0041,"sh24_utj":0.0044,"sh_rz":0.1707,"sh24_rz":0.0614,"sh_labor":0.0095,"sh24_labor":0.0088,"sh_gantz":0.0352,"sh24_gantz":0.0249,"sh_yb":0.0014,"sh_meretz":0.0027,"sh24_meretz":0.0015,"sh24_yamina":0.0307,"sh24_newhope":0.0219,"sh_habait":0.0027,"sh_other":0.0014,"sh24_other":0.0058,"winner24":"likud"}},{"type":"Feature","geometry":{"type":"Point","coordinates":[34.96559,31.75153]},"properties":{"semel":805,"name":"ישעי","winner":"likud","winnerShare":0.375,"turnout":0.7778,"valid":448,"sh_likud":0.375,"sh24_likud":0.5157,"sh_yesh_atid":0.0179,"sh24_yesh_atid":0.0121,"sh_shas":0.2612,"sh24_shas":0.2179,"sh_utj":0.0603,"sh24_utj":0.0242,"sh_rz":0.2366,"sh24_rz":0.1114,"sh_labor":0.0045,"sh24_labor":0.0048,"sh_gantz":0.0201,"sh24_yb":0.0024,"sh24_meretz":0.0024,"sh24_yamina":0.0654,"sh24_newhope":0.0291,"sh_habait":0.0179,"sh_other":0.0067,"sh24_other":0.0145,"winner24":"likud"}},{"type":"Feature","geometry":{"type":"Point","coordinates":[35.23811,30.65829]},"properties":{"semel":806,"name":"עין יהב","winner":"yesh_atid","winnerShare":0.3972,"turnout":0.6877,"valid":423,"sh_likud":0.0686,"sh24_likud":0.0463,"sh_yesh_atid":0.3972,"sh24_yesh_atid":0.1902,"sh_rz":0.0165,"sh24_rz":0.0073,"sh_labor":0.1277,"sh24_labor":0.239,"sh_gantz":0.2624,"sh24_gantz":0.322,"sh_yb":0.0095,"sh24_yb":0.0195,"sh_meretz":0.0686,"sh24_meretz":0.0878,"sh_hadash":0.0047,"sh_balad":0.0024,"sh24_joint":0.0098,"sh24_yamina":0.0122,"sh24_newhope":0.0537,"sh_habait":0.0213,"sh_other":0.0213,"sh24_other":0.0122,"winner24":"gantz"}},{"type":"Feature","geometry":{"type":"Point","coordinates":[34.94906,32.33314]},"properties":{"semel":807,"name":"חניאל","winner":"yesh_atid","winnerShare":0.4456,"turnout":0.7264,"valid":469,"sh_likud":0.0959,"sh24_likud":0.0938,"sh_yesh_atid":0.4456,"sh24_yesh_atid":0.3028,"sh_rz":0.0362,"sh24_rz":0.0021,"sh_labor":0.1002,"sh24_labor":0.1557,"sh_gantz":0.1663,"sh24_gantz":0.162,"sh_yb":0.0213,"sh24_yb":0.0171,"sh_meretz":0.0917,"sh24_meretz":0.1343,"sh_hadash":0.0064,"sh_balad":0.0043,"sh24_joint":0.0043,"sh24_yamina":0.032,"sh24_newhope":0.0618,"sh_habait":0.0043,"sh_other":0.0277,"sh24_other":0.0341,"winner24":"yesh_atid"}},{"type":"Feature","geometry":{"type":"Point","coordinates":[34.94892,32.19731]},"properties":{"semel":808,"name":"ניר אליהו","winner":"yesh_atid","winnerShare":0.3471,"turnout":0.7435,"valid":314,"sh_likud":0.0414,"sh24_likud":0.0405,"sh_yesh_atid":0.3471,"sh24_yesh_atid":0.2399,"sh24_utj":0.0031,"sh_rz":0.0287,"sh_labor":0.2611,"sh24_labor":0.3458,"sh_gantz":0.1369,"sh24_gantz":0.1526,"sh_yb":0.0191,"sh24_yb":0.0218,"sh_meretz":0.1306,"sh24_meretz":0.1464,"sh24_yamina":0.0187,"sh24_newhope":0.0249,"sh_habait":0.0096,"sh_other":0.0255,"sh24_other":0.0062,"winner24":"labor"}},{"type":"Feature","geometry":{"type":"Point","coordinates":[35.00342,31.7664]},"properties":{"semel":809,"name":"נחם","winner":"likud","winnerShare":0.4573,"turnout":0.7895,"valid":328,"sh_likud":0.4573,"sh24_likud":0.5762,"sh_yesh_atid":0.0274,"sh24_yesh_atid":0.0199,"sh_shas":0.0823,"sh24_shas":0.1225,"sh_utj":0.0823,"sh24_utj":0.0166,"sh_rz":0.2561,"sh24_rz":0.1126,"sh_labor":0.0061,"sh24_labor":0.0166,"sh_gantz":0.0427,"sh24_gantz":0.0166,"sh_yb":0.003,"sh24_yb":0.0033,"sh_meretz":0.0061,"sh24_meretz":0.0066,"sh_raam":0.0061,"sh24_yamina":0.0927,"sh24_newhope":0.0132,"sh_habait":0.0183,"sh_other":0.0122,"sh24_other":0.0033,"winner24":"likud"}},{"type":"Feature","geometry":{"type":"Point","coordinates":[34.982,32.62229]},"properties":{"semel":810,"name":"עופר","winner":"yesh_atid","winnerShare":0.2248,"turnout":0.7637,"valid":307,"sh_likud":0.1922,"sh24_likud":0.2276,"sh_yesh_atid":0.2248,"sh24_yesh_atid":0.1517,"sh_shas":0.0065,"sh_utj":0.0098,"sh24_utj":0.0103,"sh_rz":0.1075,"sh24_rz":0.0207,"sh_labor":0.101,"sh24_labor":0.1483,"sh_gantz":0.2085,"sh24_gantz":0.1655,"sh_yb":0.0163,"sh24_yb":0.0103,"sh_meretz":0.0814,"sh24_meretz":0.1069,"sh_hadash":0.0098,"sh24_yamina":0.069,"sh24_newhope":0.0655,"sh_habait":0.0261,"sh_other":0.0163,"sh24_other":0.0241,"winner24":"likud"}},{"type":"Feature","geometry":{"type":"Point","coordinates":[34.59968,31.48277]},"properties":{"semel":811,"name":"יכיני","winner":"likud","winnerShare":0.5974,"turnout":0.8008,"valid":385,"sh_likud":0.5974,"sh24_likud":0.6039,"sh_yesh_atid":0.026,"sh24_yesh_atid":0.0253,"sh_shas":0.1013,"sh24_shas":0.0871,"sh_utj":0.0052,"sh_rz":0.2052,"sh24_rz":0.1376,"sh_labor":0.0026,"sh24_labor":0.0225,"sh_gantz":0.0234,"sh24_gantz":0.0197,"sh_yb":0.0052,"sh24_yb":0.0056,"sh_meretz":0.0026,"sh24_meretz":0.0028,"sh24_yamina":0.0562,"sh24_newhope":0.0253,"sh_habait":0.0078,"sh_other":0.0234,"sh24_other":0.014,"winner24":"likud"}},{"type":"Feature","geometry":{"type":"Point","coordinates":[35.14873,33.07591]},"properties":{"semel":812,"name":"שלומי","winner":"likud","winnerShare":0.4352,"turnout":0.6647,"valid":3888,"sh_likud":0.4352,"sh24_likud":0.4381,"sh_yesh_atid":0.1175,"sh24_yesh_atid":0.0966,"sh_shas":0.0952,"sh24_shas":0.1299,"sh_utj":0.0062,"sh24_utj":0.0055,"sh_rz":0.1559,"sh24_rz":0.035,"sh_labor":0.0167,"sh24_labor":0.0231,"sh_gantz":0.0751,"sh24_gantz":0.0368,"sh_yb":0.0682,"sh24_yb":0.0914,"sh_meretz":0.0057,"sh24_meretz":0.0111,"sh_raam":0.0005,"sh24_raam":0.0003,"sh_hadash":0.001,"sh_balad":0.0005,"sh24_joint":0.0012,"sh24_yamina":0.0674,"sh24_newhope":0.0487,"sh_habait":0.0059,"sh_other":0.0165,"sh24_other":0.0149,"winner24":"likud"}},{"type":"Feature","geometry":{"type":"Point","coordinates":[35.22949,33.00944]},"properties":{"semel":813,"name":"עין יעקב","winner":"likud","winnerShare":0.3481,"turnout":0.7874,"valid":609,"sh_likud":0.3481,"sh24_likud":0.3741,"sh_yesh_atid":0.1018,"sh24_yesh_atid":0.0894,"sh_shas":0.0542,"sh24_shas":0.0547,"sh_utj":0.0033,"sh24_utj":0.0018,"sh_rz":0.3054,"sh24_rz":0.0821,"sh_labor":0.0296,"sh24_labor":0.0785,"sh_gantz":0.087,"sh24_gantz":0.0967,"sh_yb":0.0164,"sh24_yb":0.0237,"sh_meretz":0.0181,"sh24_meretz":0.0255,"sh_hadash":0.0016,"sh24_yamina":0.0821,"sh24_newhope":0.0547,"sh_habait":0.0099,"sh_other":0.0246,"sh24_other":0.0365,"winner24":"likud"}},{"type":"Feature","geometry":{"type":"Point","coordinates":[34.67194,31.56423]},"properties":{"semel":814,"name":"תלמים","winner":"shas","winnerShare":0.3552,"turnout":0.8215,"valid":473,"sh_likud":0.3277,"sh24_likud":0.4248,"sh_yesh_atid":0.0127,"sh24_yesh_atid":0.0119,"sh_shas":0.3552,"sh24_shas":0.2482,"sh_utj":0.0148,"sh24_utj":0.0119,"sh_rz":0.2389,"sh24_rz":0.1671,"sh24_labor":0.0024,"sh_gantz":0.0275,"sh24_gantz":0.0263,"sh_yb":0.0021,"sh24_meretz":0.0024,"sh24_joint":0.0024,"sh24_yamina":0.0788,"sh24_newhope":0.0072,"sh_habait":0.0085,"sh_other":0.0127,"sh24_other":0.0167,"winner24":"likud"}},{"type":"Feature","geometry":{"type":"Point","coordinates":[34.76012,31.65894]},"properties":{"semel":815,"name":"זבדיאל","winner":"likud","winnerShare":0.4143,"turnout":0.8747,"valid":391,"sh_likud":0.4143,"sh24_likud":0.5565,"sh_yesh_atid":0.0128,"sh24_yesh_atid":0.0056,"sh_shas":0.2967,"sh24_shas":0.2486,"sh_utj":0.0486,"sh24_utj":0.0367,"sh_rz":0.202,"sh24_rz":0.0791,"sh_labor":0.0026,"sh24_labor":0.0028,"sh_gantz":0.0077,"sh24_gantz":0.0085,"sh24_yamina":0.0367,"sh24_newhope":0.0169,"sh_habait":0.0102,"sh_other":0.0051,"sh24_other":0.0085,"winner24":"likud"}},{"type":"Feature","geometry":{"type":"Point","coordinates":[34.99923,31.73251]},"properties":{"semel":816,"name":"זנוח","winner":"likud","winnerShare":0.5049,"turnout":0.7494,"valid":305,"sh_likud":0.5049,"sh24_likud":0.5596,"sh_yesh_atid":0.0295,"sh24_yesh_atid":0.0217,"sh_shas":0.1967,"sh24_shas":0.1625,"sh_utj":0.023,"sh24_utj":0.0108,"sh_rz":0.1574,"sh24_rz":0.0686,"sh_labor":0.0033,"sh24_labor":0.0217,"sh_gantz":0.059,"sh24_gantz":0.0108,"sh24_yb":0.0072,"sh_meretz":0.0066,"sh24_meretz":0.0072,"sh24_yamina":0.0686,"sh24_newhope":0.0578,"sh_habait":0.0131,"sh_other":0.0066,"sh24_other":0.0036,"winner24":"likud"}},{"type":"Feature","geometry":{"type":"Point","coordinates":[34.69708,31.75082]},"properties":{"semel":817,"name":"עזריקם","winner":"likud","winnerShare":0.5753,"turnout":0.7833,"valid":777,"sh_likud":0.5753,"sh24_likud":0.6043,"sh_yesh_atid":0.0824,"sh24_yesh_atid":0.0543,"sh_shas":0.0759,"sh24_shas":0.0829,"sh_utj":0.0077,"sh_rz":0.1326,"sh24_rz":0.0129,"sh_labor":0.0142,"sh24_labor":0.0214,"sh_gantz":0.0888,"sh24_gantz":0.0843,"sh_yb":0.0064,"sh24_yb":0.0114,"sh24_meretz":0.0029,"sh_raam":0.0013,"sh24_joint":0.0014,"sh24_yamina":0.0514,"sh24_newhope":0.0529,"sh_habait":0.0013,"sh_other":0.0142,"sh24_other":0.02,"winner24":"likud"}},{"type":"Feature","geometry":{"type":"Point","coordinates":[34.7456,31.68157]},"properties":{"semel":818,"name":"זרחיה","winner":"likud","winnerShare":0.3786,"turnout":0.8651,"valid":449,"sh_likud":0.3786,"sh24_likud":0.4813,"sh_yesh_atid":0.0067,"sh24_yesh_atid":0.0093,"sh_shas":0.314,"sh24_shas":0.2407,"sh_utj":0.0178,"sh24_utj":0.0047,"sh_rz":0.2539,"sh24_rz":0.1916,"sh_labor":0.0022,"sh24_labor":0.0093,"sh_gantz":0.0067,"sh24_yamina":0.0561,"sh24_newhope":0.0023,"sh_habait":0.0156,"sh_other":0.0045,"sh24_other":0.0047,"winner24":"likud"}},{"type":"Feature","geometry":{"type":"Point","coordinates":[34.74302,31.71014]},"properties":{"semel":819,"name":"אביגדור","winner":"yesh_atid","winnerShare":0.4513,"turnout":0.8007,"valid":483,"sh_likud":0.1077,"sh24_likud":0.0795,"sh_yesh_atid":0.4513,"sh24_yesh_atid":0.3305,"sh_shas":0.0186,"sh24_shas":0.0126,"sh_utj":0.0021,"sh_rz":0.0642,"sh24_rz":0.0209,"sh_labor":0.0787,"sh24_labor":0.1255,"sh_gantz":0.207,"sh24_gantz":0.205,"sh_yb":0.0021,"sh24_yb":0.0167,"sh_meretz":0.0538,"sh24_meretz":0.0962,"sh_raam":0.0021,"sh24_yamina":0.0669,"sh24_newhope":0.0314,"sh_habait":0.0062,"sh_other":0.0062,"sh24_other":0.0146,"winner24":"yesh_atid"}},{"type":"Feature","geometry":{"type":"Point","coordinates":[34.65855,31.57803]},"properties":{"semel":820,"name":"חלץ","winner":"likud","winnerShare":0.5672,"turnout":0.7357,"valid":268,"sh_likud":0.5672,"sh24_likud":0.582,"sh_yesh_atid":0.041,"sh24_yesh_atid":0.0273,"sh_shas":0.1343,"sh24_shas":0.1016,"sh_rz":0.1269,"sh24_rz":0.0742,"sh_labor":0.0075,"sh24_labor":0.0195,"sh_gantz":0.0784,"sh24_gantz":0.0586,"sh_yb":0.0037,"sh24_yb":0.0156,"sh_meretz":0.0037,"sh24_meretz":0.0039,"sh24_yamina":0.0664,"sh24_newhope":0.0352,"sh_habait":0.0149,"sh_other":0.0224,"sh24_other":0.0156,"winner24":"likud"}},{"type":"Feature","geometry":{"type":"Point","coordinates":[34.7702,31.5534]},"properties":{"semel":821,"name":"אחוזם","winner":"likud","winnerShare":0.5448,"turnout":0.7203,"valid":290,"sh_likud":0.5448,"sh24_likud":0.6007,"sh_yesh_atid":0.0172,"sh24_yesh_atid":0.0035,"sh_shas":0.1931,"sh24_shas":0.1563,"sh_utj":0.0103,"sh24_utj":0.0035,"sh_rz":0.1897,"sh24_rz":0.1007,"sh24_labor":0.0069,"sh_gantz":0.0414,"sh24_gantz":0.0104,"sh24_yb":0.0104,"sh24_yamina":0.0451,"sh24_newhope":0.0556,"sh_other":0.0034,"sh24_other":0.0069,"winner24":"likud"}},{"type":"Feature","geometry":{"type":"Point","coordinates":[35.06208,31.71795]},"properties":{"semel":822,"name":"מטע","winner":"likud","winnerShare":0.3094,"turnout":0.7128,"valid":417,"sh_likud":0.3094,"sh24_likud":0.33,"sh_yesh_atid":0.1559,"sh24_yesh_atid":0.0837,"sh_shas":0.0408,"sh24_shas":0.0148,"sh_utj":0.0072,"sh24_utj":0.0049,"sh_rz":0.1223,"sh24_rz":0.0271,"sh_labor":0.1271,"sh24_labor":0.1847,"sh_gantz":0.0935,"sh24_gantz":0.0616,"sh_yb":0.024,"sh24_yb":0.0172,"sh_meretz":0.0528,"sh24_meretz":0.0961,"sh_hadash":0.0144,"sh24_joint":0.0172,"sh24_yamina":0.0714,"sh24_newhope":0.0567,"sh_habait":0.0264,"sh_other":0.0264,"sh24_other":0.0345,"winner24":"likud"}},{"type":"Feature","geometry":{"type":"Point","coordinates":[35.0724,31.72981]},"properties":{"semel":823,"name":"בר גיורא","winner":"likud","winnerShare":0.4608,"turnout":0.7703,"valid":332,"sh_likud":0.4608,"sh24_likud":0.4901,"sh_yesh_atid":0.1054,"sh24_yesh_atid":0.0395,"sh_shas":0.0723,"sh24_shas":0.0691,"sh_utj":0.0211,"sh24_utj":0.0066,"sh_rz":0.1566,"sh24_rz":0.0526,"sh_labor":0.0512,"sh24_labor":0.0592,"sh_gantz":0.0633,"sh24_gantz":0.0724,"sh_yb":0.0151,"sh24_yb":0.0164,"sh_meretz":0.0241,"sh24_meretz":0.0461,"sh_hadash":0.003,"sh24_yamina":0.0921,"sh24_newhope":0.0362,"sh_habait":0.0181,"sh_other":0.009,"sh24_other":0.0197,"winner24":"likud"}},{"type":"Feature","geometry":{"type":"Point","coordinates":[34.66925,31.62877]},"properties":{"semel":824,"name":"כוכב מיכאל","winner":"yesh_atid","winnerShare":0.4233,"turnout":0.7259,"valid":541,"sh_likud":0.1423,"sh24_likud":0.1142,"sh_yesh_atid":0.4233,"sh24_yesh_atid":0.2894,"sh_shas":0.0092,"sh24_shas":0.0059,"sh_utj":0.0111,"sh24_utj":0.002,"sh_rz":0.0462,"sh24_rz":0.0039,"sh_labor":0.0832,"sh24_labor":0.1358,"sh_gantz":0.1996,"sh24_gantz":0.1831,"sh_yb":0.0129,"sh24_yb":0.0138,"sh_meretz":0.0481,"sh24_meretz":0.063,"sh24_yamina":0.0591,"sh24_newhope":0.1004,"sh_habait":0.0092,"sh_other":0.0148,"sh24_other":0.0295,"winner24":"yesh_atid"}},{"type":"Feature","geometry":{"type":"Point","coordinates":[35.05837,31.74521]},"properties":{"semel":825,"name":"נס הרים","winner":"likud","winnerShare":0.3109,"turnout":0.7262,"valid":640,"sh_likud":0.3109,"sh24_likud":0.3208,"sh_yesh_atid":0.0953,"sh24_yesh_atid":0.07,"sh_shas":0.0422,"sh24_shas":0.0324,"sh_utj":0.0109,"sh24_utj":0.0068,"sh_rz":0.1516,"sh24_rz":0.0563,"sh_labor":0.0547,"sh24_labor":0.0666,"sh_gantz":0.2578,"sh24_gantz":0.1655,"sh_yb":0.0156,"sh24_yb":0.0154,"sh_meretz":0.0281,"sh24_meretz":0.0512,"sh_hadash":0.0047,"sh24_joint":0.0034,"sh24_yamina":0.0973,"sh24_newhope":0.0922,"sh_habait":0.0172,"sh_other":0.0109,"sh24_other":0.0222,"winner24":"likud"}},{"type":"Feature","geometry":{"type":"Point","coordinates":[34.7643,31.59319]},"properties":{"semel":826,"name":"עוזה","winner":"likud","winnerShare":0.4361,"turnout":0.7807,"valid":266,"sh_likud":0.4361,"sh24_likud":0.4231,"sh24_yesh_atid":0.0077,"sh_shas":0.3346,"sh24_shas":0.2923,"sh_utj":0.0414,"sh24_utj":0.0231,"sh_rz":0.1617,"sh24_rz":0.1692,"sh_labor":0.0038,"sh24_labor":0.0038,"sh_gantz":0.0075,"sh24_gantz":0.0231,"sh24_yamina":0.0385,"sh24_newhope":0.0115,"sh_habait":0.0113,"sh_other":0.0038,"sh24_other":0.0077,"winner24":"likud"}},{"type":"Feature","geometry":{"type":"Point","coordinates":[34.74113,31.80561]},"properties":{"semel":827,"name":"נווה מבטח","winner":"yesh_atid","winnerShare":0.3308,"turnout":0.7682,"valid":390,"sh_likud":0.1462,"sh24_likud":0.1215,"sh_yesh_atid":0.3308,"sh24_yesh_atid":0.2652,"sh_shas":0.0154,"sh24_shas":0.011,"sh_utj":0.0103,"sh24_utj":0.0028,"sh_rz":0.0692,"sh24_rz":0.0083,"sh_labor":0.0949,"sh24_labor":0.1215,"sh_gantz":0.2359,"sh24_gantz":0.2238,"sh_yb":0.0051,"sh24_yb":0.011,"sh_meretz":0.0513,"sh24_meretz":0.0746,"sh24_yamina":0.0552,"sh24_newhope":0.0801,"sh_habait":0.0103,"sh_other":0.0308,"sh24_other":0.0249,"winner24":"yesh_atid"}},{"type":"Feature","geometry":{"type":"Point","coordinates":[34.84789,31.91514]},"properties":{"semel":828,"name":"ישרש","winner":"likud","winnerShare":0.4741,"turnout":0.771,"valid":559,"sh_likud":0.4741,"sh24_likud":0.4954,"sh_yesh_atid":0.1556,"sh24_yesh_atid":0.0936,"sh_shas":0.0769,"sh24_shas":0.0716,"sh_utj":0.0018,"sh_rz":0.1252,"sh24_rz":0.0367,"sh_labor":0.0161,"sh24_labor":0.0349,"sh_gantz":0.0984,"sh24_gantz":0.0734,"sh_yb":0.0089,"sh24_yb":0.011,"sh_meretz":0.0179,"sh24_meretz":0.0183,"sh24_yamina":0.0752,"sh24_newhope":0.0569,"sh_habait":0.0089,"sh_other":0.0161,"sh24_other":0.033,"winner24":"likud"}},{"type":"Feature","geometry":{"type":"Point","coordinates":[34.40788,31.2404]},"properties":{"semel":829,"name":"מבטחים","winner":"likud","winnerShare":0.391,"turnout":0.6692,"valid":266,"sh_likud":0.391,"sh24_likud":0.5439,"sh_yesh_atid":0.0752,"sh24_yesh_atid":0.0711,"sh_shas":0.0902,"sh24_shas":0.1004,"sh_utj":0.015,"sh24_utj":0.0042,"sh_rz":0.3195,"sh24_rz":0.0962,"sh_labor":0.015,"sh24_labor":0.0209,"sh_gantz":0.0752,"sh24_gantz":0.0628,"sh_yb":0.0038,"sh24_yb":0.0126,"sh24_meretz":0.0167,"sh24_yamina":0.0544,"sh24_newhope":0.0084,"sh_habait":0.0038,"sh_other":0.0113,"sh24_other":0.0084,"winner24":"likud"}},{"type":"Feature","geometry":{"type":"Point","coordinates":[34.92899,30.98793]},"properties":{"semel":831,"name":"ירוחם","winner":"likud","winnerShare":0.3745,"turnout":0.661,"valid":5145,"sh_likud":0.3745,"sh24_likud":0.3998,"sh_yesh_atid":0.0466,"sh24_yesh_atid":0.0353,"sh_shas":0.1256,"sh24_shas":0.1168,"sh_utj":0.0647,"sh24_utj":0.0666,"sh_rz":0.1765,"sh24_rz":0.0726,"sh_labor":0.0121,"sh24_labor":0.0233,"sh_gantz":0.0742,"sh24_gantz":0.0459,"sh_yb":0.0531,"sh24_yb":0.0607,"sh_meretz":0.0095,"sh24_meretz":0.0121,"sh_raam":0.0122,"sh24_raam":0.0118,"sh_hadash":0.0031,"sh_balad":0.0008,"sh24_joint":0.0019,"sh24_yamina":0.1047,"sh24_newhope":0.0385,"sh_habait":0.0377,"sh_other":0.0093,"sh24_other":0.0099,"winner24":"likud"}},{"type":"Feature","geometry":{"type":"Point","coordinates":[35.35971,32.54074]},"properties":{"semel":833,"name":"נורית","winner":"yesh_atid","winnerShare":0.3478,"turnout":0.777,"valid":115,"sh_likud":0.2261,"sh24_likud":0.2772,"sh_yesh_atid":0.3478,"sh24_yesh_atid":0.2376,"sh_shas":0.0261,"sh24_utj":0.0198,"sh_rz":0.1217,"sh24_rz":0.0693,"sh_labor":0.0261,"sh24_labor":0.0693,"sh_gantz":0.1217,"sh24_gantz":0.0891,"sh_yb":0.0261,"sh24_yb":0.0099,"sh_meretz":0.0522,"sh24_meretz":0.0693,"sh_hadash":0.0174,"sh24_joint":0.0099,"sh24_yamina":0.0891,"sh24_newhope":0.0396,"sh_habait":0.0087,"sh_other":0.0261,"sh24_other":0.0198,"winner24":"likud"}},{"type":"Feature","geometry":{"type":"Point","coordinates":[34.82853,32.01793]},"properties":{"semel":836,"name":"גנות","winner":"yesh_atid","winnerShare":0.2731,"turnout":0.7855,"valid":271,"sh_likud":0.2103,"sh24_likud":0.2322,"sh_yesh_atid":0.2731,"sh24_yesh_atid":0.2097,"sh_shas":0.0185,"sh24_shas":0.0075,"sh_utj":0.0037,"sh24_utj":0.0075,"sh_rz":0.0738,"sh24_rz":0.0225,"sh_labor":0.0959,"sh24_labor":0.0936,"sh_gantz":0.2103,"sh24_gantz":0.161,"sh_yb":0.0221,"sh24_yb":0.0187,"sh_meretz":0.0443,"sh24_meretz":0.0749,"sh_hadash":0.0111,"sh24_yamina":0.0712,"sh24_newhope":0.0824,"sh_habait":0.0037,"sh_other":0.0332,"sh24_other":0.0187,"winner24":"likud"}},{"type":"Feature","geometry":{"type":"Point","coordinates":[34.97059,32.26242]},"properties":{"semel":837,"name":"עזריאל","winner":"likud","winnerShare":0.5519,"turnout":0.7961,"valid":491,"sh_likud":0.5519,"sh24_likud":0.5368,"sh_yesh_atid":0.0428,"sh24_yesh_atid":0.0368,"sh_shas":0.0794,"sh24_shas":0.0801,"sh_utj":0.0041,"sh24_utj":0.0065,"sh_rz":0.2057,"sh24_rz":0.1342,"sh_labor":0.002,"sh24_labor":0.0108,"sh_gantz":0.0733,"sh24_gantz":0.0368,"sh_yb":0.002,"sh24_yb":0.0022,"sh_meretz":0.002,"sh24_meretz":0.0043,"sh24_yamina":0.1061,"sh24_newhope":0.0411,"sh_habait":0.0265,"sh_other":0.0102,"sh24_other":0.0043,"winner24":"likud"}},{"type":"Feature","geometry":{"type":"Point","coordinates":[34.88262,31.85803]},"properties":{"semel":838,"name":"פדיה","winner":"likud","winnerShare":0.546,"turnout":0.8056,"valid":489,"sh_likud":0.546,"sh24_likud":0.5758,"sh_yesh_atid":0.1043,"sh24_yesh_atid":0.0659,"sh_shas":0.0838,"sh24_shas":0.0637,"sh24_utj":0.0022,"sh_rz":0.1493,"sh24_rz":0.0374,"sh_labor":0.0204,"sh24_labor":0.033,"sh_gantz":0.0613,"sh24_gantz":0.0681,"sh_yb":0.0143,"sh24_yb":0.0132,"sh_meretz":0.0061,"sh24_meretz":0.0132,"sh24_yamina":0.0659,"sh24_newhope":0.044,"sh_habait":0.0041,"sh_other":0.0102,"sh24_other":0.0176,"winner24":"likud"}},{"type":"Feature","geometry":{"type":"Point","coordinates":[34.88567,31.86733]},"properties":{"semel":839,"name":"פתחיה","winner":"likud","winnerShare":0.4167,"turnout":0.7887,"valid":504,"sh_likud":0.4167,"sh24_likud":0.4442,"sh_yesh_atid":0.125,"sh24_yesh_atid":0.1137,"sh_shas":0.0833,"sh24_shas":0.0708,"sh24_utj":0.0086,"sh_rz":0.1528,"sh24_rz":0.0215,"sh_labor":0.0179,"sh24_labor":0.0215,"sh_gantz":0.1647,"sh24_gantz":0.1094,"sh_yb":0.0079,"sh24_yb":0.0107,"sh_meretz":0.0099,"sh24_meretz":0.015,"sh_raam":0.002,"sh_hadash":0.002,"sh24_yamina":0.0858,"sh24_newhope":0.073,"sh_habait":0.004,"sh_other":0.0139,"sh24_other":0.0258,"winner24":"likud"}},{"type":"Feature","geometry":{"type":"Point","coordinates":[34.3991,31.37526]},"properties":{"semel":840,"name":"כיסופים","winner":"labor","winnerShare":0.3148,"turnout":0.5433,"valid":162,"sh_likud":0.0802,"sh24_likud":0.0774,"sh_yesh_atid":0.2778,"sh24_yesh_atid":0.1742,"sh_shas":0.0123,"sh_rz":0.0679,"sh24_rz":0.0194,"sh_labor":0.3148,"sh24_labor":0.4194,"sh_gantz":0.0988,"sh24_gantz":0.0774,"sh_yb":0.0185,"sh24_yb":0.0387,"sh_meretz":0.0864,"sh24_meretz":0.1097,"sh_raam":0.0123,"sh24_joint":0.0065,"sh24_yamina":0.0581,"sh24_newhope":0.0065,"sh_other":0.0309,"sh24_other":0.0129,"winner24":"labor"}},{"type":"Feature","geometry":{"type":"Point","coordinates":[34.92846,32.15269]},"properties":{"semel":841,"name":"אלישמע","winner":"likud","winnerShare":0.4375,"turnout":0.7943,"valid":640,"sh_likud":0.4375,"sh24_likud":0.4548,"sh_yesh_atid":0.1078,"sh24_yesh_atid":0.0934,"sh_shas":0.0938,"sh24_shas":0.0689,"sh_utj":0.0047,"sh24_utj":0.0046,"sh_rz":0.1422,"sh24_rz":0.0168,"sh_labor":0.0156,"sh24_labor":0.0475,"sh_gantz":0.1625,"sh24_gantz":0.1149,"sh_yb":0.0063,"sh24_yb":0.0061,"sh_meretz":0.0063,"sh24_meretz":0.0214,"sh_hadash":0.0016,"sh24_yamina":0.1072,"sh24_newhope":0.049,"sh_habait":0.0172,"sh_other":0.0047,"sh24_other":0.0153,"winner24":"likud"}},{"type":"Feature","geometry":{"type":"Point","coordinates":[34.82462,32.22924]},"properties":{"semel":842,"name":"געש","winner":"yesh_atid","winnerShare":0.3946,"turnout":0.7697,"valid":555,"sh_likud":0.0541,"sh24_likud":0.0468,"sh_yesh_atid":0.3946,"sh24_yesh_atid":0.2302,"sh_shas":0.0054,"sh24_shas":0.0036,"sh_utj":0.0054,"sh_rz":0.018,"sh24_rz":0.0054,"sh_labor":0.1243,"sh24_labor":0.1888,"sh_gantz":0.1135,"sh24_gantz":0.0917,"sh_yb":0.0126,"sh24_yb":0.0216,"sh_meretz":0.2468,"sh24_meretz":0.3579,"sh_raam":0.0018,"sh_hadash":0.0036,"sh24_joint":0.0036,"sh24_yamina":0.0216,"sh24_newhope":0.0216,"sh_other":0.0198,"sh24_other":0.0072,"winner24":"meretz"}},{"type":"Feature","geometry":{"type":"Point","coordinates":[35.54491,33.21486]},"properties":{"semel":843,"name":"מרגליות","winner":"likud","winnerShare":0.4703,"turnout":0.6215,"valid":219,"sh_likud":0.4703,"sh24_likud":0.383,"sh_yesh_atid":0.105,"sh24_yesh_atid":0.1117,"sh_shas":0.105,"sh24_shas":0.0479,"sh_utj":0.0137,"sh24_utj":0.0106,"sh_rz":0.1324,"sh24_rz":0.0319,"sh_labor":0.032,"sh24_labor":0.0266,"sh_gantz":0.0959,"sh24_gantz":0.1223,"sh_yb":0.0137,"sh24_yb":0.0106,"sh_meretz":0.0183,"sh24_meretz":0.0266,"sh24_yamina":0.1011,"sh24_newhope":0.1117,"sh_habait":0.0091,"sh_other":0.0046,"sh24_other":0.016,"winner24":"likud"}},{"type":"Feature","geometry":{"type":"Point","coordinates":[34.49746,31.47277]},"properties":{"semel":844,"name":"נחל עוז","winner":"yesh_atid","winnerShare":0.36,"turnout":0.707,"valid":250,"sh_likud":0.104,"sh24_likud":0.0636,"sh_yesh_atid":0.36,"sh24_yesh_atid":0.2076,"sh_rz":0.032,"sh_labor":0.2,"sh24_labor":0.339,"sh_gantz":0.216,"sh24_gantz":0.178,"sh_yb":0.008,"sh24_yb":0.0169,"sh_meretz":0.056,"sh24_meretz":0.072,"sh24_yamina":0.0593,"sh24_newhope":0.0339,"sh_other":0.024,"sh24_other":0.0297,"winner24":"labor"}},{"type":"Feature","geometry":{"type":"Point","coordinates":[34.53192,31.48359]},"properties":{"semel":845,"name":"כפר עזה","winner":"yesh_atid","winnerShare":0.3416,"turnout":0.7331,"valid":562,"sh_likud":0.0872,"sh24_likud":0.0664,"sh_yesh_atid":0.3416,"sh24_yesh_atid":0.3044,"sh_shas":0.0036,"sh24_shas":0.0037,"sh_rz":0.0516,"sh24_rz":0.0092,"sh_labor":0.1655,"sh24_labor":0.214,"sh_gantz":0.2028,"sh24_gantz":0.1365,"sh_yb":0.0231,"sh24_yb":0.0369,"sh_meretz":0.0979,"sh24_meretz":0.1421,"sh_raam":0.0036,"sh_hadash":0.0053,"sh24_joint":0.0018,"sh24_yamina":0.048,"sh24_newhope":0.024,"sh_habait":0.0089,"sh_other":0.0089,"sh24_other":0.0129,"winner24":"yesh_atid"}},{"type":"Feature","geometry":{"type":"Point","coordinates":[35.43619,32.9436]},"properties":{"semel":846,"name":"שפר","winner":"likud","winnerShare":0.5605,"turnout":0.6991,"valid":223,"sh_likud":0.5605,"sh24_likud":0.5362,"sh_yesh_atid":0.0673,"sh24_yesh_atid":0.0725,"sh_shas":0.0807,"sh24_shas":0.0531,"sh_utj":0.009,"sh24_utj":0.0145,"sh_rz":0.1525,"sh24_rz":0.058,"sh_labor":0.009,"sh24_labor":0.0531,"sh_gantz":0.0673,"sh24_gantz":0.058,"sh_yb":0.009,"sh24_yb":0.029,"sh_meretz":0.0224,"sh24_meretz":0.0242,"sh24_yamina":0.0338,"sh24_newhope":0.0338,"sh_other":0.0224,"sh24_other":0.0338,"winner24":"likud"}},{"type":"Feature","geometry":{"type":"Point","coordinates":[34.72946,31.81728]},"properties":{"semel":848,"name":"בית רבן","winner":"rz","winnerShare":0.7346,"turnout":0.709,"valid":211,"sh_likud":0.1232,"sh24_likud":0.1212,"sh_shas":0.1043,"sh24_shas":0.0909,"sh_utj":0.0142,"sh24_utj":0.0216,"sh_rz":0.7346,"sh24_rz":0.5455,"sh24_labor":0.0087,"sh24_yamina":0.2078,"sh24_newhope":0.0043,"sh_habait":0.019,"sh_other":0.0047,"winner24":"rz"}},{"type":"Feature","geometry":{"type":"Point","coordinates":[34.82488,31.41235]},"properties":{"semel":849,"name":"דבירה","winner":"yesh_atid","winnerShare":0.3716,"turnout":0.7609,"valid":522,"sh_likud":0.0843,"sh24_likud":0.0665,"sh_yesh_atid":0.3716,"sh24_yesh_atid":0.2357,"sh_shas":0.0077,"sh24_shas":0.0019,"sh_utj":0.0019,"sh24_utj":0.0019,"sh_rz":0.0307,"sh24_rz":0.0095,"sh_labor":0.09,"sh24_labor":0.1787,"sh_gantz":0.2126,"sh24_gantz":0.154,"sh_yb":0.0077,"sh24_yb":0.0152,"sh_meretz":0.1648,"sh24_meretz":0.2452,"sh_hadash":0.0019,"sh24_yamina":0.0475,"sh24_newhope":0.0285,"sh_habait":0.0115,"sh_other":0.0153,"sh24_other":0.0152,"winner24":"meretz"}},{"type":"Feature","geometry":{"type":"Point","coordinates":[34.99051,32.38783]},"properties":{"semel":850,"name":"אחיטוב","winner":"likud","winnerShare":0.3249,"turnout":0.7429,"valid":551,"sh_likud":0.3249,"sh24_likud":0.2783,"sh_yesh_atid":0.1597,"sh24_yesh_atid":0.1516,"sh_shas":0.0599,"sh24_shas":0.0499,"sh_utj":0.0036,"sh24_utj":0.0019,"sh_rz":0.1234,"sh24_rz":0.0115,"sh_labor":0.0309,"sh24_labor":0.0614,"sh_gantz":0.2668,"sh24_gantz":0.2438,"sh_yb":0.0073,"sh24_yb":0.0192,"sh_meretz":0.0073,"sh24_meretz":0.0192,"sh_hadash":0.0036,"sh24_yamina":0.0576,"sh24_newhope":0.0902,"sh_habait":0.0036,"sh_other":0.0091,"sh24_other":0.0154,"winner24":"likud"}},{"type":"Feature","geometry":{"type":"Point","coordinates":[35.00395,32.30591]},"properties":{"semel":851,"name":"ניצני עוז","winner":"likud","winnerShare":0.2811,"turnout":0.7386,"valid":562,"sh_likud":0.2811,"sh24_likud":0.3017,"sh_yesh_atid":0.2527,"sh24_yesh_atid":0.2048,"sh_shas":0.0231,"sh24_shas":0.0168,"sh_utj":0.0018,"sh_rz":0.1477,"sh24_rz":0.0186,"sh_labor":0.0676,"sh24_labor":0.1024,"sh_gantz":0.1655,"sh24_gantz":0.1434,"sh_yb":0.0089,"sh24_yb":0.0149,"sh_meretz":0.0249,"sh24_meretz":0.0298,"sh_raam":0.0018,"sh24_raam":0.0037,"sh_hadash":0.0018,"sh_balad":0.0018,"sh24_joint":0.0019,"sh24_yamina":0.0521,"sh24_newhope":0.0689,"sh_habait":0.0036,"sh_other":0.0178,"sh24_other":0.041,"winner24":"likud"}},{"type":"Feature","geometry":{"type":"Point","coordinates":[35.6469,33.12434]},"properties":{"semel":852,"name":"גונן","winner":"yesh_atid","winnerShare":0.4036,"turnout":0.625,"valid":223,"sh_likud":0.0583,"sh24_likud":0.0548,"sh_yesh_atid":0.4036,"sh24_yesh_atid":0.242,"sh_rz":0.0404,"sh24_rz":0.0046,"sh_labor":0.1839,"sh24_labor":0.242,"sh_gantz":0.1076,"sh24_gantz":0.1233,"sh_yb":0.0135,"sh24_yb":0.032,"sh_meretz":0.13,"sh24_meretz":0.1689,"sh24_yamina":0.0183,"sh24_newhope":0.0411,"sh_habait":0.0224,"sh_other":0.0404,"sh24_other":0.0731,"winner24":"labor"}},{"type":"Feature","geometry":{"type":"Point","coordinates":[34.76548,31.88505]},"properties":{"semel":853,"name":"גאליה","winner":"yesh_atid","winnerShare":0.4307,"turnout":0.7366,"valid":599,"sh_likud":0.177,"sh24_likud":0.1867,"sh_yesh_atid":0.4307,"sh24_yesh_atid":0.338,"sh_shas":0.0017,"sh24_shas":0.0031,"sh_utj":0.005,"sh24_utj":0.0031,"sh_rz":0.0467,"sh24_rz":0.0154,"sh_labor":0.0568,"sh24_labor":0.0864,"sh_gantz":0.1853,"sh24_gantz":0.1574,"sh_yb":0.0334,"sh24_yb":0.037,"sh_meretz":0.0351,"sh24_meretz":0.0725,"sh_hadash":0.0017,"sh24_yamina":0.0448,"sh24_newhope":0.0525,"sh_other":0.0267,"sh24_other":0.0031,"winner24":"yesh_atid"}},{"type":"Feature","geometry":{"type":"Point","coordinates":[35.4897,32.45068]},"properties":{"semel":854,"name":"רחוב","winner":"likud","winnerShare":0.6923,"turnout":0.7381,"valid":247,"sh_likud":0.6923,"sh24_likud":0.7564,"sh_yesh_atid":0.0364,"sh24_yesh_atid":0.0385,"sh_shas":0.081,"sh24_shas":0.0897,"sh_utj":0.004,"sh_rz":0.1619,"sh24_rz":0.0385,"sh_labor":0.004,"sh_gantz":0.0162,"sh24_gantz":0.0299,"sh24_yamina":0.0342,"sh24_newhope":0.0128,"sh_habait":0.004,"winner24":"likud"}},{"type":"Feature","geometry":{"type":"Point","coordinates":[34.98379,31.87055]},"properties":{"semel":856,"name":"שעלבים","winner":"rz","winnerShare":0.719,"turnout":0.8046,"valid":662,"sh_likud":0.0937,"sh24_likud":0.0816,"sh_yesh_atid":0.0136,"sh24_yesh_atid":0.0078,"sh_shas":0.0378,"sh24_shas":0.0283,"sh_utj":0.0257,"sh24_utj":0.0235,"sh_rz":0.719,"sh24_rz":0.6421,"sh_labor":0.0076,"sh24_labor":0.0094,"sh_gantz":0.0151,"sh24_gantz":0.0047,"sh_yb":0.0015,"sh24_yb":0.0016,"sh_meretz":0.003,"sh24_meretz":0.0031,"sh_hadash":0.0015,"sh24_yamina":0.1774,"sh24_newhope":0.0094,"sh_habait":0.0801,"sh_other":0.0015,"sh24_other":0.011,"winner24":"rz"}},{"type":"Feature","geometry":{"type":"Point","coordinates":[34.72105,31.83133]},"properties":{"semel":857,"name":"כפר אביב","winner":"yesh_atid","winnerShare":0.4132,"turnout":0.7278,"valid":409,"sh_likud":0.1491,"sh24_likud":0.1566,"sh_yesh_atid":0.4132,"sh24_yesh_atid":0.2265,"sh_shas":0.0244,"sh24_shas":0.0169,"sh_utj":0.0073,"sh24_utj":0.0048,"sh_rz":0.0416,"sh24_rz":0.012,"sh_labor":0.066,"sh24_labor":0.188,"sh_gantz":0.1932,"sh24_gantz":0.1422,"sh_yb":0.0196,"sh24_yb":0.0265,"sh_meretz":0.0709,"sh24_meretz":0.0892,"sh24_joint":0.0024,"sh24_yamina":0.0602,"sh24_newhope":0.0578,"sh_other":0.0147,"sh24_other":0.0169,"winner24":"yesh_atid"}},{"type":"Feature","geometry":{"type":"Point","coordinates":[34.92443,32.13289]},"properties":{"semel":858,"name":"נווה ירק","winner":"yesh_atid","winnerShare":0.4523,"turnout":0.7558,"valid":650,"sh_likud":0.1185,"sh24_likud":0.095,"sh_yesh_atid":0.4523,"sh24_yesh_atid":0.3409,"sh_shas":0.0062,"sh24_shas":0.003,"sh_utj":0.0031,"sh_rz":0.0308,"sh24_rz":0.009,"sh_labor":0.08,"sh24_labor":0.1222,"sh_gantz":0.2015,"sh24_gantz":0.2051,"sh_yb":0.0231,"sh24_yb":0.0392,"sh_meretz":0.0508,"sh24_meretz":0.0679,"sh_raam":0.0031,"sh_hadash":0.0031,"sh_balad":0.0015,"sh24_yamina":0.0513,"sh24_newhope":0.0422,"sh_habait":0.0092,"sh_other":0.0169,"sh24_other":0.0241,"winner24":"yesh_atid"}},{"type":"Feature","geometry":{"type":"Point","coordinates":[35.0493,31.77407]},"properties":{"semel":859,"name":"כסלון","winner":"likud","winnerShare":0.3973,"turnout":0.7426,"valid":224,"sh_likud":0.3973,"sh24_likud":0.4783,"sh_yesh_atid":0.0536,"sh24_yesh_atid":0.0242,"sh_shas":0.2232,"sh24_shas":0.1884,"sh_utj":0.0089,"sh24_utj":0.0097,"sh_rz":0.1652,"sh24_rz":0.0725,"sh_labor":0.0268,"sh24_labor":0.0386,"sh_gantz":0.0491,"sh24_gantz":0.0242,"sh_yb":0.0134,"sh_meretz":0.0402,"sh24_meretz":0.0338,"sh24_yamina":0.0725,"sh24_newhope":0.0386,"sh_habait":0.0045,"sh_other":0.0179,"sh24_other":0.0193,"winner24":"likud"}},{"type":"Feature","geometry":{"type":"Point","coordinates":[35.56446,33.04566]},"properties":{"semel":861,"name":"שדה אליעזר","winner":"likud","winnerShare":0.2696,"turnout":0.6988,"valid":471,"sh_likud":0.2696,"sh24_likud":0.2557,"sh_yesh_atid":0.2314,"sh24_yesh_atid":0.1963,"sh_shas":0.0149,"sh24_shas":0.0023,"sh_utj":0.0234,"sh24_utj":0.0046,"sh_rz":0.1083,"sh24_rz":0.0388,"sh_labor":0.0318,"sh24_labor":0.0868,"sh_gantz":0.2314,"sh24_gantz":0.1324,"sh_yb":0.0127,"sh24_yb":0.0228,"sh_meretz":0.0234,"sh24_meretz":0.0228,"sh_hadash":0.0021,"sh24_joint":0.0023,"sh24_yamina":0.0639,"sh24_newhope":0.1187,"sh_habait":0.017,"sh_other":0.034,"sh24_other":0.0525,"winner24":"likud"}},{"type":"Feature","geometry":{"type":"Point","coordinates":[34.83844,31.85812]},"properties":{"semel":862,"name":"גני יוחנן","winner":"likud","winnerShare":0.3095,"turnout":0.7519,"valid":391,"sh_likud":0.3095,"sh24_likud":0.3187,"sh_yesh_atid":0.2685,"sh24_yesh_atid":0.2098,"sh_shas":0.0281,"sh24_shas":0.0259,"sh_utj":0.0051,"sh_rz":0.0818,"sh24_rz":0.0285,"sh_labor":0.0358,"sh24_labor":0.0725,"sh_gantz":0.2174,"sh24_gantz":0.1477,"sh_yb":0.0153,"sh24_yb":0.0285,"sh_meretz":0.0256,"sh24_meretz":0.0337,"sh24_yamina":0.0311,"sh24_newhope":0.0751,"sh_habait":0.0026,"sh_other":0.0102,"sh24_other":0.0285,"winner24":"likud"}},{"type":"Feature","geometry":{"type":"Point","coordinates":[34.91396,31.96289]},"properties":{"semel":863,"name":"גינתון","winner":"yesh_atid","winnerShare":0.3845,"turnout":0.7802,"valid":502,"sh_likud":0.1892,"sh24_likud":0.1949,"sh_yesh_atid":0.3845,"sh24_yesh_atid":0.2362,"sh_shas":0.0299,"sh24_shas":0.0177,"sh_rz":0.0657,"sh24_rz":0.0276,"sh_labor":0.0697,"sh24_labor":0.1024,"sh_gantz":0.1793,"sh24_gantz":0.1693,"sh_yb":0.0259,"sh24_yb":0.0433,"sh_meretz":0.0279,"sh24_meretz":0.063,"sh_hadash":0.002,"sh24_joint":0.0039,"sh24_yamina":0.0453,"sh24_newhope":0.065,"sh_habait":0.002,"sh_other":0.0239,"sh24_other":0.0315,"winner24":"yesh_atid"}},{"type":"Feature","geometry":{"type":"Point","coordinates":[34.9257,31.82878]},"properties":{"semel":864,"name":"בקוע","winner":"likud","winnerShare":0.4047,"turnout":0.8336,"valid":472,"sh_likud":0.4047,"sh24_likud":0.4539,"sh_yesh_atid":0.1314,"sh24_yesh_atid":0.0698,"sh_shas":0.0551,"sh24_shas":0.0698,"sh_utj":0.0042,"sh24_utj":0.0025,"sh_rz":0.2161,"sh24_rz":0.0798,"sh_labor":0.0403,"sh24_labor":0.0599,"sh_gantz":0.0975,"sh24_gantz":0.0973,"sh_yb":0.0085,"sh24_yb":0.0025,"sh_meretz":0.0169,"sh24_meretz":0.015,"sh_hadash":0.0021,"sh24_yamina":0.0748,"sh24_newhope":0.0549,"sh_habait":0.0064,"sh_other":0.0169,"sh24_other":0.02,"winner24":"likud"}},{"type":"Feature","geometry":{"type":"Point","coordinates":[34.60756,31.39564]},"properties":{"semel":865,"name":"שיבולים","winner":"likud","winnerShare":0.5093,"turnout":0.766,"valid":216,"sh_likud":0.5093,"sh24_likud":0.5737,"sh_yesh_atid":0.0185,"sh24_yesh_atid":0.0053,"sh_shas":0.0602,"sh24_shas":0.0632,"sh_utj":0.0185,"sh24_utj":0.0105,"sh_rz":0.287,"sh24_rz":0.1632,"sh24_labor":0.0105,"sh_gantz":0.0556,"sh24_gantz":0.0421,"sh_yb":0.0139,"sh24_yb":0.0053,"sh24_yamina":0.0737,"sh24_newhope":0.0474,"sh_habait":0.0324,"sh_other":0.0046,"sh24_other":0.0053,"winner24":"likud"}},{"type":"Feature","geometry":{"type":"Point","coordinates":[35.06093,29.89349]},"properties":{"semel":866,"name":"יטבתה","winner":"yesh_atid","winnerShare":0.378,"turnout":0.5907,"valid":418,"sh_likud":0.0359,"sh24_likud":0.0276,"sh_yesh_atid":0.378,"sh24_yesh_atid":0.2391,"sh_shas":0.0096,"sh_rz":0.0144,"sh24_rz":0.0046,"sh_labor":0.3493,"sh24_labor":0.423,"sh_gantz":0.0861,"sh24_gantz":0.0966,"sh_yb":0.012,"sh24_yb":0.023,"sh_meretz":0.1077,"sh24_meretz":0.1402,"sh_hadash":0.0024,"sh24_joint":0.0023,"sh24_yamina":0.0092,"sh24_newhope":0.0253,"sh_other":0.0048,"sh24_other":0.0092,"winner24":"labor"}},{"type":"Feature","geometry":{"type":"Point","coordinates":[35.004,32.51058]},"properties":{"semel":868,"name":"אלוני יצחק","winner":"gantz","winnerShare":0.3333,"turnout":0.192,"valid":24,"sh_likud":0.0417,"sh24_likud":0.0435,"sh_yesh_atid":0.2083,"sh24_yesh_atid":0.2609,"sh_rz":0.1667,"sh_labor":0.125,"sh24_labor":0.2174,"sh_gantz":0.3333,"sh24_gantz":0.1304,"sh_yb":0.0833,"sh_meretz":0.0417,"sh24_yamina":0.0435,"sh24_newhope":0.2609,"sh24_other":0.0435,"winner24":"yesh_atid"}},{"type":"Feature","geometry":{"type":"Point","coordinates":[34.92138,32.0978]},"properties":{"semel":870,"name":"גבעת השלושה","winner":"yesh_atid","winnerShare":0.365,"turnout":0.7759,"valid":411,"sh_likud":0.0925,"sh24_likud":0.0863,"sh_yesh_atid":0.365,"sh24_yesh_atid":0.2206,"sh_shas":0.0122,"sh24_shas":0.0096,"sh_utj":0.0073,"sh_rz":0.0292,"sh24_rz":0.0072,"sh_labor":0.1873,"sh24_labor":0.2614,"sh_gantz":0.1776,"sh24_gantz":0.2062,"sh_yb":0.0292,"sh24_yb":0.012,"sh_meretz":0.0803,"sh24_meretz":0.1103,"sh_hadash":0.0049,"sh24_yamina":0.024,"sh24_newhope":0.0456,"sh_habait":0.0024,"sh_other":0.0122,"sh24_other":0.0168,"winner24":"labor"}},{"type":"Feature","geometry":{"type":"Point","coordinates":[34.93852,32.08292]},"properties":{"semel":871,"name":"עינת","winner":"yesh_atid","winnerShare":0.3075,"turnout":0.7983,"valid":478,"sh_likud":0.0837,"sh24_likud":0.058,"sh_yesh_atid":0.3075,"sh24_yesh_atid":0.1884,"sh_utj":0.0021,"sh_rz":0.0251,"sh24_rz":0.0021,"sh_labor":0.2259,"sh24_labor":0.3271,"sh_gantz":0.1925,"sh24_gantz":0.1636,"sh_yb":0.0063,"sh24_yb":0.0186,"sh_meretz":0.1339,"sh24_meretz":0.1863,"sh24_yamina":0.0269,"sh24_newhope":0.0124,"sh_habait":0.0021,"sh_other":0.0209,"sh24_other":0.0166,"winner24":"labor"}},{"type":"Feature","geometry":{"type":"Point","coordinates":[34.9017,32.39232]},"properties":{"semel":872,"name":"גאולי תימן","winner":"likud","winnerShare":0.4271,"turnout":0.7659,"valid":192,"sh_likud":0.4271,"sh24_likud":0.4505,"sh_yesh_atid":0.125,"sh24_yesh_atid":0.0824,"sh_shas":0.026,"sh24_shas":0.0275,"sh_utj":0.0052,"sh24_utj":0.0055,"sh_rz":0.1458,"sh24_rz":0.0934,"sh_labor":0.0417,"sh24_labor":0.0385,"sh_gantz":0.0521,"sh24_gantz":0.0275,"sh24_yb":0.0055,"sh_meretz":0.0156,"sh24_meretz":0.0275,"sh_raam":0.0104,"sh24_raam":0.0385,"sh_hadash":0.0781,"sh_balad":0.0417,"sh24_joint":0.044,"sh24_yamina":0.0659,"sh24_newhope":0.0769,"sh_habait":0.0104,"sh_other":0.0208,"sh24_other":0.0165,"winner24":"likud"}},{"type":"Feature","geometry":{"type":"Point","coordinates":[34.76713,31.56371]},"properties":{"semel":873,"name":"שלווה","winner":"likud","winnerShare":0.4957,"turnout":0.8337,"valid":351,"sh_likud":0.4957,"sh24_likud":0.5243,"sh_yesh_atid":0.0114,"sh24_yesh_atid":0.0065,"sh_shas":0.2308,"sh24_shas":0.2039,"sh_utj":0.0228,"sh24_utj":0.0162,"sh_rz":0.208,"sh24_rz":0.1618,"sh_gantz":0.0085,"sh24_gantz":0.0162,"sh24_yamina":0.0485,"sh24_newhope":0.0162,"sh_habait":0.0228,"sh24_other":0.0065,"winner24":"likud"}},{"type":"Feature","geometry":{"type":"Point","coordinates":[35.24321,32.67795]},"properties":{"semel":874,"name":"מגדל העמק","winner":"likud","winnerShare":0.3744,"turnout":0.6397,"valid":13973,"sh_likud":0.3744,"sh24_likud":0.3798,"sh_yesh_atid":0.0928,"sh24_yesh_atid":0.0693,"sh_shas":0.1693,"sh24_shas":0.1555,"sh_utj":0.0153,"sh24_utj":0.0145,"sh_rz":0.1268,"sh24_rz":0.0627,"sh_labor":0.013,"sh24_labor":0.0196,"sh_gantz":0.0523,"sh24_gantz":0.03,"sh_yb":0.133,"sh24_yb":0.1634,"sh_meretz":0.0048,"sh24_meretz":0.0067,"sh_raam":0.0001,"sh24_raam":0.0002,"sh_hadash":0.0003,"sh_balad":0.0002,"sh24_joint":0.0004,"sh24_yamina":0.0405,"sh24_newhope":0.0453,"sh_habait":0.0051,"sh_other":0.0126,"sh24_other":0.0122,"winner24":"likud"}},{"type":"Feature","geometry":{"type":"Point","coordinates":[34.86902,32.37926]},"properties":{"semel":877,"name":"בית חירות","winner":"yesh_atid","winnerShare":0.513,"turnout":0.7476,"valid":462,"sh_likud":0.0173,"sh24_likud":0.0212,"sh_yesh_atid":0.513,"sh24_yesh_atid":0.3178,"sh_rz":0.0043,"sh_labor":0.1667,"sh24_labor":0.25,"sh_gantz":0.1515,"sh24_gantz":0.178,"sh_yb":0.0065,"sh24_yb":0.0254,"sh_meretz":0.1299,"sh24_meretz":0.1674,"sh_balad":0.0022,"sh24_joint":0.0042,"sh24_yamina":0.0169,"sh24_newhope":0.0127,"sh_habait":0.0022,"sh_other":0.0065,"sh24_other":0.0064,"winner24":"yesh_atid"}},{"type":"Feature","geometry":{"type":"Point","coordinates":[34.93555,32.27377]},"properties":{"semel":880,"name":"עין שריד","winner":"yesh_atid","winnerShare":0.3118,"turnout":0.7572,"valid":834,"sh_likud":0.2578,"sh24_likud":0.2555,"sh_yesh_atid":0.3118,"sh24_yesh_atid":0.2372,"sh_shas":0.0312,"sh24_shas":0.0293,"sh_utj":0.0144,"sh24_utj":0.0134,"sh_rz":0.1031,"sh24_rz":0.0318,"sh_labor":0.0528,"sh24_labor":0.0905,"sh_gantz":0.1391,"sh24_gantz":0.1112,"sh_yb":0.0228,"sh24_yb":0.022,"sh_meretz":0.048,"sh24_meretz":0.0831,"sh_raam":0.0024,"sh_hadash":0.0012,"sh24_joint":0.0024,"sh24_yamina":0.0623,"sh24_newhope":0.0501,"sh_habait":0.006,"sh_other":0.0096,"sh24_other":0.011,"winner24":"likud"}},{"type":"Feature","geometry":{"type":"Point","coordinates":[34.79318,30.87344]},"properties":{"semel":885,"name":"שדה בוקר","winner":"yesh_atid","winnerShare":0.4226,"turnout":0.6215,"valid":265,"sh_likud":0.0377,"sh24_likud":0.0178,"sh_yesh_atid":0.4226,"sh24_yesh_atid":0.1566,"sh_shas":0.0038,"sh24_shas":0.0036,"sh_rz":0.0151,"sh24_rz":0.0036,"sh_labor":0.1887,"sh24_labor":0.3167,"sh_gantz":0.1509,"sh24_gantz":0.1815,"sh_yb":0.0226,"sh24_yb":0.0569,"sh_meretz":0.1132,"sh24_meretz":0.1957,"sh_hadash":0.0038,"sh24_joint":0.0036,"sh24_yamina":0.0285,"sh24_newhope":0.0142,"sh_habait":0.0075,"sh_other":0.034,"sh24_other":0.0214,"winner24":"labor"}},{"type":"Feature","geometry":{"type":"Point","coordinates":[34.79272,31.74559]},"properties":{"semel":888,"name":"כפר הריף","winner":"yesh_atid","winnerShare":0.4248,"turnout":0.7603,"valid":459,"sh_likud":0.146,"sh24_likud":0.1533,"sh_yesh_atid":0.4248,"sh24_yesh_atid":0.2756,"sh_shas":0.0065,"sh24_shas":0.0089,"sh_utj":0.0022,"sh_rz":0.0654,"sh24_rz":0.0022,"sh_labor":0.0741,"sh24_labor":0.14,"sh_gantz":0.1852,"sh24_gantz":0.1667,"sh_yb":0.0153,"sh24_yb":0.0244,"sh_meretz":0.0479,"sh24_meretz":0.0778,"sh_hadash":0.0022,"sh24_joint":0.0022,"sh24_yamina":0.0489,"sh24_newhope":0.0733,"sh_habait":0.0087,"sh_other":0.0218,"sh24_other":0.0267,"winner24":"yesh_atid"}},{"type":"Feature","geometry":{"type":"Point","coordinates":[35.08744,32.75269]},"properties":{"semel":889,"name":"כפר חסידים ב","winner":"likud","winnerShare":0.2675,"turnout":0.6991,"valid":157,"sh_likud":0.2675,"sh24_likud":0.283,"sh_yesh_atid":0.1592,"sh24_yesh_atid":0.1509,"sh_shas":0.0701,"sh24_shas":0.0189,"sh_utj":0.0127,"sh24_utj":0.0314,"sh_rz":0.1847,"sh24_rz":0.0818,"sh_labor":0.0191,"sh24_labor":0.0377,"sh_gantz":0.1019,"sh24_gantz":0.0755,"sh_yb":0.0446,"sh24_yb":0.0503,"sh_meretz":0.0064,"sh24_meretz":0.0252,"sh24_yamina":0.2264,"sh24_newhope":0.0126,"sh_habait":0.121,"sh_other":0.0127,"sh24_other":0.0063,"winner24":"likud"}},{"type":"Feature","geometry":{"type":"Point","coordinates":[35.18041,33.04799]},"properties":{"semel":892,"name":"עבדון","winner":"likud","winnerShare":0.4378,"turnout":0.7614,"valid":402,"sh_likud":0.4378,"sh24_likud":0.5235,"sh_yesh_atid":0.0348,"sh24_yesh_atid":0.0332,"sh_shas":0.1493,"sh24_shas":0.1607,"sh_utj":0.005,"sh24_utj":0.0055,"sh_rz":0.2512,"sh24_rz":0.0332,"sh_labor":0.0075,"sh24_labor":0.0277,"sh_gantz":0.1045,"sh24_gantz":0.0803,"sh_yb":0.0025,"sh24_yb":0.0083,"sh_meretz":0.0025,"sh24_yamina":0.097,"sh24_newhope":0.0277,"sh_habait":0.0025,"sh_other":0.0025,"sh24_other":0.0028,"winner24":"likud"}},{"type":"Feature","geometry":{"type":"Point","coordinates":[35.4021,32.69061]},"properties":{"semel":913,"name":"שבלי  אום אלגנם","winner":"raam","winnerShare":0.6749,"turnout":0.5004,"valid":2258,"sh_likud":0.0146,"sh24_likud":0.0452,"sh_yesh_atid":0.0062,"sh24_yesh_atid":0.0257,"sh_shas":0.0053,"sh24_shas":0.0113,"sh_utj":0.0013,"sh24_utj":0.0006,"sh_rz":0.0013,"sh24_rz":0.0019,"sh_labor":0.0235,"sh24_labor":0.0352,"sh_gantz":0.0115,"sh24_gantz":0.0113,"sh_yb":0.0027,"sh24_yb":0.005,"sh_meretz":0.0093,"sh24_meretz":0.0421,"sh_raam":0.6749,"sh24_raam":0.5097,"sh_hadash":0.1298,"sh_balad":0.1107,"sh24_joint":0.2731,"sh24_newhope":0.032,"sh_other":0.0089,"sh24_other":0.0069,"winner24":"raam"}},{"type":"Feature","geometry":{"type":"Point","coordinates":[34.40249,31.24752]},"properties":{"semel":916,"name":"ישע","winner":"yesh_atid","winnerShare":0.307,"turnout":0.7176,"valid":215,"sh_likud":0.293,"sh24_likud":0.3246,"sh_yesh_atid":0.307,"sh24_yesh_atid":0.2094,"sh_shas":0.0093,"sh24_shas":0.0052,"sh_utj":0.0093,"sh24_utj":0.0052,"sh_rz":0.1581,"sh24_rz":0.0314,"sh_labor":0.0512,"sh24_labor":0.1466,"sh_gantz":0.1116,"sh24_gantz":0.0785,"sh_yb":0.0047,"sh24_yb":0.0419,"sh_meretz":0.0326,"sh24_meretz":0.0262,"sh24_yamina":0.0471,"sh24_newhope":0.0628,"sh_habait":0.0047,"sh_other":0.0186,"sh24_other":0.0209,"winner24":"likud"}},{"type":"Feature","geometry":{"type":"Point","coordinates":[35.25208,32.86598]},"properties":{"semel":917,"name":"עצמון שגב","winner":"yesh_atid","winnerShare":0.5015,"turnout":0.681,"valid":682,"sh_likud":0.0587,"sh24_likud":0.0579,"sh_yesh_atid":0.5015,"sh24_yesh_atid":0.3376,"sh_shas":0.0029,"sh24_shas":0.0028,"sh_utj":0.0015,"sh_rz":0.0176,"sh24_rz":0.0028,"sh_labor":0.1158,"sh24_labor":0.1921,"sh_gantz":0.1408,"sh24_gantz":0.1229,"sh_yb":0.0161,"sh24_yb":0.0141,"sh_meretz":0.1217,"sh24_meretz":0.178,"sh_hadash":0.0029,"sh24_joint":0.0014,"sh24_yamina":0.0339,"sh24_newhope":0.0466,"sh_habait":0.0059,"sh_other":0.0147,"sh24_other":0.0099,"winner24":"yesh_atid"}},{"type":"Feature","geometry":{"type":"Point","coordinates":[34.94548,31.67114]},"properties":{"semel":919,"name":"גבעת ישעיהו","winner":"yesh_atid","winnerShare":0.2787,"turnout":0.7253,"valid":366,"sh_likud":0.1421,"sh24_likud":0.1263,"sh_yesh_atid":0.2787,"sh24_yesh_atid":0.1579,"sh_shas":0.0273,"sh24_shas":0.0263,"sh_utj":0.0055,"sh_rz":0.082,"sh24_rz":0.0289,"sh_labor":0.1366,"sh24_labor":0.2105,"sh_gantz":0.1585,"sh24_gantz":0.1263,"sh_yb":0.0137,"sh24_yb":0.0184,"sh_meretz":0.1066,"sh24_meretz":0.1789,"sh_hadash":0.0137,"sh_balad":0.0055,"sh24_joint":0.0053,"sh24_yamina":0.0632,"sh24_newhope":0.0421,"sh_habait":0.0109,"sh_other":0.0191,"sh24_other":0.0158,"winner24":"labor"}},{"type":"Feature","geometry":{"type":"Point","coordinates":[35.01473,32.44741]},"properties":{"semel":921,"name":"שער מנשה","winner":"likud","winnerShare":0.35,"turnout":0.1591,"valid":20,"sh_likud":0.35,"sh24_likud":0.4615,"sh_yesh_atid":0.25,"sh_shas":0.2,"sh24_shas":0.3077,"sh24_rz":0.0769,"sh_labor":0.05,"sh24_gantz":0.0769,"sh_yb":0.05,"sh_hadash":0.05,"sh24_yamina":0.0769,"sh_other":0.05,"winner24":"likud"}},{"type":"Feature","geometry":{"type":"Point","coordinates":[35.10094,32.75196]},"properties":{"semel":922,"name":"רכסים","winner":"shas","winnerShare":0.4746,"turnout":0.8421,"valid":5837,"sh_likud":0.0464,"sh24_likud":0.0629,"sh_yesh_atid":0.0069,"sh24_yesh_atid":0.0093,"sh_shas":0.4746,"sh24_shas":0.4507,"sh_utj":0.4132,"sh24_utj":0.4307,"sh_rz":0.0437,"sh24_rz":0.0226,"sh_labor":0.0026,"sh24_labor":0.0024,"sh_gantz":0.006,"sh24_gantz":0.0039,"sh_yb":0.0026,"sh24_yb":0.0037,"sh_meretz":0.0012,"sh24_meretz":0.0019,"sh24_yamina":0.006,"sh24_newhope":0.0034,"sh_habait":0.001,"sh_other":0.0019,"sh24_other":0.0026,"winner24":"shas"}},{"type":"Feature","geometry":{"type":"Point","coordinates":[35.15512,32.78746]},"properties":{"semel":942,"name":"סואעד חמרייה","winner":"raam","winnerShare":0.5926,"turnout":0.3237,"valid":54,"sh24_likud":0.0196,"sh_labor":0.0185,"sh24_labor":0.0588,"sh_meretz":0.0556,"sh24_meretz":0.0588,"sh_raam":0.5926,"sh24_raam":0.6275,"sh_hadash":0.2593,"sh_balad":0.0741,"sh24_joint":0.1569,"sh24_other":0.0784,"winner24":"raam"}},{"type":"Feature","geometry":{"type":"Point","coordinates":[35.13716,32.73438]},"properties":{"semel":944,"name":"בסמת טבעון","winner":"raam","winnerShare":0.6682,"turnout":0.4302,"valid":2402,"sh_likud":0.0275,"sh24_likud":0.1726,"sh_yesh_atid":0.0087,"sh24_yesh_atid":0.0205,"sh_shas":0.0017,"sh24_shas":0.0011,"sh24_utj":0.0017,"sh_rz":0.0021,"sh24_rz":0.0023,"sh_labor":0.0067,"sh24_labor":0.0165,"sh_gantz":0.0167,"sh24_gantz":0.0046,"sh_yb":0.0012,"sh24_yb":0.0017,"sh_meretz":0.0154,"sh24_meretz":0.0564,"sh_raam":0.6682,"sh24_raam":0.5088,"sh_hadash":0.1162,"sh_balad":0.1245,"sh24_joint":0.1852,"sh24_yamina":0.0028,"sh24_newhope":0.0085,"sh_habait":0.0004,"sh_other":0.0108,"sh24_other":0.0171,"winner24":"raam"}},{"type":"Feature","geometry":{"type":"Point","coordinates":[35.59136,32.96524]},"properties":{"semel":962,"name":"טובאזנגריה","winner":"raam","winnerShare":0.6913,"turnout":0.4394,"valid":2083,"sh_likud":0.0278,"sh24_likud":0.19,"sh_yesh_atid":0.0053,"sh24_yesh_atid":0.0545,"sh_shas":0.0048,"sh24_shas":0.004,"sh_utj":0.0005,"sh_rz":0.001,"sh24_rz":0.0007,"sh_labor":0.0082,"sh24_labor":0.012,"sh_gantz":0.0293,"sh24_gantz":0.0066,"sh_yb":0.0005,"sh24_yb":0.004,"sh_meretz":0.0154,"sh24_meretz":0.0545,"sh_raam":0.6913,"sh24_raam":0.4691,"sh_hadash":0.1219,"sh_balad":0.0735,"sh24_joint":0.1841,"sh24_yamina":0.002,"sh24_newhope":0.0106,"sh_other":0.0206,"sh24_other":0.008,"winner24":"raam"}},{"type":"Feature","geometry":{"type":"Point","coordinates":[35.22226,32.7247]},"properties":{"semel":975,"name":"זרזיר","winner":"raam","winnerShare":0.7411,"turnout":0.4439,"valid":2538,"sh_likud":0.039,"sh24_likud":0.1449,"sh_yesh_atid":0.0146,"sh24_yesh_atid":0.0153,"sh_shas":0.0016,"sh24_shas":0.0026,"sh_rz":0.0004,"sh24_rz":0.0005,"sh_labor":0.0091,"sh24_labor":0.0148,"sh_gantz":0.0831,"sh24_gantz":0.0074,"sh24_yb":0.0011,"sh_meretz":0.0185,"sh24_meretz":0.0397,"sh_raam":0.7411,"sh24_raam":0.5119,"sh_hadash":0.0414,"sh_balad":0.0465,"sh24_joint":0.0941,"sh24_newhope":0.1549,"sh_other":0.0047,"sh24_other":0.0127,"winner24":"raam"}},{"type":"Feature","geometry":{"type":"Point","coordinates":[35.1856,32.74967]},"properties":{"semel":978,"name":"כעביהטבאשחגאגרה","winner":"raam","winnerShare":0.6677,"turnout":0.5635,"valid":2233,"sh_likud":0.0264,"sh24_likud":0.1384,"sh_yesh_atid":0.0752,"sh24_yesh_atid":0.0117,"sh_shas":0.0103,"sh24_shas":0.0033,"sh_rz":0.0009,"sh24_rz":0.0007,"sh_labor":0.0036,"sh24_labor":0.0072,"sh_gantz":0.0802,"sh24_gantz":0.0072,"sh_yb":0.0027,"sh_meretz":0.0072,"sh24_meretz":0.0242,"sh_raam":0.6677,"sh24_raam":0.6664,"sh_hadash":0.069,"sh_balad":0.0452,"sh24_joint":0.1208,"sh24_yamina":0.0007,"sh24_newhope":0.0117,"sh_other":0.0116,"sh24_other":0.0078,"winner24":"raam"}},{"type":"Feature","geometry":{"type":"Point","coordinates":[35.1547,32.77227]},"properties":{"semel":990,"name":"ראס עלי","winner":"raam","winnerShare":0.6807,"turnout":0.536,"valid":238,"sh_likud":0.042,"sh24_likud":0.3261,"sh24_shas":0.0054,"sh_gantz":0.0042,"sh_meretz":0.0042,"sh24_meretz":0.0109,"sh_raam":0.6807,"sh24_raam":0.375,"sh_hadash":0.1933,"sh_balad":0.0672,"sh24_joint":0.2772,"sh_other":0.0084,"sh24_other":0.0054,"winner24":"raam"}},{"type":"Feature","geometry":{"type":"Point","coordinates":[35.48991,32.82991]},"properties":{"semel":993,"name":"חמאם","winner":"raam","winnerShare":0.7213,"turnout":0.4846,"valid":592,"sh_likud":0.0287,"sh24_likud":0.187,"sh_yesh_atid":0.0017,"sh24_yesh_atid":0.0224,"sh24_shas":0.0449,"sh_utj":0.0017,"sh_labor":0.0084,"sh24_labor":0.02,"sh_gantz":0.0017,"sh24_gantz":0.015,"sh_meretz":0.0169,"sh24_meretz":0.0249,"sh_raam":0.7213,"sh24_raam":0.4264,"sh_hadash":0.1334,"sh_balad":0.0726,"sh24_joint":0.2494,"sh_other":0.0135,"sh24_other":0.01,"winner24":"raam"}},{"type":"Feature","geometry":{"type":"Point","coordinates":[35.19371,32.70661]},"properties":{"semel":994,"name":"מנשית זבדה","winner":"raam","winnerShare":0.7076,"turnout":0.5318,"valid":489,"sh_likud":0.0245,"sh24_likud":0.0588,"sh_yesh_atid":0.0061,"sh24_yesh_atid":0.0307,"sh_shas":0.002,"sh24_shas":0.0026,"sh_labor":0.0123,"sh24_labor":0.0026,"sh_gantz":0.0082,"sh_yb":0.002,"sh_meretz":0.0102,"sh24_meretz":0.0793,"sh_raam":0.7076,"sh24_raam":0.6292,"sh_hadash":0.1288,"sh_balad":0.0838,"sh24_joint":0.1867,"sh24_newhope":0.0026,"sh_other":0.0143,"sh24_other":0.0077,"winner24":"raam"}},{"type":"Feature","geometry":{"type":"Point","coordinates":[35.30437,32.77806]},"properties":{"semel":997,"name":"רומת הייב","winner":"raam","winnerShare":0.4646,"turnout":0.4362,"valid":635,"sh_likud":0.0425,"sh24_likud":0.106,"sh_yesh_atid":0.0189,"sh24_yesh_atid":0.018,"sh_shas":0.2189,"sh24_shas":0.184,"sh_rz":0.0031,"sh_labor":0.0598,"sh24_labor":0.022,"sh_gantz":0.0488,"sh24_gantz":0.044,"sh_yb":0.0063,"sh24_yb":0.002,"sh_meretz":0.0079,"sh24_meretz":0.014,"sh_raam":0.4646,"sh24_raam":0.464,"sh_hadash":0.0378,"sh_balad":0.0661,"sh24_joint":0.098,"sh24_newhope":0.042,"sh_other":0.0252,"sh24_other":0.006,"winner24":"raam"}},{"type":"Feature","geometry":{"type":"Point","coordinates":[35.22226,32.78235]},"properties":{"semel":998,"name":"ביר אלמכסור","winner":"raam","winnerShare":0.8888,"turnout":0.6149,"valid":4261,"sh_likud":0.0073,"sh24_likud":0.07,"sh_yesh_atid":0.0314,"sh24_yesh_atid":0.0473,"sh24_shas":0.0065,"sh_utj":0.0002,"sh_rz":0.0007,"sh_labor":0.0129,"sh24_labor":0.0104,"sh_gantz":0.0045,"sh24_gantz":0.0027,"sh_yb":0.0002,"sh24_yb":0.0108,"sh_meretz":0.0096,"sh24_meretz":0.0081,"sh_raam":0.8888,"sh24_raam":0.7851,"sh_hadash":0.0192,"sh_balad":0.0228,"sh24_joint":0.0431,"sh24_newhope":0.0119,"sh_habait":0.0002,"sh_other":0.0021,"sh24_other":0.0042,"winner24":"raam"}},{"type":"Feature","geometry":{"type":"Point","coordinates":[35.15141,31.79983]},"properties":{"semel":1015,"name":"מבשרת ציון","winner":"likud","winnerShare":0.324,"turnout":0.7133,"valid":14051,"sh_likud":0.324,"sh24_likud":0.3192,"sh_yesh_atid":0.2139,"sh24_yesh_atid":0.161,"sh_shas":0.0559,"sh24_shas":0.0494,"sh_utj":0.0056,"sh24_utj":0.0038,"sh_rz":0.1129,"sh24_rz":0.0457,"sh_labor":0.0527,"sh24_labor":0.0792,"sh_gantz":0.1208,"sh24_gantz":0.1004,"sh_yb":0.0239,"sh24_yb":0.0251,"sh_meretz":0.0658,"sh24_meretz":0.0894,"sh_raam":0.0009,"sh24_raam":0.0002,"sh_hadash":0.0027,"sh_balad":0.0004,"sh24_joint":0.0021,"sh24_yamina":0.0582,"sh24_newhope":0.0544,"sh_habait":0.0099,"sh_other":0.0105,"sh24_other":0.0119,"winner24":"likud"}},{"type":"Feature","geometry":{"type":"Point","coordinates":[34.92015,32.50749]},"properties":{"semel":1020,"name":"אור עקיבא","winner":"likud","winnerShare":0.4716,"turnout":0.6394,"valid":10879,"sh_likud":0.4716,"sh24_likud":0.4838,"sh_yesh_atid":0.118,"sh24_yesh_atid":0.0862,"sh_shas":0.1066,"sh24_shas":0.0978,"sh_utj":0.0091,"sh24_utj":0.0097,"sh_rz":0.1184,"sh24_rz":0.0368,"sh_labor":0.0122,"sh24_labor":0.0202,"sh_gantz":0.0579,"sh24_gantz":0.0295,"sh_yb":0.0746,"sh24_yb":0.0917,"sh_meretz":0.0064,"sh24_meretz":0.0095,"sh_raam":0.0002,"sh24_raam":0.0001,"sh_hadash":0.0006,"sh_balad":0.0007,"sh24_joint":0.0001,"sh24_yamina":0.0668,"sh24_newhope":0.0508,"sh_habait":0.0108,"sh_other":0.0128,"sh24_other":0.017,"winner24":"likud"}},{"type":"Feature","geometry":{"type":"Point","coordinates":[34.86486,32.22762]},"properties":{"semel":1024,"name":"חרוצים","winner":"likud","winnerShare":0.2548,"turnout":0.7691,"valid":471,"sh_likud":0.2548,"sh24_likud":0.2646,"sh_yesh_atid":0.2335,"sh24_yesh_atid":0.2225,"sh_shas":0.0403,"sh24_shas":0.0304,"sh_utj":0.0064,"sh24_utj":0.0023,"sh_rz":0.0616,"sh24_rz":0.0023,"sh_labor":0.0658,"sh24_labor":0.1007,"sh_gantz":0.172,"sh24_gantz":0.1288,"sh_yb":0.0085,"sh24_yb":0.0164,"sh_meretz":0.104,"sh24_meretz":0.1007,"sh24_yamina":0.0398,"sh24_newhope":0.0632,"sh_habait":0.0127,"sh_other":0.0403,"sh24_other":0.0281,"winner24":"likud"}},{"type":"Feature","geometry":{"type":"Point","coordinates":[34.59446,31.52773]},"properties":{"semel":1031,"name":"שדרות","winner":"likud","winnerShare":0.4152,"turnout":0.6556,"valid":15242,"sh_likud":0.4152,"sh24_likud":0.4115,"sh_yesh_atid":0.0583,"sh24_yesh_atid":0.0428,"sh_shas":0.1206,"sh24_shas":0.1122,"sh_utj":0.0098,"sh24_utj":0.0077,"sh_rz":0.2455,"sh24_rz":0.1057,"sh_labor":0.0111,"sh24_labor":0.02,"sh_gantz":0.0564,"sh24_gantz":0.0309,"sh_yb":0.052,"sh24_yb":0.0759,"sh_meretz":0.0074,"sh24_meretz":0.0104,"sh_raam":0.001,"sh24_raam":0.0006,"sh_hadash":0.0009,"sh_balad":0.0003,"sh24_joint":0.0013,"sh24_yamina":0.1347,"sh24_newhope":0.0333,"sh_habait":0.0065,"sh_other":0.015,"sh24_other":0.0131,"winner24":"likud"}},{"type":"Feature","geometry":{"type":"Point","coordinates":[34.74609,31.73233]},"properties":{"semel":1034,"name":"קרית מלאכי","winner":"likud","winnerShare":0.3805,"turnout":0.7051,"valid":12591,"sh_likud":0.3805,"sh24_likud":0.4195,"sh_yesh_atid":0.024,"sh24_yesh_atid":0.0222,"sh_shas":0.1963,"sh24_shas":0.1691,"sh_utj":0.0531,"sh24_utj":0.0526,"sh_rz":0.2525,"sh24_rz":0.1651,"sh_labor":0.0062,"sh24_labor":0.0103,"sh_gantz":0.0527,"sh24_gantz":0.0466,"sh_yb":0.0133,"sh24_yb":0.0166,"sh_meretz":0.0015,"sh24_meretz":0.0026,"sh_raam":0.0005,"sh24_raam":0.0003,"sh_hadash":0.0002,"sh24_joint":0.0004,"sh24_yamina":0.0519,"sh24_newhope":0.0288,"sh_habait":0.0069,"sh_other":0.0123,"sh24_other":0.0141,"winner24":"likud"}},{"type":"Feature","geometry":{"type":"Point","coordinates":[34.93891,31.80492]},"properties":{"semel":1043,"name":"גיזו","winner":"likud","winnerShare":0.3866,"turnout":0.7933,"valid":119,"sh_likud":0.3866,"sh24_likud":0.3033,"sh_yesh_atid":0.2101,"sh24_yesh_atid":0.1803,"sh_shas":0.0252,"sh24_shas":0.0164,"sh_rz":0.0504,"sh24_rz":0.0164,"sh_labor":0.0924,"sh24_labor":0.1475,"sh_gantz":0.1008,"sh24_gantz":0.082,"sh_yb":0.0252,"sh24_yb":0.0246,"sh_meretz":0.0924,"sh24_meretz":0.082,"sh24_yamina":0.0902,"sh24_newhope":0.0328,"sh_other":0.0168,"sh24_other":0.0246,"winner24":"likud"}},{"type":"Feature","geometry":{"type":"Point","coordinates":[34.96637,32.26793]},"properties":{"semel":1044,"name":"יעף","winner":"yesh_atid","winnerShare":0.3284,"turnout":0.7243,"valid":134,"sh_likud":0.1567,"sh24_likud":0.1567,"sh_yesh_atid":0.3284,"sh24_yesh_atid":0.2313,"sh_shas":0.0373,"sh24_shas":0.0075,"sh24_utj":0.0075,"sh_rz":0.0821,"sh24_rz":0.0149,"sh_labor":0.0821,"sh24_labor":0.1269,"sh_gantz":0.1866,"sh24_gantz":0.0896,"sh24_yb":0.0299,"sh_meretz":0.0821,"sh24_meretz":0.1194,"sh_hadash":0.0075,"sh_balad":0.0075,"sh24_joint":0.0224,"sh24_yamina":0.0672,"sh24_newhope":0.0821,"sh_other":0.0299,"sh24_other":0.0448,"winner24":"yesh_atid"}},{"type":"Feature","geometry":{"type":"Point","coordinates":[35.31418,33.08524]},"properties":{"semel":1045,"name":"שתולה","winner":"likud","winnerShare":0.3455,"turnout":0.6917,"valid":165,"sh_likud":0.3455,"sh24_likud":0.3716,"sh_yesh_atid":0.0364,"sh24_yesh_atid":0.0473,"sh_shas":0.0667,"sh24_shas":0.0405,"sh_utj":0.0242,"sh24_utj":0.027,"sh_rz":0.2788,"sh24_rz":0.1149,"sh_labor":0.0303,"sh24_labor":0.0743,"sh_gantz":0.1576,"sh24_gantz":0.1149,"sh_yb":0.0061,"sh_meretz":0.0061,"sh24_meretz":0.0068,"sh24_joint":0.0068,"sh24_yamina":0.1351,"sh24_newhope":0.0405,"sh_habait":0.0303,"sh_other":0.0182,"sh24_other":0.0203,"winner24":"likud"}},{"type":"Feature","geometry":{"type":"Point","coordinates":[34.43139,31.23718]},"properties":{"semel":1046,"name":"אוהד","winner":"likud","winnerShare":0.39,"turnout":0.7143,"valid":200,"sh_likud":0.39,"sh24_likud":0.3978,"sh_yesh_atid":0.15,"sh24_yesh_atid":0.116,"sh_shas":0.03,"sh24_shas":0.0166,"sh_rz":0.115,"sh24_rz":0.0276,"sh_labor":0.075,"sh24_labor":0.0939,"sh_gantz":0.175,"sh24_gantz":0.116,"sh_yb":0.02,"sh24_yb":0.0276,"sh_meretz":0.015,"sh24_meretz":0.0166,"sh_raam":0.015,"sh24_joint":0.0055,"sh24_yamina":0.105,"sh24_newhope":0.0663,"sh_other":0.015,"sh24_other":0.011,"winner24":"likud"}},{"type":"Feature","geometry":{"type":"Point","coordinates":[35.39488,32.9065]},"properties":{"semel":1047,"name":"חזון","winner":"likud","winnerShare":0.5479,"turnout":0.8667,"valid":219,"sh_likud":0.5479,"sh24_likud":0.6256,"sh24_yesh_atid":0.0148,"sh_shas":0.1963,"sh24_shas":0.1429,"sh_utj":0.032,"sh24_utj":0.0345,"sh_rz":0.1735,"sh24_rz":0.0591,"sh_labor":0.0091,"sh_gantz":0.0365,"sh24_gantz":0.0246,"sh24_meretz":0.0148,"sh24_yamina":0.0542,"sh24_newhope":0.0296,"sh_other":0.0046,"winner24":"likud"}},{"type":"Feature","geometry":{"type":"Point","coordinates":[34.91853,31.88872]},"properties":{"semel":1050,"name":"בית חשמונאי","winner":"yesh_atid","winnerShare":0.3033,"turnout":0.779,"valid":1187,"sh_likud":0.2704,"sh24_likud":0.2866,"sh_yesh_atid":0.3033,"sh24_yesh_atid":0.2601,"sh_shas":0.0168,"sh24_shas":0.0106,"sh_utj":0.0008,"sh24_utj":0.0009,"sh_rz":0.08,"sh24_rz":0.0185,"sh_labor":0.0539,"sh24_labor":0.0873,"sh_gantz":0.1845,"sh24_gantz":0.1243,"sh_yb":0.0244,"sh24_yb":0.0132,"sh_meretz":0.0286,"sh24_meretz":0.0432,"sh_hadash":0.0025,"sh24_joint":0.0009,"sh24_yamina":0.0644,"sh24_newhope":0.0732,"sh_habait":0.011,"sh_other":0.0236,"sh24_other":0.0168,"winner24":"likud"}},{"type":"Feature","geometry":{"type":"Point","coordinates":[34.42902,31.22901]},"properties":{"semel":1051,"name":"תלמי אליהו","winner":"likud","winnerShare":0.3919,"turnout":0.6422,"valid":148,"sh_likud":0.3919,"sh24_likud":0.3623,"sh_yesh_atid":0.1689,"sh24_yesh_atid":0.1449,"sh_shas":0.0878,"sh24_shas":0.0942,"sh_utj":0.0135,"sh24_utj":0.029,"sh_rz":0.1284,"sh24_rz":0.0217,"sh_labor":0.0203,"sh24_labor":0.0362,"sh_gantz":0.1149,"sh24_gantz":0.0507,"sh_meretz":0.0338,"sh24_meretz":0.0217,"sh24_yamina":0.1232,"sh24_newhope":0.0942,"sh_habait":0.0068,"sh_other":0.0338,"sh24_other":0.0217,"winner24":"likud"}},{"type":"Feature","geometry":{"type":"Point","coordinates":[35.06117,29.96981]},"properties":{"semel":1052,"name":"קטורה","winner":"yesh_atid","winnerShare":0.3423,"turnout":0.4923,"valid":222,"sh_likud":0.027,"sh24_likud":0.0446,"sh_yesh_atid":0.3423,"sh24_yesh_atid":0.1741,"sh_shas":0.0045,"sh24_shas":0.0045,"sh_utj":0.0045,"sh_rz":0.0315,"sh24_rz":0.0045,"sh_labor":0.2748,"sh24_labor":0.4063,"sh_gantz":0.0721,"sh24_gantz":0.0536,"sh_yb":0.045,"sh24_yb":0.0491,"sh_meretz":0.1441,"sh24_meretz":0.1964,"sh_hadash":0.009,"sh24_joint":0.0045,"sh24_yamina":0.0313,"sh24_newhope":0.0313,"sh_habait":0.0135,"sh_other":0.0315,"winner24":"labor"}},{"type":"Feature","geometry":{"type":"Point","coordinates":[34.86048,31.2485]},"properties":{"semel":1054,"name":"תל שבע","winner":"raam","winnerShare":0.8137,"turnout":0.5331,"valid":5766,"sh_likud":0.0102,"sh24_likud":0.0202,"sh_yesh_atid":0.008,"sh24_yesh_atid":0.0039,"sh_shas":0.0017,"sh24_shas":0.0007,"sh_utj":0.0002,"sh_rz":0.0003,"sh_labor":0.0019,"sh24_labor":0.0025,"sh_gantz":0.0005,"sh24_gantz":0.0007,"sh_meretz":0.0029,"sh24_meretz":0.0099,"sh_raam":0.8137,"sh24_raam":0.8326,"sh_hadash":0.08,"sh_balad":0.0744,"sh24_joint":0.1233,"sh24_yamina":0.0002,"sh_other":0.0061,"sh24_other":0.006,"winner24":"raam"}},{"type":"Feature","geometry":{"type":"Point","coordinates":[35.36488,31.15285]},"properties":{"semel":1057,"name":"נווה זוהר","winner":"likud","winnerShare":0.3158,"turnout":0.3333,"valid":19,"sh_likud":0.3158,"sh24_likud":0.32,"sh_yesh_atid":0.2105,"sh24_yesh_atid":0.16,"sh_shas":0.1053,"sh_rz":0.1579,"sh24_rz":0.12,"sh_labor":0.0526,"sh24_labor":0.04,"sh24_gantz":0.04,"sh24_meretz":0.16,"sh_hadash":0.0526,"sh24_joint":0.04,"sh24_yamina":0.12,"sh_habait":0.0526,"sh_other":0.0526,"winner24":"likud"}},{"type":"Feature","geometry":{"type":"Point","coordinates":[34.41933,31.23015]},"properties":{"semel":1058,"name":"שדה ניצן","winner":"yesh_atid","winnerShare":0.4185,"turnout":0.5831,"valid":227,"sh_likud":0.0925,"sh24_likud":0.1038,"sh_yesh_atid":0.4185,"sh24_yesh_atid":0.2406,"sh_shas":0.0044,"sh_rz":0.0529,"sh24_rz":0.0047,"sh_labor":0.0881,"sh24_labor":0.1792,"sh_gantz":0.1762,"sh24_gantz":0.2123,"sh_yb":0.0176,"sh24_yb":0.0142,"sh_meretz":0.1013,"sh24_meretz":0.1226,"sh24_raam":0.0047,"sh_hadash":0.0088,"sh24_joint":0.0047,"sh24_yamina":0.0849,"sh24_newhope":0.0283,"sh_habait":0.0176,"sh_other":0.022,"winner24":"yesh_atid"}},{"type":"Feature","geometry":{"type":"Point","coordinates":[35.08646,31.24357]},"properties":{"semel":1059,"name":"כסיפה","winner":"raam","winnerShare":0.7136,"turnout":0.5561,"valid":5262,"sh_likud":0.0103,"sh24_likud":0.0196,"sh_yesh_atid":0.0067,"sh24_yesh_atid":0.0332,"sh_shas":0.0015,"sh24_shas":0.0029,"sh_utj":0.0006,"sh_rz":0.0004,"sh_labor":0.0017,"sh24_labor":0.001,"sh_gantz":0.0426,"sh24_gantz":0.0019,"sh_yb":0.0002,"sh24_yb":0.0005,"sh_meretz":0.0219,"sh24_meretz":0.0131,"sh_raam":0.7136,"sh24_raam":0.6667,"sh_hadash":0.081,"sh_balad":0.1097,"sh24_joint":0.2226,"sh24_yamina":0.0005,"sh24_newhope":0.0312,"sh_other":0.0101,"sh24_other":0.0068,"winner24":"raam"}},{"type":"Feature","geometry":{"type":"Point","coordinates":[34.86721,31.32405]},"properties":{"semel":1060,"name":"לקיה","winner":"raam","winnerShare":0.6833,"turnout":0.4746,"valid":4083,"sh_likud":0.0039,"sh24_likud":0.0192,"sh_yesh_atid":0.0032,"sh24_yesh_atid":0.0009,"sh_shas":0.0012,"sh24_shas":0.0003,"sh_utj":0.0002,"sh_rz":0.0015,"sh_labor":0.0017,"sh24_labor":0.0016,"sh_gantz":0.0017,"sh24_yb":0.0006,"sh_meretz":0.0017,"sh24_meretz":0.0079,"sh_raam":0.6833,"sh24_raam":0.5627,"sh_hadash":0.0627,"sh_balad":0.2312,"sh24_joint":0.4001,"sh24_newhope":0.0035,"sh_other":0.0076,"sh24_other":0.0032,"winner24":"raam"}},{"type":"Feature","geometry":{"type":"Point","coordinates":[35.32227,32.70761]},"properties":{"semel":1061,"name":"נוף הגליל","winner":"likud","winnerShare":0.2788,"turnout":0.528,"valid":21063,"sh_likud":0.2788,"sh24_likud":0.2963,"sh_yesh_atid":0.0993,"sh24_yesh_atid":0.0803,"sh_shas":0.0264,"sh24_shas":0.0221,"sh_utj":0.0245,"sh24_utj":0.0206,"sh_rz":0.076,"sh24_rz":0.0297,"sh_labor":0.0159,"sh24_labor":0.0205,"sh_gantz":0.0407,"sh24_gantz":0.0239,"sh_yb":0.1509,"sh24_yb":0.1809,"sh_meretz":0.0131,"sh24_meretz":0.0226,"sh_raam":0.0201,"sh24_raam":0.0139,"sh_hadash":0.1687,"sh_balad":0.0668,"sh24_joint":0.2005,"sh24_yamina":0.0253,"sh24_newhope":0.0454,"sh_habait":0.0027,"sh_other":0.016,"sh24_other":0.0178,"winner24":"likud"}},{"type":"Feature","geometry":{"type":"Point","coordinates":[35.27832,33.01514]},"properties":{"semel":1063,"name":"מעלותתרשיחא","winner":"likud","winnerShare":0.2658,"turnout":0.6071,"valid":11364,"sh_likud":0.2658,"sh24_likud":0.2821,"sh_yesh_atid":0.1032,"sh24_yesh_atid":0.079,"sh_shas":0.0646,"sh24_shas":0.0613,"sh_utj":0.0077,"sh24_utj":0.0061,"sh_rz":0.1152,"sh24_rz":0.0596,"sh_labor":0.01,"sh24_labor":0.0188,"sh_gantz":0.0508,"sh24_gantz":0.0182,"sh_yb":0.1253,"sh24_yb":0.1611,"sh_meretz":0.0118,"sh24_meretz":0.0225,"sh_raam":0.0283,"sh24_raam":0.028,"sh_hadash":0.0841,"sh_balad":0.1072,"sh24_joint":0.1548,"sh24_yamina":0.0429,"sh24_newhope":0.0508,"sh_habait":0.0092,"sh_other":0.0168,"sh24_other":0.0148,"winner24":"likud"}},{"type":"Feature","geometry":{"type":"Point","coordinates":[35.45153,32.93718]},"properties":{"semel":1064,"name":"אמירים","winner":"yesh_atid","winnerShare":0.3184,"turnout":0.6067,"valid":380,"sh_likud":0.0763,"sh24_likud":0.0823,"sh_yesh_atid":0.3184,"sh24_yesh_atid":0.1799,"sh_shas":0.0079,"sh24_shas":0.0103,"sh_utj":0.0132,"sh24_utj":0.0026,"sh_rz":0.1368,"sh24_rz":0.0386,"sh_labor":0.0921,"sh24_labor":0.2031,"sh_gantz":0.0789,"sh24_gantz":0.0797,"sh_yb":0.0132,"sh24_yb":0.0206,"sh_meretz":0.1342,"sh24_meretz":0.1902,"sh_hadash":0.0211,"sh24_joint":0.0129,"sh24_yamina":0.072,"sh24_newhope":0.0386,"sh_habait":0.0158,"sh_other":0.0921,"sh24_other":0.0694,"winner24":"labor"}},{"type":"Feature","geometry":{"type":"Point","coordinates":[34.55196,31.44797]},"properties":{"semel":1065,"name":"זמרת","winner":"likud","winnerShare":0.4845,"turnout":0.8875,"valid":355,"sh_likud":0.4845,"sh24_likud":0.5181,"sh_yesh_atid":0.0085,"sh24_yesh_atid":0.006,"sh_shas":0.1465,"sh24_shas":0.1145,"sh_utj":0.0141,"sh24_utj":0.0151,"sh_rz":0.2901,"sh24_rz":0.2259,"sh24_labor":0.003,"sh_gantz":0.0366,"sh24_gantz":0.0271,"sh24_yamina":0.0723,"sh24_newhope":0.0151,"sh_habait":0.0169,"sh_other":0.0028,"sh24_other":0.003,"winner24":"likud"}},{"type":"Feature","geometry":{"type":"Point","coordinates":[34.76047,31.78984]},"properties":{"semel":1066,"name":"בני עיש","winner":"likud","winnerShare":0.3135,"turnout":0.6263,"valid":3515,"sh_likud":0.3135,"sh24_likud":0.3388,"sh_yesh_atid":0.1548,"sh24_yesh_atid":0.1157,"sh_shas":0.0959,"sh24_shas":0.0732,"sh_utj":0.0117,"sh24_utj":0.0106,"sh_rz":0.1474,"sh24_rz":0.0548,"sh_labor":0.0088,"sh24_labor":0.0167,"sh_gantz":0.0589,"sh24_gantz":0.0238,"sh_yb":0.1752,"sh24_yb":0.2305,"sh_meretz":0.0046,"sh24_meretz":0.0089,"sh_raam":0.0006,"sh24_raam":0.0003,"sh_balad":0.0006,"sh24_joint":0.0006,"sh24_yamina":0.06,"sh24_newhope":0.0479,"sh_habait":0.0054,"sh_other":0.0228,"sh24_other":0.0181,"winner24":"likud"}},{"type":"Feature","geometry":{"type":"Point","coordinates":[35.40721,33.05176]},"properties":{"semel":1067,"name":"דובב","winner":"likud","winnerShare":0.6235,"turnout":0.6919,"valid":247,"sh_likud":0.6235,"sh24_likud":0.7017,"sh_yesh_atid":0.0081,"sh24_yesh_atid":0.0168,"sh_shas":0.1336,"sh24_shas":0.1429,"sh_utj":0.0243,"sh_rz":0.1377,"sh24_rz":0.021,"sh_labor":0.004,"sh24_labor":0.0084,"sh_gantz":0.0486,"sh24_gantz":0.0294,"sh24_yb":0.0084,"sh_meretz":0.004,"sh_balad":0.0081,"sh24_yamina":0.0462,"sh24_newhope":0.021,"sh_habait":0.0081,"sh24_other":0.0042,"winner24":"likud"}},{"type":"Feature","geometry":{"type":"Point","coordinates":[35.21003,33.07926]},"properties":{"semel":1068,"name":"אדמית","winner":"yesh_atid","winnerShare":0.239,"turnout":0.5556,"valid":205,"sh_likud":0.1805,"sh24_likud":0.2062,"sh_yesh_atid":0.239,"sh24_yesh_atid":0.1186,"sh_rz":0.0537,"sh24_rz":0.0258,"sh_labor":0.1268,"sh24_labor":0.1186,"sh_gantz":0.0976,"sh24_gantz":0.0515,"sh_yb":0.0488,"sh24_yb":0.0722,"sh_meretz":0.1707,"sh24_meretz":0.2268,"sh_raam":0.0195,"sh24_raam":0.0155,"sh_hadash":0.0195,"sh_balad":0.0098,"sh24_joint":0.0155,"sh24_yamina":0.0309,"sh24_newhope":0.0464,"sh_habait":0.0098,"sh_other":0.0244,"sh24_other":0.0722,"winner24":"meretz"}},{"type":"Feature","geometry":{"type":"Point","coordinates":[35.25971,32.5269]},"properties":{"semel":1069,"name":"רםאון","winner":"yesh_atid","winnerShare":0.434,"turnout":0.7278,"valid":500,"sh_likud":0.072,"sh24_likud":0.0707,"sh_yesh_atid":0.434,"sh24_yesh_atid":0.3183,"sh_utj":0.006,"sh24_utj":0.002,"sh_rz":0.028,"sh24_rz":0.0059,"sh_labor":0.148,"sh24_labor":0.2181,"sh_gantz":0.216,"sh24_gantz":0.1807,"sh_yb":0.016,"sh24_yb":0.0393,"sh_meretz":0.054,"sh24_meretz":0.0786,"sh_raam":0.004,"sh_hadash":0.004,"sh24_joint":0.002,"sh24_yamina":0.0413,"sh24_newhope":0.0295,"sh_habait":0.006,"sh_other":0.012,"sh24_other":0.0138,"winner24":"yesh_atid"}},{"type":"Feature","geometry":{"type":"Point","coordinates":[35.01678,31.68179]},"properties":{"semel":1070,"name":"אביעזר","winner":"likud","winnerShare":0.3508,"turnout":0.8042,"valid":496,"sh_likud":0.3508,"sh24_likud":0.3048,"sh_yesh_atid":0.1794,"sh24_yesh_atid":0.0811,"sh_shas":0.0323,"sh24_shas":0.0263,"sh_utj":0.002,"sh24_utj":0.0044,"sh_rz":0.131,"sh24_rz":0.0526,"sh_labor":0.0746,"sh24_labor":0.1382,"sh_gantz":0.121,"sh24_gantz":0.1075,"sh_yb":0.0262,"sh24_yb":0.0614,"sh_meretz":0.0423,"sh24_meretz":0.0482,"sh_hadash":0.0141,"sh_balad":0.002,"sh24_joint":0.0044,"sh24_yamina":0.1009,"sh24_newhope":0.0417,"sh_habait":0.004,"sh_other":0.0202,"sh24_other":0.0285,"winner24":"likud"}},{"type":"Feature","geometry":{"type":"Point","coordinates":[35.00543,31.67287]},"properties":{"semel":1071,"name":"נווה מיכאל","winner":"likud","winnerShare":0.4316,"turnout":0.7684,"valid":373,"sh_likud":0.4316,"sh24_likud":0.4837,"sh_yesh_atid":0.0483,"sh24_yesh_atid":0.0445,"sh_shas":0.1072,"sh24_shas":0.0831,"sh_utj":0.0536,"sh24_utj":0.0297,"sh_rz":0.2386,"sh24_rz":0.1246,"sh_labor":0.008,"sh24_labor":0.0119,"sh_gantz":0.0697,"sh24_gantz":0.0267,"sh_yb":0.0054,"sh24_yb":0.0089,"sh_meretz":0.0027,"sh24_meretz":0.0089,"sh_raam":0.0027,"sh_hadash":0.008,"sh24_joint":0.003,"sh24_yamina":0.0979,"sh24_newhope":0.0742,"sh_habait":0.0107,"sh_other":0.0134,"sh24_other":0.003,"winner24":"likud"}},{"type":"Feature","geometry":{"type":"Point","coordinates":[34.70082,31.80447]},"properties":{"semel":1072,"name":"גן הדרום","winner":"likud","winnerShare":0.2932,"turnout":0.7791,"valid":266,"sh_likud":0.2932,"sh24_likud":0.3132,"sh_yesh_atid":0.2481,"sh24_yesh_atid":0.2264,"sh_shas":0.0038,"sh24_shas":0.0075,"sh_utj":0.0188,"sh24_utj":0.0075,"sh_rz":0.0714,"sh24_rz":0.0075,"sh_labor":0.0451,"sh24_labor":0.0679,"sh_gantz":0.2632,"sh24_gantz":0.1434,"sh_yb":0.015,"sh24_yb":0.0151,"sh_meretz":0.0188,"sh24_meretz":0.0491,"sh24_yamina":0.083,"sh24_newhope":0.0566,"sh_other":0.0226,"sh24_other":0.0226,"winner24":"likud"}},{"type":"Feature","geometry":{"type":"Point","coordinates":[34.87666,32.35744]},"properties":{"semel":1077,"name":"גבעת שפירא","winner":"yesh_atid","winnerShare":0.5198,"turnout":0.7832,"valid":177,"sh_likud":0.0395,"sh24_likud":0.0294,"sh_yesh_atid":0.5198,"sh24_yesh_atid":0.4118,"sh_shas":0.0113,"sh_rz":0.0226,"sh_labor":0.1017,"sh24_labor":0.1941,"sh_gantz":0.1808,"sh24_gantz":0.1412,"sh_yb":0.0169,"sh24_yb":0.0059,"sh_meretz":0.0734,"sh24_meretz":0.1176,"sh_hadash":0.0056,"sh24_yamina":0.0412,"sh24_newhope":0.0471,"sh_habait":0.0113,"sh_other":0.0169,"sh24_other":0.0118,"winner24":"yesh_atid"}},{"type":"Feature","geometry":{"type":"Point","coordinates":[34.94392,31.66008]},"properties":{"semel":1079,"name":"צפרירים","winner":"likud","winnerShare":0.2566,"turnout":0.6807,"valid":226,"sh_likud":0.2566,"sh24_likud":0.2556,"sh_yesh_atid":0.1991,"sh24_yesh_atid":0.1121,"sh_shas":0.1062,"sh24_shas":0.0852,"sh24_utj":0.0224,"sh_rz":0.1416,"sh24_rz":0.0135,"sh_labor":0.0619,"sh24_labor":0.1749,"sh_gantz":0.0752,"sh24_gantz":0.0762,"sh_yb":0.031,"sh24_yb":0.0179,"sh_meretz":0.0841,"sh24_meretz":0.1121,"sh_hadash":0.0088,"sh24_joint":0.009,"sh24_yamina":0.0359,"sh24_newhope":0.0673,"sh_habait":0.0044,"sh_other":0.031,"sh24_other":0.0179,"winner24":"likud"}},{"type":"Feature","geometry":{"type":"Point","coordinates":[34.65462,31.44978]},"properties":{"semel":1080,"name":"מבועים","winner":"likud","winnerShare":0.4163,"turnout":0.7293,"valid":687,"sh_likud":0.4163,"sh24_likud":0.4607,"sh_yesh_atid":0.1237,"sh24_yesh_atid":0.123,"sh_shas":0.0684,"sh24_shas":0.0541,"sh_utj":0.0073,"sh24_utj":0.0033,"sh_rz":0.1892,"sh24_rz":0.0525,"sh_labor":0.0277,"sh24_labor":0.0508,"sh_gantz":0.1106,"sh24_gantz":0.0393,"sh_yb":0.0102,"sh24_yb":0.018,"sh_meretz":0.0087,"sh24_meretz":0.0164,"sh_balad":0.0015,"sh24_joint":0.0016,"sh24_yamina":0.0951,"sh24_newhope":0.0672,"sh_habait":0.0131,"sh_other":0.0233,"sh24_other":0.018,"winner24":"likud"}},{"type":"Feature","geometry":{"type":"Point","coordinates":[35.29404,33.07425]},"properties":{"semel":1081,"name":"אבן מנחם","winner":"likud","winnerShare":0.4588,"turnout":0.6978,"valid":194,"sh_likud":0.4588,"sh24_likud":0.5105,"sh_yesh_atid":0.0515,"sh24_yesh_atid":0.0684,"sh_shas":0.1701,"sh24_shas":0.1421,"sh_rz":0.1598,"sh24_rz":0.0421,"sh_labor":0.0258,"sh24_labor":0.0211,"sh_gantz":0.1186,"sh24_gantz":0.1316,"sh_yb":0.0052,"sh24_yb":0.0053,"sh24_meretz":0.0053,"sh24_yamina":0.0316,"sh24_newhope":0.0421,"sh_other":0.0103,"winner24":"likud"}},{"type":"Feature","geometry":{"type":"Point","coordinates":[34.5986,31.39676]},"properties":{"semel":1082,"name":"מעגלים","winner":"likud","winnerShare":0.4667,"turnout":0.8128,"valid":885,"sh_likud":0.4667,"sh24_likud":0.483,"sh_yesh_atid":0.0124,"sh24_yesh_atid":0.0035,"sh_shas":0.1638,"sh24_shas":0.1419,"sh_utj":0.0068,"sh24_utj":0.0082,"sh_rz":0.2983,"sh24_rz":0.2251,"sh_labor":0.0023,"sh24_labor":0.0059,"sh_gantz":0.0249,"sh24_gantz":0.007,"sh_yb":0.0023,"sh24_yb":0.0012,"sh_meretz":0.0011,"sh24_meretz":0.0012,"sh24_yamina":0.0891,"sh24_newhope":0.0234,"sh_habait":0.0147,"sh_other":0.0068,"sh24_other":0.0106,"winner24":"likud"}},{"type":"Feature","geometry":{"type":"Point","coordinates":[34.54043,31.43288]},"properties":{"semel":1083,"name":"תושיה","winner":"rz","winnerShare":0.652,"turnout":0.7541,"valid":273,"sh_likud":0.2491,"sh24_likud":0.2326,"sh24_yesh_atid":0.0039,"sh_shas":0.0476,"sh24_shas":0.0349,"sh_utj":0.0037,"sh24_utj":0.0078,"sh_rz":0.652,"sh24_rz":0.531,"sh24_labor":0.0039,"sh_gantz":0.011,"sh24_gantz":0.0039,"sh_meretz":0.0037,"sh24_meretz":0.0078,"sh24_yamina":0.1667,"sh24_newhope":0.0039,"sh_habait":0.033,"sh24_other":0.0039,"winner24":"rz"}},{"type":"Feature","geometry":{"type":"Point","coordinates":[34.92739,31.95943]},"properties":{"semel":1084,"name":"בן שמן כפר נוער","winner":"yesh_atid","winnerShare":0.4277,"turnout":0.6776,"valid":166,"sh_likud":0.1747,"sh24_likud":0.1299,"sh_yesh_atid":0.4277,"sh24_yesh_atid":0.3377,"sh_shas":0.0181,"sh24_shas":0.0325,"sh_rz":0.0482,"sh24_rz":0.013,"sh_labor":0.0843,"sh24_labor":0.1234,"sh_gantz":0.1506,"sh24_gantz":0.0909,"sh_yb":0.0181,"sh_meretz":0.0482,"sh24_meretz":0.1234,"sh_hadash":0.006,"sh24_joint":0.0065,"sh24_yamina":0.0519,"sh24_newhope":0.0649,"sh_habait":0.012,"sh_other":0.012,"sh24_other":0.026,"winner24":"yesh_atid"}},{"type":"Feature","geometry":{"type":"Point","coordinates":[34.28432,31.2277]},"properties":{"semel":1085,"name":"כרם שלום","winner":"rz","winnerShare":0.4157,"turnout":0.5817,"valid":89,"sh_likud":0.1685,"sh24_likud":0.2,"sh_yesh_atid":0.191,"sh24_yesh_atid":0.1467,"sh24_shas":0.0133,"sh_rz":0.4157,"sh24_rz":0.2933,"sh_labor":0.0674,"sh24_labor":0.08,"sh_gantz":0.1011,"sh24_gantz":0.0667,"sh_yb":0.0112,"sh24_yb":0.0267,"sh_meretz":0.0449,"sh24_meretz":0.1067,"sh24_yamina":0.0533,"sh24_newhope":0.0133,"winner24":"rz"}},{"type":"Feature","geometry":{"type":"Point","coordinates":[34.72235,31.81844]},"properties":{"semel":1094,"name":"כרם יבנה ישיבה","winner":"rz","winnerShare":0.8718,"turnout":0.8478,"valid":117,"sh_likud":0.0085,"sh24_likud":0.0161,"sh_shas":0.0085,"sh24_shas":0.0242,"sh_utj":0.0855,"sh24_utj":0.0968,"sh_rz":0.8718,"sh24_rz":0.7823,"sh_gantz":0.0171,"sh24_yamina":0.0726,"sh24_newhope":0.0081,"sh_habait":0.0085,"winner24":"rz"}},{"type":"Feature","geometry":{"type":"Point","coordinates":[34.53529,31.43265]},"properties":{"semel":1095,"name":"כפר מימון","winner":"rz","winnerShare":0.5323,"turnout":0.7686,"valid":372,"sh_likud":0.2366,"sh24_likud":0.2095,"sh_yesh_atid":0.0027,"sh24_yesh_atid":0.0056,"sh_shas":0.0054,"sh24_shas":0.0056,"sh_utj":0.0054,"sh24_utj":0.0028,"sh_rz":0.5323,"sh24_rz":0.3771,"sh_labor":0.0054,"sh24_labor":0.014,"sh_gantz":0.0511,"sh24_gantz":0.0196,"sh_yb":0.0027,"sh24_yb":0.0028,"sh_meretz":0.0054,"sh24_meretz":0.0084,"sh24_yamina":0.3212,"sh24_newhope":0.0307,"sh_habait":0.1425,"sh_other":0.0108,"sh24_other":0.0028,"winner24":"rz"}},{"type":"Feature","geometry":{"type":"Point","coordinates":[34.70657,31.69614]},"properties":{"semel":1098,"name":"מרכז שפירא","winner":"rz","winnerShare":0.555,"turnout":0.813,"valid":1317,"sh_likud":0.1898,"sh24_likud":0.2013,"sh_yesh_atid":0.0182,"sh24_yesh_atid":0.0126,"sh_shas":0.1147,"sh24_shas":0.0797,"sh_utj":0.0076,"sh24_utj":0.0059,"sh_rz":0.555,"sh24_rz":0.4916,"sh_labor":0.003,"sh24_labor":0.0042,"sh_gantz":0.0334,"sh24_gantz":0.0151,"sh_yb":0.0023,"sh24_yb":0.0017,"sh_meretz":0.0015,"sh24_meretz":0.0017,"sh24_yamina":0.1535,"sh24_newhope":0.0302,"sh_habait":0.0615,"sh_other":0.0129,"sh24_other":0.0025,"winner24":"rz"}},{"type":"Feature","geometry":{"type":"Point","coordinates":[34.85886,32.36141]},"properties":{"semel":1102,"name":"צוקי ים","winner":"yesh_atid","winnerShare":0.3561,"turnout":0.6839,"valid":132,"sh_likud":0.1515,"sh24_likud":0.125,"sh_yesh_atid":0.3561,"sh24_yesh_atid":0.25,"sh_shas":0.0076,"sh24_shas":0.0074,"sh_utj":0.0076,"sh24_utj":0.0074,"sh_rz":0.0455,"sh24_rz":0.0147,"sh_labor":0.0833,"sh24_labor":0.1324,"sh_gantz":0.1515,"sh24_gantz":0.1912,"sh_yb":0.0303,"sh24_yb":0.0074,"sh_meretz":0.1439,"sh24_meretz":0.1691,"sh_hadash":0.0076,"sh24_yamina":0.0294,"sh24_newhope":0.0221,"sh_habait":0.0076,"sh_other":0.0076,"sh24_other":0.0441,"winner24":"yesh_atid"}},{"type":"Feature","geometry":{"type":"Point","coordinates":[34.85373,31.87845]},"properties":{"semel":1103,"name":"גני הדר","winner":"yesh_atid","winnerShare":0.3628,"turnout":0.7902,"valid":226,"sh_likud":0.1239,"sh24_likud":0.128,"sh_yesh_atid":0.3628,"sh24_yesh_atid":0.1943,"sh_rz":0.0221,"sh24_rz":0.019,"sh_labor":0.1416,"sh24_labor":0.2227,"sh_gantz":0.2035,"sh24_gantz":0.1564,"sh_yb":0.031,"sh24_yb":0.0284,"sh_meretz":0.0929,"sh24_meretz":0.128,"sh24_joint":0.0047,"sh24_yamina":0.0806,"sh24_newhope":0.0332,"sh_habait":0.0088,"sh_other":0.0133,"sh24_other":0.0047,"winner24":"labor"}},{"type":"Feature","geometry":{"type":"Point","coordinates":[35.54656,32.7195]},"properties":{"semel":1104,"name":"פוריה  כפר עבודה","winner":"likud","winnerShare":0.5365,"turnout":0.6725,"valid":192,"sh_likud":0.5365,"sh24_likud":0.5269,"sh_yesh_atid":0.0625,"sh24_yesh_atid":0.0838,"sh_shas":0.0417,"sh24_shas":0.0719,"sh_utj":0.0156,"sh24_utj":0.012,"sh_rz":0.1979,"sh24_rz":0.018,"sh24_labor":0.006,"sh_gantz":0.0625,"sh24_gantz":0.0419,"sh_meretz":0.0052,"sh24_yamina":0.1138,"sh24_newhope":0.0778,"sh_habait":0.0156,"sh_other":0.0625,"sh24_other":0.0479,"winner24":"likud"}},{"type":"Feature","geometry":{"type":"Point","coordinates":[35.53733,32.74415]},"properties":{"semel":1105,"name":"פוריה  נווה עובד","winner":"likud","winnerShare":0.5413,"turnout":0.6882,"valid":726,"sh_likud":0.5413,"sh24_likud":0.5805,"sh_yesh_atid":0.062,"sh24_yesh_atid":0.0586,"sh_shas":0.0579,"sh24_shas":0.0586,"sh_utj":0.0028,"sh_rz":0.186,"sh24_rz":0.0481,"sh_labor":0.0234,"sh24_labor":0.0211,"sh_gantz":0.0606,"sh24_gantz":0.0466,"sh_yb":0.0138,"sh24_yb":0.0165,"sh_meretz":0.0055,"sh24_meretz":0.015,"sh24_yamina":0.0556,"sh24_newhope":0.0707,"sh_habait":0.0207,"sh_other":0.0262,"sh24_other":0.0286,"winner24":"likud"}},{"type":"Feature","geometry":{"type":"Point","coordinates":[35.24241,32.56332]},"properties":{"semel":1108,"name":"אומן","winner":"likud","winnerShare":0.4808,"turnout":0.6794,"valid":339,"sh_likud":0.4808,"sh24_likud":0.4887,"sh_yesh_atid":0.1504,"sh24_yesh_atid":0.1316,"sh_shas":0.059,"sh24_shas":0.0564,"sh_utj":0.0059,"sh24_utj":0.0113,"sh_rz":0.174,"sh24_rz":0.0338,"sh24_labor":0.015,"sh_gantz":0.0531,"sh24_gantz":0.015,"sh_yb":0.059,"sh24_yb":0.1015,"sh_meretz":0.0029,"sh24_meretz":0.0038,"sh24_yamina":0.0564,"sh24_newhope":0.0602,"sh_habait":0.0059,"sh_other":0.0088,"sh24_other":0.0263,"winner24":"likud"}},{"type":"Feature","geometry":{"type":"Point","coordinates":[35.26439,32.54795]},"properties":{"semel":1110,"name":"חבר","winner":"likud","winnerShare":0.4377,"turnout":0.7226,"valid":361,"sh_likud":0.4377,"sh24_likud":0.424,"sh_yesh_atid":0.1274,"sh24_yesh_atid":0.106,"sh_shas":0.0859,"sh24_shas":0.0813,"sh_rz":0.1385,"sh24_rz":0.0177,"sh_labor":0.0277,"sh24_labor":0.0495,"sh_gantz":0.1247,"sh24_gantz":0.0848,"sh_yb":0.036,"sh24_yb":0.0459,"sh_meretz":0.0055,"sh24_meretz":0.0141,"sh24_yamina":0.053,"sh24_newhope":0.0989,"sh_habait":0.0028,"sh_other":0.0139,"sh24_other":0.0247,"winner24":"likud"}},{"type":"Feature","geometry":{"type":"Point","coordinates":[35.27186,32.83686]},"properties":{"semel":1112,"name":"יודפת","winner":"yesh_atid","winnerShare":0.3653,"turnout":0.753,"valid":501,"sh_likud":0.022,"sh24_likud":0.0144,"sh_yesh_atid":0.3653,"sh24_yesh_atid":0.1175,"sh_shas":0.002,"sh_rz":0.008,"sh24_rz":0.0062,"sh_labor":0.1697,"sh24_labor":0.3918,"sh_gantz":0.0918,"sh24_gantz":0.0804,"sh_yb":0.016,"sh24_yb":0.0165,"sh_meretz":0.2475,"sh24_meretz":0.2969,"sh_raam":0.004,"sh_hadash":0.022,"sh24_joint":0.0103,"sh24_yamina":0.0227,"sh24_newhope":0.0309,"sh_habait":0.01,"sh_other":0.0419,"sh24_other":0.0124,"winner24":"labor"}},{"type":"Feature","geometry":{"type":"Point","coordinates":[35.09541,31.71714]},"properties":{"semel":1113,"name":"צור הדסה","winner":"likud","winnerShare":0.2655,"turnout":0.7399,"valid":4881,"sh_likud":0.2655,"sh24_likud":0.2566,"sh_yesh_atid":0.2307,"sh24_yesh_atid":0.1689,"sh_shas":0.0217,"sh24_shas":0.0139,"sh_utj":0.0031,"sh24_utj":0.003,"sh_rz":0.124,"sh24_rz":0.0279,"sh_labor":0.0539,"sh24_labor":0.0966,"sh_gantz":0.1475,"sh24_gantz":0.0747,"sh_yb":0.0387,"sh24_yb":0.0435,"sh_meretz":0.0561,"sh24_meretz":0.073,"sh_raam":0.0008,"sh_hadash":0.0033,"sh_balad":0.0006,"sh24_joint":0.0032,"sh24_yamina":0.1444,"sh24_newhope":0.0783,"sh_habait":0.034,"sh_other":0.0201,"sh24_other":0.016,"winner24":"likud"}},{"type":"Feature","geometry":{"type":"Point","coordinates":[34.93497,31.67748]},"properties":{"semel":1114,"name":"שריגים ליאון","winner":"yesh_atid","winnerShare":0.3397,"turnout":0.6727,"valid":524,"sh_likud":0.1584,"sh24_likud":0.1583,"sh_yesh_atid":0.3397,"sh24_yesh_atid":0.2284,"sh_shas":0.0191,"sh24_shas":0.0054,"sh_utj":0.0019,"sh_rz":0.0344,"sh24_rz":0.0036,"sh_labor":0.1317,"sh24_labor":0.1888,"sh_gantz":0.1279,"sh24_gantz":0.1097,"sh_yb":0.0191,"sh24_yb":0.0216,"sh_meretz":0.1355,"sh24_meretz":0.1835,"sh_hadash":0.0076,"sh_balad":0.0019,"sh24_joint":0.0054,"sh24_yamina":0.0414,"sh24_newhope":0.036,"sh_other":0.0229,"sh24_other":0.018,"winner24":"yesh_atid"}},{"type":"Feature","geometry":{"type":"Point","coordinates":[35.47179,33.08862]},"properties":{"semel":1115,"name":"אביבים","winner":"likud","winnerShare":0.5074,"turnout":0.781,"valid":270,"sh_likud":0.5074,"sh24_likud":0.5785,"sh24_yesh_atid":0.0041,"sh_shas":0.3074,"sh24_shas":0.3636,"sh_utj":0.0185,"sh24_utj":0.0041,"sh_rz":0.1556,"sh24_rz":0.0331,"sh_gantz":0.0037,"sh24_yamina":0.0083,"sh24_newhope":0.0041,"sh_habait":0.0074,"sh24_other":0.0041,"winner24":"likud"}},{"type":"Feature","geometry":{"type":"Point","coordinates":[34.99489,31.66048]},"properties":{"semel":1123,"name":"אדרת","winner":"likud","winnerShare":0.456,"turnout":0.7274,"valid":443,"sh_likud":0.456,"sh24_likud":0.4541,"sh_yesh_atid":0.0542,"sh24_yesh_atid":0.0471,"sh_shas":0.1106,"sh24_shas":0.0968,"sh_utj":0.0045,"sh24_utj":0.0099,"sh_rz":0.2144,"sh24_rz":0.0571,"sh_labor":0.0226,"sh24_labor":0.0323,"sh_gantz":0.079,"sh24_gantz":0.0397,"sh_yb":0.0045,"sh24_yb":0.005,"sh_meretz":0.0068,"sh24_meretz":0.0124,"sh24_yamina":0.1737,"sh24_newhope":0.0471,"sh_habait":0.0406,"sh_other":0.0068,"sh24_other":0.0248,"winner24":"likud"}},{"type":"Feature","geometry":{"type":"Point","coordinates":[35.37881,30.93756]},"properties":{"semel":1124,"name":"נאות הכיכר","winner":"yesh_atid","winnerShare":0.3493,"turnout":0.6489,"valid":146,"sh_likud":0.1507,"sh24_likud":0.1329,"sh_yesh_atid":0.3493,"sh24_yesh_atid":0.2378,"sh_rz":0.0411,"sh24_rz":0.007,"sh_labor":0.1164,"sh24_labor":0.1888,"sh_gantz":0.226,"sh24_gantz":0.2587,"sh_yb":0.0068,"sh24_yb":0.014,"sh_meretz":0.0411,"sh24_meretz":0.049,"sh_raam":0.0068,"sh24_yamina":0.035,"sh24_newhope":0.049,"sh_habait":0.0274,"sh_other":0.0342,"sh24_other":0.028,"winner24":"gantz"}},{"type":"Feature","geometry":{"type":"Point","coordinates":[35.60238,32.9121]},"properties":{"semel":1125,"name":"אלמגור","winner":"yesh_atid","winnerShare":0.4773,"turnout":0.7333,"valid":220,"sh_likud":0.0273,"sh24_likud":0.026,"sh_yesh_atid":0.4773,"sh24_yesh_atid":0.2078,"sh_rz":0.0227,"sh24_rz":0.0043,"sh_labor":0.1545,"sh24_labor":0.29,"sh_gantz":0.15,"sh24_gantz":0.2078,"sh_yb":0.0182,"sh24_yb":0.0519,"sh_meretz":0.1091,"sh24_meretz":0.1342,"sh_hadash":0.0045,"sh_balad":0.0045,"sh24_joint":0.0043,"sh24_yamina":0.013,"sh24_newhope":0.0346,"sh_habait":0.0045,"sh_other":0.0273,"sh24_other":0.026,"winner24":"labor"}},{"type":"Feature","geometry":{"type":"Point","coordinates":[34.96314,29.58107]},"properties":{"semel":1126,"name":"אילות","winner":"yesh_atid","winnerShare":0.355,"turnout":0.6123,"valid":169,"sh_likud":0.0947,"sh24_likud":0.0947,"sh_yesh_atid":0.355,"sh24_yesh_atid":0.213,"sh_shas":0.0118,"sh_rz":0.0355,"sh_labor":0.1775,"sh24_labor":0.2544,"sh_gantz":0.2012,"sh24_gantz":0.1657,"sh_yb":0.0178,"sh24_yb":0.0355,"sh_meretz":0.0828,"sh24_meretz":0.142,"sh24_joint":0.0059,"sh24_yamina":0.0296,"sh24_newhope":0.0355,"sh_habait":0.0059,"sh_other":0.0178,"sh24_other":0.0237,"winner24":"labor"}},{"type":"Feature","geometry":{"type":"Point","coordinates":[35.41887,32.47643]},"properties":{"semel":1127,"name":"מעלה גלבוע","winner":"gantz","winnerShare":0.2589,"turnout":0.8031,"valid":309,"sh_likud":0.1392,"sh24_likud":0.0746,"sh_yesh_atid":0.1036,"sh24_yesh_atid":0.0847,"sh_shas":0.0097,"sh24_shas":0.0068,"sh_utj":0.0032,"sh24_utj":0.0034,"sh_rz":0.1327,"sh24_rz":0.0441,"sh_labor":0.0744,"sh24_labor":0.0814,"sh_gantz":0.2589,"sh24_gantz":0.1356,"sh_meretz":0.0097,"sh24_meretz":0.0068,"sh_raam":0.0032,"sh24_raam":0.0034,"sh24_yamina":0.4712,"sh24_newhope":0.078,"sh_habait":0.2427,"sh_other":0.0227,"sh24_other":0.0102,"winner24":"yamina"}},{"type":"Feature","geometry":{"type":"Point","coordinates":[35.14814,32.50472]},"properties":{"semel":1128,"name":"מי עמי","winner":"yesh_atid","winnerShare":0.4061,"turnout":0.7606,"valid":197,"sh_likud":0.0457,"sh24_likud":0.0376,"sh_yesh_atid":0.4061,"sh24_yesh_atid":0.2473,"sh_shas":0.0051,"sh_rz":0.0152,"sh_labor":0.1421,"sh24_labor":0.2903,"sh_gantz":0.1371,"sh24_gantz":0.1398,"sh_yb":0.0254,"sh24_yb":0.0323,"sh_meretz":0.1726,"sh24_meretz":0.1774,"sh_hadash":0.0051,"sh24_joint":0.0054,"sh24_yamina":0.0108,"sh24_newhope":0.0484,"sh_habait":0.0051,"sh_other":0.0406,"sh24_other":0.0108,"winner24":"labor"}},{"type":"Feature","geometry":{"type":"Point","coordinates":[35.06456,29.94085]},"properties":{"semel":1129,"name":"גרופית","winner":"yesh_atid","winnerShare":0.4639,"turnout":0.5685,"valid":166,"sh_likud":0.1325,"sh24_likud":0.1205,"sh_yesh_atid":0.4639,"sh24_yesh_atid":0.3133,"sh_rz":0.0241,"sh24_rz":0.006,"sh_labor":0.1747,"sh24_labor":0.247,"sh_gantz":0.0904,"sh24_gantz":0.0783,"sh_yb":0.0241,"sh24_yb":0.0361,"sh_meretz":0.0783,"sh24_meretz":0.0964,"sh24_yamina":0.0181,"sh24_newhope":0.0723,"sh_habait":0.006,"sh_other":0.006,"sh24_other":0.012,"winner24":"yesh_atid"}},{"type":"Feature","geometry":{"type":"Point","coordinates":[35.28836,33.10007]},"properties":{"semel":1130,"name":"כפר רוזנואלד זרעית","winner":"likud","winnerShare":0.6242,"turnout":0.7072,"valid":157,"sh_likud":0.6242,"sh24_likud":0.5782,"sh_yesh_atid":0.0573,"sh24_yesh_atid":0.0748,"sh_shas":0.0764,"sh24_shas":0.068,"sh_rz":0.0955,"sh24_rz":0.0408,"sh_labor":0.0191,"sh24_labor":0.0272,"sh_gantz":0.1019,"sh24_gantz":0.0748,"sh_yb":0.0064,"sh24_yb":0.0136,"sh_meretz":0.0064,"sh24_meretz":0.0136,"sh24_yamina":0.0408,"sh24_newhope":0.0612,"sh_habait":0.0127,"sh24_other":0.0068,"winner24":"likud"}},{"type":"Feature","geometry":{"type":"Point","coordinates":[35.67771,33.24168]},"properties":{"semel":1132,"name":"שניר","winner":"yesh_atid","winnerShare":0.3883,"turnout":0.7262,"valid":358,"sh_likud":0.0782,"sh24_likud":0.0676,"sh_yesh_atid":0.3883,"sh24_yesh_atid":0.2765,"sh_shas":0.0028,"sh24_shas":0.0029,"sh_rz":0.014,"sh24_rz":0.0059,"sh_labor":0.176,"sh24_labor":0.2441,"sh_gantz":0.1899,"sh24_gantz":0.1853,"sh_yb":0.0112,"sh24_yb":0.0265,"sh_meretz":0.0978,"sh24_meretz":0.1088,"sh_raam":0.0028,"sh_hadash":0.0028,"sh24_joint":0.0029,"sh24_yamina":0.0382,"sh24_newhope":0.0147,"sh_habait":0.0112,"sh_other":0.0251,"sh24_other":0.0265,"winner24":"yesh_atid"}},{"type":"Feature","geometry":{"type":"Point","coordinates":[34.78197,31.66379]},"properties":{"semel":1133,"name":"ורדון","winner":"likud","winnerShare":0.3397,"turnout":0.729,"valid":156,"sh_likud":0.3397,"sh24_likud":0.3497,"sh_yesh_atid":0.1474,"sh24_yesh_atid":0.1049,"sh_shas":0.0769,"sh24_shas":0.042,"sh_utj":0.0385,"sh24_utj":0.007,"sh_rz":0.0962,"sh24_rz":0.0979,"sh_labor":0.0385,"sh24_labor":0.042,"sh_gantz":0.1987,"sh24_gantz":0.1189,"sh24_yb":0.014,"sh_meretz":0.0513,"sh24_meretz":0.0909,"sh_hadash":0.0064,"sh24_yamina":0.035,"sh24_newhope":0.0699,"sh_habait":0.0064,"sh24_other":0.028,"winner24":"likud"}},{"type":"Feature","geometry":{"type":"Point","coordinates":[35.08963,31.80979]},"properties":{"semel":1134,"name":"יד השמונה","winner":"gantz","winnerShare":0.2667,"turnout":0.7118,"valid":120,"sh_likud":0.15,"sh24_likud":0.1074,"sh_yesh_atid":0.2,"sh24_yesh_atid":0.0992,"sh_rz":0.0167,"sh24_rz":0.0083,"sh_labor":0.0083,"sh24_labor":0.0744,"sh_gantz":0.2667,"sh24_gantz":0.0744,"sh_yb":0.1917,"sh24_yb":0.4132,"sh_meretz":0.0167,"sh24_meretz":0.0083,"sh_hadash":0.0083,"sh24_yamina":0.0992,"sh24_newhope":0.0413,"sh_habait":0.025,"sh_other":0.1167,"sh24_other":0.0744,"winner24":"yb"}},{"type":"Feature","geometry":{"type":"Point","coordinates":[34.4257,31.23635]},"properties":{"semel":1136,"name":"צוחר","winner":"likud","winnerShare":0.4437,"turnout":0.6309,"valid":293,"sh_likud":0.4437,"sh24_likud":0.5071,"sh_yesh_atid":0.1604,"sh24_yesh_atid":0.1036,"sh_shas":0.0819,"sh24_shas":0.0571,"sh_utj":0.0034,"sh24_utj":0.0036,"sh_rz":0.1468,"sh24_rz":0.0464,"sh_labor":0.0137,"sh24_labor":0.0536,"sh_gantz":0.099,"sh24_gantz":0.0714,"sh_yb":0.0102,"sh24_yb":0.0071,"sh_meretz":0.0171,"sh24_meretz":0.025,"sh_raam":0.0034,"sh24_yamina":0.0643,"sh24_newhope":0.0429,"sh_habait":0.0137,"sh_other":0.0068,"sh24_other":0.0179,"winner24":"likud"}},{"type":"Feature","geometry":{"type":"Point","coordinates":[35.1019,31.8038]},"properties":{"semel":1137,"name":"קרית יערים","winner":"utj","winnerShare":0.6459,"turnout":0.778,"valid":2703,"sh_likud":0.0296,"sh24_likud":0.0326,"sh_yesh_atid":0.0033,"sh24_yesh_atid":0.0024,"sh_shas":0.229,"sh24_shas":0.1881,"sh_utj":0.6459,"sh24_utj":0.6668,"sh_rz":0.0792,"sh24_rz":0.0744,"sh_labor":0.0015,"sh24_labor":0.0036,"sh_gantz":0.0041,"sh24_gantz":0.0024,"sh24_meretz":0.0012,"sh_hadash":0.0004,"sh24_yamina":0.0092,"sh24_newhope":0.004,"sh_habait":0.0026,"sh_other":0.0044,"sh24_other":0.0153,"winner24":"utj"}},{"type":"Feature","geometry":{"type":"Point","coordinates":[35.24309,32.87877]},"properties":{"semel":1138,"name":"יעד","winner":"yesh_atid","winnerShare":0.4157,"turnout":0.7086,"valid":445,"sh_likud":0.0247,"sh24_likud":0.0282,"sh_yesh_atid":0.4157,"sh24_yesh_atid":0.2254,"sh_rz":0.009,"sh24_rz":0.0047,"sh_labor":0.2022,"sh24_labor":0.2981,"sh_gantz":0.1371,"sh24_gantz":0.1268,"sh_yb":0.0112,"sh24_yb":0.0211,"sh_meretz":0.1618,"sh24_meretz":0.2582,"sh_raam":0.0067,"sh_hadash":0.0045,"sh24_joint":0.0023,"sh24_yamina":0.0141,"sh24_newhope":0.0164,"sh_habait":0.0045,"sh_other":0.0225,"sh24_other":0.0047,"winner24":"labor"}},{"type":"Feature","geometry":{"type":"Point","coordinates":[35.29172,32.91158]},"properties":{"semel":1139,"name":"כרמיאל","winner":"likud","winnerShare":0.2938,"turnout":0.5713,"valid":23783,"sh_likud":0.2938,"sh24_likud":0.2857,"sh_yesh_atid":0.2443,"sh24_yesh_atid":0.1877,"sh_shas":0.0349,"sh24_shas":0.0281,"sh_utj":0.0367,"sh24_utj":0.0324,"sh_rz":0.0788,"sh24_rz":0.0198,"sh_labor":0.0228,"sh24_labor":0.0381,"sh_gantz":0.0862,"sh24_gantz":0.0467,"sh_yb":0.1421,"sh24_yb":0.1803,"sh_meretz":0.0135,"sh24_meretz":0.02,"sh_raam":0.0041,"sh24_raam":0.0033,"sh_hadash":0.0091,"sh_balad":0.0067,"sh24_joint":0.0102,"sh24_yamina":0.0566,"sh24_newhope":0.0712,"sh_habait":0.0084,"sh_other":0.0186,"sh24_other":0.0197,"winner24":"likud"}},{"type":"Feature","geometry":{"type":"Point","coordinates":[34.78243,30.85268]},"properties":{"semel":1140,"name":"מדרשת בן גוריון","winner":"yesh_atid","winnerShare":0.3121,"turnout":0.6722,"valid":769,"sh_likud":0.0949,"sh24_likud":0.0766,"sh_yesh_atid":0.3121,"sh24_yesh_atid":0.1582,"sh_shas":0.0039,"sh24_shas":0.0024,"sh_utj":0.0013,"sh_rz":0.0208,"sh24_rz":0.0134,"sh_labor":0.1756,"sh24_labor":0.2457,"sh_gantz":0.1105,"sh24_gantz":0.129,"sh_yb":0.0169,"sh24_yb":0.0304,"sh_meretz":0.2159,"sh24_meretz":0.253,"sh_raam":0.0026,"sh24_raam":0.0024,"sh_hadash":0.013,"sh_balad":0.0013,"sh24_joint":0.0122,"sh24_yamina":0.0401,"sh24_newhope":0.0268,"sh_habait":0.0117,"sh_other":0.0195,"sh24_other":0.0097,"winner24":"meretz"}},{"type":"Feature","geometry":{"type":"Point","coordinates":[34.98722,31.93358]},"properties":{"semel":1141,"name":"מבוא מודיעים","winner":"rz","winnerShare":0.3981,"turnout":0.5852,"valid":103,"sh_likud":0.0777,"sh24_likud":0.1053,"sh_yesh_atid":0.0583,"sh24_yesh_atid":0.0421,"sh_shas":0.1748,"sh24_shas":0.0737,"sh_utj":0.0874,"sh24_utj":0.1053,"sh_rz":0.3981,"sh24_rz":0.2105,"sh_labor":0.0388,"sh24_labor":0.0632,"sh_gantz":0.0485,"sh24_gantz":0.0105,"sh_yb":0.0194,"sh24_yb":0.0105,"sh24_meretz":0.0105,"sh24_yamina":0.1895,"sh24_newhope":0.0737,"sh_habait":0.0485,"sh_other":0.0485,"sh24_other":0.1053,"winner24":"rz"}},{"type":"Feature","geometry":{"type":"Point","coordinates":[35.12045,32.96613]},"properties":{"semel":1143,"name":"נס עמים","winner":"yesh_atid","winnerShare":0.4163,"turnout":0.8164,"valid":209,"sh_likud":0.1675,"sh24_likud":0.1534,"sh_yesh_atid":0.4163,"sh24_yesh_atid":0.3598,"sh_rz":0.0478,"sh24_rz":0.0317,"sh_labor":0.0622,"sh24_labor":0.1376,"sh_gantz":0.177,"sh24_gantz":0.0794,"sh_yb":0.0191,"sh24_yb":0.0159,"sh_meretz":0.0335,"sh24_meretz":0.0741,"sh_raam":0.0144,"sh_hadash":0.0287,"sh24_joint":0.0159,"sh24_yamina":0.0423,"sh24_newhope":0.0741,"sh_habait":0.0048,"sh_other":0.0287,"sh24_other":0.0159,"winner24":"yesh_atid"}},{"type":"Feature","geometry":{"type":"Point","coordinates":[34.74377,31.65157]},"properties":{"semel":1145,"name":"אלומה","winner":"rz","winnerShare":0.3785,"turnout":0.8676,"valid":531,"sh_likud":0.0358,"sh24_likud":0.0463,"sh_shas":0.3672,"sh24_shas":0.4341,"sh_utj":0.1733,"sh24_utj":0.1927,"sh_rz":0.3785,"sh24_rz":0.2488,"sh_gantz":0.0151,"sh24_yamina":0.0756,"sh24_newhope":0.0024,"sh_habait":0.0264,"sh_other":0.0038,"winner24":"shas"}},{"type":"Feature","geometry":{"type":"Point","coordinates":[34.51334,31.45227]},"properties":{"semel":1146,"name":"עלומים","winner":"habait","winnerShare":0.2886,"turnout":0.7176,"valid":246,"sh_likud":0.2114,"sh24_likud":0.1231,"sh_yesh_atid":0.0854,"sh24_yesh_atid":0.0448,"sh_shas":0.0163,"sh24_shas":0.0037,"sh_utj":0.0041,"sh24_utj":0.0037,"sh_rz":0.2276,"sh24_rz":0.0373,"sh_labor":0.0122,"sh24_labor":0.0522,"sh_gantz":0.1504,"sh24_gantz":0.056,"sh_meretz":0.0041,"sh24_meretz":0.0075,"sh24_yamina":0.6007,"sh24_newhope":0.0672,"sh_habait":0.2886,"sh24_other":0.0037,"winner24":"yamina"}},{"type":"Feature","geometry":{"type":"Point","coordinates":[35.32353,33.06471]},"properties":{"semel":1147,"name":"נטועה","winner":"likud","winnerShare":0.4715,"turnout":0.751,"valid":193,"sh_likud":0.4715,"sh24_likud":0.548,"sh_yesh_atid":0.0674,"sh24_yesh_atid":0.0452,"sh_shas":0.1192,"sh24_shas":0.1469,"sh_rz":0.1813,"sh24_rz":0.0226,"sh_labor":0.0052,"sh24_labor":0.0113,"sh_gantz":0.1451,"sh24_gantz":0.0904,"sh24_yb":0.0056,"sh24_meretz":0.0056,"sh24_yamina":0.0621,"sh24_newhope":0.0621,"sh_other":0.0104,"winner24":"likud"}},{"type":"Feature","geometry":{"type":"Point","coordinates":[35.01318,32.24077]},"properties":{"semel":1148,"name":"צור נתן","winner":"yesh_atid","winnerShare":0.3949,"turnout":0.6886,"valid":157,"sh_likud":0.2548,"sh24_likud":0.2663,"sh_yesh_atid":0.3949,"sh24_yesh_atid":0.2544,"sh_shas":0.0127,"sh_rz":0.0637,"sh24_rz":0.0118,"sh_labor":0.051,"sh24_labor":0.071,"sh_gantz":0.1911,"sh24_gantz":0.1361,"sh24_yb":0.0237,"sh_meretz":0.0127,"sh24_meretz":0.0533,"sh24_yamina":0.0592,"sh24_newhope":0.1006,"sh_habait":0.0064,"sh_other":0.0127,"sh24_other":0.0237,"winner24":"likud"}},{"type":"Feature","geometry":{"type":"Point","coordinates":[34.67115,31.73678]},"properties":{"semel":1149,"name":"עזר","winner":"likud","winnerShare":0.3155,"turnout":0.7668,"valid":466,"sh_likud":0.3155,"sh24_likud":0.3002,"sh_yesh_atid":0.2296,"sh24_yesh_atid":0.1966,"sh_shas":0.0751,"sh24_shas":0.0634,"sh_utj":0.0043,"sh_rz":0.0837,"sh24_rz":0.0169,"sh_labor":0.0472,"sh24_labor":0.0888,"sh_gantz":0.1845,"sh24_gantz":0.0994,"sh_yb":0.015,"sh24_yb":0.0106,"sh_meretz":0.0193,"sh24_meretz":0.0211,"sh24_yamina":0.0825,"sh24_newhope":0.0909,"sh_habait":0.0086,"sh_other":0.0172,"sh24_other":0.0296,"winner24":"likud"}},{"type":"Feature","geometry":{"type":"Point","coordinates":[35.1811,30.5596]},"properties":{"semel":1150,"name":"צופר","winner":"yesh_atid","winnerShare":0.3586,"turnout":0.6554,"valid":251,"sh_likud":0.0438,"sh24_likud":0.0609,"sh_yesh_atid":0.3586,"sh24_yesh_atid":0.1913,"sh_utj":0.004,"sh_rz":0.0359,"sh24_rz":0.0217,"sh_labor":0.0797,"sh24_labor":0.187,"sh_gantz":0.3466,"sh24_gantz":0.3478,"sh_meretz":0.1116,"sh24_meretz":0.0957,"sh_hadash":0.004,"sh24_yamina":0.0348,"sh24_newhope":0.0522,"sh_habait":0.012,"sh_other":0.004,"sh24_other":0.0087,"winner24":"gantz"}},{"type":"Feature","geometry":{"type":"Point","coordinates":[35.1555,30.36345]},"properties":{"semel":1151,"name":"פארן","winner":"yesh_atid","winnerShare":0.4345,"turnout":0.6709,"valid":267,"sh_likud":0.0524,"sh24_likud":0.0469,"sh_yesh_atid":0.4345,"sh24_yesh_atid":0.2852,"sh_rz":0.0187,"sh_labor":0.1348,"sh24_labor":0.1913,"sh_gantz":0.2622,"sh24_gantz":0.2274,"sh_yb":0.0037,"sh24_yb":0.0217,"sh_meretz":0.0899,"sh24_meretz":0.1444,"sh24_joint":0.0036,"sh24_yamina":0.0361,"sh24_newhope":0.0325,"sh_other":0.0037,"sh24_other":0.0108,"winner24":"yesh_atid"}},{"type":"Feature","geometry":{"type":"Point","coordinates":[34.70067,30.96494]},"properties":{"semel":1152,"name":"אשלים","winner":"likud","winnerShare":0.2508,"turnout":0.6979,"valid":303,"sh_likud":0.2508,"sh24_likud":0.2396,"sh_yesh_atid":0.2475,"sh24_yesh_atid":0.1771,"sh_shas":0.0099,"sh24_utj":0.0035,"sh_rz":0.1056,"sh24_rz":0.0417,"sh_labor":0.066,"sh24_labor":0.1389,"sh_gantz":0.1683,"sh24_gantz":0.0938,"sh_yb":0.0396,"sh24_yb":0.0556,"sh_meretz":0.0627,"sh24_meretz":0.0521,"sh24_yamina":0.1181,"sh24_newhope":0.0625,"sh_habait":0.0165,"sh_other":0.033,"sh24_other":0.0174,"winner24":"likud"}},{"type":"Feature","geometry":{"type":"Point","coordinates":[35.25002,32.94607]},"properties":{"semel":1153,"name":"כישור","winner":"yesh_atid","winnerShare":0.4526,"turnout":0.7405,"valid":95,"sh_likud":0.0526,"sh24_likud":0.0899,"sh_yesh_atid":0.4526,"sh24_yesh_atid":0.2809,"sh_utj":0.0105,"sh24_utj":0.0112,"sh_rz":0.0316,"sh24_rz":0.0337,"sh_labor":0.1263,"sh24_labor":0.1573,"sh_gantz":0.1158,"sh24_gantz":0.0562,"sh_yb":0.0211,"sh24_yb":0.0112,"sh_meretz":0.1263,"sh24_meretz":0.2247,"sh_raam":0.0421,"sh24_joint":0.0112,"sh24_yamina":0.0337,"sh24_newhope":0.0899,"sh_other":0.0211,"winner24":"yesh_atid"}},{"type":"Feature","geometry":{"type":"Point","coordinates":[35.30763,32.52108]},"properties":{"semel":1155,"name":"מגן שאול","winner":"likud","winnerShare":0.5106,"turnout":0.7966,"valid":329,"sh_likud":0.5106,"sh24_likud":0.5161,"sh_yesh_atid":0.0881,"sh24_yesh_atid":0.0968,"sh_shas":0.0486,"sh24_shas":0.0394,"sh_utj":0.003,"sh_rz":0.1368,"sh24_rz":0.0502,"sh_labor":0.0213,"sh24_labor":0.0466,"sh_gantz":0.1337,"sh24_gantz":0.086,"sh_yb":0.0213,"sh24_yb":0.0287,"sh_meretz":0.0152,"sh24_meretz":0.0215,"sh24_yamina":0.0681,"sh24_newhope":0.0323,"sh_habait":0.0061,"sh_other":0.0152,"sh24_other":0.0143,"winner24":"likud"}},{"type":"Feature","geometry":{"type":"Point","coordinates":[35.02251,29.83233]},"properties":{"semel":1156,"name":"סמר","winner":"meretz","winnerShare":0.4365,"turnout":0.5272,"valid":126,"sh_likud":0.0159,"sh24_likud":0.007,"sh_yesh_atid":0.2778,"sh24_yesh_atid":0.1197,"sh_rz":0.0079,"sh_labor":0.1032,"sh24_labor":0.3099,"sh_gantz":0.0476,"sh24_gantz":0.0634,"sh24_yb":0.0211,"sh_meretz":0.4365,"sh24_meretz":0.4437,"sh_hadash":0.0159,"sh_balad":0.0079,"sh24_yamina":0.007,"sh24_newhope":0.007,"sh_other":0.0873,"sh24_other":0.0211,"winner24":"meretz"}},{"type":"Feature","geometry":{"type":"Point","coordinates":[34.76913,31.74354]},"properties":{"semel":1157,"name":"אחווה","winner":"yesh_atid","winnerShare":0.3577,"turnout":0.7569,"valid":137,"sh_likud":0.2044,"sh24_likud":0.1862,"sh_yesh_atid":0.3577,"sh24_yesh_atid":0.2552,"sh_shas":0.0146,"sh24_shas":0.0138,"sh_rz":0.0292,"sh24_rz":0.0276,"sh_labor":0.0657,"sh24_labor":0.0966,"sh_gantz":0.2263,"sh24_gantz":0.2483,"sh_yb":0.0365,"sh24_yb":0.0207,"sh_meretz":0.0511,"sh24_meretz":0.069,"sh24_yamina":0.0276,"sh24_newhope":0.0552,"sh_habait":0.0073,"sh_other":0.0073,"winner24":"yesh_atid"}},{"type":"Feature","geometry":{"type":"Point","coordinates":[35.12918,30.08285]},"properties":{"semel":1158,"name":"יהל","winner":"yesh_atid","winnerShare":0.3462,"turnout":0.5893,"valid":130,"sh_likud":0.1538,"sh24_likud":0.0992,"sh_yesh_atid":0.3462,"sh24_yesh_atid":0.2443,"sh_rz":0.0308,"sh24_rz":0.0153,"sh_labor":0.2231,"sh24_labor":0.229,"sh_gantz":0.1462,"sh24_gantz":0.1221,"sh_yb":0.0231,"sh24_yb":0.084,"sh_meretz":0.0615,"sh24_meretz":0.1298,"sh_hadash":0.0077,"sh24_joint":0.0076,"sh24_yamina":0.0382,"sh24_newhope":0.0305,"sh_other":0.0077,"winner24":"yesh_atid"}},{"type":"Feature","geometry":{"type":"Point","coordinates":[35.24692,32.84872]},"properties":{"semel":1160,"name":"שכניה","winner":"yesh_atid","winnerShare":0.4515,"turnout":0.7287,"valid":454,"sh_likud":0.0617,"sh24_likud":0.0315,"sh_yesh_atid":0.4515,"sh24_yesh_atid":0.2719,"sh_shas":0.0022,"sh24_shas":0.0022,"sh_rz":0.0308,"sh24_rz":0.009,"sh_labor":0.1432,"sh24_labor":0.227,"sh_gantz":0.1454,"sh24_gantz":0.1371,"sh_yb":0.0132,"sh24_yb":0.027,"sh_meretz":0.1123,"sh24_meretz":0.1528,"sh_hadash":0.0022,"sh24_joint":0.0067,"sh24_yamina":0.0382,"sh24_newhope":0.0809,"sh_habait":0.0044,"sh_other":0.033,"sh24_other":0.0157,"winner24":"yesh_atid"}},{"type":"Feature","geometry":{"type":"Point","coordinates":[34.75402,31.3923]},"properties":{"semel":1161,"name":"רהט","winner":"raam","winnerShare":0.6416,"turnout":0.6061,"valid":23024,"sh_likud":0.0159,"sh24_likud":0.0608,"sh_yesh_atid":0.0095,"sh24_yesh_atid":0.0053,"sh_shas":0.0014,"sh24_shas":0.0008,"sh_utj":0.0002,"sh24_utj":0.0006,"sh_rz":0.001,"sh24_rz":0.0001,"sh_labor":0.0053,"sh24_labor":0.0044,"sh_gantz":0.0098,"sh24_gantz":0.0025,"sh_yb":0.0003,"sh24_yb":0.0006,"sh_meretz":0.0413,"sh24_meretz":0.0278,"sh_raam":0.6416,"sh24_raam":0.6292,"sh_hadash":0.1257,"sh_balad":0.1404,"sh24_joint":0.2212,"sh24_yamina":0.0008,"sh24_newhope":0.0073,"sh_habait":0.0005,"sh_other":0.0071,"sh24_other":0.0386,"winner24":"raam"}},{"type":"Feature","geometry":{"type":"Point","coordinates":[35.32841,32.78182]},"properties":{"semel":1162,"name":"בית רימון","winner":"rz","winnerShare":0.4011,"turnout":0.8348,"valid":374,"sh_likud":0.1524,"sh24_likud":0.0781,"sh_yesh_atid":0.0214,"sh24_yesh_atid":0.006,"sh_shas":0.0053,"sh24_shas":0.009,"sh24_utj":0.003,"sh_rz":0.4011,"sh24_rz":0.2492,"sh_labor":0.0241,"sh24_labor":0.045,"sh_gantz":0.0722,"sh24_gantz":0.027,"sh_yb":0.0027,"sh24_yb":0.003,"sh_meretz":0.0027,"sh24_yamina":0.5285,"sh24_newhope":0.045,"sh_habait":0.3128,"sh_other":0.0053,"sh24_other":0.006,"winner24":"yamina"}},{"type":"Feature","geometry":{"type":"Point","coordinates":[35.39422,32.9208]},"properties":{"semel":1163,"name":"מורן","winner":"yesh_atid","winnerShare":0.4769,"turnout":0.75,"valid":281,"sh_likud":0.089,"sh24_likud":0.1049,"sh_yesh_atid":0.4769,"sh24_yesh_atid":0.2884,"sh_shas":0.0036,"sh24_shas":0.0075,"sh_rz":0.0463,"sh24_rz":0.0075,"sh_labor":0.1281,"sh24_labor":0.1873,"sh_gantz":0.1423,"sh24_gantz":0.1573,"sh_yb":0.0107,"sh24_yb":0.0412,"sh_meretz":0.0783,"sh24_meretz":0.1348,"sh24_yamina":0.0187,"sh24_newhope":0.0337,"sh_other":0.0249,"sh24_other":0.0187,"winner24":"yesh_atid"}},{"type":"Feature","geometry":{"type":"Point","coordinates":[35.01994,31.91838]},"properties":{"semel":1165,"name":"שילת","winner":"yesh_atid","winnerShare":0.4068,"turnout":0.7826,"valid":413,"sh_likud":0.1017,"sh24_likud":0.1139,"sh_yesh_atid":0.4068,"sh24_yesh_atid":0.2624,"sh_shas":0.0121,"sh24_shas":0.005,"sh_utj":0.0048,"sh24_utj":0.005,"sh_rz":0.0218,"sh24_rz":0.0124,"sh_labor":0.1308,"sh24_labor":0.1856,"sh_gantz":0.1186,"sh24_gantz":0.1535,"sh_yb":0.0291,"sh24_yb":0.0347,"sh_meretz":0.1283,"sh24_meretz":0.1386,"sh_hadash":0.0145,"sh_balad":0.0024,"sh24_yamina":0.0322,"sh24_newhope":0.0421,"sh_habait":0.0048,"sh_other":0.0242,"sh24_other":0.0149,"winner24":"yesh_atid"}},{"type":"Feature","geometry":{"type":"Point","coordinates":[35.03092,31.91043]},"properties":{"semel":1166,"name":"כפר רות","winner":"yesh_atid","winnerShare":0.3245,"turnout":0.7947,"valid":151,"sh_likud":0.2119,"sh24_likud":0.1474,"sh_yesh_atid":0.3245,"sh24_yesh_atid":0.2308,"sh_shas":0.0265,"sh24_shas":0.0128,"sh_utj":0.0066,"sh_rz":0.053,"sh24_rz":0.0577,"sh_labor":0.0728,"sh24_labor":0.1154,"sh_gantz":0.2185,"sh24_gantz":0.1923,"sh_yb":0.0199,"sh24_yb":0.0128,"sh_meretz":0.0464,"sh24_meretz":0.0449,"sh24_yamina":0.0769,"sh24_newhope":0.0641,"sh_habait":0.0132,"sh_other":0.0066,"sh24_other":0.0449,"winner24":"yesh_atid"}},{"type":"Feature","geometry":{"type":"Point","coordinates":[34.90778,32.50746]},"properties":{"semel":1167,"name":"קיסריה","winner":"yesh_atid","winnerShare":0.3838,"turnout":0.6345,"valid":3447,"sh_likud":0.2507,"sh24_likud":0.2234,"sh_yesh_atid":0.3838,"sh24_yesh_atid":0.2662,"sh_shas":0.0136,"sh24_shas":0.0085,"sh_utj":0.0046,"sh24_utj":0.0036,"sh_rz":0.0458,"sh24_rz":0.0179,"sh_labor":0.0426,"sh24_labor":0.0768,"sh_gantz":0.1581,"sh24_gantz":0.1563,"sh_yb":0.031,"sh24_yb":0.0355,"sh_meretz":0.0447,"sh24_meretz":0.0817,"sh_raam":0.0017,"sh24_raam":0.0006,"sh_hadash":0.0023,"sh_balad":0.0009,"sh24_joint":0.0021,"sh24_yamina":0.0516,"sh24_newhope":0.0622,"sh_habait":0.0067,"sh_other":0.0133,"sh24_other":0.0134,"winner24":"yesh_atid"}},{"type":"Feature","geometry":{"type":"Point","coordinates":[35.35818,32.88219]},"properties":{"semel":1171,"name":"לוטם","winner":"yesh_atid","winnerShare":0.3978,"turnout":0.6811,"valid":362,"sh_likud":0.0552,"sh24_likud":0.0618,"sh_yesh_atid":0.3978,"sh24_yesh_atid":0.3324,"sh_shas":0.0083,"sh24_shas":0.0029,"sh_rz":0.0414,"sh24_rz":0.0059,"sh_labor":0.1133,"sh24_labor":0.1853,"sh_gantz":0.1519,"sh24_gantz":0.0941,"sh_yb":0.0138,"sh24_yb":0.0206,"sh_meretz":0.1188,"sh24_meretz":0.1265,"sh_raam":0.0414,"sh24_raam":0.0118,"sh_hadash":0.0055,"sh24_joint":0.0147,"sh24_yamina":0.0353,"sh24_newhope":0.05,"sh_habait":0.0055,"sh_other":0.047,"sh24_other":0.0588,"winner24":"yesh_atid"}},{"type":"Feature","geometry":{"type":"Point","coordinates":[35.2454,32.9296]},"properties":{"semel":1172,"name":"תובל","winner":"yesh_atid","winnerShare":0.3776,"turnout":0.6049,"valid":196,"sh_likud":0.0561,"sh24_likud":0.0466,"sh_yesh_atid":0.3776,"sh24_yesh_atid":0.1969,"sh_rz":0.0153,"sh_labor":0.1786,"sh24_labor":0.342,"sh_gantz":0.0765,"sh24_gantz":0.0415,"sh_yb":0.0255,"sh24_yb":0.0363,"sh_meretz":0.1888,"sh24_meretz":0.1969,"sh_raam":0.0102,"sh_hadash":0.0255,"sh_balad":0.0051,"sh24_joint":0.0311,"sh24_yamina":0.0518,"sh24_newhope":0.0363,"sh_habait":0.0051,"sh_other":0.0357,"sh24_other":0.0207,"winner24":"labor"}},{"type":"Feature","geometry":{"type":"Point","coordinates":[35.26185,32.95906]},"properties":{"semel":1173,"name":"לפידות","winner":"likud","winnerShare":0.5109,"turnout":0.7797,"valid":92,"sh_likud":0.5109,"sh24_likud":0.4725,"sh_yesh_atid":0.087,"sh24_yesh_atid":0.0769,"sh_shas":0.0761,"sh24_shas":0.1319,"sh_utj":0.0109,"sh_rz":0.1304,"sh24_rz":0.011,"sh_labor":0.0109,"sh24_labor":0.0549,"sh_gantz":0.1304,"sh24_gantz":0.0879,"sh24_yb":0.022,"sh_meretz":0.0109,"sh24_meretz":0.011,"sh24_yamina":0.044,"sh24_newhope":0.0879,"sh_other":0.0326,"winner24":"likud"}},{"type":"Feature","geometry":{"type":"Point","coordinates":[35.23644,32.85346]},"properties":{"semel":1174,"name":"מנוף","winner":"yesh_atid","winnerShare":0.5,"turnout":0.683,"valid":458,"sh_likud":0.0415,"sh24_likud":0.0323,"sh_yesh_atid":0.5,"sh24_yesh_atid":0.3405,"sh_utj":0.0022,"sh_rz":0.0109,"sh24_rz":0.0086,"sh_labor":0.1179,"sh24_labor":0.1897,"sh_gantz":0.1397,"sh24_gantz":0.1659,"sh_yb":0.0349,"sh24_yb":0.0172,"sh_meretz":0.1223,"sh24_meretz":0.1616,"sh_raam":0.0066,"sh_hadash":0.0044,"sh24_yamina":0.0151,"sh24_newhope":0.0647,"sh_habait":0.0044,"sh_other":0.0153,"sh24_other":0.0043,"winner24":"yesh_atid"}},{"type":"Feature","geometry":{"type":"Point","coordinates":[35.3119,30.80455]},"properties":{"semel":1175,"name":"עידן","winner":"gantz","winnerShare":0.3655,"turnout":0.5853,"valid":197,"sh_likud":0.1066,"sh24_likud":0.0862,"sh_yesh_atid":0.264,"sh24_yesh_atid":0.1667,"sh_rz":0.0711,"sh24_rz":0.0115,"sh_labor":0.0863,"sh24_labor":0.2069,"sh_gantz":0.3655,"sh24_gantz":0.2874,"sh_yb":0.0051,"sh24_yb":0.0287,"sh_meretz":0.0711,"sh24_meretz":0.1207,"sh24_yamina":0.0575,"sh24_newhope":0.0172,"sh_habait":0.0102,"sh_other":0.0203,"sh24_other":0.0172,"winner24":"gantz"}},{"type":"Feature","geometry":{"type":"Point","coordinates":[35.18492,30.61339]},"properties":{"semel":1176,"name":"ספיר","winner":"yesh_atid","winnerShare":0.3088,"turnout":0.5778,"valid":204,"sh_likud":0.2549,"sh24_likud":0.1574,"sh_yesh_atid":0.3088,"sh24_yesh_atid":0.1777,"sh_shas":0.0147,"sh24_shas":0.0051,"sh24_utj":0.0102,"sh_rz":0.098,"sh24_rz":0.0761,"sh_labor":0.049,"sh24_labor":0.1168,"sh_gantz":0.1324,"sh24_gantz":0.1015,"sh_yb":0.0343,"sh24_yb":0.0609,"sh_meretz":0.0245,"sh24_meretz":0.0355,"sh24_yamina":0.1066,"sh24_newhope":0.066,"sh_habait":0.0147,"sh_other":0.0686,"sh24_other":0.0863,"winner24":"yesh_atid"}},{"type":"Feature","geometry":{"type":"Point","coordinates":[34.77005,30.9921]},"properties":{"semel":1177,"name":"טללים","winner":"yesh_atid","winnerShare":0.3,"turnout":0.6857,"valid":310,"sh_likud":0.1742,"sh24_likud":0.1574,"sh_yesh_atid":0.3,"sh24_yesh_atid":0.2596,"sh_shas":0.0065,"sh_utj":0.0161,"sh_rz":0.0871,"sh24_rz":0.017,"sh_labor":0.1419,"sh24_labor":0.1957,"sh_gantz":0.1613,"sh24_gantz":0.1064,"sh_yb":0.0161,"sh24_yb":0.0511,"sh_meretz":0.0323,"sh24_meretz":0.0468,"sh_hadash":0.0032,"sh24_yamina":0.0936,"sh24_newhope":0.0638,"sh_habait":0.0355,"sh_other":0.0258,"sh24_other":0.0085,"winner24":"yesh_atid"}},{"type":"Feature","geometry":{"type":"Point","coordinates":[35.23346,32.82637]},"properties":{"semel":1178,"name":"מורשת","winner":"rz","winnerShare":0.5535,"turnout":0.7188,"valid":804,"sh_likud":0.1729,"sh24_likud":0.1286,"sh_yesh_atid":0.0062,"sh24_yesh_atid":0.0125,"sh_shas":0.0236,"sh24_shas":0.0225,"sh_utj":0.0037,"sh_rz":0.5535,"sh24_rz":0.3845,"sh_labor":0.0075,"sh24_labor":0.0062,"sh_gantz":0.056,"sh24_gantz":0.0062,"sh_yb":0.0025,"sh24_meretz":0.0012,"sh24_yamina":0.397,"sh24_newhope":0.0275,"sh_habait":0.1642,"sh_other":0.01,"sh24_other":0.0137,"winner24":"yamina"}},{"type":"Feature","geometry":{"type":"Point","coordinates":[35.25219,32.84409]},"properties":{"semel":1179,"name":"קורנית","winner":"yesh_atid","winnerShare":0.4487,"turnout":0.7149,"valid":468,"sh_likud":0.0769,"sh24_likud":0.0652,"sh_yesh_atid":0.4487,"sh24_yesh_atid":0.3055,"sh_rz":0.015,"sh24_rz":0.0061,"sh_labor":0.1303,"sh24_labor":0.1813,"sh_gantz":0.1453,"sh24_gantz":0.1487,"sh_yb":0.015,"sh24_yb":0.0204,"sh_meretz":0.1368,"sh24_meretz":0.1996,"sh_hadash":0.0107,"sh24_joint":0.002,"sh24_yamina":0.0367,"sh24_newhope":0.0305,"sh_habait":0.0043,"sh_other":0.0171,"sh24_other":0.0041,"winner24":"yesh_atid"}},{"type":"Feature","geometry":{"type":"Point","coordinates":[35.33156,32.88971]},"properties":{"semel":1180,"name":"צביה","winner":"yesh_atid","winnerShare":0.4468,"turnout":0.7037,"valid":188,"sh_likud":0.0532,"sh24_likud":0.0404,"sh_yesh_atid":0.4468,"sh24_yesh_atid":0.2929,"sh_shas":0.0106,"sh_rz":0.016,"sh24_rz":0.0101,"sh_labor":0.1223,"sh24_labor":0.2374,"sh_gantz":0.1223,"sh24_gantz":0.1162,"sh_yb":0.0372,"sh24_yb":0.0202,"sh_meretz":0.1223,"sh24_meretz":0.1717,"sh24_yamina":0.0404,"sh24_newhope":0.0152,"sh_other":0.0691,"sh24_other":0.0556,"winner24":"yesh_atid"}},{"type":"Feature","geometry":{"type":"Point","coordinates":[35.17814,32.92668]},"properties":{"semel":1181,"name":"טלאל","winner":"yesh_atid","winnerShare":0.3874,"turnout":0.7294,"valid":733,"sh_likud":0.1855,"sh24_likud":0.1932,"sh_yesh_atid":0.3874,"sh24_yesh_atid":0.244,"sh_shas":0.0082,"sh24_shas":0.0071,"sh_rz":0.0696,"sh24_rz":0.031,"sh_labor":0.0655,"sh24_labor":0.1016,"sh_gantz":0.1678,"sh24_gantz":0.1283,"sh_yb":0.0491,"sh24_yb":0.0592,"sh_meretz":0.0246,"sh24_meretz":0.0592,"sh_raam":0.0014,"sh_hadash":0.0014,"sh24_joint":0.0014,"sh24_yamina":0.0649,"sh24_newhope":0.0846,"sh_habait":0.0123,"sh_other":0.0273,"sh24_other":0.0254,"winner24":"yesh_atid"}},{"type":"Feature","geometry":{"type":"Point","coordinates":[35.22029,32.75703]},"properties":{"semel":1182,"name":"אלון הגליל","winner":"yesh_atid","winnerShare":0.4664,"turnout":0.7075,"valid":611,"sh_likud":0.0278,"sh24_likud":0.0322,"sh_yesh_atid":0.4664,"sh24_yesh_atid":0.2557,"sh_rz":0.0147,"sh_labor":0.1669,"sh24_labor":0.245,"sh_gantz":0.1211,"sh24_gantz":0.1394,"sh_yb":0.018,"sh24_yb":0.0306,"sh_meretz":0.1669,"sh24_meretz":0.2144,"sh_raam":0.0033,"sh24_raam":0.0015,"sh_hadash":0.0016,"sh_balad":0.0016,"sh24_joint":0.0031,"sh24_yamina":0.0322,"sh24_newhope":0.0337,"sh_habait":0.0016,"sh_other":0.0098,"sh24_other":0.0123,"winner24":"yesh_atid"}},{"type":"Feature","geometry":{"type":"Point","coordinates":[35.20075,32.98133]},"properties":{"semel":1183,"name":"כליל","winner":"meretz","winnerShare":0.2887,"turnout":0.6672,"valid":381,"sh_likud":0.0236,"sh24_likud":0.0106,"sh_yesh_atid":0.2283,"sh24_yesh_atid":0.0556,"sh_shas":0.0026,"sh24_utj":0.0026,"sh_rz":0.0341,"sh24_rz":0.0185,"sh_labor":0.1969,"sh24_labor":0.3995,"sh_gantz":0.0472,"sh24_gantz":0.045,"sh_yb":0.0105,"sh24_yb":0.0238,"sh_meretz":0.2887,"sh24_meretz":0.3228,"sh_raam":0.0157,"sh_hadash":0.0682,"sh_balad":0.0131,"sh24_joint":0.045,"sh24_yamina":0.0132,"sh24_newhope":0.0106,"sh_habait":0.0052,"sh_other":0.0656,"sh24_other":0.0529,"winner24":"labor"}},{"type":"Feature","geometry":{"type":"Point","coordinates":[35.35755,33.04106]},"properties":{"semel":1184,"name":"מתת","winner":"yesh_atid","winnerShare":0.2913,"turnout":0.5787,"valid":103,"sh_likud":0.1068,"sh24_likud":0.0614,"sh_yesh_atid":0.2913,"sh24_yesh_atid":0.1053,"sh_shas":0.0097,"sh_utj":0.0097,"sh_rz":0.0097,"sh24_rz":0.0263,"sh_labor":0.1845,"sh24_labor":0.2807,"sh_gantz":0.1262,"sh24_gantz":0.0965,"sh_yb":0.0097,"sh24_yb":0.0439,"sh_meretz":0.2039,"sh24_meretz":0.2544,"sh_hadash":0.0194,"sh24_joint":0.0351,"sh24_yamina":0.0175,"sh24_newhope":0.0526,"sh_habait":0.0097,"sh_other":0.0194,"sh24_other":0.0263,"winner24":"labor"}},{"type":"Feature","geometry":{"type":"Point","coordinates":[35.23346,32.93376]},"properties":{"semel":1185,"name":"פלך","winner":"labor","winnerShare":0.5052,"turnout":0.8522,"valid":97,"sh_likud":0.0103,"sh24_likud":0.0114,"sh_yesh_atid":0.0825,"sh24_yesh_atid":0.0455,"sh_labor":0.5052,"sh24_labor":0.4318,"sh_gantz":0.0103,"sh_yb":0.0515,"sh24_yb":0.0682,"sh_meretz":0.299,"sh24_meretz":0.3977,"sh_hadash":0.0309,"sh24_joint":0.0341,"sh24_yamina":0.0114,"sh_other":0.0103,"winner24":"labor"}},{"type":"Feature","geometry":{"type":"Point","coordinates":[35.29197,32.75849]},"properties":{"semel":1186,"name":"הושעיה","winner":"rz","winnerShare":0.2464,"turnout":0.7226,"valid":1047,"sh_likud":0.2082,"sh24_likud":0.1612,"sh_yesh_atid":0.1022,"sh24_yesh_atid":0.0885,"sh_shas":0.0191,"sh24_shas":0.013,"sh_utj":0.0038,"sh24_utj":0.0019,"sh_rz":0.2464,"sh24_rz":0.1184,"sh_labor":0.0153,"sh24_labor":0.028,"sh_gantz":0.1901,"sh24_gantz":0.0568,"sh_yb":0.0067,"sh24_yb":0.0009,"sh_meretz":0.0019,"sh24_meretz":0.0065,"sh24_yamina":0.4427,"sh24_newhope":0.0755,"sh_habait":0.1939,"sh_other":0.0124,"sh24_other":0.0065,"winner24":"yamina"}},{"type":"Feature","geometry":{"type":"Point","coordinates":[35.30022,32.88576]},"properties":{"semel":1188,"name":"אשחר","winner":"gantz","winnerShare":0.2393,"turnout":0.7195,"valid":489,"sh_likud":0.1125,"sh24_likud":0.1053,"sh_yesh_atid":0.2331,"sh24_yesh_atid":0.1437,"sh_shas":0.0082,"sh24_shas":0.002,"sh_utj":0.0082,"sh24_utj":0.002,"sh_rz":0.0838,"sh24_rz":0.0385,"sh_labor":0.1472,"sh24_labor":0.1599,"sh_gantz":0.2393,"sh24_gantz":0.085,"sh_yb":0.0245,"sh24_yb":0.0243,"sh_meretz":0.0552,"sh24_meretz":0.1032,"sh24_joint":0.002,"sh24_yamina":0.2348,"sh24_newhope":0.0951,"sh_habait":0.0613,"sh_other":0.0266,"sh24_other":0.004,"winner24":"yamina"}},{"type":"Feature","geometry":{"type":"Point","coordinates":[35.38388,32.80269]},"properties":{"semel":1190,"name":"מצפה נטופה","winner":"rz","winnerShare":0.3946,"turnout":0.7176,"valid":484,"sh_likud":0.1157,"sh24_likud":0.1061,"sh_yesh_atid":0.0702,"sh24_yesh_atid":0.0245,"sh_shas":0.0103,"sh24_shas":0.0102,"sh_utj":0.0103,"sh24_utj":0.0041,"sh_rz":0.3946,"sh24_rz":0.1755,"sh_labor":0.0145,"sh24_labor":0.0367,"sh_gantz":0.1694,"sh24_gantz":0.0388,"sh_yb":0.0021,"sh24_yb":0.0041,"sh_meretz":0.0062,"sh24_meretz":0.0102,"sh24_joint":0.002,"sh24_yamina":0.4592,"sh24_newhope":0.1041,"sh_habait":0.1963,"sh_other":0.0103,"sh24_other":0.0245,"winner24":"yamina"}},{"type":"Feature","geometry":{"type":"Point","coordinates":[35.44878,32.99772]},"properties":{"semel":1191,"name":"בר יוחאי","winner":"rz","winnerShare":0.5053,"turnout":0.6657,"valid":473,"sh_likud":0.2093,"sh24_likud":0.2575,"sh_yesh_atid":0.0063,"sh24_yesh_atid":0.01,"sh_shas":0.1522,"sh24_shas":0.1025,"sh_utj":0.0634,"sh24_utj":0.04,"sh_rz":0.5053,"sh24_rz":0.39,"sh24_labor":0.0025,"sh_gantz":0.0127,"sh24_gantz":0.005,"sh_yb":0.0021,"sh24_yb":0.0025,"sh24_yamina":0.165,"sh24_newhope":0.0075,"sh_habait":0.0444,"sh_other":0.0042,"sh24_other":0.0175,"winner24":"rz"}},{"type":"Feature","geometry":{"type":"Point","coordinates":[35.02335,31.15845]},"properties":{"semel":1192,"name":"ערערהבנגב","winner":"raam","winnerShare":0.921,"turnout":0.5719,"valid":5567,"sh_likud":0.0066,"sh24_likud":0.0159,"sh_yesh_atid":0.0013,"sh24_yesh_atid":0.0041,"sh_shas":0.0009,"sh24_shas":0.0014,"sh_utj":0.0002,"sh_rz":0.0004,"sh_labor":0.0014,"sh24_labor":0.0005,"sh_gantz":0.0005,"sh24_gantz":0.0002,"sh24_yb":0.0002,"sh_meretz":0.0049,"sh24_meretz":0.0083,"sh_raam":0.921,"sh24_raam":0.8824,"sh_hadash":0.0255,"sh_balad":0.0314,"sh24_joint":0.0797,"sh24_newhope":0.0014,"sh_other":0.0059,"sh24_other":0.006,"winner24":"raam"}},{"type":"Feature","geometry":{"type":"Point","coordinates":[34.42151,30.88614]},"properties":{"semel":1195,"name":"ניצנה קהילת חינוך","winner":"yesh_atid","winnerShare":0.3649,"turnout":0.2315,"valid":74,"sh_likud":0.1351,"sh24_likud":0.129,"sh_yesh_atid":0.3649,"sh24_yesh_atid":0.129,"sh_utj":0.0135,"sh_rz":0.0811,"sh24_rz":0.0484,"sh_labor":0.0811,"sh24_labor":0.0968,"sh_gantz":0.0811,"sh24_gantz":0.1452,"sh_yb":0.0405,"sh24_yb":0.1613,"sh_meretz":0.027,"sh24_meretz":0.0484,"sh_raam":0.0541,"sh24_raam":0.0484,"sh_balad":0.027,"sh24_joint":0.0161,"sh24_yamina":0.0968,"sh24_newhope":0.0161,"sh_other":0.0946,"sh24_other":0.0645,"winner24":"yb"}},{"type":"Feature","geometry":{"type":"Point","coordinates":[35.02597,30.04954]},"properties":{"semel":1197,"name":"נאות סמדר","winner":"yesh_atid","winnerShare":0.2774,"turnout":0.5784,"valid":155,"sh_likud":0.0581,"sh24_likud":0.0688,"sh_yesh_atid":0.2774,"sh24_yesh_atid":0.125,"sh_shas":0.0065,"sh_rz":0.0129,"sh_labor":0.2129,"sh24_labor":0.3438,"sh_gantz":0.1032,"sh24_gantz":0.125,"sh_yb":0.0194,"sh_meretz":0.2387,"sh24_meretz":0.2562,"sh_raam":0.0065,"sh_hadash":0.0129,"sh24_joint":0.0125,"sh24_newhope":0.0375,"sh_other":0.0516,"sh24_other":0.0313,"winner24":"labor"}},{"type":"Feature","geometry":{"type":"Point","coordinates":[34.91789,31.33301]},"properties":{"semel":1198,"name":"כרמים","winner":"labor","winnerShare":0.25,"turnout":0.7692,"valid":180,"sh_likud":0.0611,"sh24_likud":0.0339,"sh_yesh_atid":0.1833,"sh24_yesh_atid":0.096,"sh_rz":0.0889,"sh24_rz":0.0169,"sh_labor":0.25,"sh24_labor":0.3107,"sh_gantz":0.2278,"sh24_gantz":0.1469,"sh_yb":0.0056,"sh_meretz":0.0722,"sh24_meretz":0.1017,"sh24_joint":0.0056,"sh24_yamina":0.2147,"sh24_newhope":0.0621,"sh_habait":0.1056,"sh_other":0.0056,"sh24_other":0.0113,"winner24":"labor"}},{"type":"Feature","geometry":{"type":"Point","coordinates":[35.17361,32.78233]},"properties":{"semel":1199,"name":"עדי","winner":"yesh_atid","winnerShare":0.4297,"turnout":0.7351,"valid":1103,"sh_likud":0.175,"sh24_likud":0.1583,"sh_yesh_atid":0.4297,"sh24_yesh_atid":0.3298,"sh_shas":0.0063,"sh24_shas":0.0035,"sh_utj":0.0018,"sh24_utj":0.0018,"sh_rz":0.0435,"sh24_rz":0.0062,"sh_labor":0.058,"sh24_labor":0.1026,"sh_gantz":0.2013,"sh24_gantz":0.1556,"sh_yb":0.0345,"sh24_yb":0.0274,"sh_meretz":0.019,"sh24_meretz":0.0424,"sh_hadash":0.0009,"sh24_yamina":0.0548,"sh24_newhope":0.0937,"sh_habait":0.0118,"sh_other":0.0181,"sh24_other":0.0239,"winner24":"yesh_atid"}},{"type":"Feature","geometry":{"type":"Point","coordinates":[35.01256,31.8954]},"properties":{"semel":1200,"name":"מודיעיןמכביםרעות","winner":"yesh_atid","winnerShare":0.3095,"turnout":0.7469,"valid":51545,"sh_likud":0.2253,"sh24_likud":0.2027,"sh_yesh_atid":0.3095,"sh24_yesh_atid":0.2418,"sh_shas":0.0213,"sh24_shas":0.0165,"sh_utj":0.0047,"sh24_utj":0.0039,"sh_rz":0.104,"sh24_rz":0.0392,"sh_labor":0.0539,"sh24_labor":0.0869,"sh_gantz":0.1625,"sh24_gantz":0.1061,"sh_yb":0.0334,"sh24_yb":0.0343,"sh_meretz":0.0382,"sh24_meretz":0.0577,"sh_raam":0.0006,"sh_hadash":0.0011,"sh_balad":0.0003,"sh24_joint":0.0008,"sh24_yamina":0.1207,"sh24_newhope":0.0764,"sh_habait":0.0293,"sh_other":0.0159,"sh24_other":0.0131,"winner24":"yesh_atid"}},{"type":"Feature","geometry":{"type":"Point","coordinates":[35.35882,32.91029]},"properties":{"semel":1201,"name":"כמון","winner":"yesh_atid","winnerShare":0.3716,"turnout":0.7088,"valid":409,"sh_likud":0.0416,"sh24_likud":0.0252,"sh_yesh_atid":0.3716,"sh24_yesh_atid":0.2477,"sh_utj":0.0024,"sh_rz":0.0171,"sh24_rz":0.0138,"sh_labor":0.1663,"sh24_labor":0.2683,"sh_gantz":0.1565,"sh24_gantz":0.0894,"sh_yb":0.0196,"sh24_yb":0.0046,"sh_meretz":0.1614,"sh24_meretz":0.2248,"sh_raam":0.0024,"sh_hadash":0.0098,"sh24_yamina":0.0298,"sh24_newhope":0.0459,"sh_habait":0.0122,"sh_other":0.0391,"sh24_other":0.0505,"winner24":"labor"}},{"type":"Feature","geometry":{"type":"Point","coordinates":[35.32774,32.9066]},"properties":{"semel":1202,"name":"מכמנים","winner":"yesh_atid","winnerShare":0.4332,"turnout":0.7074,"valid":277,"sh_likud":0.1155,"sh24_likud":0.1083,"sh_yesh_atid":0.4332,"sh24_yesh_atid":0.2455,"sh_shas":0.0036,"sh_rz":0.0253,"sh24_rz":0.0036,"sh_labor":0.0794,"sh24_labor":0.2058,"sh_gantz":0.1588,"sh24_gantz":0.1155,"sh_yb":0.0217,"sh24_yb":0.0542,"sh_meretz":0.1047,"sh24_meretz":0.1444,"sh_hadash":0.0108,"sh24_yamina":0.0433,"sh24_newhope":0.0505,"sh_habait":0.0072,"sh_other":0.0397,"sh24_other":0.0289,"winner24":"yesh_atid"}},{"type":"Feature","geometry":{"type":"Point","coordinates":[35.36708,32.84576]},"properties":{"semel":1203,"name":"הררית","winner":"yesh_atid","winnerShare":0.4019,"turnout":0.7376,"valid":311,"sh_likud":0.0225,"sh24_likud":0.0346,"sh_yesh_atid":0.4019,"sh24_yesh_atid":0.1384,"sh_shas":0.0032,"sh_utj":0.0032,"sh24_rz":0.0035,"sh_labor":0.1704,"sh24_labor":0.3564,"sh_gantz":0.0547,"sh24_gantz":0.083,"sh_yb":0.0161,"sh24_yb":0.0346,"sh_meretz":0.1608,"sh24_meretz":0.2249,"sh_raam":0.0096,"sh_hadash":0.0289,"sh24_joint":0.0138,"sh24_yamina":0.0138,"sh24_newhope":0.0138,"sh_habait":0.0032,"sh_other":0.1254,"sh24_other":0.083,"winner24":"labor"}},{"type":"Feature","geometry":{"type":"Point","coordinates":[35.23675,32.90307]},"properties":{"semel":1204,"name":"גילון","winner":"yesh_atid","winnerShare":0.5075,"turnout":0.7182,"valid":670,"sh_likud":0.094,"sh24_likud":0.0887,"sh_yesh_atid":0.5075,"sh24_yesh_atid":0.3358,"sh_utj":0.003,"sh_rz":0.0209,"sh24_rz":0.0015,"sh_labor":0.0866,"sh24_labor":0.1366,"sh_gantz":0.1657,"sh24_gantz":0.1294,"sh_yb":0.0433,"sh24_yb":0.048,"sh_meretz":0.0493,"sh24_meretz":0.0872,"sh_balad":0.0015,"sh24_joint":0.0015,"sh24_yamina":0.061,"sh24_newhope":0.0785,"sh_habait":0.0149,"sh_other":0.0134,"sh24_other":0.032,"winner24":"yesh_atid"}},{"type":"Feature","geometry":{"type":"Point","coordinates":[35.19463,33.03873]},"properties":{"semel":1205,"name":"מנות","winner":"likud","winnerShare":0.4778,"turnout":0.7405,"valid":270,"sh_likud":0.4778,"sh24_likud":0.4774,"sh_yesh_atid":0.0926,"sh24_yesh_atid":0.0827,"sh_shas":0.0481,"sh24_shas":0.0338,"sh_utj":0.0074,"sh_rz":0.1593,"sh24_rz":0.0376,"sh_labor":0.0148,"sh24_labor":0.0414,"sh_gantz":0.1111,"sh24_gantz":0.0902,"sh_yb":0.0185,"sh24_yb":0.0038,"sh_meretz":0.0111,"sh24_meretz":0.0113,"sh24_yamina":0.1015,"sh24_newhope":0.1015,"sh_habait":0.0296,"sh_other":0.0296,"sh24_other":0.0188,"winner24":"likud"}},{"type":"Feature","geometry":{"type":"Point","coordinates":[35.24897,32.96708]},"properties":{"semel":1206,"name":"גיתה","winner":"yesh_atid","winnerShare":0.2986,"turnout":0.6532,"valid":144,"sh_likud":0.2083,"sh24_likud":0.1942,"sh_yesh_atid":0.2986,"sh24_yesh_atid":0.1871,"sh_shas":0.0069,"sh_utj":0.0069,"sh_rz":0.0556,"sh24_rz":0.0144,"sh_labor":0.1319,"sh24_labor":0.2014,"sh_gantz":0.0694,"sh24_gantz":0.0432,"sh_yb":0.1042,"sh24_yb":0.1367,"sh_meretz":0.0556,"sh24_meretz":0.0719,"sh_hadash":0.0069,"sh24_joint":0.0072,"sh24_yamina":0.0576,"sh24_newhope":0.0576,"sh_other":0.0556,"sh24_other":0.0288,"winner24":"labor"}},{"type":"Feature","geometry":{"type":"Point","coordinates":[35.28611,32.9415]},"properties":{"semel":1207,"name":"לבון","winner":"yesh_atid","winnerShare":0.4278,"turnout":0.72,"valid":395,"sh_likud":0.162,"sh24_likud":0.1929,"sh_yesh_atid":0.4278,"sh24_yesh_atid":0.2997,"sh_shas":0.0025,"sh_utj":0.0025,"sh_rz":0.0709,"sh24_rz":0.0148,"sh_labor":0.0684,"sh24_labor":0.0979,"sh_gantz":0.1797,"sh24_gantz":0.1217,"sh_yb":0.0177,"sh24_yb":0.0237,"sh_meretz":0.0354,"sh24_meretz":0.0504,"sh_raam":0.0025,"sh24_raam":0.003,"sh24_joint":0.003,"sh24_yamina":0.0653,"sh24_newhope":0.095,"sh_habait":0.0177,"sh_other":0.0127,"sh24_other":0.0326,"winner24":"yesh_atid"}},{"type":"Feature","geometry":{"type":"Point","coordinates":[35.24427,33.0364]},"properties":{"semel":1208,"name":"הילה","winner":"yesh_atid","winnerShare":0.503,"turnout":0.6483,"valid":330,"sh_likud":0.0818,"sh24_likud":0.0657,"sh_yesh_atid":0.503,"sh24_yesh_atid":0.2358,"sh_rz":0.0242,"sh24_rz":0.0179,"sh_labor":0.1121,"sh24_labor":0.3045,"sh_gantz":0.1455,"sh24_gantz":0.0985,"sh24_yb":0.009,"sh_meretz":0.1,"sh24_meretz":0.1672,"sh_hadash":0.003,"sh24_joint":0.003,"sh24_yamina":0.0209,"sh24_newhope":0.0597,"sh_habait":0.0091,"sh_other":0.0212,"sh24_other":0.0179,"winner24":"labor"}},{"type":"Feature","geometry":{"type":"Point","coordinates":[35.328,32.95663]},"properties":{"semel":1209,"name":"חרשים","winner":"meretz","winnerShare":0.3904,"turnout":0.751,"valid":187,"sh_likud":0.016,"sh24_likud":0.0054,"sh_yesh_atid":0.2567,"sh24_yesh_atid":0.0968,"sh_shas":0.016,"sh24_utj":0.0108,"sh_rz":0.0053,"sh_labor":0.1818,"sh24_labor":0.2634,"sh_gantz":0.0428,"sh24_gantz":0.0699,"sh_yb":0.0321,"sh24_yb":0.0161,"sh_meretz":0.3904,"sh24_meretz":0.4624,"sh_hadash":0.016,"sh24_joint":0.0269,"sh24_yamina":0.0161,"sh24_newhope":0.0161,"sh_other":0.0428,"sh24_other":0.0161,"winner24":"meretz"}},{"type":"Feature","geometry":{"type":"Point","coordinates":[35.51013,32.89097]},"properties":{"semel":1210,"name":"כחל","winner":"yesh_atid","winnerShare":0.3481,"turnout":0.7418,"valid":270,"sh_likud":0.1222,"sh24_likud":0.0763,"sh_yesh_atid":0.3481,"sh24_yesh_atid":0.229,"sh_shas":0.0148,"sh24_shas":0.0115,"sh24_utj":0.0038,"sh_rz":0.063,"sh24_rz":0.0115,"sh_labor":0.0889,"sh24_labor":0.1527,"sh_gantz":0.2444,"sh24_gantz":0.1947,"sh_yb":0.0222,"sh24_yb":0.042,"sh_meretz":0.0556,"sh24_meretz":0.0763,"sh_hadash":0.0037,"sh24_joint":0.0038,"sh24_yamina":0.0954,"sh24_newhope":0.084,"sh_habait":0.0111,"sh_other":0.0259,"sh24_other":0.0191,"winner24":"yesh_atid"}},{"type":"Feature","geometry":{"type":"Point","coordinates":[35.47425,32.89803]},"properties":{"semel":1211,"name":"קדרים","winner":"yesh_atid","winnerShare":0.3824,"turnout":0.6538,"valid":136,"sh_likud":0.0809,"sh24_likud":0.078,"sh_yesh_atid":0.3824,"sh24_yesh_atid":0.2411,"sh_rz":0.0441,"sh24_rz":0.0142,"sh_labor":0.2353,"sh24_labor":0.2837,"sh_gantz":0.1324,"sh24_gantz":0.0851,"sh24_yb":0.0071,"sh_meretz":0.0956,"sh24_meretz":0.156,"sh24_yamina":0.0567,"sh24_newhope":0.0638,"sh_habait":0.0074,"sh_other":0.0221,"sh24_other":0.0142,"winner24":"labor"}},{"type":"Feature","geometry":{"type":"Point","coordinates":[35.52476,32.99808]},"properties":{"semel":1212,"name":"עמוקה","winner":"yesh_atid","winnerShare":0.3269,"turnout":0.6667,"valid":104,"sh_likud":0.1058,"sh24_likud":0.0784,"sh_yesh_atid":0.3269,"sh24_yesh_atid":0.1863,"sh_rz":0.0192,"sh24_rz":0.0196,"sh_labor":0.1346,"sh24_labor":0.2745,"sh_gantz":0.125,"sh24_gantz":0.1176,"sh_yb":0.0288,"sh24_yb":0.0294,"sh_meretz":0.2115,"sh24_meretz":0.2157,"sh_raam":0.0096,"sh_hadash":0.0192,"sh24_joint":0.0196,"sh24_yamina":0.0392,"sh24_newhope":0.0098,"sh_other":0.0192,"sh24_other":0.0098,"winner24":"labor"}},{"type":"Feature","geometry":{"type":"Point","coordinates":[35.41629,33.02559]},"properties":{"semel":1213,"name":"צבעון","winner":"yesh_atid","winnerShare":0.25,"turnout":0.7286,"valid":152,"sh_likud":0.0592,"sh24_likud":0.0733,"sh_yesh_atid":0.25,"sh24_yesh_atid":0.18,"sh_utj":0.0066,"sh24_utj":0.0067,"sh_rz":0.0461,"sh24_rz":0.02,"sh_labor":0.2368,"sh24_labor":0.2867,"sh_gantz":0.0592,"sh24_gantz":0.0333,"sh_yb":0.0066,"sh24_yb":0.04,"sh_meretz":0.2105,"sh24_meretz":0.26,"sh_hadash":0.0066,"sh24_joint":0.0067,"sh24_yamina":0.0333,"sh24_newhope":0.02,"sh_other":0.1184,"sh24_other":0.04,"winner24":"labor"}},{"type":"Feature","geometry":{"type":"Point","coordinates":[35.42215,32.86847]},"properties":{"semel":1214,"name":"טפחות","winner":"rz","winnerShare":0.5721,"turnout":0.7761,"valid":201,"sh_likud":0.2935,"sh24_likud":0.4265,"sh_yesh_atid":0.01,"sh_shas":0.0846,"sh24_shas":0.0637,"sh_utj":0.005,"sh24_utj":0.0098,"sh_rz":0.5721,"sh24_rz":0.3775,"sh_gantz":0.0149,"sh24_gantz":0.0147,"sh_yb":0.01,"sh24_yb":0.0049,"sh24_yamina":0.0833,"sh24_newhope":0.0147,"sh_habait":0.005,"sh_other":0.005,"sh24_other":0.0049,"winner24":"likud"}},{"type":"Feature","geometry":{"type":"Point","coordinates":[35.24919,33.05998]},"properties":{"semel":1219,"name":"גורנות הגליל","winner":"likud","winnerShare":0.44,"turnout":0.6332,"valid":125,"sh_likud":0.44,"sh24_likud":0.3832,"sh_yesh_atid":0.16,"sh24_yesh_atid":0.1495,"sh_shas":0.072,"sh24_shas":0.1495,"sh_utj":0.008,"sh_rz":0.12,"sh24_rz":0.0093,"sh_labor":0.016,"sh24_labor":0.028,"sh_gantz":0.072,"sh24_gantz":0.0561,"sh_yb":0.048,"sh24_yb":0.0561,"sh_meretz":0.032,"sh24_meretz":0.0093,"sh24_yamina":0.0654,"sh24_newhope":0.0935,"sh_habait":0.008,"sh_other":0.024,"winner24":"likud"}},{"type":"Feature","geometry":{"type":"Point","coordinates":[35.28685,33.03849]},"properties":{"semel":1220,"name":"אבירים","winner":"yesh_atid","winnerShare":0.2933,"turnout":0.6468,"valid":150,"sh_likud":0.04,"sh24_likud":0.0333,"sh_yesh_atid":0.2933,"sh24_yesh_atid":0.18,"sh24_shas":0.0067,"sh_rz":0.02,"sh24_rz":0.0133,"sh_labor":0.1933,"sh24_labor":0.3133,"sh_gantz":0.08,"sh24_gantz":0.1067,"sh_yb":0.0267,"sh24_yb":0.0133,"sh_meretz":0.2533,"sh24_meretz":0.2067,"sh_hadash":0.02,"sh24_joint":0.02,"sh24_newhope":0.0533,"sh_other":0.0733,"sh24_other":0.0533,"winner24":"labor"}},{"type":"Feature","geometry":{"type":"Point","coordinates":[35.25299,32.90265]},"properties":{"semel":1221,"name":"צורית","winner":"yesh_atid","winnerShare":0.4617,"turnout":0.743,"valid":561,"sh_likud":0.0873,"sh24_likud":0.0829,"sh_yesh_atid":0.4617,"sh24_yesh_atid":0.3387,"sh_shas":0.0018,"sh_utj":0.0018,"sh_rz":0.0357,"sh24_rz":0.0108,"sh_labor":0.082,"sh24_labor":0.1117,"sh_gantz":0.2014,"sh24_gantz":0.1495,"sh_yb":0.0339,"sh24_yb":0.0486,"sh_meretz":0.066,"sh24_meretz":0.1081,"sh24_yamina":0.0541,"sh24_newhope":0.0829,"sh_habait":0.0053,"sh_other":0.0232,"sh24_other":0.0126,"winner24":"yesh_atid"}},{"type":"Feature","geometry":{"type":"Point","coordinates":[35.20032,32.83679]},"properties":{"semel":1222,"name":"מצפה אביב","winner":"yesh_atid","winnerShare":0.4183,"turnout":0.7648,"valid":569,"sh_likud":0.0844,"sh24_likud":0.0776,"sh_yesh_atid":0.4183,"sh24_yesh_atid":0.3276,"sh_shas":0.007,"sh24_shas":0.0052,"sh_rz":0.0404,"sh24_rz":0.0034,"sh_labor":0.109,"sh24_labor":0.1724,"sh_gantz":0.1951,"sh24_gantz":0.1466,"sh_yb":0.0193,"sh24_yb":0.0155,"sh_meretz":0.0808,"sh24_meretz":0.1034,"sh_raam":0.0018,"sh24_joint":0.0017,"sh24_yamina":0.0603,"sh24_newhope":0.0707,"sh_habait":0.0281,"sh_other":0.0158,"sh24_other":0.0155,"winner24":"yesh_atid"}},{"type":"Feature","geometry":{"type":"Point","coordinates":[34.3362,31.21186]},"properties":{"semel":1223,"name":"שדי אברהם","winner":"yesh_atid","winnerShare":0.3136,"turnout":0.6402,"valid":169,"sh_likud":0.1598,"sh24_likud":0.1344,"sh_yesh_atid":0.3136,"sh24_yesh_atid":0.1935,"sh_shas":0.0059,"sh_utj":0.0059,"sh24_utj":0.0054,"sh_rz":0.1302,"sh24_rz":0.0108,"sh_labor":0.0592,"sh24_labor":0.1452,"sh_gantz":0.2544,"sh24_gantz":0.1882,"sh_yb":0.0296,"sh24_yb":0.0699,"sh_meretz":0.0237,"sh24_meretz":0.043,"sh24_joint":0.0054,"sh24_yamina":0.1129,"sh24_newhope":0.0538,"sh_other":0.0178,"sh24_other":0.0376,"winner24":"yesh_atid"}},{"type":"Feature","geometry":{"type":"Point","coordinates":[34.99573,32.22165]},"properties":{"semel":1224,"name":"כוכב יאיר","winner":"yesh_atid","winnerShare":0.4082,"turnout":0.7299,"valid":5701,"sh_likud":0.1554,"sh24_likud":0.1326,"sh_yesh_atid":0.4082,"sh24_yesh_atid":0.2905,"sh_shas":0.0051,"sh24_shas":0.0033,"sh_utj":0.0016,"sh24_utj":0.0014,"sh_rz":0.0502,"sh24_rz":0.0242,"sh_labor":0.0849,"sh24_labor":0.1346,"sh_gantz":0.1551,"sh24_gantz":0.1238,"sh_yb":0.0328,"sh24_yb":0.0388,"sh_meretz":0.0579,"sh24_meretz":0.0828,"sh_raam":0.0005,"sh24_raam":0.0005,"sh_hadash":0.0014,"sh_balad":0.0004,"sh24_joint":0.0009,"sh24_yamina":0.0958,"sh24_newhope":0.0589,"sh_habait":0.0326,"sh_other":0.014,"sh24_other":0.012,"winner24":"yesh_atid"}},{"type":"Feature","geometry":{"type":"Point","coordinates":[35.27047,32.87874]},"properties":{"semel":1226,"name":"יובלים","winner":"yesh_atid","winnerShare":0.5103,"turnout":0.7346,"valid":774,"sh_likud":0.0413,"sh24_likud":0.0395,"sh_yesh_atid":0.5103,"sh24_yesh_atid":0.3287,"sh_utj":0.0013,"sh24_utj":0.0013,"sh_rz":0.0181,"sh24_rz":0.0076,"sh_labor":0.1421,"sh24_labor":0.2217,"sh_gantz":0.1047,"sh24_gantz":0.1096,"sh_yb":0.0336,"sh24_yb":0.0344,"sh_meretz":0.1163,"sh24_meretz":0.1758,"sh_raam":0.0039,"sh_hadash":0.0039,"sh_balad":0.0013,"sh24_joint":0.0038,"sh24_yamina":0.0293,"sh24_newhope":0.0306,"sh_habait":0.0052,"sh_other":0.0181,"sh24_other":0.0178,"winner24":"yesh_atid"}},{"type":"Feature","geometry":{"type":"Point","coordinates":[34.32834,31.20596]},"properties":{"semel":1227,"name":"יתד","winner":"likud","winnerShare":0.3249,"turnout":0.7453,"valid":277,"sh_likud":0.3249,"sh24_likud":0.3296,"sh_yesh_atid":0.1841,"sh24_yesh_atid":0.1573,"sh_shas":0.0325,"sh24_shas":0.015,"sh_rz":0.2455,"sh24_rz":0.0712,"sh_labor":0.0289,"sh24_labor":0.0637,"sh_gantz":0.1264,"sh24_gantz":0.1011,"sh_yb":0.0108,"sh24_yb":0.0225,"sh_meretz":0.0036,"sh24_meretz":0.0337,"sh24_yamina":0.1161,"sh24_newhope":0.0824,"sh_habait":0.0108,"sh_other":0.0325,"sh24_other":0.0075,"winner24":"likud"}},{"type":"Feature","geometry":{"type":"Point","coordinates":[35.26422,32.85523]},"properties":{"semel":1228,"name":"רקפת","winner":"yesh_atid","winnerShare":0.4661,"turnout":0.7319,"valid":575,"sh_likud":0.0765,"sh24_likud":0.0676,"sh_yesh_atid":0.4661,"sh24_yesh_atid":0.3536,"sh_shas":0.0017,"sh24_shas":0.0017,"sh_rz":0.033,"sh24_rz":0.0052,"sh_labor":0.1322,"sh24_labor":0.1924,"sh_gantz":0.1478,"sh24_gantz":0.0988,"sh_yb":0.0417,"sh24_yb":0.0295,"sh_meretz":0.0748,"sh24_meretz":0.1127,"sh_raam":0.0017,"sh24_raam":0.0017,"sh_balad":0.0035,"sh24_yamina":0.0485,"sh24_newhope":0.0572,"sh_habait":0.0035,"sh_other":0.0174,"sh24_other":0.0312,"winner24":"yesh_atid"}},{"type":"Feature","geometry":{"type":"Point","coordinates":[35.45558,32.87509]},"properties":{"semel":1229,"name":"כלנית","winner":"likud","winnerShare":0.4539,"turnout":0.8128,"valid":152,"sh_likud":0.4539,"sh24_likud":0.6475,"sh_shas":0.1316,"sh24_shas":0.1367,"sh_utj":0.0197,"sh24_utj":0.0144,"sh_rz":0.3421,"sh24_rz":0.1367,"sh_gantz":0.0132,"sh24_meretz":0.0072,"sh24_yamina":0.036,"sh24_newhope":0.0072,"sh_other":0.0395,"sh24_other":0.0144,"winner24":"likud"}},{"type":"Feature","geometry":{"type":"Point","coordinates":[35.49455,32.86379]},"properties":{"semel":1230,"name":"לבנים","winner":"likud","winnerShare":0.3224,"turnout":0.6997,"valid":245,"sh_likud":0.3224,"sh24_likud":0.2929,"sh_yesh_atid":0.2857,"sh24_yesh_atid":0.2218,"sh_shas":0.0082,"sh24_shas":0.0084,"sh_utj":0.0082,"sh24_utj":0.0084,"sh_rz":0.0694,"sh24_rz":0.0418,"sh_labor":0.0694,"sh24_labor":0.1297,"sh_gantz":0.1673,"sh24_gantz":0.0837,"sh_yb":0.0122,"sh24_yb":0.0335,"sh_meretz":0.0163,"sh24_meretz":0.0251,"sh_raam":0.0041,"sh24_joint":0.0042,"sh24_yamina":0.0418,"sh24_newhope":0.0753,"sh_habait":0.0082,"sh_other":0.0286,"sh24_other":0.0335,"winner24":"likud"}},{"type":"Feature","geometry":{"type":"Point","coordinates":[34.35474,31.22158]},"properties":{"semel":1231,"name":"פרי גן","winner":"likud","winnerShare":0.4425,"turnout":0.6441,"valid":113,"sh_likud":0.4425,"sh24_likud":0.3958,"sh_yesh_atid":0.1504,"sh24_yesh_atid":0.0938,"sh_shas":0.0177,"sh24_shas":0.0104,"sh_rz":0.1681,"sh24_rz":0.0208,"sh_labor":0.0531,"sh24_labor":0.0938,"sh_gantz":0.0973,"sh24_gantz":0.0833,"sh_yb":0.0088,"sh24_yb":0.0104,"sh_meretz":0.0442,"sh24_meretz":0.0417,"sh24_yamina":0.1563,"sh24_newhope":0.0729,"sh_other":0.0177,"sh24_other":0.0208,"winner24":"likud"}},{"type":"Feature","geometry":{"type":"Point","coordinates":[34.31625,31.19036]},"properties":{"semel":1232,"name":"יבול","winner":"yesh_atid","winnerShare":0.3902,"turnout":0.7225,"valid":164,"sh_likud":0.1585,"sh24_likud":0.122,"sh_yesh_atid":0.3902,"sh24_yesh_atid":0.2195,"sh_shas":0.0122,"sh24_shas":0.0122,"sh_rz":0.1037,"sh24_rz":0.0915,"sh_labor":0.0976,"sh24_labor":0.1585,"sh_gantz":0.128,"sh24_gantz":0.1646,"sh_yb":0.0183,"sh24_yb":0.0366,"sh_meretz":0.0671,"sh24_meretz":0.0915,"sh24_yamina":0.0244,"sh24_newhope":0.0488,"sh_habait":0.0122,"sh_other":0.0122,"sh24_other":0.0305,"winner24":"yesh_atid"}},{"type":"Feature","geometry":{"type":"Point","coordinates":[34.93596,31.5149]},"properties":{"semel":1233,"name":"שקף","winner":"yesh_atid","winnerShare":0.2706,"turnout":0.7895,"valid":255,"sh_likud":0.0863,"sh24_likud":0.1151,"sh_yesh_atid":0.2706,"sh24_yesh_atid":0.1349,"sh24_shas":0.004,"sh_rz":0.0941,"sh24_rz":0.0119,"sh_labor":0.1725,"sh24_labor":0.1905,"sh_gantz":0.2627,"sh24_gantz":0.2421,"sh_yb":0.0078,"sh24_yb":0.0198,"sh_meretz":0.0588,"sh24_meretz":0.123,"sh24_yamina":0.0794,"sh24_newhope":0.0675,"sh_habait":0.0157,"sh_other":0.0314,"sh24_other":0.0119,"winner24":"gantz"}},{"type":"Feature","geometry":{"type":"Point","coordinates":[35.25883,32.89282]},"properties":{"semel":1235,"name":"שורשים","winner":"yesh_atid","winnerShare":0.4057,"turnout":0.6996,"valid":318,"sh_likud":0.1289,"sh24_likud":0.1103,"sh_yesh_atid":0.4057,"sh24_yesh_atid":0.2793,"sh_shas":0.0031,"sh_rz":0.0314,"sh24_rz":0.0034,"sh_labor":0.0975,"sh24_labor":0.2069,"sh_gantz":0.1824,"sh24_gantz":0.131,"sh_yb":0.022,"sh24_yb":0.0241,"sh_meretz":0.0692,"sh24_meretz":0.0724,"sh_hadash":0.0157,"sh24_joint":0.0103,"sh24_yamina":0.0655,"sh24_newhope":0.0862,"sh_habait":0.0346,"sh_other":0.0094,"sh24_other":0.0103,"winner24":"yesh_atid"}},{"type":"Feature","geometry":{"type":"Point","coordinates":[34.98503,32.14684]},"properties":{"semel":1236,"name":"נירית","winner":"yesh_atid","winnerShare":0.4617,"turnout":0.7279,"valid":639,"sh_likud":0.0845,"sh24_likud":0.0656,"sh_yesh_atid":0.4617,"sh24_yesh_atid":0.3374,"sh_shas":0.0031,"sh24_shas":0.0015,"sh_utj":0.0016,"sh_rz":0.025,"sh24_rz":0.0031,"sh_labor":0.1033,"sh24_labor":0.1802,"sh_gantz":0.1909,"sh24_gantz":0.1557,"sh_yb":0.0125,"sh24_yb":0.026,"sh_meretz":0.0814,"sh24_meretz":0.1053,"sh_raam":0.0016,"sh24_raam":0.0015,"sh_hadash":0.0047,"sh24_yamina":0.0366,"sh24_newhope":0.0473,"sh_habait":0.0047,"sh_other":0.025,"sh24_other":0.0397,"winner24":"yesh_atid"}},{"type":"Feature","geometry":{"type":"Point","coordinates":[34.36211,31.20119]},"properties":{"semel":1237,"name":"תלמי יוסף","winner":"yesh_atid","winnerShare":0.2934,"turnout":0.6073,"valid":167,"sh_likud":0.1497,"sh24_likud":0.1939,"sh_yesh_atid":0.2934,"sh24_yesh_atid":0.2,"sh_rz":0.1677,"sh24_rz":0.0242,"sh_labor":0.0659,"sh24_labor":0.1818,"sh_gantz":0.1617,"sh24_gantz":0.103,"sh_yb":0.006,"sh24_yb":0.0303,"sh_meretz":0.1078,"sh24_meretz":0.1091,"sh_raam":0.006,"sh24_yamina":0.0727,"sh24_newhope":0.0606,"sh_habait":0.0299,"sh_other":0.012,"sh24_other":0.0242,"winner24":"yesh_atid"}},{"type":"Feature","geometry":{"type":"Point","coordinates":[34.34208,31.23724]},"properties":{"semel":1238,"name":"סופה","winner":"yesh_atid","winnerShare":0.3491,"turnout":0.5661,"valid":106,"sh_likud":0.066,"sh24_likud":0.0609,"sh_yesh_atid":0.3491,"sh24_yesh_atid":0.2348,"sh24_shas":0.0174,"sh_utj":0.0094,"sh_rz":0.1132,"sh24_rz":0.0087,"sh_labor":0.0472,"sh24_labor":0.1565,"sh_gantz":0.2264,"sh24_gantz":0.1478,"sh_yb":0.0472,"sh24_yb":0.0522,"sh_meretz":0.0849,"sh24_meretz":0.1217,"sh24_yamina":0.087,"sh24_newhope":0.0957,"sh_habait":0.0094,"sh_other":0.0472,"sh24_other":0.0174,"winner24":"yesh_atid"}},{"type":"Feature","geometry":{"type":"Point","coordinates":[34.32573,31.23068]},"properties":{"semel":1239,"name":"חולית","winner":"gantz","winnerShare":0.25,"turnout":0.6596,"valid":92,"sh_likud":0.0652,"sh24_likud":0.0769,"sh_yesh_atid":0.25,"sh24_yesh_atid":0.2308,"sh_rz":0.087,"sh24_rz":0.022,"sh_labor":0.2065,"sh24_labor":0.2637,"sh_gantz":0.25,"sh24_gantz":0.0769,"sh_yb":0.0435,"sh24_yb":0.033,"sh_meretz":0.0652,"sh24_meretz":0.0989,"sh_hadash":0.0109,"sh24_joint":0.011,"sh24_yamina":0.0989,"sh24_newhope":0.0659,"sh_other":0.0217,"sh24_other":0.022,"winner24":"labor"}},{"type":"Feature","geometry":{"type":"Point","coordinates":[34.44245,31.28145]},"properties":{"semel":1240,"name":"עין הבשור","winner":"yesh_atid","winnerShare":0.425,"turnout":0.6957,"valid":527,"sh_likud":0.1537,"sh24_likud":0.1157,"sh_yesh_atid":0.425,"sh24_yesh_atid":0.3153,"sh_shas":0.0076,"sh24_shas":0.0056,"sh_utj":0.0019,"sh_rz":0.0645,"sh24_rz":0.0224,"sh_labor":0.0645,"sh24_labor":0.1231,"sh_gantz":0.1575,"sh24_gantz":0.125,"sh_yb":0.0171,"sh24_yb":0.0243,"sh_meretz":0.0645,"sh24_meretz":0.0784,"sh_raam":0.0019,"sh_hadash":0.0019,"sh24_yamina":0.1007,"sh24_newhope":0.0634,"sh_habait":0.0171,"sh_other":0.0228,"sh24_other":0.0261,"winner24":"yesh_atid"}},{"type":"Feature","geometry":{"type":"Point","coordinates":[34.34707,31.19523]},"properties":{"semel":1241,"name":"דקל","winner":"yesh_atid","winnerShare":0.3068,"turnout":0.6321,"valid":176,"sh_likud":0.2443,"sh24_likud":0.2032,"sh_yesh_atid":0.3068,"sh24_yesh_atid":0.2246,"sh_rz":0.0795,"sh24_rz":0.016,"sh_labor":0.0739,"sh24_labor":0.1337,"sh_gantz":0.1875,"sh24_gantz":0.139,"sh_yb":0.0398,"sh24_yb":0.0535,"sh_meretz":0.0114,"sh24_meretz":0.0428,"sh_balad":0.0057,"sh24_yamina":0.0642,"sh24_newhope":0.0856,"sh_habait":0.0284,"sh_other":0.0227,"sh24_other":0.0374,"winner24":"yesh_atid"}},{"type":"Feature","geometry":{"type":"Point","coordinates":[34.53959,31.57214]},"properties":{"semel":1242,"name":"נתיב העשרה","winner":"yesh_atid","winnerShare":0.324,"turnout":0.7709,"valid":571,"sh_likud":0.2224,"sh24_likud":0.2161,"sh_yesh_atid":0.324,"sh24_yesh_atid":0.2308,"sh_shas":0.014,"sh24_shas":0.0055,"sh_utj":0.0018,"sh24_utj":0.0018,"sh_rz":0.0858,"sh24_rz":0.0201,"sh_labor":0.0525,"sh24_labor":0.0934,"sh_gantz":0.2294,"sh24_gantz":0.1685,"sh_yb":0.0053,"sh24_yb":0.0238,"sh_meretz":0.028,"sh24_meretz":0.044,"sh_raam":0.0018,"sh_balad":0.0018,"sh24_yamina":0.0897,"sh24_newhope":0.0769,"sh_habait":0.014,"sh_other":0.0193,"sh24_other":0.0293,"winner24":"yesh_atid"}},{"type":"Feature","geometry":{"type":"Point","coordinates":[35.10434,32.48606]},"properties":{"semel":1243,"name":"קציר","winner":"yesh_atid","winnerShare":0.3586,"turnout":0.6468,"valid":1489,"sh_likud":0.1625,"sh24_likud":0.157,"sh_yesh_atid":0.3586,"sh24_yesh_atid":0.2477,"sh_shas":0.0081,"sh24_shas":0.0066,"sh_utj":0.0013,"sh24_utj":0.0013,"sh_rz":0.0497,"sh24_rz":0.0085,"sh_labor":0.0994,"sh24_labor":0.1781,"sh_gantz":0.137,"sh24_gantz":0.0953,"sh_yb":0.049,"sh24_yb":0.0604,"sh_meretz":0.0672,"sh24_meretz":0.1084,"sh_raam":0.0047,"sh24_raam":0.002,"sh_hadash":0.0134,"sh_balad":0.0087,"sh24_joint":0.0145,"sh24_yamina":0.0453,"sh24_newhope":0.046,"sh_habait":0.0087,"sh_other":0.0316,"sh24_other":0.0289,"winner24":"yesh_atid"}},{"type":"Feature","geometry":{"type":"Point","coordinates":[35.22523,32.70353]},"properties":{"semel":1244,"name":"תמרת","winner":"yesh_atid","winnerShare":0.4725,"turnout":0.7345,"valid":855,"sh_likud":0.0713,"sh24_likud":0.0607,"sh_yesh_atid":0.4725,"sh24_yesh_atid":0.3179,"sh_shas":0.0012,"sh24_shas":0.0022,"sh_utj":0.0012,"sh24_utj":0.0011,"sh_rz":0.014,"sh24_rz":0.0077,"sh_labor":0.1404,"sh24_labor":0.1865,"sh_gantz":0.145,"sh24_gantz":0.1501,"sh_yb":0.0234,"sh24_yb":0.0254,"sh_meretz":0.0959,"sh24_meretz":0.1711,"sh_raam":0.0023,"sh_hadash":0.0035,"sh_balad":0.0035,"sh24_joint":0.0033,"sh24_yamina":0.0121,"sh24_newhope":0.0397,"sh_habait":0.0082,"sh_other":0.0175,"sh24_other":0.0221,"winner24":"yesh_atid"}},{"type":"Feature","geometry":{"type":"Point","coordinates":[35.3685,32.89269]},"properties":{"semel":1245,"name":"סלמה","winner":"raam","winnerShare":0.7719,"turnout":0.5415,"valid":1315,"sh_likud":0.0411,"sh24_likud":0.0704,"sh_yesh_atid":0.0046,"sh24_yesh_atid":0.0141,"sh_shas":0.0023,"sh24_shas":0.0028,"sh_utj":0.0008,"sh24_rz":0.0019,"sh_labor":0.0038,"sh24_labor":0.0019,"sh_gantz":0.0084,"sh24_gantz":0.0066,"sh24_yb":0.0028,"sh_meretz":0.0023,"sh24_meretz":0.0028,"sh_raam":0.7719,"sh24_raam":0.6911,"sh_hadash":0.0981,"sh_balad":0.0593,"sh24_joint":0.1681,"sh24_yamina":0.0038,"sh24_newhope":0.0263,"sh_habait":0.0008,"sh_other":0.0068,"sh24_other":0.0075,"winner24":"raam"}},{"type":"Feature","geometry":{"type":"Point","coordinates":[35.22569,33.08863]},"properties":{"semel":1246,"name":"עראמשה","winner":"raam","winnerShare":0.3658,"turnout":0.465,"valid":503,"sh_likud":0.1014,"sh24_likud":0.3994,"sh_yesh_atid":0.0636,"sh24_yesh_atid":0.0279,"sh_rz":0.004,"sh_labor":0.0477,"sh24_labor":0.0447,"sh_gantz":0.0179,"sh24_gantz":0.0056,"sh24_yb":0.0028,"sh_meretz":0.006,"sh24_meretz":0.0642,"sh_raam":0.3658,"sh24_raam":0.2067,"sh_hadash":0.3241,"sh_balad":0.0596,"sh24_joint":0.2207,"sh24_newhope":0.0168,"sh_other":0.0099,"sh24_other":0.0112,"winner24":"likud"}},{"type":"Feature","geometry":{"type":"Point","coordinates":[35.04841,32.4588]},"properties":{"semel":1247,"name":"חריש","winner":"likud","winnerShare":0.2357,"turnout":0.714,"valid":12271,"sh_likud":0.2357,"sh24_likud":0.212,"sh_yesh_atid":0.1354,"sh24_yesh_atid":0.1132,"sh_shas":0.1655,"sh24_shas":0.1403,"sh_utj":0.036,"sh24_utj":0.025,"sh_rz":0.224,"sh24_rz":0.1267,"sh_labor":0.0227,"sh24_labor":0.045,"sh_gantz":0.0633,"sh24_gantz":0.0413,"sh_yb":0.0552,"sh24_yb":0.067,"sh_meretz":0.013,"sh24_meretz":0.0251,"sh_raam":0.0029,"sh24_raam":0.0004,"sh_hadash":0.0034,"sh_balad":0.0035,"sh24_joint":0.0027,"sh24_yamina":0.1248,"sh24_newhope":0.0515,"sh_habait":0.0193,"sh_other":0.0199,"sh24_other":0.025,"winner24":"likud"}},{"type":"Feature","geometry":{"type":"Point","coordinates":[35.01304,29.79585]},"properties":{"semel":1248,"name":"אליפז","winner":"yesh_atid","winnerShare":0.4125,"turnout":0.6694,"valid":80,"sh_likud":0.0875,"sh24_likud":0.087,"sh_yesh_atid":0.4125,"sh24_yesh_atid":0.3913,"sh_rz":0.0125,"sh_labor":0.1,"sh24_labor":0.1739,"sh_gantz":0.1375,"sh24_gantz":0.1594,"sh_yb":0.05,"sh24_yb":0.0145,"sh_meretz":0.1375,"sh24_meretz":0.087,"sh24_yamina":0.058,"sh24_newhope":0.0145,"sh_habait":0.025,"sh_other":0.0375,"sh24_other":0.0145,"winner24":"yesh_atid"}},{"type":"Feature","geometry":{"type":"Point","coordinates":[35.17167,32.76464]},"properties":{"semel":1249,"name":"הרדוף","winner":"meretz","winnerShare":0.4123,"turnout":0.6867,"valid":308,"sh_likud":0.013,"sh24_likud":0.0124,"sh_yesh_atid":0.2532,"sh24_yesh_atid":0.1056,"sh_rz":0.0097,"sh24_rz":0.0031,"sh_labor":0.1429,"sh24_labor":0.3292,"sh_gantz":0.0422,"sh24_gantz":0.0466,"sh_yb":0.0097,"sh24_yb":0.0093,"sh_meretz":0.4123,"sh24_meretz":0.4037,"sh_raam":0.013,"sh_hadash":0.0292,"sh_balad":0.0032,"sh24_joint":0.0155,"sh24_yamina":0.0124,"sh24_newhope":0.0093,"sh_habait":0.0032,"sh_other":0.0682,"sh24_other":0.0528,"winner24":"meretz"}},{"type":"Feature","geometry":{"type":"Point","coordinates":[35.36204,30.94324]},"properties":{"semel":1251,"name":"עין תמר","winner":"yesh_atid","winnerShare":0.3469,"turnout":0.6203,"valid":98,"sh_likud":0.2347,"sh24_likud":0.2105,"sh_yesh_atid":0.3469,"sh24_yesh_atid":0.2947,"sh_utj":0.0102,"sh_rz":0.0714,"sh24_rz":0.0316,"sh_labor":0.0408,"sh24_labor":0.0526,"sh_gantz":0.2449,"sh24_gantz":0.2211,"sh_yb":0.0204,"sh24_yb":0.0105,"sh24_meretz":0.0211,"sh24_yamina":0.1053,"sh24_newhope":0.0526,"sh_habait":0.0306,"winner24":"yesh_atid"}},{"type":"Feature","geometry":{"type":"Point","coordinates":[35.55095,32.91082]},"properties":{"semel":1252,"name":"כורזים","winner":"yesh_atid","winnerShare":0.2613,"turnout":0.6551,"valid":222,"sh_likud":0.1486,"sh24_likud":0.1101,"sh_yesh_atid":0.2613,"sh24_yesh_atid":0.133,"sh_shas":0.009,"sh_utj":0.009,"sh24_utj":0.0092,"sh_rz":0.0676,"sh24_rz":0.0413,"sh_labor":0.1396,"sh24_labor":0.1881,"sh_gantz":0.1937,"sh24_gantz":0.1514,"sh_yb":0.0135,"sh24_yb":0.0183,"sh_meretz":0.1126,"sh24_meretz":0.1468,"sh_hadash":0.0045,"sh24_joint":0.0046,"sh24_yamina":0.0642,"sh24_newhope":0.1147,"sh_habait":0.009,"sh_other":0.0315,"sh24_other":0.0183,"winner24":"labor"}},{"type":"Feature","geometry":{"type":"Point","coordinates":[35.57147,32.90403]},"properties":{"semel":1253,"name":"אמנון","winner":"likud","winnerShare":0.3374,"turnout":0.6969,"valid":246,"sh_likud":0.3374,"sh24_likud":0.2877,"sh_yesh_atid":0.1829,"sh24_yesh_atid":0.1187,"sh_shas":0.0244,"sh24_shas":0.0046,"sh_utj":0.0041,"sh24_utj":0.0046,"sh_rz":0.1829,"sh24_rz":0.0411,"sh_labor":0.0203,"sh24_labor":0.0776,"sh_gantz":0.1341,"sh24_gantz":0.1233,"sh_yb":0.0366,"sh24_yb":0.0365,"sh_meretz":0.0325,"sh24_meretz":0.0274,"sh24_yamina":0.1735,"sh24_newhope":0.0776,"sh_habait":0.0203,"sh_other":0.0244,"sh24_other":0.0274,"winner24":"likud"}},{"type":"Feature","geometry":{"type":"Point","coordinates":[35.06762,31.83192]},"properties":{"semel":1254,"name":"נטף","winner":"meretz","winnerShare":0.2908,"turnout":0.7533,"valid":282,"sh_likud":0.0284,"sh24_likud":0.0036,"sh_yesh_atid":0.273,"sh24_yesh_atid":0.1091,"sh_rz":0.0035,"sh24_rz":0.0036,"sh_labor":0.227,"sh24_labor":0.3745,"sh_gantz":0.1135,"sh24_gantz":0.1091,"sh_yb":0.0106,"sh24_yb":0.0036,"sh_meretz":0.2908,"sh24_meretz":0.3236,"sh_raam":0.0142,"sh_hadash":0.0106,"sh_balad":0.0035,"sh24_joint":0.0182,"sh24_yamina":0.0182,"sh24_newhope":0.0182,"sh_habait":0.0035,"sh_other":0.0213,"sh24_other":0.0182,"winner24":"labor"}},{"type":"Feature","geometry":{"type":"Point","coordinates":[35.08908,29.98871]},"properties":{"semel":1255,"name":"לוטן","winner":"yesh_atid","winnerShare":0.3542,"turnout":0.5363,"valid":96,"sh_likud":0.0521,"sh24_likud":0.0515,"sh_yesh_atid":0.3542,"sh24_yesh_atid":0.2268,"sh_labor":0.2188,"sh24_labor":0.3196,"sh_gantz":0.0208,"sh24_gantz":0.0309,"sh_yb":0.0417,"sh24_yb":0.0722,"sh_meretz":0.25,"sh24_meretz":0.2165,"sh_hadash":0.0417,"sh24_joint":0.0103,"sh24_yamina":0.0309,"sh24_newhope":0.0103,"sh_other":0.0208,"sh24_other":0.0309,"winner24":"labor"}},{"type":"Feature","geometry":{"type":"Point","coordinates":[35.15558,32.97158]},"properties":{"semel":1256,"name":"אשרת","winner":"likud","winnerShare":0.4282,"turnout":0.7277,"valid":341,"sh_likud":0.4282,"sh24_likud":0.4683,"sh_yesh_atid":0.1584,"sh24_yesh_atid":0.0906,"sh_shas":0.0411,"sh24_shas":0.0363,"sh_utj":0.0088,"sh24_utj":0.0091,"sh_rz":0.1408,"sh24_rz":0.0423,"sh_labor":0.0323,"sh24_labor":0.0574,"sh_gantz":0.1202,"sh24_gantz":0.0544,"sh_yb":0.0176,"sh24_yb":0.0483,"sh_meretz":0.0147,"sh24_meretz":0.0181,"sh24_yamina":0.1088,"sh24_newhope":0.0574,"sh_habait":0.0176,"sh_other":0.0205,"sh24_other":0.0091,"winner24":"likud"}},{"type":"Feature","geometry":{"type":"Point","coordinates":[35.24461,32.7836]},"properties":{"semel":1257,"name":"חנתון","winner":"yesh_atid","winnerShare":0.3212,"turnout":0.7401,"valid":411,"sh_likud":0.1606,"sh24_likud":0.1269,"sh_yesh_atid":0.3212,"sh24_yesh_atid":0.2761,"sh_shas":0.0097,"sh24_shas":0.0025,"sh_utj":0.0024,"sh_rz":0.0487,"sh24_rz":0.0149,"sh_labor":0.1509,"sh24_labor":0.1841,"sh_gantz":0.1727,"sh24_gantz":0.092,"sh_yb":0.0195,"sh24_yb":0.0199,"sh_meretz":0.0633,"sh24_meretz":0.1045,"sh_raam":0.0049,"sh_hadash":0.0146,"sh24_joint":0.0075,"sh24_yamina":0.0945,"sh24_newhope":0.0697,"sh_habait":0.017,"sh_other":0.0146,"sh24_other":0.0075,"winner24":"yesh_atid"}},{"type":"Feature","geometry":{"type":"Point","coordinates":[35.42253,32.84385]},"properties":{"semel":1258,"name":"מסד","winner":"yesh_atid","winnerShare":0.3134,"turnout":0.7435,"valid":284,"sh_likud":0.081,"sh24_likud":0.0769,"sh_yesh_atid":0.3134,"sh24_yesh_atid":0.1993,"sh_shas":0.0106,"sh24_shas":0.007,"sh_rz":0.0704,"sh24_rz":0.0245,"sh_labor":0.1972,"sh24_labor":0.2448,"sh_gantz":0.1937,"sh24_gantz":0.1643,"sh_yb":0.0176,"sh24_yb":0.035,"sh_meretz":0.0599,"sh24_meretz":0.0874,"sh_hadash":0.0035,"sh24_yamina":0.0455,"sh24_newhope":0.0839,"sh_habait":0.0141,"sh_other":0.0387,"sh24_other":0.0315,"winner24":"labor"}},{"type":"Feature","geometry":{"type":"Point","coordinates":[34.9785,31.81766]},"properties":{"semel":1259,"name":"נווה שלום","winner":"balad","winnerShare":0.3135,"turnout":0.7352,"valid":185,"sh_yesh_atid":0.0541,"sh24_yesh_atid":0.0056,"sh_labor":0.0811,"sh24_labor":0.0843,"sh24_gantz":0.0112,"sh_meretz":0.3081,"sh24_meretz":0.3539,"sh_raam":0.0432,"sh24_raam":0.0281,"sh_hadash":0.2,"sh_balad":0.3135,"sh24_joint":0.5056,"sh24_newhope":0.0056,"sh24_other":0.0056,"winner24":"joint"}},{"type":"Feature","geometry":{"type":"Point","coordinates":[34.68973,31.05364]},"properties":{"semel":1260,"name":"רתמים","winner":"rz","winnerShare":0.3773,"turnout":0.7971,"valid":220,"sh_likud":0.1591,"sh24_likud":0.0893,"sh_yesh_atid":0.0136,"sh24_yesh_atid":0.0179,"sh_shas":0.0045,"sh24_utj":0.0045,"sh_rz":0.3773,"sh24_rz":0.1563,"sh_labor":0.0045,"sh24_labor":0.067,"sh_gantz":0.1727,"sh24_gantz":0.0982,"sh_yb":0.0045,"sh24_meretz":0.0045,"sh24_yamina":0.4911,"sh24_newhope":0.0625,"sh_habait":0.2455,"sh_other":0.0182,"sh24_other":0.0089,"winner24":"yamina"}},{"type":"Feature","geometry":{"type":"Point","coordinates":[35.102,31.34342]},"properties":{"semel":1261,"name":"הר עמשא","winner":"yesh_atid","winnerShare":0.3444,"turnout":0.6923,"valid":90,"sh_likud":0.0778,"sh24_likud":0.0899,"sh_yesh_atid":0.3444,"sh24_yesh_atid":0.1461,"sh_utj":0.0444,"sh_rz":0.0333,"sh24_rz":0.0225,"sh_labor":0.1333,"sh24_labor":0.2247,"sh_gantz":0.1111,"sh24_gantz":0.1124,"sh_yb":0.0333,"sh24_yb":0.0225,"sh_meretz":0.1111,"sh24_meretz":0.191,"sh24_newhope":0.0899,"sh_habait":0.0111,"sh_other":0.1,"sh24_other":0.1011,"winner24":"labor"}},{"type":"Feature","geometry":{"type":"Point","coordinates":[35.16633,30.49126]},"properties":{"semel":1262,"name":"צוקים","winner":"yesh_atid","winnerShare":0.3462,"turnout":0.5901,"valid":130,"sh_likud":0.0154,"sh24_likud":0.0519,"sh_yesh_atid":0.3462,"sh24_yesh_atid":0.1926,"sh_shas":0.0154,"sh_utj":0.0077,"sh_rz":0.0846,"sh24_rz":0.0296,"sh_labor":0.1923,"sh24_labor":0.2963,"sh_gantz":0.0846,"sh24_gantz":0.1259,"sh_yb":0.0154,"sh24_yb":0.0222,"sh_meretz":0.1615,"sh24_meretz":0.1852,"sh24_raam":0.0074,"sh24_yamina":0.0222,"sh24_newhope":0.0296,"sh_habait":0.0154,"sh_other":0.0615,"sh24_other":0.037,"winner24":"labor"}},{"type":"Feature","geometry":{"type":"Point","coordinates":[35.26937,32.99599]},"properties":{"semel":1263,"name":"כפר ורדים","winner":"yesh_atid","winnerShare":0.3842,"turnout":0.6615,"valid":3152,"sh_likud":0.1298,"sh24_likud":0.1207,"sh_yesh_atid":0.3842,"sh24_yesh_atid":0.2583,"sh_shas":0.0029,"sh24_shas":0.0018,"sh_utj":0.0006,"sh24_utj":0.0003,"sh_rz":0.0473,"sh24_rz":0.0148,"sh_labor":0.0891,"sh24_labor":0.1558,"sh_gantz":0.1662,"sh24_gantz":0.117,"sh_yb":0.0371,"sh24_yb":0.0366,"sh_meretz":0.0882,"sh24_meretz":0.1232,"sh_raam":0.006,"sh_hadash":0.0146,"sh_balad":0.006,"sh24_joint":0.0126,"sh24_yamina":0.0409,"sh24_newhope":0.0908,"sh_habait":0.007,"sh_other":0.0209,"sh24_other":0.0271,"winner24":"yesh_atid"}},{"type":"Feature","geometry":{"type":"Point","coordinates":[34.92028,31.8477]},"properties":{"semel":1264,"name":"כרמי יוסף","winner":"yesh_atid","winnerShare":0.4351,"turnout":0.7387,"valid":1048,"sh_likud":0.105,"sh24_likud":0.1125,"sh_yesh_atid":0.4351,"sh24_yesh_atid":0.2967,"sh_shas":0.0038,"sh24_shas":0.0018,"sh_utj":0.0038,"sh24_utj":0.0045,"sh_rz":0.0277,"sh24_rz":0.0136,"sh_labor":0.105,"sh24_labor":0.1452,"sh_gantz":0.1489,"sh24_gantz":0.1443,"sh_yb":0.0353,"sh24_yb":0.039,"sh_meretz":0.1135,"sh24_meretz":0.1506,"sh_hadash":0.001,"sh_balad":0.001,"sh24_joint":0.0009,"sh24_yamina":0.0336,"sh24_newhope":0.0463,"sh_habait":0.0105,"sh_other":0.0095,"sh24_other":0.0109,"winner24":"yesh_atid"}},{"type":"Feature","geometry":{"type":"Point","coordinates":[34.88372,31.43221]},"properties":{"semel":1265,"name":"שומריה","winner":"rz","winnerShare":0.8845,"turnout":0.7825,"valid":277,"sh_likud":0.0614,"sh24_likud":0.0383,"sh_yesh_atid":0.0108,"sh_shas":0.0289,"sh24_shas":0.0115,"sh_rz":0.8845,"sh24_rz":0.8889,"sh_gantz":0.0072,"sh24_yamina":0.0536,"sh24_newhope":0.0077,"sh_habait":0.0072,"winner24":"rz"}},{"type":"Feature","geometry":{"type":"Point","coordinates":[34.99907,29.9042]},"properties":{"semel":1266,"name":"שחרות","winner":"yesh_atid","winnerShare":0.3544,"turnout":0.5232,"valid":79,"sh_likud":0.0633,"sh24_likud":0.0732,"sh_yesh_atid":0.3544,"sh24_yesh_atid":0.2317,"sh_rz":0.0127,"sh_labor":0.1646,"sh24_labor":0.2561,"sh_gantz":0.1013,"sh24_gantz":0.0732,"sh_yb":0.0506,"sh24_yb":0.0366,"sh_meretz":0.1646,"sh24_meretz":0.2317,"sh_hadash":0.0127,"sh24_newhope":0.0366,"sh_habait":0.0127,"sh_other":0.0633,"sh24_other":0.061,"winner24":"labor"}},{"type":"Feature","geometry":{"type":"Point","coordinates":[34.93948,31.3258]},"properties":{"semel":1268,"name":"מיתר","winner":"yesh_atid","winnerShare":0.2508,"turnout":0.7238,"valid":5793,"sh_likud":0.2441,"sh24_likud":0.2271,"sh_yesh_atid":0.2508,"sh24_yesh_atid":0.2052,"sh_shas":0.0143,"sh24_shas":0.0112,"sh_utj":0.0057,"sh24_utj":0.0015,"sh_rz":0.1678,"sh24_rz":0.057,"sh_labor":0.044,"sh24_labor":0.0836,"sh_gantz":0.1747,"sh24_gantz":0.1192,"sh_yb":0.0193,"sh24_yb":0.0223,"sh_meretz":0.0271,"sh24_meretz":0.0432,"sh_raam":0.0033,"sh24_raam":0.0025,"sh_hadash":0.0036,"sh_balad":0.0031,"sh24_joint":0.0038,"sh24_yamina":0.141,"sh24_newhope":0.0688,"sh_habait":0.0288,"sh_other":0.0133,"sh24_other":0.0136,"winner24":"likud"}},{"type":"Feature","geometry":{"type":"Point","coordinates":[34.81357,31.36976]},"properties":{"semel":1271,"name":"להבים","winner":"yesh_atid","winnerShare":0.3045,"turnout":0.7079,"valid":3902,"sh_likud":0.2025,"sh24_likud":0.2084,"sh_yesh_atid":0.3045,"sh24_yesh_atid":0.2362,"sh_shas":0.0067,"sh24_shas":0.0048,"sh_utj":0.0013,"sh24_utj":0.0008,"sh_rz":0.1048,"sh24_rz":0.0196,"sh_labor":0.0513,"sh24_labor":0.0957,"sh_gantz":0.2009,"sh24_gantz":0.1547,"sh_yb":0.0302,"sh24_yb":0.0257,"sh_meretz":0.0561,"sh24_meretz":0.0767,"sh_raam":0.0126,"sh24_raam":0.0066,"sh_hadash":0.0072,"sh_balad":0.0036,"sh24_joint":0.0087,"sh24_yamina":0.0788,"sh24_newhope":0.073,"sh_habait":0.0103,"sh_other":0.0082,"sh24_other":0.0103,"winner24":"yesh_atid"}},{"type":"Feature","geometry":{"type":"Point","coordinates":[35.31215,32.95055]},"properties":{"semel":1272,"name":"חלוץ","winner":"yesh_atid","winnerShare":0.3986,"turnout":0.652,"valid":296,"sh_likud":0.0642,"sh24_likud":0.0378,"sh_yesh_atid":0.3986,"sh24_yesh_atid":0.2852,"sh_shas":0.0068,"sh24_shas":0.0069,"sh_rz":0.0169,"sh24_rz":0.0069,"sh_labor":0.1385,"sh24_labor":0.2371,"sh_gantz":0.1081,"sh24_gantz":0.079,"sh_yb":0.0203,"sh24_yb":0.0172,"sh_meretz":0.1892,"sh24_meretz":0.2165,"sh_hadash":0.0034,"sh24_joint":0.0034,"sh24_yamina":0.0344,"sh24_newhope":0.0447,"sh_habait":0.0034,"sh_other":0.0507,"sh24_other":0.0309,"winner24":"yesh_atid"}},{"type":"Feature","geometry":{"type":"Point","coordinates":[35.33792,32.53193]},"properties":{"semel":1274,"name":"גן נר","winner":"likud","winnerShare":0.3716,"turnout":0.6988,"valid":1515,"sh_likud":0.3716,"sh24_likud":0.3503,"sh_yesh_atid":0.2561,"sh24_yesh_atid":0.2105,"sh_shas":0.0218,"sh24_shas":0.0183,"sh_utj":0.0046,"sh_rz":0.097,"sh24_rz":0.0251,"sh_labor":0.0436,"sh24_labor":0.0774,"sh_gantz":0.1228,"sh24_gantz":0.0923,"sh_yb":0.0271,"sh24_yb":0.0353,"sh_meretz":0.0211,"sh24_meretz":0.0333,"sh_hadash":0.0007,"sh24_joint":0.0014,"sh24_yamina":0.0788,"sh24_newhope":0.0631,"sh_habait":0.0132,"sh_other":0.0205,"sh24_other":0.0143,"winner24":"likud"}},{"type":"Feature","geometry":{"type":"Point","coordinates":[35.35062,32.83646]},"properties":{"semel":1275,"name":"אבטליון","winner":"yesh_atid","winnerShare":0.4303,"turnout":0.7554,"valid":244,"sh_likud":0.0984,"sh24_likud":0.0736,"sh_yesh_atid":0.4303,"sh24_yesh_atid":0.3203,"sh_rz":0.0205,"sh24_rz":0.0043,"sh_labor":0.1311,"sh24_labor":0.2078,"sh_gantz":0.1025,"sh24_gantz":0.0649,"sh_yb":0.0205,"sh24_yb":0.0303,"sh_meretz":0.0984,"sh24_meretz":0.1732,"sh_raam":0.0041,"sh_hadash":0.0205,"sh24_joint":0.0087,"sh24_yamina":0.0476,"sh24_newhope":0.0173,"sh_habait":0.0205,"sh_other":0.0533,"sh24_other":0.0519,"winner24":"yesh_atid"}},{"type":"Feature","geometry":{"type":"Point","coordinates":[34.40735,30.93288]},"properties":{"semel":1278,"name":"באר מילכה","winner":"yesh_atid","winnerShare":0.1828,"turnout":0.823,"valid":93,"sh_likud":0.1183,"sh24_likud":0.1348,"sh_yesh_atid":0.1828,"sh24_yesh_atid":0.0899,"sh_rz":0.1183,"sh24_rz":0.0225,"sh_labor":0.1398,"sh24_labor":0.2584,"sh_gantz":0.129,"sh24_gantz":0.2247,"sh_yb":0.0215,"sh24_yb":0.0112,"sh_meretz":0.1613,"sh24_meretz":0.1685,"sh_raam":0.0108,"sh_hadash":0.0108,"sh24_yamina":0.0562,"sh24_newhope":0.0112,"sh_habait":0.0323,"sh_other":0.0753,"sh24_other":0.0225,"winner24":"labor"}},{"type":"Feature","geometry":{"type":"Point","coordinates":[34.3973,30.90461]},"properties":{"semel":1280,"name":"ניצני סיני","winner":"yesh_atid","winnerShare":0.32,"turnout":0.6494,"valid":150,"sh_likud":0.1267,"sh24_likud":0.1419,"sh_yesh_atid":0.32,"sh24_yesh_atid":0.1892,"sh_shas":0.0133,"sh24_shas":0.0068,"sh_rz":0.0733,"sh24_rz":0.027,"sh_labor":0.0867,"sh24_labor":0.1149,"sh_gantz":0.2333,"sh24_gantz":0.1757,"sh_yb":0.0267,"sh24_yb":0.0203,"sh_meretz":0.02,"sh24_meretz":0.0338,"sh24_yamina":0.1757,"sh24_newhope":0.0946,"sh_habait":0.0333,"sh_other":0.0667,"sh24_other":0.0203,"winner24":"yesh_atid"}},{"type":"Feature","geometry":{"type":"Point","coordinates":[35.42201,32.4527]},"properties":{"semel":1282,"name":"מירב","winner":"rz","winnerShare":0.5246,"turnout":0.7403,"valid":345,"sh_likud":0.2348,"sh24_likud":0.1376,"sh_yesh_atid":0.0203,"sh24_yesh_atid":0.0153,"sh_shas":0.0087,"sh24_shas":0.0061,"sh_utj":0.0029,"sh_rz":0.5246,"sh24_rz":0.263,"sh_labor":0.0087,"sh24_labor":0.0153,"sh_gantz":0.0812,"sh24_gantz":0.0367,"sh_meretz":0.0029,"sh24_meretz":0.0183,"sh24_yamina":0.4618,"sh24_newhope":0.0275,"sh_habait":0.1014,"sh_other":0.0145,"sh24_other":0.0183,"winner24":"yamina"}},{"type":"Feature","geometry":{"type":"Point","coordinates":[35.49541,32.44265]},"properties":{"semel":1283,"name":"תל תאומים","winner":"likud","winnerShare":0.5019,"turnout":0.7797,"valid":269,"sh_likud":0.5019,"sh24_likud":0.5375,"sh_yesh_atid":0.0149,"sh24_yesh_atid":0.0167,"sh_shas":0.0967,"sh24_shas":0.0833,"sh_utj":0.0074,"sh24_utj":0.0042,"sh_rz":0.2193,"sh24_rz":0.075,"sh_gantz":0.1078,"sh24_gantz":0.0292,"sh_yb":0.0037,"sh24_yamina":0.1833,"sh24_newhope":0.0417,"sh_habait":0.0409,"sh_other":0.0074,"sh24_other":0.0292,"winner24":"likud"}},{"type":"Feature","geometry":{"type":"Point","coordinates":[35.14563,32.75931]},"properties":{"semel":1284,"name":"נופית","winner":"yesh_atid","winnerShare":0.4841,"turnout":0.7313,"valid":1477,"sh_likud":0.1246,"sh24_likud":0.0965,"sh_yesh_atid":0.4841,"sh24_yesh_atid":0.3913,"sh_shas":0.0047,"sh24_shas":0.002,"sh_utj":0.0007,"sh24_utj":0.0013,"sh_rz":0.0298,"sh24_rz":0.0106,"sh_labor":0.0792,"sh24_labor":0.115,"sh_gantz":0.1882,"sh24_gantz":0.1481,"sh_yb":0.0278,"sh24_yb":0.033,"sh_meretz":0.0406,"sh24_meretz":0.0727,"sh_raam":0.0007,"sh24_raam":0.0007,"sh_hadash":0.0014,"sh_balad":0.0007,"sh24_yamina":0.0542,"sh24_newhope":0.0654,"sh_habait":0.0041,"sh_other":0.0135,"sh24_other":0.0093,"winner24":"yesh_atid"}},{"type":"Feature","geometry":{"type":"Point","coordinates":[35.60794,32.92976]},"properties":{"semel":1285,"name":"כרכום","winner":"yesh_atid","winnerShare":0.3207,"turnout":0.646,"valid":290,"sh_likud":0.1966,"sh24_likud":0.1848,"sh_yesh_atid":0.3207,"sh24_yesh_atid":0.1716,"sh_shas":0.0069,"sh24_shas":0.0066,"sh_rz":0.0483,"sh_labor":0.1207,"sh24_labor":0.1584,"sh_gantz":0.2034,"sh24_gantz":0.1815,"sh_yb":0.0138,"sh24_yb":0.0363,"sh_meretz":0.0621,"sh24_meretz":0.1023,"sh24_yamina":0.0429,"sh24_newhope":0.0759,"sh_habait":0.0069,"sh_other":0.0207,"sh24_other":0.0396,"winner24":"likud"}},{"type":"Feature","geometry":{"type":"Point","coordinates":[34.83927,31.19805]},"properties":{"semel":1286,"name":"שגבשלום","winner":"raam","winnerShare":0.7013,"turnout":0.5327,"valid":3187,"sh_likud":0.0166,"sh24_likud":0.0089,"sh_yesh_atid":0.0009,"sh24_yesh_atid":0.0033,"sh_shas":0.0013,"sh24_shas":0.0193,"sh_utj":0.0003,"sh24_utj":0.0093,"sh_labor":0.0022,"sh24_labor":0.0011,"sh_gantz":0.0009,"sh24_gantz":0.0004,"sh_meretz":0.005,"sh24_meretz":0.0022,"sh_raam":0.7013,"sh24_raam":0.8663,"sh_hadash":0.2516,"sh_balad":0.0132,"sh24_joint":0.0798,"sh24_yamina":0.0007,"sh_other":0.0066,"sh24_other":0.0085,"winner24":"raam"}},{"type":"Feature","geometry":{"type":"Point","coordinates":[35.06994,31.3559]},"properties":{"semel":1287,"name":"שני","winner":"yesh_atid","winnerShare":0.2429,"turnout":0.6605,"valid":247,"sh_likud":0.2186,"sh24_likud":0.2532,"sh_yesh_atid":0.2429,"sh24_yesh_atid":0.173,"sh_shas":0.0121,"sh24_shas":0.0042,"sh_rz":0.1619,"sh24_rz":0.0422,"sh_labor":0.0324,"sh24_labor":0.0633,"sh_gantz":0.1255,"sh24_gantz":0.0675,"sh_yb":0.1255,"sh24_yb":0.1139,"sh_meretz":0.0243,"sh24_meretz":0.0338,"sh24_yamina":0.0928,"sh24_newhope":0.1181,"sh_habait":0.0162,"sh_other":0.0405,"sh24_other":0.038,"winner24":"likud"}},{"type":"Feature","geometry":{"type":"Point","coordinates":[35.24469,32.72168]},"properties":{"semel":1288,"name":"גבעת אלה","winner":"yesh_atid","winnerShare":0.4934,"turnout":0.7256,"valid":1135,"sh_likud":0.0987,"sh24_likud":0.0714,"sh_yesh_atid":0.4934,"sh24_yesh_atid":0.3671,"sh_shas":0.0062,"sh24_shas":0.0025,"sh24_utj":0.0008,"sh_rz":0.0211,"sh24_rz":0.005,"sh_labor":0.1084,"sh24_labor":0.1852,"sh_gantz":0.1304,"sh24_gantz":0.1229,"sh_yb":0.0176,"sh24_yb":0.0257,"sh_meretz":0.1031,"sh24_meretz":0.1329,"sh_raam":0.0009,"sh_hadash":0.0044,"sh24_joint":0.0008,"sh24_yamina":0.0266,"sh24_newhope":0.0415,"sh_habait":0.007,"sh_other":0.0088,"sh24_other":0.0174,"winner24":"yesh_atid"}},{"type":"Feature","geometry":{"type":"Point","coordinates":[35.03506,32.36541]},"properties":{"semel":1290,"name":"זמר","winner":"balad","winnerShare":0.5539,"turnout":0.5647,"valid":2818,"sh_likud":0.0032,"sh24_likud":0.0228,"sh_yesh_atid":0.0032,"sh24_yesh_atid":0.009,"sh24_shas":0.0011,"sh_utj":0.0007,"sh_labor":0.0011,"sh24_labor":0.0048,"sh_gantz":0.0011,"sh24_gantz":0.0011,"sh_yb":0.0004,"sh24_yb":0.0005,"sh_meretz":0.0085,"sh24_meretz":0.0504,"sh_raam":0.2647,"sh24_raam":0.3851,"sh_hadash":0.1568,"sh_balad":0.5539,"sh24_joint":0.5204,"sh_other":0.0064,"sh24_other":0.0048,"winner24":"joint"}},{"type":"Feature","geometry":{"type":"Point","coordinates":[34.43131,30.91079]},"properties":{"semel":1291,"name":"כמהין","winner":"gantz","winnerShare":0.2736,"turnout":0.6928,"valid":106,"sh_likud":0.1132,"sh24_likud":0.0851,"sh_yesh_atid":0.2453,"sh24_yesh_atid":0.1064,"sh_utj":0.0094,"sh_rz":0.1226,"sh24_rz":0.0319,"sh_labor":0.1415,"sh24_labor":0.2447,"sh_gantz":0.2736,"sh24_gantz":0.1277,"sh24_yb":0.0426,"sh_meretz":0.0755,"sh24_meretz":0.117,"sh24_yamina":0.1596,"sh24_newhope":0.0638,"sh_habait":0.0189,"sh24_other":0.0213,"winner24":"labor"}},{"type":"Feature","geometry":{"type":"Point","coordinates":[35.14702,32.92949]},"properties":{"semel":1292,"name":"גדיידהמכר","winner":"hadash","winnerShare":0.4186,"turnout":0.5363,"valid":8115,"sh_likud":0.0097,"sh24_likud":0.026,"sh_yesh_atid":0.007,"sh24_yesh_atid":0.009,"sh_shas":0.0012,"sh24_shas":0.0025,"sh_utj":0.0002,"sh24_utj":0.0005,"sh_rz":0.0009,"sh24_rz":0.0002,"sh_labor":0.0028,"sh24_labor":0.0034,"sh_gantz":0.0009,"sh24_gantz":0.0015,"sh_yb":0.0004,"sh24_yb":0.0005,"sh_meretz":0.0113,"sh24_meretz":0.0309,"sh_raam":0.2177,"sh24_raam":0.2529,"sh_hadash":0.4186,"sh_balad":0.3194,"sh24_joint":0.6659,"sh24_yamina":0.0002,"sh24_newhope":0.0011,"sh_habait":0.0001,"sh_other":0.0096,"sh24_other":0.0056,"winner24":"joint"}},{"type":"Feature","geometry":{"type":"Point","coordinates":[35.43892,32.77556]},"properties":{"semel":1293,"name":"גבעת אבני","winner":"likud","winnerShare":0.3479,"turnout":0.6912,"valid":1187,"sh_likud":0.3479,"sh24_likud":0.3551,"sh_yesh_atid":0.2089,"sh24_yesh_atid":0.1711,"sh_shas":0.0522,"sh24_shas":0.0482,"sh_utj":0.0025,"sh24_utj":0.0026,"sh_rz":0.1398,"sh24_rz":0.037,"sh_labor":0.0185,"sh24_labor":0.0335,"sh_gantz":0.1516,"sh24_gantz":0.1101,"sh_yb":0.0227,"sh24_yb":0.0318,"sh_meretz":0.0177,"sh24_meretz":0.0318,"sh24_yamina":0.0774,"sh24_newhope":0.08,"sh_habait":0.0168,"sh_other":0.0211,"sh24_other":0.0215,"winner24":"likud"}},{"type":"Feature","geometry":{"type":"Point","coordinates":[35.44696,33.00517]},"properties":{"semel":1294,"name":"אור הגנוז","winner":"utj","winnerShare":0.4439,"turnout":0.6656,"valid":214,"sh_likud":0.0467,"sh24_likud":0.0124,"sh_yesh_atid":0.014,"sh24_yesh_atid":0.0062,"sh_shas":0.2383,"sh24_shas":0.3106,"sh_utj":0.4439,"sh24_utj":0.4472,"sh_rz":0.2477,"sh24_rz":0.1801,"sh_labor":0.0047,"sh24_meretz":0.0062,"sh24_yamina":0.0311,"sh_other":0.0047,"sh24_other":0.0062,"winner24":"utj"}},{"type":"Feature","geometry":{"type":"Point","coordinates":[35.24533,32.98056]},"properties":{"semel":1295,"name":"יאנוחגת","winner":"yb","winnerShare":0.326,"turnout":0.3954,"valid":1905,"sh_likud":0.0819,"sh24_likud":0.2351,"sh_yesh_atid":0.1202,"sh24_yesh_atid":0.1488,"sh_shas":0.0352,"sh24_shas":0.0915,"sh24_utj":0.0005,"sh_rz":0.001,"sh_labor":0.0478,"sh24_labor":0.0366,"sh_gantz":0.2583,"sh24_gantz":0.0685,"sh_yb":0.326,"sh24_yb":0.2919,"sh_meretz":0.0378,"sh24_meretz":0.0188,"sh_raam":0.0089,"sh24_raam":0.0028,"sh_hadash":0.063,"sh_balad":0.0052,"sh24_joint":0.0244,"sh24_yamina":0.0023,"sh24_newhope":0.0709,"sh_habait":0.0021,"sh_other":0.0126,"sh24_other":0.008,"winner24":"yb"}},{"type":"Feature","geometry":{"type":"Point","coordinates":[35.30431,32.9698]},"properties":{"semel":1296,"name":"כסראסמיע","winner":"gantz","winnerShare":0.3979,"turnout":0.3229,"valid":1945,"sh_likud":0.0977,"sh24_likud":0.4693,"sh_yesh_atid":0.0925,"sh24_yesh_atid":0.0428,"sh24_shas":0.0406,"sh24_utj":0.0003,"sh_rz":0.0087,"sh24_rz":0.0006,"sh_labor":0.0468,"sh24_labor":0.0234,"sh_gantz":0.3979,"sh24_gantz":0.0587,"sh_yb":0.1676,"sh24_yb":0.1894,"sh_meretz":0.0746,"sh24_meretz":0.0228,"sh_raam":0.0077,"sh24_raam":0.0025,"sh_hadash":0.0344,"sh_balad":0.0308,"sh24_joint":0.0381,"sh24_yamina":0.0031,"sh24_newhope":0.1049,"sh_habait":0.0021,"sh_other":0.0391,"sh24_other":0.0036,"winner24":"likud"}},{"type":"Feature","geometry":{"type":"Point","coordinates":[35.4233,32.915]},"properties":{"semel":1297,"name":"כפר חנניה","winner":"likud","winnerShare":0.3659,"turnout":0.7467,"valid":399,"sh_likud":0.3659,"sh24_likud":0.3787,"sh_yesh_atid":0.1955,"sh24_yesh_atid":0.1573,"sh_shas":0.0501,"sh24_shas":0.0427,"sh_utj":0.0075,"sh24_utj":0.0027,"sh_rz":0.1905,"sh24_rz":0.1307,"sh_labor":0.0401,"sh24_labor":0.0453,"sh_gantz":0.0777,"sh24_gantz":0.0533,"sh_yb":0.0251,"sh24_yb":0.0293,"sh_meretz":0.0251,"sh24_meretz":0.0293,"sh24_yamina":0.056,"sh24_newhope":0.056,"sh_habait":0.005,"sh_other":0.0175,"sh24_other":0.0187,"winner24":"likud"}},{"type":"Feature","geometry":{"type":"Point","coordinates":[34.93579,31.29709]},"properties":{"semel":1303,"name":"חורה","winner":"raam","winnerShare":0.5482,"turnout":0.4904,"valid":4520,"sh_likud":0.0144,"sh24_likud":0.0621,"sh_yesh_atid":0.0031,"sh24_yesh_atid":0.0032,"sh_shas":0.0027,"sh24_shas":0.0009,"sh_utj":0.0002,"sh_rz":0.0009,"sh_labor":0.0046,"sh24_labor":0.0026,"sh24_gantz":0.0017,"sh_yb":0.0002,"sh24_yb":0.0015,"sh_meretz":0.0051,"sh24_meretz":0.0125,"sh_raam":0.5482,"sh24_raam":0.657,"sh_hadash":0.3918,"sh_balad":0.0223,"sh24_joint":0.2458,"sh24_yamina":0.0003,"sh24_newhope":0.0009,"sh_other":0.0064,"sh24_other":0.0116,"winner24":"raam"}},{"type":"Feature","geometry":{"type":"Point","coordinates":[34.94468,31.9978]},"properties":{"semel":1304,"name":"שוהם","winner":"yesh_atid","winnerShare":0.3307,"turnout":0.7604,"valid":12910,"sh_likud":0.217,"sh24_likud":0.1993,"sh_yesh_atid":0.3307,"sh24_yesh_atid":0.2585,"sh_shas":0.0224,"sh24_shas":0.0181,"sh_utj":0.0032,"sh24_utj":0.0014,"sh_rz":0.0799,"sh24_rz":0.0334,"sh_labor":0.0506,"sh24_labor":0.0813,"sh_gantz":0.1878,"sh24_gantz":0.1265,"sh_yb":0.0226,"sh24_yb":0.0254,"sh_meretz":0.0334,"sh24_meretz":0.0503,"sh_raam":0.0003,"sh_hadash":0.0008,"sh_balad":0.0002,"sh24_joint":0.0008,"sh24_yamina":0.1176,"sh24_newhope":0.075,"sh_habait":0.0352,"sh_other":0.0159,"sh24_other":0.0125,"winner24":"yesh_atid"}},{"type":"Feature","geometry":{"type":"Point","coordinates":[34.95664,32.05099]},"properties":{"semel":1309,"name":"אלעד","winner":"shas","winnerShare":0.4962,"turnout":0.8436,"valid":19637,"sh_likud":0.0337,"sh24_likud":0.0418,"sh_yesh_atid":0.001,"sh24_yesh_atid":0.0011,"sh_shas":0.4962,"sh24_shas":0.479,"sh_utj":0.3494,"sh24_utj":0.3528,"sh_rz":0.1124,"sh24_rz":0.1065,"sh_labor":0.0005,"sh24_labor":0.0011,"sh_gantz":0.0015,"sh24_gantz":0.0006,"sh_yb":0.0004,"sh24_yb":0.0003,"sh_meretz":0.0002,"sh24_meretz":0.0003,"sh_raam":0.0001,"sh24_raam":0.0001,"sh24_joint":0.0001,"sh24_yamina":0.0108,"sh24_newhope":0.0021,"sh_habait":0.0022,"sh_other":0.0025,"sh24_other":0.0032,"winner24":"shas"}},{"type":"Feature","geometry":{"type":"Point","coordinates":[35.03265,31.91739]},"properties":{"semel":1310,"name":"לפיד","winner":"yesh_atid","winnerShare":0.3823,"turnout":0.7468,"valid":1321,"sh_likud":0.1726,"sh24_likud":0.1653,"sh_yesh_atid":0.3823,"sh24_yesh_atid":0.2943,"sh_shas":0.0038,"sh24_shas":0.0038,"sh_utj":0.0038,"sh24_utj":0.0008,"sh_rz":0.0583,"sh24_rz":0.0196,"sh_labor":0.0893,"sh24_labor":0.1343,"sh_gantz":0.1734,"sh24_gantz":0.1343,"sh_yb":0.025,"sh24_yb":0.0309,"sh_meretz":0.0545,"sh24_meretz":0.0815,"sh_hadash":0.0023,"sh24_joint":0.003,"sh24_yamina":0.0536,"sh24_newhope":0.0589,"sh_habait":0.0159,"sh_other":0.0189,"sh24_other":0.0196,"winner24":"yesh_atid"}},{"type":"Feature","geometry":{"type":"Point","coordinates":[34.33091,31.19561]},"properties":{"semel":1311,"name":"אבשלום","winner":"yb","winnerShare":0.25,"turnout":0.6461,"valid":196,"sh_likud":0.2398,"sh24_likud":0.2222,"sh_yesh_atid":0.1429,"sh24_yesh_atid":0.1173,"sh_shas":0.0051,"sh_utj":0.0102,"sh24_utj":0.0062,"sh_rz":0.1684,"sh_labor":0.0153,"sh24_labor":0.0185,"sh_gantz":0.0969,"sh24_gantz":0.037,"sh_yb":0.25,"sh24_yb":0.4198,"sh_meretz":0.051,"sh24_meretz":0.0556,"sh_balad":0.0051,"sh24_yamina":0.0556,"sh24_newhope":0.0617,"sh_other":0.0153,"sh24_other":0.0062,"winner24":"yb"}},{"type":"Feature","geometry":{"type":"Point","coordinates":[35.54673,32.73043]},"properties":{"semel":1313,"name":"פוריה עילית","winner":"likud","winnerShare":0.4288,"turnout":0.6475,"valid":604,"sh_likud":0.4288,"sh24_likud":0.4342,"sh_yesh_atid":0.1474,"sh24_yesh_atid":0.1174,"sh_shas":0.043,"sh24_shas":0.0374,"sh_utj":0.0017,"sh_rz":0.1175,"sh24_rz":0.0338,"sh_labor":0.0298,"sh24_labor":0.0498,"sh_gantz":0.1109,"sh24_gantz":0.1014,"sh_yb":0.0315,"sh24_yb":0.0267,"sh_meretz":0.0215,"sh24_meretz":0.032,"sh_hadash":0.0149,"sh24_joint":0.0053,"sh24_yamina":0.0605,"sh24_newhope":0.0498,"sh_habait":0.0149,"sh_other":0.0381,"sh24_other":0.0516,"winner24":"likud"}},{"type":"Feature","geometry":{"type":"Point","coordinates":[35.18379,33.02693]},"properties":{"semel":1314,"name":"נווה זיו","winner":"likud","winnerShare":0.3082,"turnout":0.6995,"valid":425,"sh_likud":0.3082,"sh24_likud":0.2943,"sh_yesh_atid":0.2541,"sh24_yesh_atid":0.1914,"sh_shas":0.0541,"sh24_shas":0.0311,"sh_utj":0.0071,"sh_rz":0.0988,"sh24_rz":0.0455,"sh_labor":0.0376,"sh24_labor":0.0646,"sh_gantz":0.1576,"sh24_gantz":0.1005,"sh_yb":0.0118,"sh24_yb":0.0383,"sh_meretz":0.0306,"sh24_meretz":0.0431,"sh24_joint":0.0024,"sh24_yamina":0.1005,"sh24_newhope":0.0694,"sh_habait":0.0329,"sh_other":0.0071,"sh24_other":0.0191,"winner24":"likud"}},{"type":"Feature","geometry":{"type":"Point","coordinates":[34.97291,32.15849]},"properties":{"semel":1315,"name":"מתן","winner":"yesh_atid","winnerShare":0.4589,"turnout":0.7176,"valid":1898,"sh_likud":0.1423,"sh24_likud":0.1289,"sh_yesh_atid":0.4589,"sh24_yesh_atid":0.3412,"sh_shas":0.0063,"sh24_shas":0.007,"sh_utj":0.0011,"sh_rz":0.049,"sh24_rz":0.007,"sh_labor":0.0717,"sh24_labor":0.1229,"sh_gantz":0.1401,"sh24_gantz":0.1179,"sh_yb":0.0332,"sh24_yb":0.032,"sh_meretz":0.0717,"sh24_meretz":0.0964,"sh_hadash":0.0005,"sh24_yamina":0.0619,"sh24_newhope":0.0694,"sh_habait":0.0058,"sh_other":0.0195,"sh24_other":0.0155,"winner24":"yesh_atid"}},{"type":"Feature","geometry":{"type":"Point","coordinates":[35.12531,32.49799]},"properties":{"semel":1316,"name":"אלעריאן","winner":"hadash","winnerShare":0.44,"turnout":0.7634,"valid":100,"sh_likud":0.03,"sh24_likud":0.0476,"sh_shas":0.1,"sh_raam":0.18,"sh24_raam":0.381,"sh_hadash":0.44,"sh_balad":0.23,"sh24_joint":0.5714,"sh_other":0.02,"winner24":"joint"}},{"type":"Feature","geometry":{"type":"Point","coordinates":[35.22765,32.81537]},"properties":{"semel":1317,"name":"דמיידה","winner":"raam","winnerShare":0.6686,"turnout":0.5313,"valid":175,"sh_likud":0.0229,"sh24_likud":0.0802,"sh_shas":0.0057,"sh24_shas":0.0062,"sh_labor":0.0057,"sh24_gantz":0.0062,"sh24_meretz":0.0123,"sh_raam":0.6686,"sh24_raam":0.5864,"sh_hadash":0.2343,"sh_balad":0.0514,"sh24_joint":0.2963,"sh_other":0.0114,"sh24_other":0.0123,"winner24":"raam"}},{"type":"Feature","geometry":{"type":"Point","coordinates":[35.01367,32.33327]},"properties":{"semel":1319,"name":"בת חפר","winner":"yesh_atid","winnerShare":0.4088,"turnout":0.7226,"valid":3026,"sh_likud":0.1715,"sh24_likud":0.1657,"sh_yesh_atid":0.4088,"sh24_yesh_atid":0.3171,"sh_shas":0.0149,"sh24_shas":0.0074,"sh_utj":0.0017,"sh24_utj":0.001,"sh_rz":0.0631,"sh24_rz":0.0237,"sh_labor":0.0651,"sh24_labor":0.1176,"sh_gantz":0.1709,"sh24_gantz":0.1406,"sh_yb":0.0258,"sh24_yb":0.0352,"sh_meretz":0.0473,"sh24_meretz":0.0629,"sh_raam":0.0007,"sh_hadash":0.0013,"sh24_joint":0.001,"sh24_yamina":0.0527,"sh24_newhope":0.0605,"sh_habait":0.005,"sh_other":0.0241,"sh24_other":0.0145,"winner24":"yesh_atid"}},{"type":"Feature","geometry":{"type":"Point","coordinates":[34.99968,32.69154]},"properties":{"semel":1320,"name":"עין חוד","winner":"balad","winnerShare":0.4312,"turnout":0.5291,"valid":109,"sh24_likud":0.0104,"sh_yesh_atid":0.0092,"sh24_yesh_atid":0.0104,"sh24_labor":0.0104,"sh_gantz":0.0183,"sh_meretz":0.0275,"sh24_meretz":0.0208,"sh_raam":0.3211,"sh24_raam":0.1667,"sh_hadash":0.1835,"sh_balad":0.4312,"sh24_joint":0.7813,"sh_other":0.0092,"winner24":"joint"}},{"type":"Feature","geometry":{"type":"Point","coordinates":[35.13666,32.77028]},"properties":{"semel":1321,"name":"חואלד","winner":"raam","winnerShare":0.6085,"turnout":0.471,"valid":258,"sh_likud":0.0426,"sh24_likud":0.0773,"sh_yesh_atid":0.0078,"sh24_yesh_atid":0.0318,"sh_shas":0.0078,"sh24_shas":0.0182,"sh_rz":0.0039,"sh_labor":0.0078,"sh_gantz":0.0659,"sh24_gantz":0.0045,"sh_yb":0.0039,"sh24_yb":0.0045,"sh_meretz":0.0039,"sh24_meretz":0.0182,"sh_raam":0.6085,"sh24_raam":0.55,"sh_hadash":0.1512,"sh_balad":0.0775,"sh24_joint":0.2227,"sh24_newhope":0.0682,"sh_other":0.0194,"sh24_other":0.0045,"winner24":"raam"}},{"type":"Feature","geometry":{"type":"Point","coordinates":[34.59679,31.64729]},"properties":{"semel":1323,"name":"בת הדר","winner":"likud","winnerShare":0.4123,"turnout":0.7965,"valid":405,"sh_likud":0.4123,"sh24_likud":0.4112,"sh_yesh_atid":0.2074,"sh24_yesh_atid":0.1523,"sh_shas":0.0691,"sh24_shas":0.0457,"sh_utj":0.0123,"sh24_utj":0.0051,"sh_rz":0.0815,"sh24_rz":0.0355,"sh_labor":0.0198,"sh24_labor":0.0355,"sh_gantz":0.1457,"sh24_gantz":0.1041,"sh_yb":0.0296,"sh24_yb":0.0431,"sh_meretz":0.0099,"sh24_meretz":0.0102,"sh24_yamina":0.0736,"sh24_newhope":0.0761,"sh_habait":0.0049,"sh_other":0.0074,"sh24_other":0.0076,"winner24":"likud"}},{"type":"Feature","geometry":{"type":"Point","coordinates":[34.81637,32.21363]},"properties":{"semel":1324,"name":"ארסוף","winner":"yesh_atid","winnerShare":0.525,"turnout":0.5442,"valid":80,"sh_likud":0.125,"sh24_likud":0.1325,"sh_yesh_atid":0.525,"sh24_yesh_atid":0.3614,"sh_shas":0.0125,"sh24_shas":0.012,"sh_rz":0.0375,"sh_labor":0.0625,"sh24_labor":0.1205,"sh_gantz":0.0875,"sh24_gantz":0.1084,"sh_yb":0.025,"sh24_yb":0.0602,"sh_meretz":0.125,"sh24_meretz":0.1687,"sh24_newhope":0.0361,"winner24":"yesh_atid"}},{"type":"Feature","geometry":{"type":"Point","coordinates":[35.10956,32.52845]},"properties":{"semel":1326,"name":"בסמה","winner":"balad","winnerShare":0.3369,"turnout":0.4566,"valid":3256,"sh_likud":0.0098,"sh24_likud":0.0267,"sh_yesh_atid":0.0009,"sh24_yesh_atid":0.0071,"sh_shas":0.0135,"sh24_shas":0.0055,"sh_rz":0.0009,"sh_labor":0.0025,"sh24_labor":0.0055,"sh_gantz":0.0089,"sh24_gantz":0.0012,"sh_meretz":0.0455,"sh24_meretz":0.0621,"sh_raam":0.3044,"sh24_raam":0.3429,"sh_hadash":0.2697,"sh_balad":0.3369,"sh24_joint":0.5397,"sh24_yamina":0.0004,"sh24_newhope":0.002,"sh_other":0.0071,"sh24_other":0.0071,"winner24":"joint"}},{"type":"Feature","geometry":{"type":"Point","coordinates":[35.15396,32.55229]},"properties":{"semel":1327,"name":"מעלה עירון","winner":"balad","winnerShare":0.4337,"turnout":0.4307,"valid":4542,"sh_likud":0.0084,"sh24_likud":0.0291,"sh_yesh_atid":0.0079,"sh24_yesh_atid":0.0038,"sh_shas":0.0509,"sh24_shas":0.0009,"sh_utj":0.0007,"sh24_utj":0.0003,"sh_rz":0.0011,"sh24_rz":0.0003,"sh_labor":0.0048,"sh24_labor":0.0032,"sh_gantz":0.0022,"sh24_gantz":0.0009,"sh_yb":0.002,"sh24_yb":0.0003,"sh_meretz":0.0196,"sh24_meretz":0.0345,"sh_raam":0.2224,"sh24_raam":0.2438,"sh_hadash":0.2378,"sh_balad":0.4337,"sh24_joint":0.6666,"sh24_newhope":0.0066,"sh_habait":0.0002,"sh_other":0.0084,"sh24_other":0.0095,"winner24":"joint"}},{"type":"Feature","geometry":{"type":"Point","coordinates":[35.33828,32.64267]},"properties":{"semel":1330,"name":"אחוזת ברק","winner":"likud","winnerShare":0.3477,"turnout":0.7306,"valid":1349,"sh_likud":0.3477,"sh24_likud":0.3105,"sh_yesh_atid":0.2854,"sh24_yesh_atid":0.2445,"sh_shas":0.0185,"sh24_shas":0.0197,"sh_utj":0.0007,"sh_rz":0.0897,"sh24_rz":0.0134,"sh_labor":0.0304,"sh24_labor":0.0676,"sh_gantz":0.1394,"sh24_gantz":0.0865,"sh_yb":0.0385,"sh24_yb":0.0393,"sh_meretz":0.0141,"sh24_meretz":0.0244,"sh24_yamina":0.0928,"sh24_newhope":0.0818,"sh_habait":0.0067,"sh_other":0.0289,"sh24_other":0.0197,"winner24":"likud"}},{"type":"Feature","geometry":{"type":"Point","coordinates":[35.35081,32.91328]},"properties":{"semel":1331,"name":"כמאנה","winner":"raam","winnerShare":0.5636,"turnout":0.4687,"valid":527,"sh_likud":0.0228,"sh24_likud":0.0171,"sh_yesh_atid":0.019,"sh24_yesh_atid":0.0122,"sh_shas":0.0266,"sh24_shas":0.0024,"sh_rz":0.0038,"sh_labor":0.0038,"sh24_labor":0.0049,"sh_gantz":0.0038,"sh_meretz":0.0019,"sh24_meretz":0.0073,"sh_raam":0.5636,"sh24_raam":0.6634,"sh_hadash":0.1746,"sh_balad":0.1594,"sh24_joint":0.261,"sh24_newhope":0.0122,"sh_habait":0.0019,"sh_other":0.019,"sh24_other":0.0195,"winner24":"raam"}},{"type":"Feature","geometry":{"type":"Point","coordinates":[35.31952,32.90087]},"properties":{"semel":1332,"name":"חוסנייה","winner":"raam","winnerShare":0.5857,"turnout":0.5437,"valid":321,"sh_likud":0.0156,"sh24_likud":0.0388,"sh_yesh_atid":0.0031,"sh24_yesh_atid":0.0172,"sh_shas":0.0031,"sh24_shas":0.0086,"sh_labor":0.0062,"sh_gantz":0.0093,"sh_meretz":0.0031,"sh24_meretz":0.0129,"sh_raam":0.5857,"sh24_raam":0.6853,"sh_hadash":0.215,"sh_balad":0.1495,"sh24_joint":0.2284,"sh_other":0.0093,"sh24_other":0.0086,"winner24":"raam"}},{"type":"Feature","geometry":{"type":"Point","coordinates":[34.98874,31.86863]},"properties":{"semel":1333,"name":"נוף איילון","winner":"rz","winnerShare":0.6803,"turnout":0.7699,"valid":1295,"sh_likud":0.1004,"sh24_likud":0.0791,"sh_yesh_atid":0.0077,"sh24_yesh_atid":0.0059,"sh_shas":0.0448,"sh24_shas":0.0333,"sh_utj":0.0278,"sh24_utj":0.0192,"sh_rz":0.6803,"sh24_rz":0.5625,"sh_labor":0.0015,"sh24_labor":0.0052,"sh_gantz":0.0286,"sh24_gantz":0.0067,"sh_yb":0.0039,"sh_meretz":0.0015,"sh24_meretz":0.0007,"sh24_yamina":0.2735,"sh24_newhope":0.0126,"sh_habait":0.0958,"sh_other":0.0077,"sh24_other":0.0015,"winner24":"rz"}},{"type":"Feature","geometry":{"type":"Point","coordinates":[35.3725,32.91432]},"properties":{"semel":1334,"name":"ראס אלעין","winner":"raam","winnerShare":0.533,"turnout":0.6944,"valid":197,"sh_likud":0.0508,"sh24_likud":0.1563,"sh_yesh_atid":0.0406,"sh_shas":0.0102,"sh_labor":0.0051,"sh_gantz":0.0051,"sh_meretz":0.0609,"sh24_meretz":0.025,"sh_raam":0.533,"sh24_raam":0.55,"sh_hadash":0.198,"sh_balad":0.0812,"sh24_joint":0.2125,"sh24_newhope":0.05,"sh_other":0.0152,"sh24_other":0.0063,"winner24":"raam"}},{"type":"Feature","geometry":{"type":"Point","coordinates":[35.28985,32.88821]},"properties":{"semel":1335,"name":"ערב אל נעים","winner":"likud","winnerShare":0.3874,"turnout":0.5924,"valid":333,"sh_likud":0.3874,"sh24_likud":0.6667,"sh_yesh_atid":0.003,"sh24_shas":0.0028,"sh_utj":0.003,"sh_labor":0.1051,"sh24_labor":0.0056,"sh24_gantz":0.0028,"sh_yb":0.012,"sh24_yb":0.0028,"sh_meretz":0.027,"sh24_meretz":0.0113,"sh_raam":0.2462,"sh24_raam":0.2514,"sh_hadash":0.1291,"sh_balad":0.0541,"sh24_yamina":0.0395,"sh_other":0.033,"sh24_other":0.0169,"winner24":"likud"}},{"type":"Feature","geometry":{"type":"Point","coordinates":[34.77628,31.92817]},"properties":{"semel":1336,"name":"אירוס","winner":"yesh_atid","winnerShare":0.2881,"turnout":0.8041,"valid":427,"sh_likud":0.26,"sh24_likud":0.2598,"sh_yesh_atid":0.2881,"sh24_yesh_atid":0.2542,"sh_shas":0.0117,"sh24_shas":0.0028,"sh_utj":0.0023,"sh24_utj":0.0056,"sh_rz":0.0726,"sh24_rz":0.0112,"sh_labor":0.0398,"sh24_labor":0.0782,"sh_gantz":0.2131,"sh24_gantz":0.1229,"sh_yb":0.0422,"sh24_yb":0.0503,"sh_meretz":0.0445,"sh24_meretz":0.0559,"sh_hadash":0.0023,"sh24_joint":0.0028,"sh24_yamina":0.0698,"sh24_newhope":0.0615,"sh_habait":0.007,"sh_other":0.0164,"sh24_other":0.0251,"winner24":"likud"}},{"type":"Feature","geometry":{"type":"Point","coordinates":[35.24669,32.73277]},"properties":{"semel":1337,"name":"שמשית","winner":"yesh_atid","winnerShare":0.4527,"turnout":0.6918,"valid":1354,"sh_likud":0.0879,"sh24_likud":0.0792,"sh_yesh_atid":0.4527,"sh24_yesh_atid":0.3211,"sh_shas":0.0022,"sh24_shas":0.0037,"sh_utj":0.0037,"sh24_utj":0.0022,"sh_rz":0.0244,"sh24_rz":0.0088,"sh_labor":0.1278,"sh24_labor":0.1628,"sh_gantz":0.1883,"sh24_gantz":0.173,"sh_yb":0.0126,"sh24_yb":0.0227,"sh_meretz":0.0842,"sh24_meretz":0.1254,"sh_raam":0.0007,"sh_hadash":0.003,"sh24_joint":0.0015,"sh24_yamina":0.0389,"sh24_newhope":0.055,"sh_habait":0.003,"sh_other":0.0096,"sh24_other":0.0059,"winner24":"yesh_atid"}},{"type":"Feature","geometry":{"type":"Point","coordinates":[35.46389,33.00492]},"properties":{"semel":1338,"name":"כדיתה","winner":"rz","winnerShare":0.3433,"turnout":0.4855,"valid":67,"sh_likud":0.194,"sh24_likud":0.1667,"sh_yesh_atid":0.1045,"sh24_yesh_atid":0.0625,"sh_shas":0.0299,"sh24_shas":0.0417,"sh_utj":0.0746,"sh24_utj":0.0417,"sh_rz":0.3433,"sh24_rz":0.0208,"sh_labor":0.0597,"sh24_labor":0.1875,"sh_gantz":0.0746,"sh24_gantz":0.1042,"sh24_meretz":0.0833,"sh24_yamina":0.0833,"sh24_newhope":0.0208,"sh_habait":0.0149,"sh_other":0.1045,"sh24_other":0.1875,"winner24":"labor"}},{"type":"Feature","geometry":{"type":"Point","coordinates":[34.82819,30.88795]},"properties":{"semel":1340,"name":"מרחב עם","winner":"rz","winnerShare":0.6359,"turnout":0.8178,"valid":184,"sh_likud":0.1033,"sh24_likud":0.057,"sh_shas":0.0707,"sh24_shas":0.0696,"sh_utj":0.0054,"sh_rz":0.6359,"sh24_rz":0.5253,"sh_labor":0.0217,"sh24_labor":0.0253,"sh_gantz":0.0543,"sh24_gantz":0.0127,"sh24_yamina":0.2722,"sh24_newhope":0.0253,"sh_habait":0.1033,"sh_other":0.0054,"sh24_other":0.0127,"winner24":"rz"}},{"type":"Feature","geometry":{"type":"Point","coordinates":[34.96157,31.14016]},"properties":{"semel":1342,"name":"אבו קרינאת יישוב","winner":"raam","winnerShare":0.8988,"turnout":0.4993,"valid":346,"sh_likud":0.0058,"sh24_likud":0.0199,"sh_yesh_atid":0.0347,"sh24_yesh_atid":0.008,"sh24_shas":0.004,"sh_utj":0.0029,"sh_labor":0.0058,"sh_gantz":0.0029,"sh24_gantz":0.008,"sh24_meretz":0.004,"sh_raam":0.8988,"sh24_raam":0.9044,"sh_hadash":0.026,"sh_balad":0.0173,"sh24_joint":0.0398,"sh24_newhope":0.008,"sh_other":0.0058,"sh24_other":0.004,"winner24":"raam"}},{"type":"Feature","geometry":{"type":"Point","coordinates":[35.06419,31.28778]},"properties":{"semel":1343,"name":"מכחול","winner":"raam","winnerShare":0.7545,"turnout":0.4811,"valid":277,"sh_likud":0.0253,"sh24_likud":0.1101,"sh_yesh_atid":0.083,"sh24_yesh_atid":0.0229,"sh_shas":0.0036,"sh_labor":0.0072,"sh24_labor":0.0229,"sh_gantz":0.0036,"sh_meretz":0.0108,"sh24_meretz":0.0367,"sh_raam":0.7545,"sh24_raam":0.6651,"sh_hadash":0.0578,"sh_balad":0.0397,"sh24_joint":0.0826,"sh_other":0.0144,"sh24_other":0.0596,"winner24":"raam"}},{"type":"Feature","geometry":{"type":"Point","coordinates":[34.75649,31.35656]},"properties":{"semel":1344,"name":"גבעות בר","winner":"likud","winnerShare":0.265,"turnout":0.7852,"valid":551,"sh_likud":0.265,"sh24_likud":0.2432,"sh_yesh_atid":0.216,"sh24_yesh_atid":0.1873,"sh_shas":0.0127,"sh24_shas":0.0077,"sh_rz":0.1724,"sh24_rz":0.0328,"sh_labor":0.0454,"sh24_labor":0.0946,"sh_gantz":0.2178,"sh24_gantz":0.0869,"sh_yb":0.0181,"sh24_yb":0.0328,"sh_meretz":0.0109,"sh24_meretz":0.0193,"sh_raam":0.0018,"sh_balad":0.0018,"sh24_yamina":0.2259,"sh24_newhope":0.0521,"sh_habait":0.0127,"sh_other":0.0254,"sh24_other":0.0174,"winner24":"likud"}},{"type":"Feature","geometry":{"type":"Point","coordinates":[34.99872,32.24103]},"properties":{"semel":1345,"name":"צור יצחק","winner":"yesh_atid","winnerShare":0.422,"turnout":0.8086,"valid":3168,"sh_likud":0.1787,"sh24_likud":0.1644,"sh_yesh_atid":0.422,"sh24_yesh_atid":0.3451,"sh_shas":0.0142,"sh24_shas":0.0119,"sh_utj":0.0025,"sh24_utj":0.0003,"sh_rz":0.0748,"sh24_rz":0.0125,"sh_labor":0.0549,"sh24_labor":0.0963,"sh_gantz":0.1525,"sh24_gantz":0.1044,"sh_yb":0.0271,"sh24_yb":0.0356,"sh_meretz":0.0325,"sh24_meretz":0.0529,"sh_raam":0.0006,"sh24_raam":0.001,"sh_hadash":0.0022,"sh_balad":0.0016,"sh24_joint":0.0003,"sh24_yamina":0.0769,"sh24_newhope":0.0824,"sh_habait":0.0107,"sh_other":0.0256,"sh24_other":0.0159,"winner24":"yesh_atid"}},{"type":"Feature","geometry":{"type":"Point","coordinates":[34.74005,31.34417]},"properties":{"semel":1346,"name":"תראבין אצאנעישוב","winner":"likud","winnerShare":0.5885,"turnout":0.3815,"valid":243,"sh_likud":0.5885,"sh24_likud":0.649,"sh_yesh_atid":0.0041,"sh_shas":0.0041,"sh24_shas":0.0082,"sh_labor":0.0041,"sh24_labor":0.0041,"sh_meretz":0.0082,"sh24_meretz":0.0163,"sh_raam":0.358,"sh24_raam":0.2816,"sh_hadash":0.0041,"sh_balad":0.0247,"sh24_joint":0.0327,"sh_other":0.0041,"sh24_other":0.0082,"winner24":"likud"}},{"type":"Feature","geometry":{"type":"Point","coordinates":[34.98214,31.08299]},"properties":{"semel":1347,"name":"קצר אסר","winner":"raam","winnerShare":0.9658,"turnout":0.7523,"valid":1053,"sh_likud":0.0009,"sh24_likud":0.0084,"sh_shas":0.0019,"sh_labor":0.0019,"sh24_labor":0.0012,"sh24_meretz":0.0024,"sh_raam":0.9658,"sh24_raam":0.9087,"sh_hadash":0.0133,"sh_balad":0.0009,"sh24_joint":0.0649,"sh24_yamina":0.0012,"sh24_newhope":0.0012,"sh_other":0.0152,"sh24_other":0.012,"winner24":"raam"}},{"type":"Feature","geometry":{"type":"Point","coordinates":[34.70165,31.0263]},"properties":{"semel":1348,"name":"ביר הדאג","winner":"raam","winnerShare":0.8682,"turnout":0.5833,"valid":789,"sh_likud":0.019,"sh24_yesh_atid":0.0012,"sh_shas":0.0025,"sh24_shas":0.0086,"sh_utj":0.0013,"sh_labor":0.0013,"sh24_gantz":0.0012,"sh_yb":0.0013,"sh_meretz":0.0051,"sh_raam":0.8682,"sh24_raam":0.962,"sh_hadash":0.0798,"sh_balad":0.0013,"sh24_joint":0.0159,"sh24_newhope":0.0012,"sh_other":0.0203,"sh24_other":0.0098,"winner24":"raam"}},{"type":"Feature","geometry":{"type":"Point","coordinates":[35.07577,31.30106]},"properties":{"semel":1349,"name":"דריגאת","winner":"raam","winnerShare":0.6706,"turnout":0.6825,"valid":428,"sh_likud":0.1168,"sh24_likud":0.0751,"sh_yesh_atid":0.021,"sh24_yesh_atid":0.006,"sh_utj":0.0117,"sh24_utj":0.0721,"sh24_labor":0.003,"sh_gantz":0.0047,"sh24_gantz":0.009,"sh24_yb":0.003,"sh24_meretz":0.033,"sh_raam":0.6706,"sh24_raam":0.6577,"sh_hadash":0.1285,"sh_balad":0.0421,"sh24_joint":0.1291,"sh24_yamina":0.006,"sh_other":0.0047,"sh24_other":0.006,"winner24":"raam"}},{"type":"Feature","geometry":{"type":"Point","coordinates":[34.88122,31.28031]},"properties":{"semel":1358,"name":"אום בטין","winner":"raam","winnerShare":0.8813,"turnout":0.5419,"valid":1289,"sh_likud":0.007,"sh24_likud":0.0077,"sh_yesh_atid":0.0008,"sh24_yesh_atid":0.001,"sh_shas":0.0008,"sh_labor":0.0008,"sh24_labor":0.001,"sh_gantz":0.0008,"sh24_gantz":0.001,"sh_yb":0.0008,"sh24_yb":0.001,"sh_meretz":0.0031,"sh24_meretz":0.0029,"sh_raam":0.8813,"sh24_raam":0.9144,"sh_hadash":0.0729,"sh_balad":0.0256,"sh24_joint":0.0606,"sh24_newhope":0.001,"sh_other":0.0062,"sh24_other":0.0096,"winner24":"raam"}},{"type":"Feature","geometry":{"type":"Point","coordinates":[34.91384,31.28535]},"properties":{"semel":1359,"name":"אל סייד","winner":"raam","winnerShare":0.8897,"turnout":0.5399,"valid":1088,"sh_likud":0.0478,"sh24_likud":0.347,"sh_yesh_atid":0.0046,"sh24_yesh_atid":0.005,"sh_shas":0.0009,"sh24_shas":0.0025,"sh_utj":0.0018,"sh_labor":0.0037,"sh24_labor":0.01,"sh_gantz":0.0009,"sh24_gantz":0.0012,"sh_meretz":0.0018,"sh24_meretz":0.0075,"sh_raam":0.8897,"sh24_raam":0.5236,"sh_hadash":0.0248,"sh_balad":0.0165,"sh24_joint":0.0933,"sh24_newhope":0.0012,"sh_other":0.0074,"sh24_other":0.0087,"winner24":"raam"}},{"type":"Feature","geometry":{"type":"Point","coordinates":[34.97059,31.25501]},"properties":{"semel":1360,"name":"סעוה","winner":"raam","winnerShare":0.8699,"turnout":0.5,"valid":538,"sh_likud":0.0074,"sh24_likud":0.0596,"sh_yesh_atid":0.0093,"sh24_yesh_atid":0.0081,"sh_shas":0.0019,"sh24_shas":0.0081,"sh_labor":0.0019,"sh_gantz":0.0056,"sh_meretz":0.0056,"sh24_meretz":0.0027,"sh_raam":0.8699,"sh24_raam":0.8401,"sh_hadash":0.0669,"sh_balad":0.0167,"sh24_joint":0.0596,"sh_habait":0.0019,"sh_other":0.013,"sh24_other":0.0217,"winner24":"raam"}},{"type":"Feature","geometry":{"type":"Point","coordinates":[34.87216,32.36017]},"properties":{"semel":1361,"name":"בת חן","winner":"yesh_atid","winnerShare":0.5256,"turnout":0.5924,"valid":234,"sh_likud":0.0897,"sh24_likud":0.0731,"sh_yesh_atid":0.5256,"sh24_yesh_atid":0.3288,"sh24_shas":0.0091,"sh_utj":0.0043,"sh24_utj":0.0091,"sh_rz":0.0385,"sh24_rz":0.0137,"sh_labor":0.0855,"sh24_labor":0.137,"sh_gantz":0.1154,"sh24_gantz":0.1507,"sh_yb":0.0256,"sh24_yb":0.0365,"sh_meretz":0.0598,"sh24_meretz":0.0913,"sh_hadash":0.0085,"sh24_yamina":0.0457,"sh24_newhope":0.0959,"sh_habait":0.0214,"sh_other":0.0256,"sh24_other":0.0091,"winner24":"yesh_atid"}},{"type":"Feature","geometry":{"type":"Point","coordinates":[34.31475,31.14102]},"properties":{"semel":1363,"name":"בני נצרים","winner":"rz","winnerShare":0.9286,"turnout":0.837,"valid":308,"sh_likud":0.026,"sh24_likud":0.019,"sh_yesh_atid":0.0032,"sh_shas":0.013,"sh_utj":0.013,"sh24_utj":0.0114,"sh_rz":0.9286,"sh24_rz":0.9087,"sh_gantz":0.0032,"sh24_gantz":0.0076,"sh24_yamina":0.0418,"sh24_newhope":0.0076,"sh_habait":0.0032,"sh_other":0.0097,"sh24_other":0.0038,"winner24":"rz"}},{"type":"Feature","geometry":{"type":"Point","coordinates":[34.30447,31.16736]},"properties":{"semel":1364,"name":"שלומית","winner":"rz","winnerShare":0.814,"turnout":0.8217,"valid":129,"sh_likud":0.1085,"sh24_likud":0.0855,"sh_shas":0.0233,"sh24_shas":0.0171,"sh_rz":0.814,"sh24_rz":0.6838,"sh_gantz":0.0155,"sh24_gantz":0.0085,"sh24_yamina":0.2051,"sh_habait":0.0388,"winner24":"rz"}},{"type":"Feature","geometry":{"type":"Point","coordinates":[34.93195,31.52936]},"properties":{"semel":1365,"name":"אליאב","winner":"gantz","winnerShare":0.3164,"turnout":0.8338,"valid":275,"sh_likud":0.0982,"sh24_likud":0.0711,"sh_yesh_atid":0.1745,"sh24_yesh_atid":0.1297,"sh_shas":0.0073,"sh24_shas":0.0084,"sh_utj":0.0036,"sh_rz":0.0982,"sh24_rz":0.0251,"sh_labor":0.0873,"sh24_labor":0.1632,"sh_gantz":0.3164,"sh24_gantz":0.1506,"sh_yb":0.0182,"sh_meretz":0.0364,"sh24_meretz":0.0502,"sh24_yamina":0.2301,"sh24_newhope":0.159,"sh_habait":0.1382,"sh_other":0.0218,"sh24_other":0.0126,"winner24":"yamina"}},{"type":"Feature","geometry":{"type":"Point","coordinates":[34.33394,31.16241]},"properties":{"semel":1366,"name":"נווה","winner":"rz","winnerShare":0.9864,"turnout":0.7909,"valid":295,"sh_likud":0.0136,"sh24_likud":0.0035,"sh24_yesh_atid":0.0035,"sh_rz":0.9864,"sh24_rz":0.9754,"sh24_yamina":0.0176,"winner24":"rz"}},{"type":"Feature","geometry":{"type":"Point","coordinates":[35.05305,31.2894]},"properties":{"semel":1367,"name":"כחלה","winner":"yesh_atid","winnerShare":0.4634,"turnout":0.6302,"valid":164,"sh_likud":0.0366,"sh24_likud":0.1089,"sh_yesh_atid":0.4634,"sh24_yesh_atid":0.3168,"sh24_labor":0.0099,"sh_gantz":0.0061,"sh_meretz":0.0244,"sh24_meretz":0.0693,"sh_raam":0.2988,"sh24_raam":0.4356,"sh_hadash":0.1341,"sh_balad":0.0366,"sh24_joint":0.0396,"sh24_newhope":0.0099,"sh24_other":0.0099,"winner24":"raam"}},{"type":"Feature","geometry":{"type":"Point","coordinates":[34.91735,31.51766]},"properties":{"semel":1368,"name":"בני דקלים","winner":"rz","winnerShare":0.8544,"turnout":0.8527,"valid":625,"sh_likud":0.0944,"sh24_likud":0.0877,"sh_shas":0.0192,"sh24_shas":0.0112,"sh_utj":0.0032,"sh24_utj":0.0019,"sh_rz":0.8544,"sh24_rz":0.7593,"sh_gantz":0.0096,"sh24_yamina":0.1287,"sh24_newhope":0.0093,"sh_habait":0.0192,"sh24_other":0.0019,"winner24":"rz"}},{"type":"Feature","geometry":{"type":"Point","coordinates":[34.92651,31.47827]},"properties":{"semel":1369,"name":"נטע","winner":"rz","winnerShare":0.8201,"turnout":0.814,"valid":278,"sh_likud":0.0432,"sh24_likud":0.0285,"sh_yesh_atid":0.0036,"sh_shas":0.0144,"sh24_shas":0.0081,"sh_utj":0.0036,"sh_rz":0.8201,"sh24_rz":0.6179,"sh_labor":0.0036,"sh24_labor":0.0041,"sh_gantz":0.0072,"sh24_yamina":0.3211,"sh24_newhope":0.0203,"sh_habait":0.0971,"sh_other":0.0072,"winner24":"rz"}},{"type":"Feature","geometry":{"type":"Point","coordinates":[35.06903,32.46132]},"properties":{"semel":1370,"name":"מצפה אילן","winner":"habait","winnerShare":0.4135,"turnout":0.8215,"valid":266,"sh_likud":0.1429,"sh24_likud":0.0909,"sh_yesh_atid":0.015,"sh24_yesh_atid":0.0087,"sh_shas":0.0075,"sh_utj":0.0038,"sh24_utj":0.0087,"sh_rz":0.3496,"sh24_rz":0.1515,"sh_labor":0.0075,"sh24_labor":0.0087,"sh_gantz":0.0564,"sh24_gantz":0.0043,"sh24_yamina":0.6883,"sh24_newhope":0.0346,"sh_habait":0.4135,"sh_other":0.0038,"sh24_other":0.0043,"winner24":"yamina"}},{"type":"Feature","geometry":{"type":"Point","coordinates":[34.79231,31.78842]},"properties":{"semel":1371,"name":"גני טל","winner":"rz","winnerShare":0.5356,"turnout":0.833,"valid":379,"sh_likud":0.2005,"sh24_likud":0.1338,"sh_yesh_atid":0.0237,"sh24_yesh_atid":0.0126,"sh_shas":0.0422,"sh24_shas":0.0354,"sh_utj":0.0211,"sh24_utj":0.0126,"sh_rz":0.5356,"sh24_rz":0.3535,"sh24_labor":0.0051,"sh_gantz":0.0237,"sh24_gantz":0.0101,"sh_yb":0.0026,"sh24_yamina":0.3965,"sh24_newhope":0.0303,"sh_habait":0.1319,"sh_other":0.0185,"sh24_other":0.0101,"winner24":"yamina"}},{"type":"Feature","geometry":{"type":"Point","coordinates":[34.86314,31.82117]},"properties":{"semel":1372,"name":"נצר חזני","winner":"rz","winnerShare":0.6063,"turnout":0.861,"valid":254,"sh_likud":0.1969,"sh24_likud":0.193,"sh_yesh_atid":0.0039,"sh_shas":0.0669,"sh24_shas":0.0395,"sh_utj":0.0394,"sh24_utj":0.0395,"sh_rz":0.6063,"sh24_rz":0.4298,"sh24_labor":0.0044,"sh_gantz":0.0197,"sh_yb":0.0039,"sh24_yamina":0.2544,"sh24_newhope":0.0395,"sh_habait":0.063,"winner24":"rz"}},{"type":"Feature","geometry":{"type":"Point","coordinates":[34.93145,31.18385]},"properties":{"semel":1375,"name":"אבו תלול","winner":"raam","winnerShare":0.7666,"turnout":0.5723,"valid":647,"sh_likud":0.0062,"sh24_likud":0.0313,"sh24_labor":0.0021,"sh_gantz":0.0046,"sh24_meretz":0.0063,"sh_raam":0.7666,"sh24_raam":0.9081,"sh_hadash":0.2102,"sh_balad":0.0093,"sh24_joint":0.0459,"sh_other":0.0031,"sh24_other":0.0063,"winner24":"raam"}},{"type":"Feature","geometry":{"type":"Point","coordinates":[34.60775,31.70028]},"properties":{"semel":1376,"name":"באר גנים","winner":"likud","winnerShare":0.3593,"turnout":0.8319,"valid":974,"sh_likud":0.3593,"sh24_likud":0.3479,"sh_yesh_atid":0.0329,"sh24_yesh_atid":0.0349,"sh_shas":0.1407,"sh24_shas":0.0898,"sh_utj":0.0154,"sh24_utj":0.0075,"sh_rz":0.3296,"sh24_rz":0.2506,"sh_labor":0.0051,"sh24_labor":0.01,"sh_gantz":0.0606,"sh24_gantz":0.0212,"sh_yb":0.0092,"sh24_yb":0.0037,"sh24_meretz":0.0012,"sh24_yamina":0.197,"sh24_newhope":0.0249,"sh_habait":0.0359,"sh_other":0.0113,"sh24_other":0.0112,"winner24":"likud"}},{"type":"Feature","geometry":{"type":"Point","coordinates":[34.63659,31.7363]},"properties":{"semel":1419,"name":"ניצן ב","winner":"rz","winnerShare":0.4324,"turnout":0.7146,"valid":333,"sh_likud":0.3634,"sh24_likud":0.4176,"sh_yesh_atid":0.03,"sh24_yesh_atid":0.0324,"sh_shas":0.0901,"sh24_shas":0.0824,"sh_utj":0.012,"sh24_utj":0.0059,"sh_rz":0.4324,"sh24_rz":0.2853,"sh_labor":0.009,"sh24_labor":0.0088,"sh_gantz":0.036,"sh24_gantz":0.0118,"sh_yb":0.003,"sh24_yamina":0.1059,"sh24_newhope":0.0382,"sh_habait":0.012,"sh_other":0.012,"sh24_other":0.0118,"winner24":"likud"}},{"type":"Feature","geometry":{"type":"Point","coordinates":[34.96266,32.30538]},"properties":{"semel":2002,"name":"תנובות","winner":"likud","winnerShare":0.3603,"turnout":0.7267,"valid":458,"sh_likud":0.3603,"sh24_likud":0.3649,"sh_yesh_atid":0.1943,"sh24_yesh_atid":0.1247,"sh_shas":0.0459,"sh24_shas":0.0323,"sh_utj":0.0087,"sh24_utj":0.0115,"sh_rz":0.1245,"sh24_rz":0.0462,"sh_labor":0.0393,"sh24_labor":0.0693,"sh_gantz":0.1769,"sh24_gantz":0.1432,"sh_yb":0.0044,"sh24_yb":0.0069,"sh_meretz":0.0175,"sh24_meretz":0.0323,"sh24_yamina":0.0947,"sh24_newhope":0.0554,"sh_habait":0.0066,"sh_other":0.0218,"sh24_other":0.0185,"winner24":"likud"}},{"type":"Feature","geometry":{"type":"Point","coordinates":[34.97756,32.44583]},"properties":{"semel":2003,"name":"תלמי אלעזר","winner":"yesh_atid","winnerShare":0.4115,"turnout":0.762,"valid":520,"sh_likud":0.1654,"sh24_likud":0.1562,"sh_yesh_atid":0.4115,"sh24_yesh_atid":0.2781,"sh_shas":0.0058,"sh24_shas":0.0038,"sh_utj":0.0096,"sh_rz":0.0385,"sh24_rz":0.0095,"sh_labor":0.0942,"sh24_labor":0.1638,"sh_gantz":0.1865,"sh24_gantz":0.1333,"sh_yb":0.0212,"sh24_yb":0.0362,"sh_meretz":0.0481,"sh24_meretz":0.0857,"sh_raam":0.0019,"sh_hadash":0.0019,"sh24_yamina":0.0438,"sh24_newhope":0.0724,"sh_habait":0.0019,"sh_other":0.0135,"sh24_other":0.0171,"winner24":"yesh_atid"}},{"type":"Feature","geometry":{"type":"Point","coordinates":[34.99329,32.40508]},"properties":{"semel":2008,"name":"שדה יצחק","winner":"yesh_atid","winnerShare":0.3404,"turnout":0.7489,"valid":332,"sh_likud":0.2349,"sh24_likud":0.2021,"sh_yesh_atid":0.3404,"sh24_yesh_atid":0.2637,"sh_shas":0.0151,"sh24_shas":0.0171,"sh_rz":0.0783,"sh24_rz":0.0137,"sh_labor":0.0753,"sh24_labor":0.1199,"sh_gantz":0.1657,"sh24_gantz":0.1473,"sh_yb":0.003,"sh24_yb":0.0445,"sh_meretz":0.0572,"sh24_meretz":0.0753,"sh_hadash":0.009,"sh24_joint":0.0034,"sh24_yamina":0.0445,"sh24_newhope":0.0514,"sh_habait":0.006,"sh_other":0.0151,"sh24_other":0.0171,"winner24":"yesh_atid"}},{"type":"Feature","geometry":{"type":"Point","coordinates":[35.59793,33.24672]},"properties":{"semel":2009,"name":"יובל","winner":"likud","winnerShare":0.355,"turnout":0.7306,"valid":338,"sh_likud":0.355,"sh24_likud":0.271,"sh_yesh_atid":0.1538,"sh24_yesh_atid":0.1526,"sh_shas":0.0533,"sh24_shas":0.053,"sh_utj":0.0059,"sh24_utj":0.0031,"sh_rz":0.1006,"sh24_rz":0.028,"sh_labor":0.0592,"sh24_labor":0.0903,"sh_gantz":0.2337,"sh24_gantz":0.1246,"sh24_yb":0.0031,"sh_meretz":0.0207,"sh24_meretz":0.0436,"sh_hadash":0.003,"sh24_yamina":0.1184,"sh24_newhope":0.1028,"sh_habait":0.003,"sh_other":0.0118,"sh24_other":0.0093,"winner24":"likud"}},{"type":"Feature","geometry":{"type":"Point","coordinates":[34.94714,31.86197]},"properties":{"semel":2010,"name":"כפר בן נון","winner":"yesh_atid","winnerShare":0.3295,"turnout":0.7865,"valid":431,"sh_likud":0.1647,"sh24_likud":0.1618,"sh_yesh_atid":0.3295,"sh24_yesh_atid":0.2198,"sh_shas":0.0162,"sh24_shas":0.0121,"sh_rz":0.0882,"sh24_rz":0.0169,"sh_labor":0.0974,"sh24_labor":0.186,"sh_gantz":0.1369,"sh24_gantz":0.099,"sh_yb":0.0186,"sh24_yb":0.0386,"sh_meretz":0.1183,"sh24_meretz":0.1377,"sh_hadash":0.007,"sh24_yamina":0.0507,"sh24_newhope":0.0725,"sh_habait":0.007,"sh_other":0.0162,"sh24_other":0.0048,"winner24":"yesh_atid"}},{"type":"Feature","geometry":{"type":"Point","coordinates":[34.78146,31.74258]},"properties":{"semel":2011,"name":"ינון","winner":"likud","winnerShare":0.4398,"turnout":0.7943,"valid":748,"sh_likud":0.4398,"sh24_likud":0.5195,"sh_yesh_atid":0.0481,"sh24_yesh_atid":0.0345,"sh_shas":0.0816,"sh24_shas":0.0586,"sh_utj":0.0214,"sh24_utj":0.0135,"sh_rz":0.2099,"sh24_rz":0.0646,"sh_labor":0.0107,"sh24_labor":0.027,"sh_gantz":0.0816,"sh24_gantz":0.0586,"sh_yb":0.0053,"sh24_yb":0.0015,"sh_meretz":0.0053,"sh24_meretz":0.012,"sh_raam":0.0107,"sh24_raam":0.0045,"sh_hadash":0.0535,"sh_balad":0.012,"sh24_joint":0.0781,"sh24_yamina":0.0616,"sh24_newhope":0.0435,"sh_habait":0.0094,"sh_other":0.0107,"sh24_other":0.0225,"winner24":"likud"}},{"type":"Feature","geometry":{"type":"Point","coordinates":[34.73447,31.74217]},"properties":{"semel":2012,"name":"אורות","winner":"yesh_atid","winnerShare":0.3735,"turnout":0.7359,"valid":324,"sh_likud":0.1389,"sh24_likud":0.1175,"sh_yesh_atid":0.3735,"sh24_yesh_atid":0.2794,"sh_shas":0.0062,"sh24_shas":0.0095,"sh_utj":0.0031,"sh_rz":0.037,"sh24_rz":0.0127,"sh_labor":0.1327,"sh24_labor":0.1619,"sh_gantz":0.2099,"sh24_gantz":0.1651,"sh_yb":0.0031,"sh24_yb":0.0222,"sh_meretz":0.0802,"sh24_meretz":0.1111,"sh24_yamina":0.0476,"sh24_newhope":0.0444,"sh_habait":0.0062,"sh_other":0.0093,"sh24_other":0.0286,"winner24":"yesh_atid"}},{"type":"Feature","geometry":{"type":"Point","coordinates":[34.92282,31.95285]},"properties":{"semel":2013,"name":"בן שמן מושב","winner":"yesh_atid","winnerShare":0.3576,"turnout":0.7656,"valid":467,"sh_likud":0.2077,"sh24_likud":0.2333,"sh_yesh_atid":0.3576,"sh24_yesh_atid":0.2527,"sh_shas":0.0107,"sh24_shas":0.0151,"sh_utj":0.0021,"sh24_utj":0.0043,"sh_rz":0.0792,"sh24_rz":0.0108,"sh_labor":0.0728,"sh24_labor":0.1533,"sh_gantz":0.1563,"sh24_gantz":0.0994,"sh_yb":0.0193,"sh24_yb":0.0151,"sh_meretz":0.0857,"sh24_meretz":0.1058,"sh24_joint":0.0043,"sh24_yamina":0.0432,"sh24_newhope":0.0497,"sh_other":0.0086,"sh24_other":0.013,"winner24":"yesh_atid"}},{"type":"Feature","geometry":{"type":"Point","coordinates":[34.59152,31.39681]},"properties":{"semel":2014,"name":"גבעולים","winner":"likud","winnerShare":0.6692,"turnout":0.8259,"valid":260,"sh_likud":0.6692,"sh24_likud":0.6962,"sh_yesh_atid":0.0231,"sh24_yesh_atid":0.0127,"sh_shas":0.1154,"sh24_shas":0.1097,"sh_utj":0.0038,"sh24_utj":0.0042,"sh_rz":0.15,"sh24_rz":0.0464,"sh24_labor":0.0084,"sh_gantz":0.0346,"sh24_gantz":0.0127,"sh24_yamina":0.038,"sh24_newhope":0.0591,"sh_other":0.0038,"sh24_other":0.0127,"winner24":"likud"}},{"type":"Feature","geometry":{"type":"Point","coordinates":[34.94317,32.15964]},"properties":{"semel":2015,"name":"שדי חמד","winner":"yesh_atid","winnerShare":0.3941,"turnout":0.7514,"valid":543,"sh_likud":0.1418,"sh24_likud":0.1273,"sh_yesh_atid":0.3941,"sh24_yesh_atid":0.2601,"sh_shas":0.0074,"sh24_shas":0.0037,"sh24_utj":0.0018,"sh_rz":0.0516,"sh24_rz":0.0092,"sh_labor":0.0921,"sh24_labor":0.1402,"sh_gantz":0.1915,"sh24_gantz":0.1808,"sh_yb":0.0221,"sh24_yb":0.0295,"sh_meretz":0.0608,"sh24_meretz":0.1107,"sh_hadash":0.0018,"sh24_yamina":0.0535,"sh24_newhope":0.0627,"sh_habait":0.0092,"sh_other":0.0276,"sh24_other":0.0203,"winner24":"yesh_atid"}},{"type":"Feature","geometry":{"type":"Point","coordinates":[35.47327,32.44871]},"properties":{"semel":2016,"name":"רוויה","winner":"likud","winnerShare":0.5455,"turnout":0.69,"valid":187,"sh_likud":0.5455,"sh24_likud":0.6488,"sh_yesh_atid":0.0107,"sh_shas":0.1872,"sh24_shas":0.1667,"sh_utj":0.0107,"sh24_utj":0.006,"sh_rz":0.2139,"sh24_rz":0.0714,"sh_labor":0.0053,"sh24_labor":0.0119,"sh_gantz":0.0214,"sh24_gantz":0.006,"sh24_yamina":0.0417,"sh24_newhope":0.0417,"sh_habait":0.0053,"sh24_other":0.006,"winner24":"likud"}},{"type":"Feature","geometry":{"type":"Point","coordinates":[34.93232,32.39941]},"properties":{"semel":2018,"name":"גבעת חיים איחוד","winner":"labor","winnerShare":0.3791,"turnout":0.7371,"valid":736,"sh_likud":0.0258,"sh24_likud":0.0163,"sh_yesh_atid":0.3424,"sh24_yesh_atid":0.2262,"sh_shas":0.0014,"sh_utj":0.0014,"sh_rz":0.0041,"sh24_rz":0.0014,"sh_labor":0.3791,"sh24_labor":0.4278,"sh_gantz":0.1073,"sh24_gantz":0.0926,"sh_yb":0.0082,"sh24_yb":0.015,"sh_meretz":0.1101,"sh24_meretz":0.188,"sh_raam":0.0054,"sh_hadash":0.0014,"sh_balad":0.0014,"sh24_yamina":0.0082,"sh24_newhope":0.015,"sh_other":0.0122,"sh24_other":0.0095,"winner24":"labor"}},{"type":"Feature","geometry":{"type":"Point","coordinates":[34.69737,31.32578]},"properties":{"semel":2021,"name":"אשל הנשיא","winner":"likud","winnerShare":0.3125,"turnout":0.5766,"valid":64,"sh_likud":0.3125,"sh24_likud":0.1356,"sh_yesh_atid":0.25,"sh24_yesh_atid":0.2373,"sh_utj":0.0156,"sh24_utj":0.0169,"sh_rz":0.1563,"sh24_rz":0.0508,"sh_labor":0.0156,"sh24_labor":0.0339,"sh_gantz":0.1406,"sh24_gantz":0.1525,"sh_yb":0.0469,"sh24_yb":0.0169,"sh24_meretz":0.0678,"sh24_yamina":0.1017,"sh24_newhope":0.1695,"sh_habait":0.0156,"sh_other":0.0469,"sh24_other":0.0169,"winner24":"yesh_atid"}},{"type":"Feature","geometry":{"type":"Point","coordinates":[34.86889,31.37955]},"properties":{"semel":2023,"name":"להב","winner":"yesh_atid","winnerShare":0.381,"turnout":0.6972,"valid":378,"sh_likud":0.037,"sh24_likud":0.0366,"sh_yesh_atid":0.381,"sh24_yesh_atid":0.212,"sh_rz":0.0132,"sh24_rz":0.0026,"sh_labor":0.1402,"sh24_labor":0.2592,"sh_gantz":0.1746,"sh24_gantz":0.1204,"sh_yb":0.0185,"sh24_yb":0.0236,"sh_meretz":0.2275,"sh24_meretz":0.301,"sh24_joint":0.0026,"sh24_yamina":0.0105,"sh24_newhope":0.0209,"sh_other":0.0079,"sh24_other":0.0105,"winner24":"meretz"}},{"type":"Feature","geometry":{"type":"Point","coordinates":[35.05637,32.46919]},"properties":{"semel":2024,"name":"אום אלקוטוף","winner":"balad","winnerShare":0.3857,"turnout":0.5791,"valid":446,"sh_likud":0.0045,"sh24_likud":0.0319,"sh24_yesh_atid":0.0053,"sh24_shas":0.0559,"sh_labor":0.0022,"sh24_labor":0.0053,"sh_gantz":0.0045,"sh24_yb":0.0053,"sh_meretz":0.0269,"sh24_meretz":0.0957,"sh_raam":0.3386,"sh24_raam":0.3511,"sh_hadash":0.2354,"sh_balad":0.3857,"sh24_joint":0.4441,"sh24_yamina":0.0027,"sh_other":0.0022,"sh24_other":0.0027,"winner24":"joint"}},{"type":"Feature","geometry":{"type":"Point","coordinates":[35.56467,32.56527]},"properties":{"semel":2026,"name":"ירדנה","winner":"likud","winnerShare":0.6376,"turnout":0.7774,"valid":218,"sh_likud":0.6376,"sh24_likud":0.5672,"sh_yesh_atid":0.0688,"sh24_yesh_atid":0.0547,"sh_shas":0.0229,"sh24_shas":0.0498,"sh_rz":0.1284,"sh24_rz":0.0249,"sh_labor":0.0046,"sh24_labor":0.0199,"sh_gantz":0.1193,"sh24_gantz":0.1144,"sh24_yb":0.005,"sh24_yamina":0.1244,"sh24_newhope":0.0299,"sh_habait":0.0092,"sh_other":0.0092,"sh24_other":0.01,"winner24":"likud"}},{"type":"Feature","geometry":{"type":"Point","coordinates":[35.15864,32.59507]},"properties":{"semel":2029,"name":"מדרך עוז","winner":"likud","winnerShare":0.4265,"turnout":0.7125,"valid":408,"sh_likud":0.4265,"sh24_likud":0.4539,"sh_yesh_atid":0.1544,"sh24_yesh_atid":0.1197,"sh_shas":0.0539,"sh24_shas":0.0599,"sh_utj":0.0172,"sh24_utj":0.02,"sh_rz":0.1201,"sh24_rz":0.0324,"sh_labor":0.0343,"sh24_labor":0.0399,"sh_gantz":0.1348,"sh24_gantz":0.0723,"sh_yb":0.0098,"sh24_yb":0.0299,"sh_meretz":0.0123,"sh24_meretz":0.01,"sh24_yamina":0.0798,"sh24_newhope":0.0698,"sh_habait":0.0147,"sh_other":0.0221,"sh24_other":0.0125,"winner24":"likud"}},{"type":"Feature","geometry":{"type":"Point","coordinates":[34.77735,31.65756]},"properties":{"semel":2030,"name":"מנוחה","winner":"likud","winnerShare":0.4781,"turnout":0.7978,"valid":366,"sh_likud":0.4781,"sh24_likud":0.5015,"sh_yesh_atid":0.0328,"sh24_yesh_atid":0.0324,"sh_shas":0.1475,"sh24_shas":0.1268,"sh_utj":0.0164,"sh_rz":0.2623,"sh24_rz":0.1357,"sh_labor":0.0027,"sh24_labor":0.0236,"sh_gantz":0.0437,"sh24_gantz":0.0501,"sh_yb":0.0027,"sh24_meretz":0.0088,"sh24_yamina":0.1062,"sh24_newhope":0.0088,"sh_habait":0.0137,"sh24_other":0.0059,"winner24":"likud"}},{"type":"Feature","geometry":{"type":"Point","coordinates":[34.81171,31.7923]},"properties":{"semel":2033,"name":"בית חלקיה","winner":"utj","winnerShare":0.8763,"turnout":0.8264,"valid":396,"sh_likud":0.0076,"sh24_likud":0.0103,"sh_yesh_atid":0.0051,"sh24_yesh_atid":0.0026,"sh_shas":0.0429,"sh24_shas":0.0154,"sh_utj":0.8763,"sh24_utj":0.8846,"sh_rz":0.0657,"sh24_rz":0.059,"sh_labor":0.0025,"sh24_labor":0.0051,"sh24_yamina":0.0205,"sh24_newhope":0.0026,"winner24":"utj"}},{"type":"Feature","geometry":{"type":"Point","coordinates":[35.54358,32.98203]},"properties":{"semel":2034,"name":"חצור הגלילית","winner":"likud","winnerShare":0.4321,"turnout":0.7063,"valid":5267,"sh_likud":0.4321,"sh24_likud":0.4594,"sh_yesh_atid":0.0298,"sh24_yesh_atid":0.0215,"sh_shas":0.1536,"sh24_shas":0.1393,"sh_utj":0.1718,"sh24_utj":0.1561,"sh_rz":0.1225,"sh24_rz":0.0634,"sh_labor":0.0049,"sh24_labor":0.0128,"sh_gantz":0.0389,"sh24_gantz":0.0253,"sh_yb":0.0275,"sh24_yb":0.0379,"sh_meretz":0.0019,"sh24_meretz":0.0031,"sh_raam":0.0015,"sh24_raam":0.0002,"sh_hadash":0.0002,"sh24_yamina":0.0443,"sh24_newhope":0.0282,"sh_habait":0.0095,"sh_other":0.0057,"sh24_other":0.0085,"winner24":"likud"}},{"type":"Feature","geometry":{"type":"Point","coordinates":[34.90517,32.14006]},"properties":{"semel":2035,"name":"עדנים","winner":"yesh_atid","winnerShare":0.45,"turnout":0.7509,"valid":220,"sh_likud":0.1182,"sh24_likud":0.1447,"sh_yesh_atid":0.45,"sh24_yesh_atid":0.3114,"sh_rz":0.0455,"sh24_rz":0.0219,"sh_labor":0.0682,"sh24_labor":0.1184,"sh_gantz":0.1773,"sh24_gantz":0.1535,"sh_yb":0.0182,"sh24_yb":0.0044,"sh_meretz":0.0545,"sh24_meretz":0.1228,"sh_raam":0.0045,"sh_hadash":0.0045,"sh24_yamina":0.057,"sh24_newhope":0.0395,"sh_habait":0.0091,"sh_other":0.05,"sh24_other":0.0263,"winner24":"yesh_atid"}},{"type":"Feature","geometry":{"type":"Point","coordinates":[34.94441,32.01621]},"properties":{"semel":2038,"name":"ברקת","winner":"rz","winnerShare":0.4975,"turnout":0.8398,"valid":1011,"sh_likud":0.2878,"sh24_likud":0.3777,"sh_yesh_atid":0.0089,"sh24_yesh_atid":0.0123,"sh_shas":0.1583,"sh24_shas":0.1508,"sh_utj":0.0188,"sh24_utj":0.0168,"sh_rz":0.4975,"sh24_rz":0.3609,"sh24_labor":0.0034,"sh_gantz":0.0119,"sh24_gantz":0.0045,"sh_yb":0.001,"sh24_yb":0.0022,"sh_meretz":0.001,"sh24_yamina":0.0536,"sh24_newhope":0.0145,"sh_habait":0.0069,"sh_other":0.0079,"sh24_other":0.0034,"winner24":"likud"}},{"type":"Feature","geometry":{"type":"Point","coordinates":[35.38471,31.45252]},"properties":{"semel":2042,"name":"עין גדי","winner":"yesh_atid","winnerShare":0.3675,"turnout":0.5921,"valid":283,"sh_likud":0.0707,"sh24_likud":0.1006,"sh_yesh_atid":0.3675,"sh24_yesh_atid":0.1981,"sh_shas":0.0071,"sh24_shas":0.0065,"sh_rz":0.0141,"sh_labor":0.2155,"sh24_labor":0.3701,"sh_gantz":0.1343,"sh24_gantz":0.0877,"sh_yb":0.0141,"sh24_yb":0.0195,"sh_meretz":0.1201,"sh24_meretz":0.0974,"sh_raam":0.0035,"sh_hadash":0.0141,"sh_balad":0.0035,"sh24_joint":0.0032,"sh24_yamina":0.0584,"sh24_newhope":0.0422,"sh_habait":0.0035,"sh_other":0.0318,"sh24_other":0.0162,"winner24":"labor"}},{"type":"Feature","geometry":{"type":"Point","coordinates":[35.01862,32.35081]},"properties":{"semel":2043,"name":"בחן","winner":"yesh_atid","winnerShare":0.481,"turnout":0.7455,"valid":501,"sh_likud":0.1078,"sh24_likud":0.0881,"sh_yesh_atid":0.481,"sh24_yesh_atid":0.3361,"sh_shas":0.002,"sh24_shas":0.0041,"sh_rz":0.022,"sh_labor":0.1218,"sh24_labor":0.2295,"sh_gantz":0.1397,"sh24_gantz":0.1168,"sh_yb":0.0279,"sh24_yb":0.0266,"sh_meretz":0.0719,"sh24_meretz":0.1066,"sh_hadash":0.002,"sh_balad":0.002,"sh24_yamina":0.0328,"sh24_newhope":0.0492,"sh_habait":0.01,"sh_other":0.012,"sh24_other":0.0102,"winner24":"yesh_atid"}},{"type":"Feature","geometry":{"type":"Point","coordinates":[34.59522,31.38951]},"properties":{"semel":2044,"name":"מלילות","winner":"likud","winnerShare":0.6296,"turnout":0.8243,"valid":243,"sh_likud":0.6296,"sh24_likud":0.678,"sh_yesh_atid":0.0206,"sh24_yesh_atid":0.0244,"sh_shas":0.1193,"sh24_shas":0.0927,"sh_utj":0.0165,"sh24_utj":0.0098,"sh_rz":0.1728,"sh24_rz":0.1024,"sh_labor":0.0082,"sh24_labor":0.0098,"sh_gantz":0.0206,"sh24_gantz":0.0049,"sh24_yb":0.0098,"sh_meretz":0.0041,"sh24_yamina":0.039,"sh24_newhope":0.0244,"sh_other":0.0082,"sh24_other":0.0049,"winner24":"likud"}},{"type":"Feature","geometry":{"type":"Point","coordinates":[34.79487,31.65812]},"properties":{"semel":2045,"name":"נחלה","winner":"likud","winnerShare":0.3342,"turnout":0.8261,"valid":398,"sh_likud":0.3342,"sh24_likud":0.3899,"sh_yesh_atid":0.0729,"sh24_yesh_atid":0.061,"sh_shas":0.1683,"sh24_shas":0.1379,"sh_utj":0.0327,"sh24_utj":0.0159,"sh_rz":0.2035,"sh24_rz":0.0902,"sh_labor":0.0302,"sh24_labor":0.0504,"sh_gantz":0.1156,"sh24_gantz":0.0769,"sh_yb":0.0075,"sh_meretz":0.0126,"sh24_meretz":0.0133,"sh24_yamina":0.0902,"sh24_newhope":0.0451,"sh_habait":0.0101,"sh_other":0.0126,"sh24_other":0.0292,"winner24":"likud"}},{"type":"Feature","geometry":{"type":"Point","coordinates":[34.78035,31.66988]},"properties":{"semel":2046,"name":"סגולה","winner":"yesh_atid","winnerShare":0.3,"turnout":0.7892,"valid":350,"sh_likud":0.2314,"sh24_likud":0.2242,"sh_yesh_atid":0.3,"sh24_yesh_atid":0.2485,"sh_shas":0.0229,"sh24_shas":0.0121,"sh_utj":0.0057,"sh24_utj":0.0061,"sh_rz":0.0657,"sh24_rz":0.0212,"sh_labor":0.08,"sh24_labor":0.1242,"sh_gantz":0.2343,"sh24_gantz":0.1758,"sh_yb":0.0086,"sh24_yb":0.0182,"sh_meretz":0.0229,"sh24_meretz":0.0364,"sh24_yamina":0.0455,"sh24_newhope":0.0697,"sh_habait":0.0029,"sh_other":0.0257,"sh24_other":0.0182,"winner24":"yesh_atid"}},{"type":"Feature","geometry":{"type":"Point","coordinates":[34.6309,31.47747]},"properties":{"semel":2047,"name":"ניר משה","winner":"yesh_atid","winnerShare":0.3023,"turnout":0.6927,"valid":301,"sh_likud":0.2259,"sh24_likud":0.2237,"sh_yesh_atid":0.3023,"sh24_yesh_atid":0.2171,"sh_shas":0.0465,"sh24_shas":0.023,"sh_utj":0.0033,"sh_rz":0.0731,"sh24_rz":0.0099,"sh_labor":0.0565,"sh24_labor":0.1217,"sh_gantz":0.196,"sh24_gantz":0.1349,"sh_yb":0.0133,"sh24_yb":0.0263,"sh_meretz":0.0266,"sh24_meretz":0.0592,"sh_raam":0.0033,"sh_hadash":0.0033,"sh_balad":0.0033,"sh24_yamina":0.0724,"sh24_newhope":0.0954,"sh_habait":0.0066,"sh_other":0.0399,"sh24_other":0.0164,"winner24":"likud"}},{"type":"Feature","geometry":{"type":"Point","coordinates":[34.6466,31.46986]},"properties":{"semel":2048,"name":"ניר עקיבא","winner":"likud","winnerShare":0.2454,"turnout":0.7002,"valid":326,"sh_likud":0.2454,"sh24_likud":0.2085,"sh_yesh_atid":0.1748,"sh24_yesh_atid":0.1131,"sh_shas":0.1135,"sh24_shas":0.0754,"sh_utj":0.0061,"sh24_utj":0.0126,"sh_rz":0.1994,"sh24_rz":0.2714,"sh_labor":0.0491,"sh24_labor":0.0754,"sh_gantz":0.1411,"sh24_gantz":0.0754,"sh_yb":0.0184,"sh24_yb":0.0201,"sh_meretz":0.0276,"sh24_meretz":0.0201,"sh24_yamina":0.0653,"sh24_newhope":0.0477,"sh_habait":0.0245,"sh24_other":0.0151,"winner24":"rz"}},{"type":"Feature","geometry":{"type":"Point","coordinates":[34.71224,31.44883]},"properties":{"semel":2049,"name":"שדה צבי","winner":"likud","winnerShare":0.3947,"turnout":0.7624,"valid":337,"sh_likud":0.3947,"sh24_likud":0.3671,"sh_yesh_atid":0.1187,"sh24_yesh_atid":0.1044,"sh_shas":0.1246,"sh24_shas":0.1139,"sh_utj":0.0089,"sh24_utj":0.0032,"sh_rz":0.1276,"sh24_rz":0.0601,"sh_labor":0.0564,"sh24_labor":0.1076,"sh_gantz":0.1128,"sh24_gantz":0.0918,"sh_yb":0.003,"sh24_yb":0.0127,"sh_meretz":0.0148,"sh24_meretz":0.0285,"sh24_yamina":0.057,"sh24_newhope":0.0253,"sh_habait":0.0119,"sh_other":0.0267,"sh24_other":0.0285,"winner24":"likud"}},{"type":"Feature","geometry":{"type":"Point","coordinates":[34.64556,31.43797]},"properties":{"semel":2050,"name":"תלמי בילו","winner":"likud","winnerShare":0.5068,"turnout":0.7956,"valid":292,"sh_likud":0.5068,"sh24_likud":0.5356,"sh_yesh_atid":0.0514,"sh24_yesh_atid":0.0637,"sh_shas":0.0548,"sh24_shas":0.0375,"sh_utj":0.0034,"sh24_utj":0.0037,"sh_rz":0.2637,"sh24_rz":0.1161,"sh_labor":0.0103,"sh24_labor":0.0187,"sh_gantz":0.0822,"sh24_gantz":0.0712,"sh_yb":0.0103,"sh24_yb":0.015,"sh_meretz":0.0103,"sh24_meretz":0.0037,"sh24_yamina":0.0712,"sh24_newhope":0.0412,"sh_other":0.0068,"sh24_other":0.0225,"winner24":"likud"}},{"type":"Feature","geometry":{"type":"Point","coordinates":[34.73339,31.64938]},"properties":{"semel":2051,"name":"רווחה","winner":"likud","winnerShare":0.5083,"turnout":0.8699,"valid":360,"sh_likud":0.5083,"sh24_likud":0.658,"sh_yesh_atid":0.0083,"sh24_yesh_atid":0.0029,"sh_shas":0.2028,"sh24_shas":0.1797,"sh_utj":0.0222,"sh24_utj":0.0087,"sh_rz":0.2194,"sh24_rz":0.0464,"sh_labor":0.0028,"sh24_labor":0.0058,"sh_gantz":0.025,"sh24_gantz":0.0116,"sh_yb":0.0028,"sh24_yb":0.0029,"sh24_meretz":0.0029,"sh24_yamina":0.0319,"sh24_newhope":0.0435,"sh_habait":0.0056,"sh_other":0.0028,"sh24_other":0.0058,"winner24":"likud"}},{"type":"Feature","geometry":{"type":"Point","coordinates":[35.30735,32.55768]},"properties":{"semel":2052,"name":"אביטל","winner":"likud","winnerShare":0.4709,"turnout":0.7923,"valid":327,"sh_likud":0.4709,"sh24_likud":0.602,"sh_yesh_atid":0.0214,"sh24_yesh_atid":0.0134,"sh_shas":0.0856,"sh24_shas":0.097,"sh_utj":0.0183,"sh_rz":0.263,"sh24_rz":0.1003,"sh_labor":0.0061,"sh24_labor":0.0134,"sh_gantz":0.1009,"sh24_gantz":0.0635,"sh_yb":0.0061,"sh24_yb":0.01,"sh_meretz":0.0031,"sh24_yamina":0.0468,"sh24_newhope":0.0435,"sh_habait":0.0214,"sh_other":0.0031,"sh24_other":0.01,"winner24":"likud"}},{"type":"Feature","geometry":{"type":"Point","coordinates":[35.31075,32.54574]},"properties":{"semel":2053,"name":"פרזון","winner":"likud","winnerShare":0.5187,"turnout":0.7297,"valid":241,"sh_likud":0.5187,"sh24_likud":0.5641,"sh_yesh_atid":0.0539,"sh24_yesh_atid":0.0171,"sh_shas":0.0788,"sh24_shas":0.0556,"sh_utj":0.0207,"sh24_utj":0.0128,"sh_rz":0.1784,"sh24_rz":0.0598,"sh_labor":0.0166,"sh24_labor":0.0342,"sh_gantz":0.0871,"sh24_gantz":0.0769,"sh_yb":0.0083,"sh_meretz":0.0083,"sh24_meretz":0.0128,"sh24_yamina":0.094,"sh24_newhope":0.0598,"sh_habait":0.029,"sh24_other":0.0128,"winner24":"likud"}},{"type":"Feature","geometry":{"type":"Point","coordinates":[35.30079,32.54585]},"properties":{"semel":2054,"name":"מיטב","winner":"likud","winnerShare":0.5552,"turnout":0.7967,"valid":290,"sh_likud":0.5552,"sh24_likud":0.6264,"sh_yesh_atid":0.0586,"sh24_yesh_atid":0.034,"sh_shas":0.0517,"sh24_shas":0.0604,"sh_utj":0.0103,"sh_rz":0.1931,"sh24_rz":0.0528,"sh_labor":0.0069,"sh24_labor":0.0264,"sh_gantz":0.0586,"sh24_gantz":0.0302,"sh_yb":0.0034,"sh24_yb":0.0038,"sh_meretz":0.0034,"sh24_meretz":0.0075,"sh_raam":0.0103,"sh24_joint":0.0038,"sh24_yamina":0.1019,"sh24_newhope":0.0528,"sh_habait":0.031,"sh_other":0.0172,"winner24":"likud"}},{"type":"Feature","geometry":{"type":"Point","coordinates":[35.00606,32.42451]},"properties":{"semel":2055,"name":"מאור","winner":"yesh_atid","winnerShare":0.3046,"turnout":0.7562,"valid":732,"sh_likud":0.2281,"sh24_likud":0.2313,"sh_yesh_atid":0.3046,"sh24_yesh_atid":0.205,"sh_shas":0.0246,"sh24_shas":0.0277,"sh_utj":0.0055,"sh_rz":0.123,"sh24_rz":0.036,"sh_labor":0.0505,"sh24_labor":0.1136,"sh_gantz":0.1393,"sh24_gantz":0.1219,"sh_yb":0.0164,"sh24_yb":0.0277,"sh_meretz":0.0628,"sh24_meretz":0.0845,"sh_hadash":0.0027,"sh24_joint":0.0014,"sh24_yamina":0.0873,"sh24_newhope":0.0499,"sh_habait":0.0164,"sh_other":0.026,"sh24_other":0.0139,"winner24":"likud"}},{"type":"Feature","geometry":{"type":"Point","coordinates":[35.48605,32.4401]},"properties":{"semel":2057,"name":"שדי תרומות","winner":"likud","winnerShare":0.6894,"turnout":0.7571,"valid":293,"sh_likud":0.6894,"sh24_likud":0.7823,"sh_yesh_atid":0.0102,"sh24_yesh_atid":0.0121,"sh_shas":0.1058,"sh24_shas":0.0766,"sh24_utj":0.004,"sh_rz":0.1433,"sh24_rz":0.0282,"sh24_labor":0.0161,"sh_gantz":0.0307,"sh24_gantz":0.0081,"sh24_yamina":0.0403,"sh24_newhope":0.0202,"sh_habait":0.0137,"sh_other":0.0068,"sh24_other":0.0121,"winner24":"likud"}},{"type":"Feature","geometry":{"type":"Point","coordinates":[34.69307,31.43932]},"properties":{"semel":2059,"name":"פעמי תשז","winner":"likud","winnerShare":0.4221,"turnout":0.7897,"valid":308,"sh_likud":0.4221,"sh24_likud":0.4623,"sh_yesh_atid":0.039,"sh24_yesh_atid":0.0377,"sh_shas":0.2825,"sh24_shas":0.2432,"sh_utj":0.0097,"sh24_utj":0.0068,"sh_rz":0.1136,"sh24_rz":0.0479,"sh_labor":0.0195,"sh24_labor":0.0205,"sh_gantz":0.0844,"sh24_gantz":0.0651,"sh_yb":0.0097,"sh24_yb":0.0137,"sh_meretz":0.0032,"sh24_meretz":0.0068,"sh24_yamina":0.0514,"sh24_newhope":0.0342,"sh_habait":0.0032,"sh_other":0.013,"sh24_other":0.0103,"winner24":"likud"}},{"type":"Feature","geometry":{"type":"Point","coordinates":[34.63265,31.37052]},"properties":{"semel":2060,"name":"ברוש","winner":"likud","winnerShare":0.528,"turnout":0.7627,"valid":286,"sh_likud":0.528,"sh24_likud":0.498,"sh_yesh_atid":0.0629,"sh24_yesh_atid":0.0843,"sh_shas":0.0804,"sh24_shas":0.1004,"sh_utj":0.0035,"sh24_utj":0.004,"sh_rz":0.1608,"sh24_rz":0.0361,"sh_labor":0.028,"sh24_labor":0.0442,"sh_gantz":0.1049,"sh24_gantz":0.0602,"sh_yb":0.014,"sh24_yb":0.012,"sh_meretz":0.0105,"sh24_meretz":0.004,"sh24_raam":0.004,"sh24_yamina":0.1084,"sh24_newhope":0.0281,"sh_other":0.007,"sh24_other":0.0161,"winner24":"likud"}},{"type":"Feature","geometry":{"type":"Point","coordinates":[34.62918,31.37903]},"properties":{"semel":2061,"name":"תדהר","winner":"likud","winnerShare":0.5245,"turnout":0.7477,"valid":326,"sh_likud":0.5245,"sh24_likud":0.5344,"sh_yesh_atid":0.0798,"sh24_yesh_atid":0.082,"sh_shas":0.0521,"sh24_shas":0.0492,"sh_utj":0.0061,"sh24_utj":0.0033,"sh_rz":0.1871,"sh24_rz":0.0393,"sh_labor":0.0184,"sh24_labor":0.0393,"sh_gantz":0.1074,"sh24_gantz":0.0689,"sh_yb":0.0031,"sh24_yb":0.0066,"sh_meretz":0.0061,"sh24_meretz":0.0131,"sh24_yamina":0.1049,"sh24_newhope":0.0426,"sh_other":0.0153,"sh24_other":0.0164,"winner24":"likud"}},{"type":"Feature","geometry":{"type":"Point","coordinates":[34.64325,31.37183]},"properties":{"semel":2062,"name":"תאשור","winner":"likud","winnerShare":0.2825,"turnout":0.7217,"valid":223,"sh_likud":0.2825,"sh24_likud":0.2827,"sh_yesh_atid":0.2646,"sh24_yesh_atid":0.1885,"sh_shas":0.0224,"sh24_shas":0.0262,"sh_utj":0.0045,"sh_rz":0.1345,"sh24_rz":0.0105,"sh_labor":0.0493,"sh24_labor":0.1152,"sh_gantz":0.1614,"sh24_gantz":0.1099,"sh24_yb":0.0105,"sh_meretz":0.0404,"sh24_meretz":0.0733,"sh_hadash":0.009,"sh24_joint":0.0052,"sh24_yamina":0.1047,"sh24_newhope":0.0314,"sh_other":0.0314,"sh24_other":0.0419,"winner24":"likud"}},{"type":"Feature","geometry":{"type":"Point","coordinates":[35.51898,33.08216]},"properties":{"semel":2063,"name":"דישון","winner":"likud","winnerShare":0.4783,"turnout":0.6923,"valid":207,"sh_likud":0.4783,"sh24_likud":0.4747,"sh_yesh_atid":0.0386,"sh24_yesh_atid":0.0354,"sh_shas":0.1353,"sh24_shas":0.0808,"sh24_utj":0.0101,"sh_rz":0.1208,"sh24_rz":0.0556,"sh_labor":0.0338,"sh24_labor":0.0354,"sh_gantz":0.1256,"sh24_gantz":0.101,"sh_yb":0.0145,"sh24_yb":0.0202,"sh_meretz":0.0048,"sh24_meretz":0.0152,"sh24_yamina":0.0505,"sh24_newhope":0.0909,"sh_habait":0.0338,"sh_other":0.0145,"sh24_other":0.0303,"winner24":"likud"}},{"type":"Feature","geometry":{"type":"Point","coordinates":[34.62411,31.45849]},"properties":{"semel":2064,"name":"זרועה","winner":"likud","winnerShare":0.5458,"turnout":0.747,"valid":251,"sh_likud":0.5458,"sh24_likud":0.6245,"sh_yesh_atid":0.0279,"sh24_yesh_atid":0.0437,"sh_shas":0.1594,"sh24_shas":0.1354,"sh_utj":0.008,"sh24_utj":0.0218,"sh_rz":0.1753,"sh24_rz":0.0786,"sh_labor":0.012,"sh24_labor":0.0044,"sh_gantz":0.0359,"sh24_gantz":0.0175,"sh_yb":0.012,"sh24_yb":0.0044,"sh_meretz":0.0159,"sh24_meretz":0.0131,"sh24_yamina":0.0437,"sh24_newhope":0.0087,"sh_other":0.008,"sh24_other":0.0044,"winner24":"likud"}},{"type":"Feature","geometry":{"type":"Point","coordinates":[34.97213,32.76167]},"properties":{"semel":2100,"name":"טירת כרמל","winner":"likud","winnerShare":0.4614,"turnout":0.6852,"valid":15010,"sh_likud":0.4614,"sh24_likud":0.4984,"sh_yesh_atid":0.1177,"sh24_yesh_atid":0.0846,"sh_shas":0.101,"sh24_shas":0.1004,"sh_utj":0.0029,"sh24_utj":0.0031,"sh_rz":0.1352,"sh24_rz":0.0351,"sh_labor":0.0127,"sh24_labor":0.0199,"sh_gantz":0.0887,"sh24_gantz":0.0519,"sh_yb":0.048,"sh24_yb":0.0551,"sh_meretz":0.0076,"sh24_meretz":0.0116,"sh_raam":0.0006,"sh24_raam":0.0003,"sh_hadash":0.0014,"sh_balad":0.0009,"sh24_joint":0.0006,"sh24_yamina":0.0619,"sh24_newhope":0.0593,"sh_habait":0.0061,"sh_other":0.0158,"sh24_other":0.0179,"winner24":"likud"}},{"type":"Feature","geometry":{"type":"Point","coordinates":[35.03503,31.06953]},"properties":{"semel":2200,"name":"דימונה","winner":"likud","winnerShare":0.5092,"turnout":0.6357,"valid":18471,"sh_likud":0.5092,"sh24_likud":0.5486,"sh_yesh_atid":0.0607,"sh24_yesh_atid":0.0623,"sh_shas":0.1167,"sh24_shas":0.1069,"sh_utj":0.0282,"sh24_utj":0.0064,"sh_rz":0.1577,"sh24_rz":0.0539,"sh_labor":0.0097,"sh24_labor":0.0156,"sh_gantz":0.0453,"sh24_gantz":0.0262,"sh_yb":0.0487,"sh24_yb":0.0672,"sh_meretz":0.004,"sh24_meretz":0.0049,"sh_raam":0.0022,"sh24_raam":0.0017,"sh_hadash":0.0002,"sh_balad":0.0001,"sh24_joint":0.0006,"sh24_yamina":0.0517,"sh24_newhope":0.0426,"sh_habait":0.0051,"sh_other":0.0122,"sh24_other":0.0115,"winner24":"likud"}},{"type":"Feature","geometry":{"type":"Point","coordinates":[35.12657,32.71559]},"properties":{"semel":2300,"name":"קרית טבעון","winner":"yesh_atid","winnerShare":0.3779,"turnout":0.6745,"valid":9716,"sh_likud":0.1378,"sh24_likud":0.1345,"sh_yesh_atid":0.3779,"sh24_yesh_atid":0.2475,"sh_shas":0.0089,"sh24_shas":0.0068,"sh_utj":0.0107,"sh24_utj":0.0105,"sh_rz":0.0409,"sh24_rz":0.014,"sh_labor":0.1266,"sh24_labor":0.1895,"sh_gantz":0.1228,"sh24_gantz":0.1158,"sh_yb":0.0247,"sh24_yb":0.0283,"sh_meretz":0.1066,"sh24_meretz":0.1362,"sh_raam":0.0037,"sh24_raam":0.0003,"sh_hadash":0.008,"sh_balad":0.0011,"sh24_joint":0.0069,"sh24_yamina":0.0392,"sh24_newhope":0.05,"sh_habait":0.0077,"sh_other":0.0225,"sh24_other":0.0205,"winner24":"yesh_atid"}},{"type":"Feature","geometry":{"type":"Point","coordinates":[34.85355,32.02939]},"properties":{"semel":2400,"name":"אור יהודה","winner":"likud","winnerShare":0.4574,"turnout":0.7244,"valid":19892,"sh_likud":0.4574,"sh24_likud":0.4786,"sh_yesh_atid":0.0994,"sh24_yesh_atid":0.0766,"sh_shas":0.19,"sh24_shas":0.1663,"sh_utj":0.0067,"sh24_utj":0.0066,"sh_rz":0.1095,"sh24_rz":0.0344,"sh_labor":0.0166,"sh24_labor":0.0258,"sh_gantz":0.0772,"sh24_gantz":0.0559,"sh_yb":0.014,"sh24_yb":0.0166,"sh_meretz":0.0105,"sh24_meretz":0.0159,"sh_raam":0.0004,"sh24_raam":0.0002,"sh_hadash":0.0005,"sh_balad":0.0002,"sh24_joint":0.0005,"sh24_yamina":0.0507,"sh24_newhope":0.0562,"sh_habait":0.0045,"sh_other":0.0131,"sh24_other":0.0158,"winner24":"likud"}},{"type":"Feature","geometry":{"type":"Point","coordinates":[35.0423,32.76911]},"properties":{"semel":2500,"name":"נשר","winner":"likud","winnerShare":0.3117,"turnout":0.6217,"valid":12112,"sh_likud":0.3117,"sh24_likud":0.325,"sh_yesh_atid":0.2439,"sh24_yesh_atid":0.1928,"sh_shas":0.058,"sh24_shas":0.0467,"sh_utj":0.004,"sh24_utj":0.0033,"sh_rz":0.0746,"sh24_rz":0.0188,"sh_labor":0.0269,"sh24_labor":0.0436,"sh_gantz":0.1111,"sh24_gantz":0.0677,"sh_yb":0.1248,"sh24_yb":0.1337,"sh_meretz":0.0162,"sh24_meretz":0.0261,"sh_raam":0.0012,"sh24_raam":0.0003,"sh_hadash":0.0023,"sh_balad":0.0021,"sh24_joint":0.0023,"sh24_yamina":0.0492,"sh24_newhope":0.0715,"sh_habait":0.0048,"sh_other":0.0185,"sh24_other":0.0189,"winner24":"likud"}},{"type":"Feature","geometry":{"type":"Point","coordinates":[34.84021,31.94411]},"properties":{"semel":2530,"name":"באר יעקב","winner":"likud","winnerShare":0.3519,"turnout":0.7775,"valid":14056,"sh_likud":0.3519,"sh24_likud":0.3465,"sh_yesh_atid":0.2148,"sh24_yesh_atid":0.1931,"sh_shas":0.0881,"sh24_shas":0.0699,"sh_utj":0.0098,"sh24_utj":0.0082,"sh_rz":0.1214,"sh24_rz":0.0274,"sh_labor":0.0216,"sh24_labor":0.0425,"sh_gantz":0.1302,"sh24_gantz":0.0904,"sh_yb":0.0292,"sh24_yb":0.0343,"sh_meretz":0.0101,"sh24_meretz":0.0189,"sh_raam":0.0004,"sh24_raam":0.0002,"sh_hadash":0.0001,"sh_balad":0.0004,"sh24_joint":0.0014,"sh24_yamina":0.0758,"sh24_newhope":0.0743,"sh_habait":0.0052,"sh_other":0.0169,"sh24_other":0.0171,"winner24":"likud"}},{"type":"Feature","geometry":{"type":"Point","coordinates":[34.78005,31.81309]},"properties":{"semel":2550,"name":"גדרה","winner":"likud","winnerShare":0.3074,"turnout":0.7243,"valid":14202,"sh_likud":0.3074,"sh24_likud":0.3152,"sh_yesh_atid":0.2411,"sh24_yesh_atid":0.1945,"sh_shas":0.0551,"sh24_shas":0.0457,"sh_utj":0.0084,"sh24_utj":0.0048,"sh_rz":0.1472,"sh24_rz":0.0556,"sh_labor":0.0382,"sh24_labor":0.0692,"sh_gantz":0.1267,"sh24_gantz":0.0863,"sh_yb":0.0221,"sh24_yb":0.026,"sh_meretz":0.0252,"sh24_meretz":0.0382,"sh_raam":0.0004,"sh24_raam":0.0004,"sh_hadash":0.001,"sh_balad":0.0001,"sh24_joint":0.0009,"sh24_yamina":0.0744,"sh24_newhope":0.071,"sh_habait":0.0108,"sh_other":0.0164,"sh24_other":0.0177,"winner24":"likud"}},{"type":"Feature","geometry":{"type":"Point","coordinates":[35.21384,31.25894]},"properties":{"semel":2560,"name":"ערד","winner":"utj","winnerShare":0.3081,"turnout":0.5705,"valid":12319,"sh_likud":0.1585,"sh24_likud":0.1645,"sh_yesh_atid":0.1806,"sh24_yesh_atid":0.1579,"sh_shas":0.0167,"sh24_shas":0.016,"sh_utj":0.3081,"sh24_utj":0.2624,"sh_rz":0.0751,"sh24_rz":0.032,"sh_labor":0.0195,"sh24_labor":0.0322,"sh_gantz":0.0453,"sh24_gantz":0.0298,"sh_yb":0.1515,"sh24_yb":0.1884,"sh_meretz":0.012,"sh24_meretz":0.0183,"sh_raam":0.0072,"sh24_raam":0.0053,"sh_hadash":0.0028,"sh_balad":0.0017,"sh24_joint":0.0041,"sh24_yamina":0.0306,"sh24_newhope":0.0411,"sh_habait":0.0041,"sh_other":0.0168,"sh24_other":0.0174,"winner24":"utj"}},{"type":"Feature","geometry":{"type":"Point","coordinates":[34.94417,29.55394]},"properties":{"semel":2600,"name":"אילת","winner":"likud","winnerShare":0.4366,"turnout":0.4302,"valid":22189,"sh_likud":0.4366,"sh24_likud":0.4217,"sh_yesh_atid":0.1676,"sh24_yesh_atid":0.135,"sh_shas":0.0671,"sh24_shas":0.0517,"sh_utj":0.0065,"sh24_utj":0.0046,"sh_rz":0.1111,"sh24_rz":0.0336,"sh_labor":0.0184,"sh24_labor":0.0399,"sh_gantz":0.1018,"sh24_gantz":0.0603,"sh_yb":0.0455,"sh24_yb":0.0742,"sh_meretz":0.0123,"sh24_meretz":0.0212,"sh_raam":0.0026,"sh24_raam":0.001,"sh_hadash":0.0037,"sh_balad":0.002,"sh24_joint":0.0043,"sh24_yamina":0.0527,"sh24_newhope":0.0753,"sh_habait":0.005,"sh_other":0.0198,"sh24_other":0.0246,"winner24":"likud"}},{"type":"Feature","geometry":{"type":"Point","coordinates":[34.98891,31.73682]},"properties":{"semel":2610,"name":"בית שמש","winner":"utj","winnerShare":0.3875,"turnout":0.6613,"valid":51275,"sh_likud":0.1554,"sh24_likud":0.183,"sh_yesh_atid":0.0233,"sh24_yesh_atid":0.0236,"sh_shas":0.216,"sh24_shas":0.1824,"sh_utj":0.3875,"sh24_utj":0.3589,"sh_rz":0.147,"sh24_rz":0.1036,"sh_labor":0.0043,"sh24_labor":0.0072,"sh_gantz":0.0254,"sh24_gantz":0.0178,"sh_yb":0.0174,"sh24_yb":0.0254,"sh_meretz":0.0017,"sh24_meretz":0.0029,"sh_raam":0.0003,"sh24_raam":0.0002,"sh_hadash":0.0002,"sh_balad":0.0001,"sh24_joint":0.0003,"sh24_yamina":0.0644,"sh24_newhope":0.021,"sh_habait":0.0153,"sh_other":0.0062,"sh24_other":0.0094,"winner24":"utj"}},{"type":"Feature","geometry":{"type":"Point","coordinates":[34.85704,32.06074]},"properties":{"semel":2620,"name":"קרית אונו","winner":"yesh_atid","winnerShare":0.3659,"turnout":0.7327,"valid":22713,"sh_likud":0.207,"sh24_likud":0.1979,"sh_yesh_atid":0.3659,"sh24_yesh_atid":0.2714,"sh_shas":0.033,"sh24_shas":0.0252,"sh_utj":0.0036,"sh24_utj":0.0027,"sh_rz":0.0566,"sh24_rz":0.0229,"sh_labor":0.0669,"sh24_labor":0.108,"sh_gantz":0.1533,"sh24_gantz":0.1272,"sh_yb":0.0313,"sh24_yb":0.033,"sh_meretz":0.0531,"sh24_meretz":0.0792,"sh_raam":0.0005,"sh24_raam":0.0002,"sh_hadash":0.0018,"sh_balad":0.0004,"sh24_joint":0.001,"sh24_yamina":0.0507,"sh24_newhope":0.0624,"sh_habait":0.0096,"sh_other":0.0169,"sh24_other":0.018,"winner24":"yesh_atid"}},{"type":"Feature","geometry":{"type":"Point","coordinates":[34.76489,31.60908]},"properties":{"semel":2630,"name":"קרית גת","winner":"likud","winnerShare":0.3629,"turnout":0.6851,"valid":30846,"sh_likud":0.3629,"sh24_likud":0.3781,"sh_yesh_atid":0.0824,"sh24_yesh_atid":0.0692,"sh_shas":0.1549,"sh24_shas":0.1312,"sh_utj":0.0859,"sh24_utj":0.0734,"sh_rz":0.1355,"sh24_rz":0.0625,"sh_labor":0.0093,"sh24_labor":0.0166,"sh_gantz":0.0643,"sh24_gantz":0.0447,"sh_yb":0.0773,"sh24_yb":0.1043,"sh_meretz":0.004,"sh24_meretz":0.0052,"sh_raam":0.0003,"sh24_raam":0.0002,"sh_hadash":0.0002,"sh_balad":0.0002,"sh24_joint":0.0002,"sh24_yamina":0.0489,"sh24_newhope":0.0519,"sh_habait":0.0072,"sh_other":0.0157,"sh24_other":0.0135,"winner24":"likud"}},{"type":"Feature","geometry":{"type":"Point","coordinates":[34.95663,32.09562]},"properties":{"semel":2640,"name":"ראש העין","winner":"likud","winnerShare":0.3095,"turnout":0.7758,"valid":37984,"sh_likud":0.3095,"sh24_likud":0.3054,"sh_yesh_atid":0.1985,"sh24_yesh_atid":0.1646,"sh_shas":0.0884,"sh24_shas":0.0819,"sh_utj":0.0185,"sh24_utj":0.0154,"sh_rz":0.1481,"sh24_rz":0.06,"sh_labor":0.0274,"sh24_labor":0.0506,"sh_gantz":0.1401,"sh24_gantz":0.1059,"sh_yb":0.0267,"sh24_yb":0.0328,"sh_meretz":0.0169,"sh24_meretz":0.028,"sh_raam":0.0005,"sh24_raam":0.0001,"sh_hadash":0.0007,"sh_balad":0.0001,"sh24_joint":0.0006,"sh24_yamina":0.0748,"sh24_newhope":0.0622,"sh_habait":0.0091,"sh_other":0.0156,"sh24_other":0.0178,"winner24":"likud"}},{"type":"Feature","geometry":{"type":"Point","coordinates":[34.84135,32.13946]},"properties":{"semel":2650,"name":"רמת השרון","winner":"yesh_atid","winnerShare":0.422,"turnout":0.7142,"valid":27275,"sh_likud":0.1568,"sh24_likud":0.1551,"sh_yesh_atid":0.422,"sh24_yesh_atid":0.2915,"sh_shas":0.0304,"sh24_shas":0.022,"sh_utj":0.0154,"sh24_utj":0.015,"sh_rz":0.0367,"sh24_rz":0.0169,"sh_labor":0.0723,"sh24_labor":0.1122,"sh_gantz":0.1327,"sh24_gantz":0.1397,"sh_yb":0.0269,"sh24_yb":0.0315,"sh_meretz":0.0845,"sh24_meretz":0.1222,"sh_raam":0.0015,"sh24_raam":0.0002,"sh_hadash":0.003,"sh_balad":0.0002,"sh24_joint":0.0017,"sh24_yamina":0.0354,"sh24_newhope":0.0458,"sh_habait":0.0064,"sh_other":0.0111,"sh24_other":0.0109,"winner24":"yesh_atid"}},{"type":"Feature","geometry":{"type":"Point","coordinates":[34.73691,31.87773]},"properties":{"semel":2660,"name":"יבנה","winner":"likud","winnerShare":0.3635,"turnout":0.7561,"valid":28426,"sh_likud":0.3635,"sh24_likud":0.373,"sh_yesh_atid":0.1861,"sh24_yesh_atid":0.156,"sh_shas":0.1132,"sh24_shas":0.1006,"sh_utj":0.0095,"sh24_utj":0.0058,"sh_rz":0.1312,"sh24_rz":0.0433,"sh_labor":0.0229,"sh24_labor":0.0395,"sh_gantz":0.1091,"sh24_gantz":0.0822,"sh_yb":0.0289,"sh24_yb":0.0351,"sh_meretz":0.0122,"sh24_meretz":0.0204,"sh_raam":0.0003,"sh24_raam":0.0002,"sh_hadash":0.0006,"sh_balad":0,"sh24_joint":0.0003,"sh24_yamina":0.071,"sh24_newhope":0.0576,"sh_habait":0.0069,"sh_other":0.0157,"sh24_other":0.0149,"winner24":"likud"}},{"type":"Feature","geometry":{"type":"Point","coordinates":[35.15159,32.51908]},"properties":{"semel":2710,"name":"אום אלפחם","winner":"hadash","winnerShare":0.4054,"turnout":0.3829,"valid":14451,"sh_likud":0.0071,"sh24_likud":0.0144,"sh_yesh_atid":0.0012,"sh24_yesh_atid":0.0065,"sh_shas":0.0027,"sh24_shas":0.0011,"sh_utj":0.0011,"sh24_utj":0.0001,"sh_rz":0.0011,"sh24_rz":0.0001,"sh_labor":0.0035,"sh24_labor":0.0017,"sh_gantz":0.0006,"sh24_gantz":0.0007,"sh_yb":0.0003,"sh24_yb":0.0003,"sh_meretz":0.0095,"sh24_meretz":0.0261,"sh_raam":0.1805,"sh24_raam":0.1374,"sh_hadash":0.4054,"sh_balad":0.3787,"sh24_joint":0.8048,"sh24_yamina":0.0002,"sh24_newhope":0.0013,"sh_habait":0.0002,"sh_other":0.0081,"sh24_other":0.0056,"winner24":"joint"}},{"type":"Feature","geometry":{"type":"Point","coordinates":[34.95317,32.23367]},"properties":{"semel":2720,"name":"טירה","winner":"balad","winnerShare":0.3486,"turnout":0.6227,"valid":11912,"sh_likud":0.0033,"sh24_likud":0.0098,"sh_yesh_atid":0.0046,"sh24_yesh_atid":0.0419,"sh_shas":0.0003,"sh24_shas":0.0005,"sh_utj":0.0002,"sh24_utj":0.0001,"sh_rz":0.0013,"sh24_rz":0.0002,"sh_labor":0.0053,"sh24_labor":0.0069,"sh_gantz":0.0042,"sh24_gantz":0.0017,"sh24_yb":0.0002,"sh_meretz":0.0125,"sh24_meretz":0.0422,"sh_raam":0.3216,"sh24_raam":0.406,"sh_hadash":0.2931,"sh_balad":0.3486,"sh24_joint":0.4804,"sh24_yamina":0.0003,"sh24_newhope":0.0058,"sh_other":0.005,"sh24_other":0.0039,"winner24":"joint"}},{"type":"Feature","geometry":{"type":"Point","coordinates":[35.00692,32.26504]},"properties":{"semel":2730,"name":"טייבה","winner":"hadash","winnerShare":0.6289,"turnout":0.5771,"valid":17401,"sh_likud":0.0034,"sh24_likud":0.0077,"sh_yesh_atid":0.0028,"sh24_yesh_atid":0.0105,"sh_shas":0.0016,"sh24_shas":0.0059,"sh_utj":0.0002,"sh_rz":0.0007,"sh24_rz":0.0002,"sh_labor":0.004,"sh24_labor":0.0046,"sh_gantz":0.0007,"sh24_gantz":0.0014,"sh_meretz":0.014,"sh24_meretz":0.0415,"sh_raam":0.1663,"sh24_raam":0.2593,"sh_hadash":0.6289,"sh_balad":0.1742,"sh24_joint":0.6639,"sh24_yamina":0.0002,"sh24_newhope":0.0004,"sh_habait":0.0002,"sh_other":0.0031,"sh24_other":0.0045,"winner24":"joint"}},{"type":"Feature","geometry":{"type":"Point","coordinates":[35.57314,33.21164]},"properties":{"semel":2800,"name":"קרית שמונה","winner":"likud","winnerShare":0.4947,"turnout":0.6111,"valid":11257,"sh_likud":0.4947,"sh24_likud":0.5137,"sh_yesh_atid":0.0664,"sh24_yesh_atid":0.0507,"sh_shas":0.11,"sh24_shas":0.0934,"sh_utj":0.0063,"sh24_utj":0.0038,"sh_rz":0.1367,"sh24_rz":0.0539,"sh_labor":0.0141,"sh24_labor":0.0247,"sh_gantz":0.0733,"sh24_gantz":0.0384,"sh_yb":0.0657,"sh24_yb":0.0882,"sh_meretz":0.0068,"sh24_meretz":0.0106,"sh_raam":0.0009,"sh24_raam":0.0004,"sh_hadash":0.0009,"sh_balad":0.0006,"sh24_joint":0.0012,"sh24_yamina":0.0551,"sh24_newhope":0.055,"sh_habait":0.0096,"sh_other":0.0139,"sh24_other":0.0108,"winner24":"likud"}},{"type":"Feature","geometry":{"type":"Point","coordinates":[35.21926,31.78259]},"properties":{"semel":3000,"name":"ירושלים","winner":"utj","winnerShare":0.238,"turnout":0.616,"valid":264700,"sh_likud":0.1911,"sh24_likud":0.2061,"sh_yesh_atid":0.0747,"sh24_yesh_atid":0.0561,"sh_shas":0.1831,"sh24_shas":0.1575,"sh_utj":0.238,"sh24_utj":0.2356,"sh_rz":0.1422,"sh24_rz":0.0927,"sh_labor":0.0248,"sh24_labor":0.0396,"sh_gantz":0.0525,"sh24_gantz":0.0329,"sh_yb":0.0187,"sh24_yb":0.0197,"sh_meretz":0.0276,"sh24_meretz":0.0369,"sh_raam":0.0028,"sh24_raam":0.0016,"sh_hadash":0.0096,"sh_balad":0.0065,"sh24_joint":0.0111,"sh24_yamina":0.0665,"sh24_newhope":0.034,"sh_habait":0.019,"sh_other":0.0093,"sh24_other":0.0099,"winner24":"utj"}},{"type":"Feature","geometry":{"type":"Point","coordinates":[35.11518,31.64986]},"properties":{"semel":3488,"name":"כפר עציון","winner":"habait","winnerShare":0.3196,"turnout":0.7801,"valid":438,"sh_likud":0.21,"sh24_likud":0.2255,"sh_yesh_atid":0.0365,"sh24_yesh_atid":0.0345,"sh_shas":0.0068,"sh_utj":0.0046,"sh24_utj":0.0053,"sh_rz":0.2854,"sh24_rz":0.1751,"sh_labor":0.016,"sh24_labor":0.0186,"sh_gantz":0.1005,"sh24_gantz":0.0318,"sh_yb":0.0091,"sh_meretz":0.0068,"sh24_meretz":0.008,"sh24_yamina":0.4297,"sh24_newhope":0.0663,"sh_habait":0.3196,"sh_other":0.0046,"sh24_other":0.0053,"winner24":"yamina"}},{"type":"Feature","geometry":{"type":"Point","coordinates":[35.44452,31.98883]},"properties":{"semel":3555,"name":"נתיב הגדוד","winner":"labor","winnerShare":0.2941,"turnout":0.6089,"valid":136,"sh_likud":0.1765,"sh24_likud":0.1667,"sh_yesh_atid":0.1691,"sh24_yesh_atid":0.109,"sh_rz":0.1618,"sh24_rz":0.0256,"sh_labor":0.2941,"sh24_labor":0.2051,"sh_gantz":0.1618,"sh24_gantz":0.1859,"sh_yb":0.0074,"sh24_yb":0.0385,"sh_meretz":0.0074,"sh24_meretz":0.0449,"sh_hadash":0.0074,"sh24_yamina":0.1154,"sh24_newhope":0.1026,"sh_other":0.0147,"sh24_other":0.0064,"winner24":"labor"}},{"type":"Feature","geometry":{"type":"Point","coordinates":[35.46098,31.78991]},"properties":{"semel":3556,"name":"אלמוג","winner":"yesh_atid","winnerShare":0.3455,"turnout":0.5692,"valid":110,"sh_likud":0.1727,"sh24_likud":0.104,"sh_yesh_atid":0.3455,"sh24_yesh_atid":0.224,"sh_rz":0.0818,"sh24_rz":0.016,"sh_labor":0.2,"sh24_labor":0.272,"sh_gantz":0.1273,"sh24_gantz":0.136,"sh_yb":0.0091,"sh_meretz":0.0364,"sh24_meretz":0.024,"sh24_yamina":0.096,"sh24_newhope":0.112,"sh_habait":0.0182,"sh_other":0.0091,"sh24_other":0.016,"winner24":"labor"}},{"type":"Feature","geometry":{"type":"Point","coordinates":[35.16023,32.21849]},"properties":{"semel":3557,"name":"קדומים","winner":"rz","winnerShare":0.7267,"turnout":0.7602,"valid":2060,"sh_likud":0.1621,"sh24_likud":0.1654,"sh_yesh_atid":0.0049,"sh24_yesh_atid":0.0034,"sh_shas":0.0184,"sh24_shas":0.0165,"sh_utj":0.0073,"sh24_utj":0.0024,"sh_rz":0.7267,"sh24_rz":0.5623,"sh_labor":0.0015,"sh24_labor":0.0034,"sh_gantz":0.0073,"sh24_gantz":0.0029,"sh_yb":0.0044,"sh24_yb":0.0063,"sh_meretz":0.0015,"sh24_meretz":0.001,"sh_raam":0.0005,"sh24_joint":0.0005,"sh24_yamina":0.2189,"sh24_newhope":0.0122,"sh_habait":0.0558,"sh_other":0.0097,"sh24_other":0.0049,"winner24":"rz"}},{"type":"Feature","geometry":{"type":"Point","coordinates":[35.44209,32.01683]},"properties":{"semel":3558,"name":"תומר","winner":"yesh_atid","winnerShare":0.2746,"turnout":0.7756,"valid":193,"sh_likud":0.2435,"sh24_likud":0.2296,"sh_yesh_atid":0.2746,"sh24_yesh_atid":0.1735,"sh24_utj":0.0102,"sh_rz":0.1192,"sh24_rz":0.0255,"sh_labor":0.057,"sh24_labor":0.1276,"sh_gantz":0.1865,"sh24_gantz":0.1429,"sh_yb":0.0207,"sh24_yb":0.0306,"sh_meretz":0.0207,"sh24_meretz":0.0102,"sh24_yamina":0.1429,"sh24_newhope":0.0765,"sh_habait":0.057,"sh_other":0.0207,"sh24_other":0.0306,"winner24":"likud"}},{"type":"Feature","geometry":{"type":"Point","coordinates":[35.03603,32.10826]},"properties":{"semel":3560,"name":"אלקנה","winner":"rz","winnerShare":0.5229,"turnout":0.8062,"valid":2251,"sh_likud":0.1937,"sh24_likud":0.1587,"sh_yesh_atid":0.0195,"sh24_yesh_atid":0.0104,"sh_shas":0.0235,"sh24_shas":0.0156,"sh_utj":0.0058,"sh24_utj":0.0043,"sh_rz":0.5229,"sh24_rz":0.3703,"sh_labor":0.0027,"sh24_labor":0.0085,"sh_gantz":0.036,"sh24_gantz":0.0071,"sh_yb":0.0058,"sh24_yb":0.0009,"sh24_meretz":0.0014,"sh_raam":0.0009,"sh24_raam":0.0005,"sh24_yamina":0.3793,"sh24_newhope":0.035,"sh_habait":0.1804,"sh_other":0.0089,"sh24_other":0.008,"winner24":"yamina"}},{"type":"Feature","geometry":{"type":"Point","coordinates":[35.14243,31.64023]},"properties":{"semel":3561,"name":"מגדל עוז","winner":"rz","winnerShare":0.4431,"turnout":0.6278,"valid":167,"sh_likud":0.2036,"sh24_likud":0.1455,"sh_yesh_atid":0.018,"sh24_yesh_atid":0.0121,"sh_shas":0.006,"sh24_shas":0.0121,"sh_utj":0.018,"sh_rz":0.4431,"sh24_rz":0.2545,"sh24_labor":0.0061,"sh_gantz":0.0659,"sh24_gantz":0.0121,"sh_meretz":0.006,"sh24_meretz":0.0061,"sh24_yamina":0.4909,"sh24_newhope":0.0545,"sh_habait":0.2395,"sh24_other":0.0061,"winner24":"yamina"}},{"type":"Feature","geometry":{"type":"Point","coordinates":[35.22934,31.65228]},"properties":{"semel":3563,"name":"תקוע","winner":"rz","winnerShare":0.4472,"turnout":0.7224,"valid":1675,"sh_likud":0.2107,"sh24_likud":0.2046,"sh_yesh_atid":0.0287,"sh24_yesh_atid":0.0213,"sh_shas":0.0161,"sh24_shas":0.0138,"sh_utj":0.0078,"sh24_utj":0.0075,"sh_rz":0.4472,"sh24_rz":0.2348,"sh_labor":0.0149,"sh24_labor":0.0207,"sh_gantz":0.0561,"sh24_gantz":0.0169,"sh_yb":0.0167,"sh24_yb":0.0182,"sh_meretz":0.0054,"sh24_meretz":0.0044,"sh_raam":0.0006,"sh_hadash":0.0006,"sh24_joint":0.0006,"sh24_yamina":0.3704,"sh24_newhope":0.0502,"sh_habait":0.1588,"sh_other":0.0364,"sh24_other":0.0364,"winner24":"yamina"}},{"type":"Feature","geometry":{"type":"Point","coordinates":[35.34849,31.95911]},"properties":{"semel":3564,"name":"כוכב השחר","winner":"rz","winnerShare":0.8599,"turnout":0.7894,"valid":1071,"sh_likud":0.057,"sh24_likud":0.0675,"sh_yesh_atid":0.0009,"sh24_yesh_atid":0.001,"sh_shas":0.0131,"sh24_shas":0.0099,"sh_utj":0.0121,"sh24_utj":0.0119,"sh_rz":0.8599,"sh24_rz":0.7034,"sh_gantz":0.0056,"sh24_gantz":0.002,"sh_yb":0.0047,"sh24_yb":0.001,"sh24_yamina":0.1954,"sh24_newhope":0.003,"sh_habait":0.042,"sh_other":0.0047,"sh24_other":0.005,"winner24":"rz"}},{"type":"Feature","geometry":{"type":"Point","coordinates":[35.34093,31.93361]},"properties":{"semel":3565,"name":"רימונים","winner":"likud","winnerShare":0.4278,"turnout":0.7031,"valid":360,"sh_likud":0.4278,"sh24_likud":0.5014,"sh_yesh_atid":0.0639,"sh24_yesh_atid":0.063,"sh_shas":0.0111,"sh24_shas":0.0143,"sh_rz":0.3806,"sh24_rz":0.1433,"sh24_labor":0.0086,"sh_gantz":0.0667,"sh24_gantz":0.0172,"sh_yb":0.0083,"sh24_yb":0.0315,"sh24_meretz":0.0029,"sh24_yamina":0.1318,"sh24_newhope":0.0774,"sh_habait":0.0111,"sh_other":0.0306,"sh24_other":0.0086,"winner24":"likud"}},{"type":"Feature","geometry":{"type":"Point","coordinates":[35.47495,32.06383]},"properties":{"semel":3566,"name":"יפית","winner":"likud","winnerShare":0.3762,"turnout":0.5739,"valid":101,"sh_likud":0.3762,"sh24_likud":0.4242,"sh_yesh_atid":0.1089,"sh24_yesh_atid":0.0303,"sh_shas":0.0396,"sh24_shas":0.0202,"sh_utj":0.0198,"sh24_utj":0.0202,"sh_rz":0.3267,"sh24_rz":0.0808,"sh_labor":0.0198,"sh24_labor":0.0404,"sh_gantz":0.0792,"sh24_gantz":0.0606,"sh24_meretz":0.0101,"sh24_yamina":0.1414,"sh24_newhope":0.1111,"sh_habait":0.0297,"sh24_other":0.0606,"winner24":"likud"}},{"type":"Feature","geometry":{"type":"Point","coordinates":[35.05,32.24241]},"properties":{"semel":3567,"name":"סלעית","winner":"yesh_atid","winnerShare":0.5191,"turnout":0.7998,"valid":655,"sh_likud":0.0931,"sh24_likud":0.0866,"sh_yesh_atid":0.5191,"sh24_yesh_atid":0.3679,"sh_utj":0.0015,"sh24_utj":0.0015,"sh_rz":0.0336,"sh24_rz":0.0046,"sh_labor":0.1069,"sh24_labor":0.1654,"sh_gantz":0.1435,"sh24_gantz":0.1422,"sh_yb":0.0275,"sh24_yb":0.017,"sh_meretz":0.0351,"sh24_meretz":0.0788,"sh24_yamina":0.051,"sh24_newhope":0.0634,"sh_habait":0.0137,"sh_other":0.026,"sh24_other":0.0216,"winner24":"yesh_atid"}},{"type":"Feature","geometry":{"type":"Point","coordinates":[35.13602,32.46949]},"properties":{"semel":3568,"name":"ריחן","winner":"yesh_atid","winnerShare":0.2717,"turnout":0.7686,"valid":184,"sh_likud":0.1848,"sh24_likud":0.2197,"sh_yesh_atid":0.2717,"sh24_yesh_atid":0.185,"sh_shas":0.0163,"sh24_shas":0.0116,"sh24_utj":0.0058,"sh_rz":0.1685,"sh24_rz":0.052,"sh_labor":0.0543,"sh24_labor":0.104,"sh_gantz":0.2011,"sh24_gantz":0.0694,"sh_yb":0.0489,"sh24_yb":0.0578,"sh_meretz":0.0054,"sh24_meretz":0.0289,"sh_balad":0.0054,"sh24_yamina":0.1676,"sh24_newhope":0.0636,"sh_habait":0.0435,"sh24_other":0.0347,"winner24":"likud"}},{"type":"Feature","geometry":{"type":"Point","coordinates":[35.17557,32.42016]},"properties":{"semel":3569,"name":"מבוא דותן","winner":"rz","winnerShare":0.5496,"turnout":0.7311,"valid":242,"sh_likud":0.2645,"sh24_likud":0.3781,"sh_yesh_atid":0.0207,"sh24_yesh_atid":0.0249,"sh_shas":0.0248,"sh24_shas":0.0249,"sh_rz":0.5496,"sh24_rz":0.3035,"sh24_labor":0.0199,"sh_gantz":0.062,"sh24_gantz":0.0398,"sh24_yb":0.005,"sh_meretz":0.0041,"sh24_meretz":0.005,"sh24_yamina":0.1294,"sh24_newhope":0.0348,"sh_habait":0.062,"sh_other":0.0124,"sh24_other":0.0348,"winner24":"likud"}},{"type":"Feature","geometry":{"type":"Point","coordinates":[35.18988,32.10508]},"properties":{"semel":3570,"name":"אריאל","winner":"likud","winnerShare":0.4057,"turnout":0.6181,"valid":9420,"sh_likud":0.4057,"sh24_likud":0.3907,"sh_yesh_atid":0.1245,"sh24_yesh_atid":0.0876,"sh_shas":0.0197,"sh24_shas":0.0203,"sh_utj":0.0048,"sh24_utj":0.0042,"sh_rz":0.188,"sh24_rz":0.0818,"sh_labor":0.0072,"sh24_labor":0.0148,"sh_gantz":0.0601,"sh24_gantz":0.0206,"sh_yb":0.1408,"sh24_yb":0.1641,"sh_meretz":0.0046,"sh24_meretz":0.007,"sh_raam":0.0006,"sh24_raam":0.0001,"sh_hadash":0.0006,"sh_balad":0.0003,"sh24_joint":0.0002,"sh24_yamina":0.0972,"sh24_newhope":0.0877,"sh_habait":0.0178,"sh_other":0.0252,"sh24_other":0.0235,"winner24":"likud"}},{"type":"Feature","geometry":{"type":"Point","coordinates":[35.18456,32.26355]},"properties":{"semel":3571,"name":"שבי שומרון","winner":"rz","winnerShare":0.7361,"turnout":0.7942,"valid":466,"sh_likud":0.1867,"sh24_likud":0.1715,"sh_yesh_atid":0.0043,"sh24_yesh_atid":0.0022,"sh_shas":0.0129,"sh24_shas":0.0022,"sh_utj":0.0129,"sh24_utj":0.0178,"sh_rz":0.7361,"sh24_rz":0.6147,"sh24_labor":0.0022,"sh_gantz":0.0107,"sh24_gantz":0.0045,"sh_yb":0.0129,"sh24_yb":0.0178,"sh24_yamina":0.1336,"sh24_newhope":0.0245,"sh_habait":0.0193,"sh_other":0.0043,"sh24_other":0.0089,"winner24":"rz"}},{"type":"Feature","geometry":{"type":"Point","coordinates":[35.25089,32.11838]},"properties":{"semel":3572,"name":"כפר תפוח","winner":"rz","winnerShare":0.781,"turnout":0.7259,"valid":525,"sh_likud":0.141,"sh24_likud":0.1853,"sh24_yesh_atid":0.002,"sh_shas":0.0362,"sh24_shas":0.0359,"sh_utj":0.0076,"sh24_utj":0.002,"sh_rz":0.781,"sh24_rz":0.6135,"sh_gantz":0.0057,"sh24_gantz":0.002,"sh_yb":0.0019,"sh24_yb":0.002,"sh24_yamina":0.1255,"sh24_newhope":0.008,"sh_habait":0.0152,"sh_other":0.0114,"sh24_other":0.0239,"winner24":"rz"}},{"type":"Feature","geometry":{"type":"Point","coordinates":[35.12569,32.00576]},"properties":{"semel":3573,"name":"נוה צוף","winner":"rz","winnerShare":0.7111,"turnout":0.7689,"valid":630,"sh_likud":0.1413,"sh24_likud":0.1237,"sh_yesh_atid":0.0048,"sh24_yesh_atid":0.0052,"sh_shas":0.019,"sh24_shas":0.0258,"sh_utj":0.0063,"sh24_utj":0.0069,"sh_rz":0.7111,"sh24_rz":0.5258,"sh24_labor":0.0034,"sh_gantz":0.0111,"sh24_gantz":0.0052,"sh_yb":0.0079,"sh24_yb":0.0017,"sh24_meretz":0.0017,"sh24_yamina":0.2801,"sh24_newhope":0.0086,"sh_habait":0.0889,"sh_other":0.0095,"sh24_other":0.012,"winner24":"rz"}},{"type":"Feature","geometry":{"type":"Point","coordinates":[35.22307,31.94192]},"properties":{"semel":3574,"name":"בית אל","winner":"rz","winnerShare":0.8325,"turnout":0.7719,"valid":2698,"sh_likud":0.0967,"sh24_likud":0.0954,"sh_yesh_atid":0.0015,"sh_shas":0.0215,"sh24_shas":0.0135,"sh_utj":0.0096,"sh24_utj":0.01,"sh_rz":0.8325,"sh24_rz":0.7477,"sh_labor":0.0011,"sh24_labor":0.0019,"sh_gantz":0.0067,"sh24_gantz":0.0012,"sh_yb":0.0011,"sh24_yb":0.0008,"sh_meretz":0.0004,"sh24_meretz":0.0008,"sh24_yamina":0.1127,"sh24_newhope":0.0085,"sh_habait":0.0248,"sh_other":0.0041,"sh24_other":0.0077,"winner24":"rz"}},{"type":"Feature","geometry":{"type":"Point","coordinates":[35.12653,31.87816]},"properties":{"semel":3575,"name":"בית חורון","winner":"rz","winnerShare":0.4575,"turnout":0.8104,"valid":717,"sh_likud":0.2957,"sh24_likud":0.2378,"sh_yesh_atid":0.0237,"sh24_yesh_atid":0.0216,"sh_shas":0.0446,"sh24_shas":0.0245,"sh_utj":0.0112,"sh24_utj":0.0072,"sh_rz":0.4575,"sh24_rz":0.3026,"sh_labor":0.0042,"sh24_labor":0.0115,"sh_gantz":0.0474,"sh24_gantz":0.0159,"sh_yb":0.0098,"sh24_yb":0.0086,"sh24_meretz":0.0029,"sh24_yamina":0.3156,"sh24_newhope":0.0476,"sh_habait":0.0948,"sh_other":0.0112,"sh24_other":0.0043,"winner24":"yamina"}},{"type":"Feature","geometry":{"type":"Point","coordinates":[35.39407,31.81589]},"properties":{"semel":3576,"name":"מצפה יריחו","winner":"rz","winnerShare":0.7219,"turnout":0.7698,"valid":1075,"sh_likud":0.1516,"sh24_likud":0.1469,"sh_yesh_atid":0.0047,"sh24_yesh_atid":0.0049,"sh_shas":0.0502,"sh24_shas":0.0418,"sh_utj":0.0149,"sh24_utj":0.0088,"sh_rz":0.7219,"sh24_rz":0.5807,"sh_labor":0.0047,"sh24_labor":0.0039,"sh_gantz":0.0112,"sh24_gantz":0.0019,"sh_yb":0.0009,"sh24_yb":0.0029,"sh_meretz":0.0009,"sh24_meretz":0.0039,"sh_hadash":0.0009,"sh24_yamina":0.18,"sh24_newhope":0.0117,"sh_habait":0.0298,"sh_other":0.0084,"sh24_other":0.0126,"winner24":"rz"}},{"type":"Feature","geometry":{"type":"Point","coordinates":[35.53627,32.34402]},"properties":{"semel":3578,"name":"שדמות מחולה","winner":"rz","winnerShare":0.7176,"turnout":0.778,"valid":340,"sh_likud":0.0794,"sh24_likud":0.0952,"sh_yesh_atid":0.0029,"sh_shas":0.0206,"sh24_shas":0.0063,"sh_utj":0.0059,"sh24_utj":0.0032,"sh_rz":0.7176,"sh24_rz":0.5714,"sh24_labor":0.0032,"sh_gantz":0.0176,"sh_yb":0.0029,"sh24_yamina":0.2825,"sh24_newhope":0.0317,"sh_habait":0.1353,"sh_other":0.0176,"sh24_other":0.0063,"winner24":"rz"}},{"type":"Feature","geometry":{"type":"Point","coordinates":[35.33488,32.23269]},"properties":{"semel":3579,"name":"אלון מורה","winner":"rz","winnerShare":0.8675,"turnout":0.7415,"valid":717,"sh_likud":0.0851,"sh24_likud":0.077,"sh_yesh_atid":0.0014,"sh24_yesh_atid":0.0042,"sh_shas":0.0223,"sh24_shas":0.0252,"sh_utj":0.0042,"sh24_utj":0.0056,"sh_rz":0.8675,"sh24_rz":0.8095,"sh_gantz":0.0014,"sh24_gantz":0.0014,"sh_yb":0.0028,"sh24_meretz":0.0014,"sh24_yamina":0.0658,"sh24_newhope":0.0028,"sh_habait":0.0153,"sh24_other":0.007,"winner24":"rz"}},{"type":"Feature","geometry":{"type":"Point","coordinates":[35.52198,32.17242]},"properties":{"semel":3598,"name":"ארגמן","winner":"likud","winnerShare":0.3784,"turnout":0.6281,"valid":74,"sh_likud":0.3784,"sh24_likud":0.3671,"sh_yesh_atid":0.0676,"sh24_yesh_atid":0.0506,"sh_shas":0.0811,"sh24_shas":0.038,"sh_rz":0.2297,"sh24_labor":0.038,"sh_gantz":0.1622,"sh24_gantz":0.1772,"sh24_yb":0.0127,"sh_meretz":0.0135,"sh24_meretz":0.0253,"sh24_yamina":0.0886,"sh24_newhope":0.1392,"sh_habait":0.0676,"sh24_other":0.0633,"winner24":"likud"}},{"type":"Feature","geometry":{"type":"Point","coordinates":[35.51502,32.36516]},"properties":{"semel":3599,"name":"מחולה","winner":"rz","winnerShare":0.5192,"turnout":0.7328,"valid":287,"sh_likud":0.223,"sh24_likud":0.155,"sh24_yesh_atid":0.0148,"sh_shas":0.007,"sh24_shas":0.0074,"sh24_utj":0.0037,"sh_rz":0.5192,"sh24_rz":0.321,"sh24_labor":0.0148,"sh_gantz":0.0383,"sh24_gantz":0.0074,"sh24_meretz":0.0037,"sh24_yamina":0.428,"sh24_newhope":0.0443,"sh_habait":0.1986,"sh_other":0.0139,"winner24":"yamina"}},{"type":"Feature","geometry":{"type":"Point","coordinates":[35.46706,31.75095]},"properties":{"semel":3601,"name":"קליה","winner":"yesh_atid","winnerShare":0.3291,"turnout":0.6991,"valid":237,"sh_likud":0.1941,"sh24_likud":0.1598,"sh_yesh_atid":0.3291,"sh24_yesh_atid":0.2694,"sh_shas":0.0042,"sh_utj":0.0042,"sh_rz":0.1139,"sh24_rz":0.0091,"sh_labor":0.0422,"sh24_labor":0.1187,"sh_gantz":0.2278,"sh24_gantz":0.1324,"sh_yb":0.0422,"sh24_yb":0.0457,"sh_meretz":0.0084,"sh24_meretz":0.0274,"sh24_joint":0.0046,"sh24_yamina":0.1416,"sh24_newhope":0.0822,"sh_habait":0.0169,"sh_other":0.0169,"sh24_other":0.0091,"winner24":"yesh_atid"}},{"type":"Feature","geometry":{"type":"Point","coordinates":[35.12353,31.66781]},"properties":{"semel":3602,"name":"ראש צורים","winner":"rz","winnerShare":0.4896,"turnout":0.8063,"valid":433,"sh_likud":0.1917,"sh24_likud":0.1241,"sh_yesh_atid":0.0231,"sh24_yesh_atid":0.0167,"sh_shas":0.0069,"sh_utj":0.0046,"sh_rz":0.4896,"sh24_rz":0.2267,"sh_labor":0.0023,"sh24_labor":0.0095,"sh_gantz":0.0693,"sh24_gantz":0.0048,"sh_yb":0.0023,"sh24_joint":0.0024,"sh24_yamina":0.5489,"sh24_newhope":0.0549,"sh_habait":0.2009,"sh_other":0.0092,"sh24_other":0.0119,"winner24":"yamina"}},{"type":"Feature","geometry":{"type":"Point","coordinates":[35.17222,31.72157]},"properties":{"semel":3603,"name":"הר גילה","winner":"likud","winnerShare":0.3985,"turnout":0.7356,"valid":778,"sh_likud":0.3985,"sh24_likud":0.41,"sh_yesh_atid":0.1234,"sh24_yesh_atid":0.1015,"sh_shas":0.0578,"sh24_shas":0.0514,"sh24_utj":0.0027,"sh_rz":0.1954,"sh24_rz":0.0528,"sh_labor":0.0347,"sh24_labor":0.0487,"sh_gantz":0.1003,"sh24_gantz":0.0853,"sh_yb":0.0386,"sh24_yb":0.0433,"sh_meretz":0.009,"sh24_meretz":0.0135,"sh_balad":0.0013,"sh24_joint":0.0027,"sh24_yamina":0.0907,"sh24_newhope":0.0825,"sh_habait":0.0167,"sh_other":0.0244,"sh24_other":0.0149,"winner24":"likud"}},{"type":"Feature","geometry":{"type":"Point","coordinates":[35.12573,31.65512]},"properties":{"semel":3604,"name":"אלון שבות","winner":"rz","winnerShare":0.4768,"turnout":0.7375,"valid":1682,"sh_likud":0.148,"sh24_likud":0.1312,"sh_yesh_atid":0.0166,"sh24_yesh_atid":0.0126,"sh_shas":0.0131,"sh24_shas":0.0096,"sh_utj":0.0071,"sh24_utj":0.0066,"sh_rz":0.4768,"sh24_rz":0.3363,"sh_labor":0.0071,"sh24_labor":0.0108,"sh_gantz":0.0737,"sh24_gantz":0.0205,"sh_yb":0.0083,"sh24_yb":0.0012,"sh_meretz":0.0024,"sh24_meretz":0.0042,"sh24_raam":0.0006,"sh24_yamina":0.3989,"sh24_newhope":0.0542,"sh_habait":0.2354,"sh_other":0.0113,"sh24_other":0.0132,"winner24":"yamina"}},{"type":"Feature","geometry":{"type":"Point","coordinates":[35.49239,32.11332]},"properties":{"semel":3605,"name":"משואה","winner":"rz","winnerShare":0.3846,"turnout":0.7453,"valid":156,"sh_likud":0.2821,"sh24_likud":0.3455,"sh_yesh_atid":0.1218,"sh24_yesh_atid":0.0818,"sh_shas":0.0064,"sh24_shas":0.0091,"sh_rz":0.3846,"sh_labor":0.0064,"sh24_labor":0.0273,"sh_gantz":0.141,"sh24_gantz":0.1182,"sh_yb":0.0128,"sh24_yb":0.0364,"sh24_yamina":0.2364,"sh24_newhope":0.1,"sh_habait":0.0192,"sh_other":0.0256,"sh24_other":0.0455,"winner24":"likud"}},{"type":"Feature","geometry":{"type":"Point","coordinates":[35.4485,31.99945]},"properties":{"semel":3606,"name":"גלגל","winner":"likud","winnerShare":0.2979,"turnout":0.5949,"valid":94,"sh_likud":0.2979,"sh24_likud":0.3182,"sh_yesh_atid":0.2128,"sh24_yesh_atid":0.2159,"sh_shas":0.0426,"sh24_utj":0.0227,"sh_rz":0.1596,"sh24_rz":0.0341,"sh_labor":0.0532,"sh24_labor":0.0455,"sh_gantz":0.1277,"sh24_gantz":0.0568,"sh24_yb":0.0227,"sh_meretz":0.0532,"sh24_meretz":0.0455,"sh24_yamina":0.125,"sh24_newhope":0.1023,"sh_habait":0.0426,"sh_other":0.0106,"sh24_other":0.0114,"winner24":"likud"}},{"type":"Feature","geometry":{"type":"Point","coordinates":[35.42206,31.94865]},"properties":{"semel":3607,"name":"ייטב","winner":"rz","winnerShare":0.6703,"turnout":0.6889,"valid":182,"sh_likud":0.2143,"sh24_likud":0.1925,"sh_yesh_atid":0.0165,"sh24_yesh_atid":0.0124,"sh_utj":0.0055,"sh24_utj":0.0062,"sh_rz":0.6703,"sh24_rz":0.4907,"sh24_labor":0.0124,"sh_gantz":0.011,"sh_yb":0.0055,"sh24_yb":0.0435,"sh24_yamina":0.1056,"sh24_newhope":0.0248,"sh_habait":0.011,"sh_other":0.0659,"sh24_other":0.1118,"winner24":"rz"}},{"type":"Feature","geometry":{"type":"Point","coordinates":[35.40382,32.07118]},"properties":{"semel":3608,"name":"מעלה אפרים","winner":"rz","winnerShare":0.3828,"turnout":0.5422,"valid":627,"sh_likud":0.3445,"sh24_likud":0.3612,"sh_yesh_atid":0.0845,"sh24_yesh_atid":0.0819,"sh_shas":0.0271,"sh24_shas":0.0178,"sh_utj":0.0128,"sh24_utj":0.0196,"sh_rz":0.3828,"sh24_rz":0.2313,"sh_labor":0.0048,"sh24_labor":0.0107,"sh_gantz":0.0526,"sh24_gantz":0.0249,"sh_yb":0.0447,"sh24_yb":0.0534,"sh_meretz":0.0048,"sh24_meretz":0.0142,"sh_hadash":0.0032,"sh24_yamina":0.0872,"sh24_newhope":0.0641,"sh_habait":0.0048,"sh_other":0.0335,"sh24_other":0.0338,"winner24":"likud"}},{"type":"Feature","geometry":{"type":"Point","coordinates":[35.43569,32.19884]},"properties":{"semel":3609,"name":"חמרה","winner":"rz","winnerShare":0.3301,"turnout":0.7027,"valid":103,"sh_likud":0.2816,"sh24_likud":0.3103,"sh_yesh_atid":0.1553,"sh24_yesh_atid":0.1264,"sh_shas":0.0097,"sh_utj":0.0097,"sh_rz":0.3301,"sh24_rz":0.1149,"sh_labor":0.0485,"sh24_labor":0.1149,"sh_gantz":0.1165,"sh24_gantz":0.1264,"sh24_yb":0.0115,"sh_meretz":0.0194,"sh24_meretz":0.0345,"sh24_yamina":0.092,"sh24_newhope":0.046,"sh_habait":0.0194,"sh_other":0.0097,"sh24_other":0.023,"winner24":"likud"}},{"type":"Feature","geometry":{"type":"Point","coordinates":[35.40112,31.56744]},"properties":{"semel":3610,"name":"מצפה שלם","winner":"yesh_atid","winnerShare":0.1789,"turnout":0.7208,"valid":190,"sh_likud":0.1368,"sh24_likud":0.1204,"sh_yesh_atid":0.1789,"sh24_yesh_atid":0.1099,"sh_shas":0.0105,"sh_utj":0.0053,"sh_rz":0.1211,"sh24_rz":0.0785,"sh_labor":0.1421,"sh24_labor":0.2408,"sh_gantz":0.1158,"sh24_gantz":0.1414,"sh_yb":0.0316,"sh24_yb":0.0105,"sh_meretz":0.0895,"sh24_meretz":0.0524,"sh_raam":0.0053,"sh24_yamina":0.1937,"sh24_newhope":0.0209,"sh_habait":0.1158,"sh_other":0.0474,"sh24_other":0.0314,"winner24":"labor"}},{"type":"Feature","geometry":{"type":"Point","coordinates":[35.11808,31.53541]},"properties":{"semel":3611,"name":"קרית ארבע","winner":"rz","winnerShare":0.6744,"turnout":0.6628,"valid":3249,"sh_likud":0.2133,"sh24_likud":0.2903,"sh_yesh_atid":0.0102,"sh24_yesh_atid":0.0076,"sh_shas":0.0345,"sh24_shas":0.0282,"sh_utj":0.0102,"sh24_utj":0.0076,"sh_rz":0.6744,"sh24_rz":0.5378,"sh_labor":0.0028,"sh24_labor":0.004,"sh_gantz":0.0083,"sh24_gantz":0.0027,"sh_yb":0.0225,"sh24_yb":0.0205,"sh_meretz":0.0018,"sh24_meretz":0.004,"sh_raam":0.0003,"sh24_joint":0.0003,"sh24_yamina":0.0646,"sh24_newhope":0.0182,"sh_habait":0.0129,"sh_other":0.0089,"sh24_other":0.0142,"winner24":"rz"}},{"type":"Feature","geometry":{"type":"Point","coordinates":[35.45475,32.24308]},"properties":{"semel":3612,"name":"בקעות","winner":"likud","winnerShare":0.3558,"turnout":0.7172,"valid":104,"sh_likud":0.3558,"sh24_likud":0.3366,"sh_yesh_atid":0.2019,"sh24_yesh_atid":0.1584,"sh_shas":0.0385,"sh24_shas":0.0198,"sh_utj":0.0096,"sh_rz":0.1154,"sh24_rz":0.0099,"sh_labor":0.0288,"sh24_labor":0.1188,"sh_gantz":0.1827,"sh24_gantz":0.0693,"sh_yb":0.0096,"sh24_yb":0.0297,"sh_meretz":0.0096,"sh24_meretz":0.0198,"sh24_yamina":0.0792,"sh24_newhope":0.1287,"sh_habait":0.0385,"sh_other":0.0096,"sh24_other":0.0297,"winner24":"likud"}},{"type":"Feature","geometry":{"type":"Point","coordinates":[35.3943,32.1028]},"properties":{"semel":3613,"name":"גיתית","winner":"rz","winnerShare":0.5288,"turnout":0.7549,"valid":191,"sh_likud":0.2042,"sh24_likud":0.1895,"sh_yesh_atid":0.0471,"sh24_yesh_atid":0.0158,"sh_shas":0.0052,"sh_rz":0.5288,"sh24_rz":0.3579,"sh_labor":0.0314,"sh24_labor":0.0158,"sh_gantz":0.0681,"sh24_gantz":0.0579,"sh_yb":0.0157,"sh24_yb":0.0053,"sh24_meretz":0.0158,"sh24_yamina":0.2789,"sh24_newhope":0.0579,"sh_habait":0.089,"sh_other":0.0105,"sh24_other":0.0053,"winner24":"rz"}},{"type":"Feature","geometry":{"type":"Point","coordinates":[35.42216,32.16059]},"properties":{"semel":3614,"name":"מכורה","winner":"likud","winnerShare":0.2421,"turnout":0.6643,"valid":95,"sh_likud":0.2421,"sh24_likud":0.3111,"sh_yesh_atid":0.2,"sh24_yesh_atid":0.1667,"sh_rz":0.1789,"sh24_rz":0.0333,"sh_labor":0.0316,"sh24_labor":0.0333,"sh_gantz":0.1158,"sh24_gantz":0.1,"sh_yb":0.0947,"sh24_yb":0.0778,"sh_meretz":0.0105,"sh24_yamina":0.0778,"sh24_newhope":0.1667,"sh_habait":0.0842,"sh_other":0.0421,"sh24_other":0.0333,"winner24":"likud"}},{"type":"Feature","geometry":{"type":"Point","coordinates":[35.44917,32.04408]},"properties":{"semel":3615,"name":"פצאל","winner":"likud","winnerShare":0.3493,"turnout":0.777,"valid":209,"sh_likud":0.3493,"sh24_likud":0.2473,"sh_yesh_atid":0.1866,"sh24_yesh_atid":0.129,"sh_rz":0.1579,"sh24_rz":0.0591,"sh_labor":0.0191,"sh24_labor":0.0591,"sh_gantz":0.2153,"sh24_gantz":0.1344,"sh_yb":0.0239,"sh24_yb":0.0323,"sh24_meretz":0.0215,"sh24_yamina":0.1613,"sh24_newhope":0.1398,"sh_habait":0.0239,"sh_other":0.0239,"sh24_other":0.0161,"winner24":"likud"}},{"type":"Feature","geometry":{"type":"Point","coordinates":[35.30571,31.77954]},"properties":{"semel":3616,"name":"מעלה אדומים","winner":"likud","winnerShare":0.4272,"turnout":0.7004,"valid":19602,"sh_likud":0.4272,"sh24_likud":0.4668,"sh_yesh_atid":0.071,"sh24_yesh_atid":0.0567,"sh_shas":0.0851,"sh24_shas":0.0682,"sh_utj":0.0132,"sh24_utj":0.0093,"sh_rz":0.26,"sh24_rz":0.1092,"sh_labor":0.0078,"sh24_labor":0.0154,"sh_gantz":0.0617,"sh24_gantz":0.0289,"sh_yb":0.0394,"sh24_yb":0.0441,"sh_meretz":0.0043,"sh24_meretz":0.0054,"sh_raam":0.0004,"sh24_raam":0.0002,"sh_hadash":0.0004,"sh_balad":0.0001,"sh24_joint":0.0004,"sh24_yamina":0.1182,"sh24_newhope":0.0648,"sh_habait":0.0182,"sh_other":0.0113,"sh24_other":0.0124,"winner24":"likud"}},{"type":"Feature","geometry":{"type":"Point","coordinates":[35.26612,31.95208]},"properties":{"semel":3617,"name":"עופרה","winner":"rz","winnerShare":0.6901,"turnout":0.7311,"valid":1478,"sh_likud":0.1637,"sh24_likud":0.1672,"sh_yesh_atid":0.0047,"sh24_yesh_atid":0.0048,"sh_shas":0.0135,"sh24_shas":0.0075,"sh_utj":0.0027,"sh24_utj":0.0014,"sh_rz":0.6901,"sh24_rz":0.4616,"sh_labor":0.0027,"sh24_labor":0.0041,"sh_gantz":0.0108,"sh24_gantz":0.0054,"sh_yb":0.0041,"sh24_yb":0.0007,"sh_meretz":0.0007,"sh24_meretz":0.0014,"sh24_raam":0.0007,"sh24_yamina":0.3175,"sh24_newhope":0.0082,"sh_habait":0.0947,"sh_other":0.0122,"sh24_other":0.0197,"winner24":"rz"}},{"type":"Feature","geometry":{"type":"Point","coordinates":[35.141,31.66151]},"properties":{"semel":3618,"name":"אלעזר","winner":"rz","winnerShare":0.5362,"turnout":0.7358,"valid":1201,"sh_likud":0.2248,"sh24_likud":0.1681,"sh_yesh_atid":0.0117,"sh24_yesh_atid":0.0089,"sh_shas":0.0192,"sh24_shas":0.0098,"sh_utj":0.0075,"sh24_utj":0.0027,"sh_rz":0.5362,"sh24_rz":0.3532,"sh_labor":0.0017,"sh24_labor":0.0116,"sh_gantz":0.0475,"sh24_gantz":0.008,"sh_yb":0.0092,"sh24_yb":0.0009,"sh_meretz":0.0033,"sh24_meretz":0.0018,"sh24_yamina":0.379,"sh24_newhope":0.0507,"sh_habait":0.1324,"sh_other":0.0067,"sh24_other":0.0053,"winner24":"yamina"}},{"type":"Feature","geometry":{"type":"Point","coordinates":[35.48314,32.24829]},"properties":{"semel":3619,"name":"רועי","winner":"likud","winnerShare":0.2907,"turnout":0.6667,"valid":86,"sh_likud":0.2907,"sh24_likud":0.3117,"sh_yesh_atid":0.2907,"sh24_yesh_atid":0.1429,"sh_rz":0.093,"sh_labor":0.0465,"sh24_labor":0.1039,"sh_gantz":0.2093,"sh24_gantz":0.2078,"sh_yb":0.0116,"sh24_yb":0.0649,"sh_meretz":0.0349,"sh24_meretz":0.0649,"sh24_yamina":0.013,"sh24_newhope":0.0779,"sh_habait":0.0116,"sh_other":0.0116,"sh24_other":0.013,"winner24":"likud"}},{"type":"Feature","geometry":{"type":"Point","coordinates":[35.34443,31.81834]},"properties":{"semel":3638,"name":"כפר אדומים","winner":"likud","winnerShare":0.2941,"turnout":0.7162,"valid":1989,"sh_likud":0.2941,"sh24_likud":0.2327,"sh_yesh_atid":0.086,"sh24_yesh_atid":0.0615,"sh_shas":0.0161,"sh24_shas":0.0081,"sh_utj":0.005,"sh24_utj":0.0046,"sh_rz":0.2584,"sh24_rz":0.124,"sh_labor":0.0251,"sh24_labor":0.0452,"sh_gantz":0.1609,"sh24_gantz":0.0554,"sh_yb":0.0156,"sh24_yb":0.0132,"sh_meretz":0.007,"sh24_meretz":0.0091,"sh_raam":0.0005,"sh_hadash":0.001,"sh24_joint":0.002,"sh24_yamina":0.342,"sh24_newhope":0.0889,"sh_habait":0.1101,"sh_other":0.0201,"sh24_other":0.0132,"winner24":"yamina"}},{"type":"Feature","geometry":{"type":"Point","coordinates":[35.43347,31.82686]},"properties":{"semel":3639,"name":"ורד יריחו","winner":"likud","winnerShare":0.3769,"turnout":0.7453,"valid":199,"sh_likud":0.3769,"sh24_likud":0.4211,"sh_yesh_atid":0.1658,"sh24_yesh_atid":0.0789,"sh_shas":0.0302,"sh24_shas":0.0263,"sh_utj":0.005,"sh_rz":0.2362,"sh24_rz":0.0579,"sh_labor":0.0201,"sh24_labor":0.0632,"sh_gantz":0.1106,"sh24_gantz":0.0421,"sh_yb":0.0101,"sh24_yb":0.0368,"sh24_meretz":0.0053,"sh24_joint":0.0053,"sh24_yamina":0.1158,"sh24_newhope":0.1053,"sh_habait":0.0201,"sh_other":0.0251,"sh24_other":0.0421,"winner24":"likud"}},{"type":"Feature","geometry":{"type":"Point","coordinates":[35.09225,32.17053]},"properties":{"semel":3640,"name":"קרני שומרון","winner":"rz","winnerShare":0.5444,"turnout":0.7355,"valid":4732,"sh_likud":0.2606,"sh24_likud":0.2483,"sh_yesh_atid":0.0332,"sh24_yesh_atid":0.0283,"sh_shas":0.0361,"sh24_shas":0.0312,"sh_utj":0.0104,"sh24_utj":0.0073,"sh_rz":0.5444,"sh24_rz":0.3689,"sh_labor":0.0036,"sh24_labor":0.0116,"sh_gantz":0.0281,"sh24_gantz":0.0134,"sh_yb":0.0292,"sh24_yb":0.0275,"sh_meretz":0.0015,"sh24_meretz":0.0035,"sh_raam":0.0002,"sh24_joint":0.0002,"sh24_yamina":0.2048,"sh24_newhope":0.0402,"sh_habait":0.0414,"sh_other":0.0114,"sh24_other":0.0147,"winner24":"rz"}},{"type":"Feature","geometry":{"type":"Point","coordinates":[35.30049,32.05219]},"properties":{"semel":3641,"name":"שילה","winner":"rz","winnerShare":0.8202,"turnout":0.7844,"valid":1769,"sh_likud":0.0916,"sh24_likud":0.0868,"sh_yesh_atid":0.0023,"sh_shas":0.0215,"sh24_shas":0.0141,"sh_utj":0.0073,"sh24_utj":0.0061,"sh_rz":0.8202,"sh24_rz":0.698,"sh24_labor":0.0031,"sh_gantz":0.004,"sh24_gantz":0.0006,"sh_yb":0.0011,"sh_meretz":0.0017,"sh24_meretz":0.0006,"sh_balad":0.0006,"sh24_yamina":0.1675,"sh24_newhope":0.0128,"sh_habait":0.0441,"sh_other":0.0057,"sh24_other":0.0104,"winner24":"rz"}},{"type":"Feature","geometry":{"type":"Point","coordinates":[35.16851,32.48116]},"properties":{"semel":3643,"name":"חיננית","winner":"rz","winnerShare":0.5484,"turnout":0.7594,"valid":682,"sh_likud":0.2405,"sh24_likud":0.259,"sh_yesh_atid":0.0337,"sh24_yesh_atid":0.0187,"sh_shas":0.0264,"sh24_shas":0.0312,"sh_utj":0.0015,"sh_rz":0.5484,"sh24_rz":0.3432,"sh_labor":0.0088,"sh24_labor":0.0062,"sh_gantz":0.0308,"sh24_gantz":0.0047,"sh_yb":0.0601,"sh24_yb":0.1154,"sh_meretz":0.0015,"sh24_meretz":0.0016,"sh_raam":0.0015,"sh24_joint":0.0016,"sh24_yamina":0.181,"sh24_newhope":0.025,"sh_habait":0.0337,"sh_other":0.0132,"sh24_other":0.0125,"winner24":"rz"}},{"type":"Feature","geometry":{"type":"Point","coordinates":[35.15838,31.8481]},"properties":{"semel":3644,"name":"גבעון החדשה","winner":"likud","winnerShare":0.3437,"turnout":0.6785,"valid":646,"sh_likud":0.3437,"sh24_likud":0.3208,"sh_yesh_atid":0.1656,"sh24_yesh_atid":0.1474,"sh_shas":0.031,"sh24_shas":0.0202,"sh_utj":0.0031,"sh24_utj":0.0043,"sh_rz":0.1409,"sh24_rz":0.026,"sh_labor":0.0279,"sh24_labor":0.0419,"sh_gantz":0.1409,"sh24_gantz":0.0795,"sh_yb":0.0557,"sh24_yb":0.0434,"sh_meretz":0.0155,"sh24_meretz":0.0303,"sh24_raam":0.0014,"sh24_yamina":0.1662,"sh24_newhope":0.0882,"sh_habait":0.0248,"sh_other":0.0511,"sh24_other":0.0303,"winner24":"likud"}},{"type":"Feature","geometry":{"type":"Point","coordinates":[35.49951,31.80642]},"properties":{"semel":3645,"name":"בית הערבה","winner":"likud","winnerShare":0.2277,"turnout":0.8577,"valid":202,"sh_likud":0.2277,"sh24_likud":0.2121,"sh_yesh_atid":0.1386,"sh24_yesh_atid":0.097,"sh_shas":0.0347,"sh24_shas":0.0121,"sh_rz":0.2079,"sh24_rz":0.0242,"sh_labor":0.0495,"sh24_labor":0.1152,"sh_gantz":0.1386,"sh24_gantz":0.0909,"sh_yb":0.0297,"sh24_yb":0.0485,"sh_meretz":0.0198,"sh24_meretz":0.0121,"sh24_yamina":0.3152,"sh24_newhope":0.0667,"sh_habait":0.1089,"sh_other":0.0446,"sh24_other":0.0061,"winner24":"yamina"}},{"type":"Feature","geometry":{"type":"Point","coordinates":[35.52795,32.25271]},"properties":{"semel":3646,"name":"חמדת","winner":"rz","winnerShare":0.6033,"turnout":0.7378,"valid":121,"sh_likud":0.2397,"sh24_likud":0.1782,"sh_yesh_atid":0.0083,"sh_shas":0.0248,"sh24_shas":0.0297,"sh_rz":0.6033,"sh24_rz":0.3366,"sh_gantz":0.0165,"sh24_yamina":0.4455,"sh24_newhope":0.0099,"sh_habait":0.1074,"winner24":"yamina"}},{"type":"Feature","geometry":{"type":"Point","coordinates":[35.11467,32.14972]},"properties":{"semel":3647,"name":"יקיר","winner":"rz","winnerShare":0.6311,"turnout":0.7964,"valid":1098,"sh_likud":0.2058,"sh24_likud":0.1924,"sh_yesh_atid":0.0073,"sh24_yesh_atid":0.0057,"sh_shas":0.0246,"sh24_shas":0.0171,"sh_utj":0.0036,"sh24_utj":0.0019,"sh_rz":0.6311,"sh24_rz":0.3441,"sh_labor":0.0018,"sh24_labor":0.0038,"sh_gantz":0.0173,"sh24_gantz":0.0038,"sh24_yb":0.0019,"sh24_yamina":0.4085,"sh24_newhope":0.018,"sh_habait":0.0947,"sh_other":0.0137,"sh24_other":0.0028,"winner24":"yamina"}},{"type":"Feature","geometry":{"type":"Point","coordinates":[35.03135,31.92924]},"properties":{"semel":3648,"name":"מתתיהו","winner":"utj","winnerShare":0.7326,"turnout":0.7255,"valid":374,"sh_likud":0.0187,"sh24_likud":0.0145,"sh_shas":0.1043,"sh24_shas":0.052,"sh_utj":0.7326,"sh24_utj":0.7775,"sh_rz":0.1123,"sh24_rz":0.104,"sh_gantz":0.0134,"sh_yb":0.0107,"sh24_yb":0.0029,"sh24_yamina":0.0376,"sh24_newhope":0.0116,"sh_habait":0.008,"winner24":"utj"}},{"type":"Feature","geometry":{"type":"Point","coordinates":[35.16865,32.47397]},"properties":{"semel":3649,"name":"שקד","winner":"likud","winnerShare":0.3388,"turnout":0.73,"valid":490,"sh_likud":0.3388,"sh24_likud":0.3029,"sh_yesh_atid":0.1939,"sh24_yesh_atid":0.167,"sh_shas":0.002,"sh24_shas":0.0134,"sh_utj":0.002,"sh24_utj":0.0022,"sh_rz":0.2469,"sh24_rz":0.0601,"sh_labor":0.0163,"sh24_labor":0.029,"sh_gantz":0.102,"sh24_gantz":0.0512,"sh_yb":0.0245,"sh24_yb":0.0401,"sh_meretz":0.0061,"sh24_meretz":0.0045,"sh24_yamina":0.196,"sh24_newhope":0.1225,"sh_habait":0.0429,"sh_other":0.0245,"sh24_other":0.0111,"winner24":"likud"}},{"type":"Feature","geometry":{"type":"Point","coordinates":[35.15592,31.66251]},"properties":{"semel":3650,"name":"אפרת","winner":"rz","winnerShare":0.4805,"turnout":0.7298,"valid":5783,"sh_likud":0.1982,"sh24_likud":0.1642,"sh_yesh_atid":0.0301,"sh24_yesh_atid":0.0245,"sh_shas":0.0213,"sh24_shas":0.0156,"sh_utj":0.0074,"sh24_utj":0.006,"sh_rz":0.4805,"sh24_rz":0.255,"sh_labor":0.0069,"sh24_labor":0.0124,"sh_gantz":0.0686,"sh24_gantz":0.0168,"sh_yb":0.0112,"sh24_yb":0.0028,"sh_meretz":0.0028,"sh24_meretz":0.0046,"sh_raam":0.0007,"sh_hadash":0.0002,"sh_balad":0.0002,"sh24_yamina":0.4304,"sh24_newhope":0.0532,"sh_habait":0.1544,"sh_other":0.0175,"sh24_other":0.0145,"winner24":"yamina"}},{"type":"Feature","geometry":{"type":"Point","coordinates":[35.30601,31.87927]},"properties":{"semel":3651,"name":"מעלה מכמש","winner":"rz","winnerShare":0.6495,"turnout":0.777,"valid":833,"sh_likud":0.1969,"sh24_likud":0.1712,"sh_yesh_atid":0.006,"sh24_yesh_atid":0.0077,"sh_shas":0.0288,"sh24_shas":0.0347,"sh_utj":0.0096,"sh24_utj":0.0039,"sh_rz":0.6495,"sh24_rz":0.4762,"sh_labor":0.0012,"sh24_labor":0.0039,"sh_gantz":0.018,"sh24_gantz":0.0051,"sh24_yb":0.0039,"sh24_yamina":0.2664,"sh24_newhope":0.0219,"sh_habait":0.0804,"sh_other":0.0096,"sh24_other":0.0051,"winner24":"rz"}},{"type":"Feature","geometry":{"type":"Point","coordinates":[35.04979,32.03298]},"properties":{"semel":3652,"name":"בית אריה","winner":"likud","winnerShare":0.4125,"turnout":0.7089,"valid":2754,"sh_likud":0.4125,"sh24_likud":0.393,"sh_yesh_atid":0.1529,"sh24_yesh_atid":0.1165,"sh_shas":0.041,"sh24_shas":0.0345,"sh_utj":0.0102,"sh24_utj":0.0046,"sh_rz":0.1885,"sh24_rz":0.0668,"sh_labor":0.0091,"sh24_labor":0.0398,"sh_gantz":0.1144,"sh24_gantz":0.0622,"sh_yb":0.0236,"sh24_yb":0.0345,"sh_meretz":0.0047,"sh24_meretz":0.0099,"sh24_joint":0.0004,"sh24_yamina":0.1316,"sh24_newhope":0.088,"sh_habait":0.0221,"sh_other":0.0211,"sh24_other":0.0182,"winner24":"likud"}},{"type":"Feature","geometry":{"type":"Point","coordinates":[35.22976,31.59608]},"properties":{"semel":3653,"name":"מעלה עמוס","winner":"utj","winnerShare":0.4846,"turnout":0.7564,"valid":324,"sh_likud":0.0463,"sh24_likud":0.0385,"sh_yesh_atid":0.0093,"sh24_yesh_atid":0.0035,"sh_shas":0.1111,"sh24_shas":0.0909,"sh_utj":0.4846,"sh24_utj":0.5315,"sh_rz":0.3241,"sh24_rz":0.2517,"sh_gantz":0.0062,"sh24_meretz":0.0035,"sh24_yamina":0.0699,"sh24_newhope":0.0035,"sh_habait":0.0154,"sh_other":0.0031,"sh24_other":0.007,"winner24":"utj"}},{"type":"Feature","geometry":{"type":"Point","coordinates":[35.10895,32.1058]},"properties":{"semel":3654,"name":"ברקן","winner":"likud","winnerShare":0.4663,"turnout":0.7002,"valid":1053,"sh_likud":0.4663,"sh24_likud":0.4306,"sh_yesh_atid":0.1263,"sh24_yesh_atid":0.0851,"sh_shas":0.0038,"sh24_shas":0.0111,"sh_utj":0.0019,"sh_rz":0.1662,"sh24_rz":0.0466,"sh_labor":0.0104,"sh24_labor":0.0263,"sh_gantz":0.1007,"sh24_gantz":0.0517,"sh_yb":0.0465,"sh24_yb":0.0598,"sh_meretz":0.0066,"sh24_meretz":0.0152,"sh_hadash":0.0019,"sh24_joint":0.001,"sh24_yamina":0.1449,"sh24_newhope":0.0993,"sh_habait":0.0285,"sh_other":0.0408,"sh24_other":0.0284,"winner24":"likud"}},{"type":"Feature","geometry":{"type":"Point","coordinates":[35.04651,31.96353]},"properties":{"semel":3655,"name":"נילי","winner":"likud","winnerShare":0.3396,"turnout":0.7357,"valid":960,"sh_likud":0.3396,"sh24_likud":0.3109,"sh_yesh_atid":0.2281,"sh24_yesh_atid":0.1807,"sh_shas":0.0146,"sh24_shas":0.0045,"sh_utj":0.001,"sh24_utj":0.0034,"sh_rz":0.174,"sh24_rz":0.0292,"sh_labor":0.0146,"sh24_labor":0.0483,"sh_gantz":0.1385,"sh24_gantz":0.0831,"sh_yb":0.0313,"sh24_yb":0.0426,"sh_meretz":0.0083,"sh24_meretz":0.0123,"sh24_raam":0.0011,"sh24_yamina":0.174,"sh24_newhope":0.0943,"sh_habait":0.0229,"sh_other":0.0271,"sh24_other":0.0157,"winner24":"likud"}},{"type":"Feature","geometry":{"type":"Point","coordinates":[35.18459,31.43226]},"properties":{"semel":3656,"name":"כרמל","winner":"rz","winnerShare":0.8605,"turnout":0.7465,"valid":215,"sh_likud":0.0791,"sh24_likud":0.0881,"sh_shas":0.0186,"sh_utj":0.0047,"sh24_utj":0.0088,"sh_rz":0.8605,"sh24_rz":0.6696,"sh_gantz":0.0047,"sh24_yb":0.0044,"sh24_yamina":0.2291,"sh_habait":0.0326,"winner24":"rz"}},{"type":"Feature","geometry":{"type":"Point","coordinates":[35.16432,31.41356]},"properties":{"semel":3657,"name":"מעון","winner":"rz","winnerShare":0.8991,"turnout":0.7475,"valid":228,"sh_likud":0.0395,"sh24_likud":0.034,"sh24_yesh_atid":0.0049,"sh_shas":0.0088,"sh_utj":0.0088,"sh_rz":0.8991,"sh24_rz":0.801,"sh_gantz":0.0044,"sh24_yamina":0.1408,"sh24_newhope":0.0049,"sh_habait":0.0395,"sh24_other":0.0146,"winner24":"rz"}},{"type":"Feature","geometry":{"type":"Point","coordinates":[35.17617,32.00236]},"properties":{"semel":3658,"name":"עטרת","winner":"rz","winnerShare":0.8182,"turnout":0.8073,"valid":264,"sh_likud":0.0909,"sh24_likud":0.0859,"sh24_yesh_atid":0.0039,"sh_shas":0.0114,"sh24_shas":0.0078,"sh_utj":0.0038,"sh24_utj":0.0039,"sh_rz":0.8182,"sh24_rz":0.7305,"sh_gantz":0.0076,"sh24_gantz":0.0039,"sh24_joint":0.0039,"sh24_yamina":0.1406,"sh24_newhope":0.0195,"sh_habait":0.0644,"sh_other":0.0038,"winner24":"rz"}},{"type":"Feature","geometry":{"type":"Point","coordinates":[35.22468,31.89893]},"properties":{"semel":3659,"name":"פסגות","winner":"rz","winnerShare":0.7969,"turnout":0.7965,"valid":901,"sh_likud":0.131,"sh24_likud":0.109,"sh_yesh_atid":0.0022,"sh24_yesh_atid":0.0036,"sh_shas":0.0078,"sh24_shas":0.0036,"sh24_utj":0.0012,"sh_rz":0.7969,"sh24_rz":0.6896,"sh_labor":0.0011,"sh24_labor":0.0012,"sh_gantz":0.0089,"sh24_gantz":0.0036,"sh_yb":0.0022,"sh24_yb":0.0012,"sh24_meretz":0.0012,"sh_hadash":0.0011,"sh24_yamina":0.1765,"sh24_newhope":0.0083,"sh_habait":0.0433,"sh_other":0.0055,"sh24_other":0.0012,"winner24":"rz"}},{"type":"Feature","geometry":{"type":"Point","coordinates":[35.13685,32.16157]},"properties":{"semel":3660,"name":"עמנואל","winner":"shas","winnerShare":0.4156,"turnout":0.7581,"valid":1932,"sh_likud":0.0321,"sh24_likud":0.0478,"sh_yesh_atid":0.0016,"sh24_yesh_atid":0.0006,"sh_shas":0.4156,"sh24_shas":0.4098,"sh_utj":0.3427,"sh24_utj":0.3369,"sh_rz":0.2019,"sh24_rz":0.1823,"sh_labor":0.0005,"sh24_labor":0.0006,"sh_gantz":0.0005,"sh_yb":0.0005,"sh24_yb":0.0006,"sh_meretz":0.001,"sh24_yamina":0.017,"sh24_newhope":0.0025,"sh_habait":0.001,"sh_other":0.0026,"sh24_other":0.0019,"winner24":"shas"}},{"type":"Feature","geometry":{"type":"Point","coordinates":[35.03655,31.84755]},"properties":{"semel":3709,"name":"מבוא חורון","winner":"rz","winnerShare":0.7757,"turnout":0.8541,"valid":1079,"sh_likud":0.0602,"sh24_likud":0.0582,"sh_yesh_atid":0.0019,"sh24_yesh_atid":0.0019,"sh_shas":0.0621,"sh24_shas":0.0524,"sh_utj":0.0593,"sh24_utj":0.0601,"sh_rz":0.7757,"sh24_rz":0.6896,"sh24_labor":0.001,"sh_gantz":0.0102,"sh24_gantz":0.0019,"sh_yb":0.0009,"sh_meretz":0.0009,"sh24_meretz":0.001,"sh24_yamina":0.1193,"sh24_newhope":0.0048,"sh_habait":0.0232,"sh_other":0.0056,"sh24_other":0.0097,"winner24":"rz"}},{"type":"Feature","geometry":{"type":"Point","coordinates":[35.26548,32.1925]},"properties":{"semel":3710,"name":"ברכה","winner":"likud","winnerShare":0.5058,"turnout":0.8523,"valid":1129,"sh_likud":0.5058,"sh24_likud":0.4421,"sh_yesh_atid":0.0027,"sh24_yesh_atid":0.0019,"sh_shas":0.0062,"sh24_shas":0.0086,"sh_utj":0.0027,"sh24_utj":0.0038,"sh_rz":0.457,"sh24_rz":0.4268,"sh_labor":0.0009,"sh24_labor":0.0029,"sh_gantz":0.0018,"sh24_yb":0.001,"sh_meretz":0.0009,"sh_balad":0.0009,"sh24_joint":0.001,"sh24_yamina":0.11,"sh24_newhope":0.0019,"sh_habait":0.0168,"sh_other":0.0044,"winner24":"likud"}},{"type":"Feature","geometry":{"type":"Point","coordinates":[35.12639,32.28444]},"properties":{"semel":3712,"name":"ענב","winner":"rz","winnerShare":0.6318,"turnout":0.8196,"valid":459,"sh_likud":0.1895,"sh24_likud":0.1995,"sh_yesh_atid":0.0044,"sh24_yesh_atid":0.0046,"sh_shas":0.0959,"sh24_shas":0.0835,"sh_utj":0.0044,"sh24_utj":0.0116,"sh_rz":0.6318,"sh24_rz":0.4501,"sh24_labor":0.0023,"sh_gantz":0.0109,"sh_yb":0.0022,"sh24_yb":0.0023,"sh24_yamina":0.2251,"sh24_newhope":0.0093,"sh_habait":0.0545,"sh_other":0.0065,"sh24_other":0.0116,"winner24":"rz"}},{"type":"Feature","geometry":{"type":"Point","coordinates":[35.46719,31.9067]},"properties":{"semel":3713,"name":"נעמה","winner":"likud","winnerShare":0.3182,"turnout":0.6433,"valid":110,"sh_likud":0.3182,"sh24_likud":0.3043,"sh_yesh_atid":0.2636,"sh24_yesh_atid":0.1304,"sh_shas":0.0091,"sh24_shas":0.0109,"sh_utj":0.0091,"sh_rz":0.1364,"sh24_rz":0.0326,"sh_labor":0.0273,"sh24_labor":0.0652,"sh_gantz":0.2,"sh24_gantz":0.1304,"sh_yb":0.0091,"sh_meretz":0.0091,"sh24_meretz":0.0109,"sh24_yamina":0.1522,"sh24_newhope":0.1522,"sh_habait":0.0091,"sh_other":0.0091,"sh24_other":0.0109,"winner24":"likud"}},{"type":"Feature","geometry":{"type":"Point","coordinates":[35.29528,31.83053]},"properties":{"semel":3715,"name":"עלמון","winner":"likud","winnerShare":0.4812,"turnout":0.7512,"valid":771,"sh_likud":0.4812,"sh24_likud":0.5284,"sh_yesh_atid":0.1102,"sh24_yesh_atid":0.0797,"sh_shas":0.0195,"sh24_shas":0.0122,"sh_rz":0.1829,"sh24_rz":0.0405,"sh_labor":0.0208,"sh24_labor":0.0297,"sh_gantz":0.1038,"sh24_gantz":0.0243,"sh_yb":0.0402,"sh24_yb":0.0446,"sh_meretz":0.0026,"sh24_meretz":0.0108,"sh_hadash":0.0013,"sh24_joint":0.0014,"sh24_yamina":0.1257,"sh24_newhope":0.0932,"sh_habait":0.0169,"sh_other":0.0208,"sh24_other":0.0095,"winner24":"likud"}},{"type":"Feature","geometry":{"type":"Point","coordinates":[35.11906,32.42338]},"properties":{"semel":3717,"name":"חרמש","winner":"likud","winnerShare":0.4265,"turnout":0.6479,"valid":136,"sh_likud":0.4265,"sh24_likud":0.3462,"sh_yesh_atid":0.125,"sh24_yesh_atid":0.1154,"sh24_shas":0.0231,"sh_rz":0.2279,"sh24_rz":0.0846,"sh_labor":0.0074,"sh24_labor":0.0154,"sh_gantz":0.0662,"sh24_gantz":0.0154,"sh_yb":0.1176,"sh24_yb":0.1385,"sh_meretz":0.0074,"sh24_meretz":0.0154,"sh24_yamina":0.1308,"sh24_newhope":0.0385,"sh_habait":0.0074,"sh_other":0.0147,"sh24_other":0.0769,"winner24":"likud"}},{"type":"Feature","geometry":{"type":"Point","coordinates":[35.03095,31.56441]},"properties":{"semel":3719,"name":"תלם","winner":"rz","winnerShare":0.7556,"turnout":0.787,"valid":180,"sh_likud":0.0722,"sh24_likud":0.141,"sh_yesh_atid":0.0389,"sh24_yesh_atid":0.0128,"sh_shas":0.0222,"sh24_shas":0.0064,"sh_utj":0.0278,"sh24_utj":0.0192,"sh_rz":0.7556,"sh24_rz":0.5641,"sh24_labor":0.0064,"sh_gantz":0.0222,"sh_yb":0.0167,"sh24_yb":0.0064,"sh24_yamina":0.1923,"sh24_newhope":0.0321,"sh_habait":0.0333,"sh_other":0.0111,"sh24_other":0.0192,"winner24":"rz"}},{"type":"Feature","geometry":{"type":"Point","coordinates":[34.90497,31.39108]},"properties":{"semel":3722,"name":"אשכולות","winner":"likud","winnerShare":0.331,"turnout":0.7594,"valid":284,"sh_likud":0.331,"sh24_likud":0.3849,"sh_yesh_atid":0.257,"sh24_yesh_atid":0.166,"sh_shas":0.0035,"sh24_shas":0.0038,"sh24_utj":0.0038,"sh_rz":0.1479,"sh24_rz":0.0528,"sh_labor":0.0106,"sh24_labor":0.0604,"sh_gantz":0.1761,"sh24_gantz":0.083,"sh_yb":0.0141,"sh24_yb":0.0226,"sh_meretz":0.0035,"sh24_meretz":0.0151,"sh24_yamina":0.0906,"sh24_newhope":0.1057,"sh_habait":0.0282,"sh_other":0.0282,"sh24_other":0.0113,"winner24":"likud"}},{"type":"Feature","geometry":{"type":"Point","coordinates":[35.16539,31.48621]},"properties":{"semel":3723,"name":"פני חבר","winner":"rz","winnerShare":0.8436,"turnout":0.7903,"valid":211,"sh_likud":0.0995,"sh24_likud":0.0765,"sh24_yesh_atid":0.0102,"sh_shas":0.0237,"sh24_shas":0.0153,"sh24_utj":0.0051,"sh_rz":0.8436,"sh24_rz":0.7806,"sh_labor":0.0047,"sh24_labor":0.0051,"sh_gantz":0.0095,"sh24_gantz":0.0102,"sh_yb":0.0047,"sh24_yamina":0.0561,"sh_habait":0.0047,"sh_other":0.0095,"sh24_other":0.0408,"winner24":"rz"}},{"type":"Feature","geometry":{"type":"Point","coordinates":[34.98311,31.49304]},"properties":{"semel":3724,"name":"נגוהות","winner":"rz","winnerShare":0.8564,"turnout":0.8478,"valid":195,"sh_likud":0.0615,"sh24_likud":0.0647,"sh_shas":0.0103,"sh24_shas":0.0072,"sh_utj":0.0051,"sh_rz":0.8564,"sh24_rz":0.6619,"sh24_yamina":0.2518,"sh24_newhope":0.0144,"sh_habait":0.0615,"sh_other":0.0051,"winner24":"rz"}},{"type":"Feature","geometry":{"type":"Point","coordinates":[35.14362,31.67684]},"properties":{"semel":3725,"name":"נווה דניאל","winner":"rz","winnerShare":0.5026,"turnout":0.7057,"valid":1154,"sh_likud":0.2114,"sh24_likud":0.1256,"sh_yesh_atid":0.0139,"sh24_yesh_atid":0.0077,"sh_shas":0.0069,"sh24_shas":0.0034,"sh_utj":0.0095,"sh24_utj":0.0069,"sh_rz":0.5026,"sh24_rz":0.3081,"sh_labor":0.0035,"sh24_labor":0.0103,"sh_gantz":0.052,"sh24_gantz":0.012,"sh_yb":0.0009,"sh24_yb":0.0026,"sh_meretz":0.0017,"sh24_meretz":0.0017,"sh_raam":0.0009,"sh24_yamina":0.4527,"sh24_newhope":0.0448,"sh_habait":0.1811,"sh_other":0.0156,"sh24_other":0.0241,"winner24":"yamina"}},{"type":"Feature","geometry":{"type":"Point","coordinates":[35.2436,31.64561]},"properties":{"semel":3726,"name":"נוקדים","winner":"rz","winnerShare":0.4883,"turnout":0.7187,"valid":1022,"sh_likud":0.2299,"sh24_likud":0.2364,"sh_yesh_atid":0.0274,"sh24_yesh_atid":0.0224,"sh_shas":0.0157,"sh24_shas":0.0085,"sh_utj":0.0166,"sh24_utj":0.017,"sh_rz":0.4883,"sh24_rz":0.2481,"sh_labor":0.0039,"sh24_labor":0.0106,"sh_gantz":0.0431,"sh24_gantz":0.0138,"sh_yb":0.0597,"sh24_yb":0.0703,"sh_meretz":0.002,"sh24_meretz":0.0043,"sh_hadash":0.001,"sh_balad":0.001,"sh24_joint":0.0011,"sh24_yamina":0.3056,"sh24_newhope":0.0447,"sh_habait":0.0841,"sh_other":0.0274,"sh24_other":0.017,"winner24":"yamina"}},{"type":"Feature","geometry":{"type":"Point","coordinates":[35.06578,32.07089]},"properties":{"semel":3727,"name":"עלי זהב","winner":"rz","winnerShare":0.5713,"turnout":0.8356,"valid":1717,"sh_likud":0.2033,"sh24_likud":0.1588,"sh_yesh_atid":0.0146,"sh24_yesh_atid":0.0086,"sh_shas":0.0204,"sh24_shas":0.0113,"sh_utj":0.0064,"sh24_utj":0.004,"sh_rz":0.5713,"sh24_rz":0.2608,"sh_labor":0.0023,"sh24_labor":0.0093,"sh_gantz":0.0285,"sh24_gantz":0.0053,"sh_yb":0.0064,"sh24_yb":0.0086,"sh_meretz":0.0012,"sh24_meretz":0.0007,"sh24_yamina":0.4904,"sh24_newhope":0.0311,"sh_habait":0.1357,"sh_other":0.0099,"sh24_other":0.0113,"winner24":"yamina"}},{"type":"Feature","geometry":{"type":"Point","coordinates":[35.16802,31.85715]},"properties":{"semel":3730,"name":"גבעת זאב","winner":"shas","winnerShare":0.2545,"turnout":0.7693,"valid":9663,"sh_likud":0.2295,"sh24_likud":0.2645,"sh_yesh_atid":0.0444,"sh24_yesh_atid":0.0419,"sh_shas":0.2545,"sh24_shas":0.1948,"sh_utj":0.1984,"sh24_utj":0.1922,"sh_rz":0.1904,"sh24_rz":0.1303,"sh_labor":0.0073,"sh24_labor":0.0149,"sh_gantz":0.0418,"sh24_gantz":0.0231,"sh_yb":0.0095,"sh24_yb":0.0149,"sh_meretz":0.003,"sh24_meretz":0.006,"sh_raam":0.0002,"sh24_joint":0.0001,"sh24_yamina":0.0699,"sh24_newhope":0.0354,"sh_habait":0.0127,"sh_other":0.0082,"sh24_other":0.0119,"winner24":"likud"}},{"type":"Feature","geometry":{"type":"Point","coordinates":[34.9563,31.37432]},"properties":{"semel":3743,"name":"טנא","winner":"rz","winnerShare":0.4663,"turnout":0.7708,"valid":416,"sh_likud":0.2043,"sh24_likud":0.202,"sh_yesh_atid":0.0721,"sh24_yesh_atid":0.0455,"sh_shas":0.0264,"sh24_shas":0.0177,"sh_utj":0.0096,"sh24_utj":0.0152,"sh_rz":0.4663,"sh24_rz":0.2879,"sh_labor":0.0192,"sh24_labor":0.0429,"sh_gantz":0.101,"sh24_gantz":0.053,"sh_yb":0.0168,"sh24_yb":0.0227,"sh_meretz":0.0072,"sh24_meretz":0.0076,"sh24_raam":0.0025,"sh24_yamina":0.2374,"sh24_newhope":0.0505,"sh_habait":0.0601,"sh_other":0.0168,"sh24_other":0.0152,"winner24":"rz"}},{"type":"Feature","geometry":{"type":"Point","coordinates":[35.08651,32.08083]},"properties":{"semel":3744,"name":"ברוכין","winner":"rz","winnerShare":0.8187,"turnout":0.8337,"valid":772,"sh_likud":0.0764,"sh24_likud":0.0717,"sh24_yesh_atid":0.0021,"sh_shas":0.0155,"sh24_shas":0.0232,"sh_utj":0.0078,"sh24_utj":0.0063,"sh_rz":0.8187,"sh24_rz":0.5696,"sh_gantz":0.0052,"sh_yb":0.0013,"sh24_yamina":0.3101,"sh24_newhope":0.0105,"sh_habait":0.0674,"sh_other":0.0078,"sh24_other":0.0063,"winner24":"rz"}},{"type":"Feature","geometry":{"type":"Point","coordinates":[35.11289,31.3647]},"properties":{"semel":3745,"name":"מצדות יהודה","winner":"rz","winnerShare":0.7922,"turnout":0.7568,"valid":361,"sh_likud":0.0443,"sh24_likud":0.0372,"sh_yesh_atid":0.0111,"sh24_yesh_atid":0.0086,"sh_shas":0.0194,"sh24_shas":0.0057,"sh_utj":0.0111,"sh_rz":0.7922,"sh24_rz":0.6562,"sh_labor":0.0028,"sh24_labor":0.0086,"sh_gantz":0.0139,"sh24_gantz":0.0057,"sh_yb":0.0055,"sh_meretz":0.0111,"sh24_meretz":0.0086,"sh24_yamina":0.2407,"sh24_newhope":0.0201,"sh_habait":0.0831,"sh_other":0.0055,"sh24_other":0.0086,"winner24":"rz"}},{"type":"Feature","geometry":{"type":"Point","coordinates":[35.1124,32.11675]},"properties":{"semel":3746,"name":"קרית נטפים","winner":"rz","winnerShare":0.6778,"turnout":0.8207,"valid":388,"sh_likud":0.2062,"sh24_likud":0.2479,"sh_shas":0.0335,"sh24_shas":0.0251,"sh_utj":0.0052,"sh24_utj":0.0084,"sh_rz":0.6778,"sh24_rz":0.3955,"sh_gantz":0.0155,"sh24_gantz":0.0056,"sh24_yamina":0.2981,"sh24_newhope":0.0195,"sh_habait":0.0567,"sh_other":0.0052,"winner24":"rz"}},{"type":"Feature","geometry":{"type":"Point","coordinates":[35.13294,31.92663]},"properties":{"semel":3747,"name":"דולב","winner":"rz","winnerShare":0.7514,"turnout":0.7688,"valid":692,"sh_likud":0.1344,"sh24_likud":0.1135,"sh_yesh_atid":0.0058,"sh_shas":0.026,"sh24_shas":0.0175,"sh_rz":0.7514,"sh24_rz":0.5852,"sh_labor":0.0029,"sh24_labor":0.0058,"sh_gantz":0.0043,"sh24_gantz":0.0029,"sh_yb":0.0014,"sh24_yb":0.0015,"sh_meretz":0.0014,"sh24_meretz":0.0015,"sh24_yamina":0.2591,"sh24_newhope":0.0073,"sh_habait":0.0621,"sh_other":0.0101,"sh24_other":0.0058,"winner24":"rz"}},{"type":"Feature","geometry":{"type":"Point","coordinates":[35.0296,31.43942]},"properties":{"semel":3748,"name":"עתניאל","winner":"rz","winnerShare":0.711,"turnout":0.6906,"valid":346,"sh_likud":0.0925,"sh24_likud":0.1114,"sh_yesh_atid":0.0087,"sh24_yesh_atid":0.0029,"sh_shas":0.0173,"sh24_shas":0.0114,"sh_utj":0.0087,"sh24_utj":0.0114,"sh_rz":0.711,"sh24_rz":0.5257,"sh_gantz":0.0087,"sh24_gantz":0.0029,"sh24_yamina":0.2886,"sh24_newhope":0.0286,"sh_habait":0.1387,"sh_other":0.0145,"sh24_other":0.0171,"winner24":"rz"}},{"type":"Feature","geometry":{"type":"Point","coordinates":[35.23672,32.16867]},"properties":{"semel":3749,"name":"יצהר","winner":"rz","winnerShare":0.8605,"turnout":0.7771,"valid":645,"sh_likud":0.0171,"sh24_likud":0.0284,"sh_shas":0.014,"sh24_shas":0.0089,"sh_utj":0.1023,"sh24_utj":0.0319,"sh_rz":0.8605,"sh24_rz":0.9007,"sh24_gantz":0.0018,"sh24_yamina":0.0248,"sh24_newhope":0.0018,"sh_habait":0.0062,"sh24_other":0.0018,"winner24":"rz"}},{"type":"Feature","geometry":{"type":"Point","coordinates":[35.01303,32.17368]},"properties":{"semel":3750,"name":"אלפי מנשה","winner":"likud","winnerShare":0.3085,"turnout":0.7351,"valid":4402,"sh_likud":0.3085,"sh24_likud":0.2883,"sh_yesh_atid":0.3049,"sh24_yesh_atid":0.2495,"sh_shas":0.025,"sh24_shas":0.0174,"sh_utj":0.0075,"sh24_utj":0.0071,"sh_rz":0.112,"sh24_rz":0.0285,"sh_labor":0.0286,"sh24_labor":0.0618,"sh_gantz":0.1411,"sh24_gantz":0.0877,"sh_yb":0.0313,"sh24_yb":0.0416,"sh_meretz":0.0093,"sh24_meretz":0.0174,"sh_raam":0.0002,"sh_hadash":0.0005,"sh24_joint":0.0005,"sh24_yamina":0.0957,"sh24_newhope":0.0884,"sh_habait":0.015,"sh_other":0.0161,"sh24_other":0.0161,"winner24":"likud"}},{"type":"Feature","geometry":{"type":"Point","coordinates":[35.34223,32.09004]},"properties":{"semel":3751,"name":"מגדלים","winner":"rz","winnerShare":0.6504,"turnout":0.7609,"valid":226,"sh_likud":0.177,"sh24_likud":0.1485,"sh_yesh_atid":0.0265,"sh24_yesh_atid":0.0545,"sh_shas":0.0133,"sh24_utj":0.005,"sh_rz":0.6504,"sh24_rz":0.4406,"sh_labor":0.0088,"sh24_labor":0.0248,"sh_gantz":0.0398,"sh24_gantz":0.0248,"sh_yb":0.031,"sh24_yb":0.0198,"sh24_meretz":0.005,"sh24_yamina":0.2228,"sh24_newhope":0.0396,"sh_habait":0.0442,"sh_other":0.0088,"sh24_other":0.0149,"winner24":"rz"}},{"type":"Feature","geometry":{"type":"Point","coordinates":[35.24044,32.05483]},"properties":{"semel":3752,"name":"מעלה לבונה","winner":"rz","winnerShare":0.8575,"turnout":0.7614,"valid":351,"sh_likud":0.094,"sh24_likud":0.0898,"sh_shas":0.0171,"sh24_shas":0.015,"sh_utj":0.0028,"sh24_utj":0.009,"sh_rz":0.8575,"sh24_rz":0.7126,"sh24_labor":0.003,"sh_yb":0.0028,"sh24_yb":0.006,"sh24_yamina":0.1527,"sh_habait":0.0199,"sh_other":0.0057,"sh24_other":0.012,"winner24":"rz"}},{"type":"Feature","geometry":{"type":"Point","coordinates":[35.18756,31.58545]},"properties":{"semel":3754,"name":"אספר","winner":"utj","winnerShare":0.4114,"turnout":0.757,"valid":350,"sh_likud":0.0257,"sh24_likud":0.0214,"sh_shas":0.1429,"sh24_shas":0.1071,"sh_utj":0.4114,"sh24_utj":0.425,"sh_rz":0.3829,"sh24_rz":0.3321,"sh24_labor":0.0036,"sh_gantz":0.0029,"sh24_yamina":0.1071,"sh24_newhope":0.0036,"sh_habait":0.0286,"sh_other":0.0057,"winner24":"utj"}},{"type":"Feature","geometry":{"type":"Point","coordinates":[35.11422,31.39203]},"properties":{"semel":3756,"name":"סוסיה","winner":"rz","winnerShare":0.8037,"turnout":0.7641,"valid":596,"sh_likud":0.0772,"sh24_likud":0.0768,"sh_yesh_atid":0.0034,"sh_shas":0.0084,"sh24_shas":0.0039,"sh_utj":0.0067,"sh24_utj":0.0079,"sh_rz":0.8037,"sh24_rz":0.5551,"sh24_labor":0.002,"sh_gantz":0.0101,"sh24_yb":0.002,"sh_meretz":0.0017,"sh24_meretz":0.002,"sh24_yamina":0.3327,"sh24_newhope":0.0059,"sh_habait":0.0772,"sh_other":0.0117,"sh24_other":0.0118,"winner24":"rz"}},{"type":"Feature","geometry":{"type":"Point","coordinates":[35.01797,31.55295]},"properties":{"semel":3759,"name":"אדורה","winner":"rz","winnerShare":0.5266,"turnout":0.7879,"valid":207,"sh_likud":0.2077,"sh24_likud":0.224,"sh_yesh_atid":0.0773,"sh24_yesh_atid":0.0765,"sh_shas":0.0145,"sh24_shas":0.0164,"sh_utj":0.0048,"sh_rz":0.5266,"sh24_rz":0.3607,"sh_labor":0.0048,"sh24_labor":0.0055,"sh_gantz":0.087,"sh24_gantz":0.0219,"sh_yb":0.0193,"sh24_yb":0.0109,"sh_meretz":0.0048,"sh24_yamina":0.2022,"sh24_newhope":0.0492,"sh_habait":0.0531,"sh24_other":0.0328,"winner24":"rz"}},{"type":"Feature","geometry":{"type":"Point","coordinates":[34.99268,32.13108]},"properties":{"semel":3760,"name":"אורנית","winner":"yesh_atid","winnerShare":0.2913,"turnout":0.7533,"valid":5064,"sh_likud":0.2601,"sh24_likud":0.2276,"sh_yesh_atid":0.2913,"sh24_yesh_atid":0.2351,"sh_shas":0.0188,"sh24_shas":0.0132,"sh_utj":0.0049,"sh24_utj":0.0032,"sh_rz":0.1262,"sh24_rz":0.0447,"sh_labor":0.0346,"sh24_labor":0.0597,"sh_gantz":0.1675,"sh24_gantz":0.1029,"sh_yb":0.0227,"sh24_yb":0.0304,"sh_meretz":0.015,"sh24_meretz":0.0227,"sh_balad":0.0002,"sh24_joint":0.0002,"sh24_yamina":0.1456,"sh24_newhope":0.0994,"sh_habait":0.0395,"sh_other":0.0194,"sh24_other":0.0154,"winner24":"yesh_atid"}},{"type":"Feature","geometry":{"type":"Point","coordinates":[35.3076,32.17418]},"properties":{"semel":3762,"name":"איתמר","winner":"rz","winnerShare":0.872,"turnout":0.7278,"valid":492,"sh_likud":0.0488,"sh24_likud":0.053,"sh_shas":0.0285,"sh24_shas":0.023,"sh_utj":0.0102,"sh24_utj":0.0138,"sh_rz":0.872,"sh24_rz":0.7903,"sh_gantz":0.002,"sh_yb":0.0041,"sh24_yb":0.0069,"sh24_yamina":0.0945,"sh24_newhope":0.0115,"sh_habait":0.0285,"sh_other":0.0061,"sh24_other":0.0069,"winner24":"rz"}},{"type":"Feature","geometry":{"type":"Point","coordinates":[35.27339,31.8494]},"properties":{"semel":3763,"name":"גבע בנימין","winner":"rz","winnerShare":0.3353,"turnout":0.7294,"valid":2556,"sh_likud":0.313,"sh24_likud":0.3852,"sh_yesh_atid":0.0336,"sh24_yesh_atid":0.0365,"sh_shas":0.2195,"sh24_shas":0.1845,"sh_utj":0.0164,"sh24_utj":0.0153,"sh_rz":0.3353,"sh24_rz":0.1859,"sh_labor":0.0059,"sh24_labor":0.009,"sh_gantz":0.0329,"sh24_gantz":0.0297,"sh_yb":0.0164,"sh24_yb":0.0248,"sh_meretz":0.0031,"sh24_meretz":0.0045,"sh24_yamina":0.0819,"sh24_newhope":0.0288,"sh_habait":0.0137,"sh_other":0.0102,"sh24_other":0.014,"winner24":"likud"}},{"type":"Feature","geometry":{"type":"Point","coordinates":[35.07985,31.49342]},"properties":{"semel":3764,"name":"חגי","winner":"rz","winnerShare":0.8429,"turnout":0.7292,"valid":280,"sh_likud":0.1071,"sh24_likud":0.0756,"sh_shas":0.0036,"sh24_shas":0.0034,"sh_utj":0.0036,"sh_rz":0.8429,"sh24_rz":0.756,"sh24_yamina":0.1615,"sh_habait":0.0429,"sh24_other":0.0034,"winner24":"rz"}},{"type":"Feature","geometry":{"type":"Point","coordinates":[35.26677,32.07273]},"properties":{"semel":3765,"name":"עלי","winner":"rz","winnerShare":0.7533,"turnout":0.7291,"valid":1686,"sh_likud":0.1548,"sh24_likud":0.1602,"sh_yesh_atid":0.0083,"sh24_yesh_atid":0.006,"sh_shas":0.0196,"sh24_shas":0.0221,"sh_utj":0.0071,"sh24_utj":0.0042,"sh_rz":0.7533,"sh24_rz":0.5888,"sh_labor":0.003,"sh24_labor":0.0036,"sh_gantz":0.0047,"sh24_gantz":0.0012,"sh_yb":0.0077,"sh24_yb":0.0048,"sh24_meretz":0.0018,"sh24_yamina":0.1817,"sh24_newhope":0.0126,"sh_habait":0.035,"sh_other":0.0065,"sh24_other":0.0132,"winner24":"rz"}},{"type":"Feature","geometry":{"type":"Point","coordinates":[35.10037,31.60875]},"properties":{"semel":3766,"name":"כרמי צור","winner":"rz","winnerShare":0.8014,"turnout":0.7423,"valid":428,"sh_likud":0.1145,"sh24_likud":0.1147,"sh24_yesh_atid":0.0069,"sh_shas":0.0117,"sh24_shas":0.0115,"sh_utj":0.007,"sh24_utj":0.0069,"sh_rz":0.8014,"sh24_rz":0.6376,"sh24_labor":0.0138,"sh_gantz":0.0093,"sh_meretz":0.0023,"sh24_meretz":0.0023,"sh24_yamina":0.1972,"sh24_newhope":0.0092,"sh_habait":0.0514,"sh_other":0.0023,"winner24":"rz"}},{"type":"Feature","geometry":{"type":"Point","coordinates":[35.13969,31.97426]},"properties":{"semel":3767,"name":"נחליאל","winner":"rz","winnerShare":0.553,"turnout":0.7688,"valid":264,"sh_likud":0.0795,"sh24_likud":0.0648,"sh_shas":0.2386,"sh24_shas":0.1538,"sh_utj":0.1098,"sh24_utj":0.1134,"sh_rz":0.553,"sh24_rz":0.6073,"sh_labor":0.0038,"sh24_labor":0.0081,"sh24_yamina":0.0405,"sh24_newhope":0.004,"sh_habait":0.0152,"sh24_other":0.0081,"winner24":"rz"}},{"type":"Feature","geometry":{"type":"Point","coordinates":[35.05215,32.06153]},"properties":{"semel":3768,"name":"פדואל","winner":"rz","winnerShare":0.7813,"turnout":0.8289,"valid":974,"sh_likud":0.1006,"sh24_likud":0.0852,"sh_yesh_atid":0.0041,"sh_shas":0.0144,"sh24_shas":0.014,"sh_utj":0.0021,"sh24_utj":0.0054,"sh_rz":0.7813,"sh24_rz":0.5944,"sh_labor":0.0021,"sh24_labor":0.0043,"sh_gantz":0.0144,"sh24_gantz":0.0011,"sh_yb":0.0021,"sh24_yb":0.0022,"sh24_yamina":0.2654,"sh24_newhope":0.0216,"sh_habait":0.0749,"sh_other":0.0041,"sh24_other":0.0065,"winner24":"rz"}},{"type":"Feature","geometry":{"type":"Point","coordinates":[35.12911,31.82655]},"properties":{"semel":3769,"name":"הר אדר","winner":"yesh_atid","winnerShare":0.3329,"turnout":0.7432,"valid":2355,"sh_likud":0.2157,"sh24_likud":0.2027,"sh_yesh_atid":0.3329,"sh24_yesh_atid":0.2246,"sh_shas":0.0089,"sh24_shas":0.0067,"sh_utj":0.0017,"sh24_utj":0.0008,"sh_rz":0.0641,"sh24_rz":0.0151,"sh_labor":0.0705,"sh24_labor":0.1085,"sh_gantz":0.1724,"sh24_gantz":0.1556,"sh_yb":0.0314,"sh24_yb":0.0265,"sh_meretz":0.0684,"sh24_meretz":0.1039,"sh_raam":0.0008,"sh_hadash":0.0025,"sh24_joint":0.0021,"sh24_yamina":0.0627,"sh24_newhope":0.0694,"sh_habait":0.0149,"sh_other":0.0157,"sh24_other":0.0214,"winner24":"yesh_atid"}},{"type":"Feature","geometry":{"type":"Point","coordinates":[35.02372,31.93138]},"properties":{"semel":3770,"name":"חשמונאים","winner":"rz","winnerShare":0.4451,"turnout":0.7335,"valid":1640,"sh_likud":0.1957,"sh24_likud":0.1692,"sh_yesh_atid":0.0238,"sh24_yesh_atid":0.0138,"sh_shas":0.0744,"sh24_shas":0.0584,"sh_utj":0.0165,"sh24_utj":0.0144,"sh_rz":0.4451,"sh24_rz":0.2992,"sh_labor":0.0061,"sh24_labor":0.0084,"sh_gantz":0.047,"sh24_gantz":0.0108,"sh_yb":0.0079,"sh24_yb":0.0036,"sh_meretz":0.0012,"sh24_meretz":0.0024,"sh_raam":0.0012,"sh_hadash":0.0006,"sh24_joint":0.0006,"sh24_yamina":0.3757,"sh24_newhope":0.0355,"sh_habait":0.1671,"sh_other":0.0134,"sh24_other":0.0078,"winner24":"yamina"}},{"type":"Feature","geometry":{"type":"Point","coordinates":[34.90303,31.3632]},"properties":{"semel":3777,"name":"סנסנה","winner":"rz","winnerShare":0.5137,"turnout":0.7584,"valid":292,"sh_likud":0.1507,"sh24_likud":0.0802,"sh24_yesh_atid":0.0042,"sh_rz":0.5137,"sh24_rz":0.2574,"sh_gantz":0.0651,"sh24_gantz":0.0084,"sh_yb":0.0034,"sh24_yamina":0.6203,"sh24_newhope":0.0253,"sh_habait":0.2568,"sh_other":0.0103,"sh24_other":0.0042,"winner24":"yamina"}},{"type":"Feature","geometry":{"type":"Point","coordinates":[35.24202,31.88037]},"properties":{"semel":3779,"name":"כוכב יעקב","winner":"shas","winnerShare":0.3989,"turnout":0.8072,"valid":4016,"sh_likud":0.0568,"sh24_likud":0.0777,"sh_yesh_atid":0.0017,"sh24_yesh_atid":0.0014,"sh_shas":0.3989,"sh24_shas":0.3829,"sh_utj":0.2014,"sh24_utj":0.1938,"sh_rz":0.3242,"sh24_rz":0.2871,"sh_labor":0.0007,"sh24_labor":0.0023,"sh_gantz":0.0025,"sh24_gantz":0.0006,"sh_yb":0.0007,"sh_meretz":0.001,"sh_raam":0.0005,"sh24_joint":0.0003,"sh24_yamina":0.0398,"sh24_newhope":0.0045,"sh_habait":0.0067,"sh_other":0.0047,"sh24_other":0.0096,"winner24":"shas"}},{"type":"Feature","geometry":{"type":"Point","coordinates":[35.11438,31.69641]},"properties":{"semel":3780,"name":"ביתר עילית","winner":"utj","winnerShare":0.5944,"turnout":0.8134,"valid":23688,"sh_likud":0.0138,"sh24_likud":0.0162,"sh_yesh_atid":0.0009,"sh24_yesh_atid":0.0011,"sh_shas":0.3083,"sh24_shas":0.2708,"sh_utj":0.5944,"sh24_utj":0.6022,"sh_rz":0.0778,"sh24_rz":0.1003,"sh_labor":0.0003,"sh24_labor":0.001,"sh_gantz":0.0011,"sh24_gantz":0.0006,"sh_yb":0.0003,"sh24_yb":0.0001,"sh_meretz":0.0001,"sh24_meretz":0.0001,"sh24_raam":0.0001,"sh_hadash":0,"sh24_joint":0.0001,"sh24_yamina":0.0037,"sh24_newhope":0.0014,"sh_habait":0.0011,"sh_other":0.0017,"sh24_other":0.0023,"winner24":"utj"}},{"type":"Feature","geometry":{"type":"Point","coordinates":[35.31113,31.75424]},"properties":{"semel":3781,"name":"קדר","winner":"likud","winnerShare":0.494,"turnout":0.6965,"valid":753,"sh_likud":0.494,"sh24_likud":0.5725,"sh_yesh_atid":0.0691,"sh24_yesh_atid":0.076,"sh_shas":0.0611,"sh24_shas":0.0416,"sh_utj":0.0013,"sh24_utj":0.0029,"sh_rz":0.2961,"sh24_rz":0.0646,"sh_labor":0.008,"sh24_labor":0.0273,"sh_gantz":0.0478,"sh24_gantz":0.0258,"sh_yb":0.0106,"sh24_yb":0.0086,"sh24_meretz":0.0014,"sh24_yamina":0.0846,"sh24_newhope":0.0789,"sh_habait":0.0013,"sh_other":0.0106,"sh24_other":0.0158,"winner24":"likud"}},{"type":"Feature","geometry":{"type":"Point","coordinates":[35.50309,32.31623]},"properties":{"semel":3782,"name":"רותם","winner":"rz","winnerShare":0.3625,"turnout":0.7009,"valid":80,"sh_likud":0.2125,"sh24_likud":0.1094,"sh_yesh_atid":0.0625,"sh24_yesh_atid":0.0469,"sh_shas":0.05,"sh24_shas":0.0156,"sh_rz":0.3625,"sh24_rz":0.2344,"sh_labor":0.0125,"sh24_labor":0.1406,"sh_gantz":0.075,"sh24_gantz":0.0469,"sh_raam":0.0375,"sh24_yamina":0.2656,"sh24_newhope":0.0938,"sh_habait":0.1375,"sh_other":0.05,"sh24_other":0.0469,"winner24":"yamina"}},{"type":"Feature","geometry":{"type":"Point","coordinates":[35.01255,31.38789]},"properties":{"semel":3784,"name":"שמעה","winner":"rz","winnerShare":0.5881,"turnout":0.7629,"valid":369,"sh_likud":0.2385,"sh24_likud":0.2733,"sh_yesh_atid":0.0352,"sh24_yesh_atid":0.036,"sh_shas":0.0298,"sh24_shas":0.021,"sh_utj":0.0027,"sh24_utj":0.006,"sh_rz":0.5881,"sh24_rz":0.4174,"sh_labor":0.019,"sh24_labor":0.018,"sh_gantz":0.0434,"sh24_gantz":0.006,"sh_yb":0.0108,"sh24_yb":0.006,"sh_meretz":0.0027,"sh24_meretz":0.006,"sh24_yamina":0.1381,"sh24_newhope":0.048,"sh_habait":0.019,"sh_other":0.0108,"sh24_other":0.024,"winner24":"rz"}},{"type":"Feature","geometry":{"type":"Point","coordinates":[35.49445,32.29635]},"properties":{"semel":3785,"name":"משכיות","winner":"rz","winnerShare":0.9091,"turnout":0.8462,"valid":88,"sh24_likud":0.013,"sh_yesh_atid":0.0114,"sh_shas":0.0682,"sh24_shas":0.0779,"sh24_utj":0.013,"sh_rz":0.9091,"sh24_rz":0.8442,"sh24_labor":0.013,"sh24_yamina":0.039,"sh_other":0.0114,"winner24":"rz"}},{"type":"Feature","geometry":{"type":"Point","coordinates":[35.06424,31.96288]},"properties":{"semel":3787,"name":"נעלה","winner":"likud","winnerShare":0.3739,"turnout":0.7471,"valid":1217,"sh_likud":0.3739,"sh24_likud":0.3745,"sh_yesh_atid":0.1849,"sh24_yesh_atid":0.1474,"sh_shas":0.0181,"sh24_shas":0.011,"sh_utj":0.0025,"sh24_utj":0.003,"sh_rz":0.212,"sh24_rz":0.0558,"sh_labor":0.0115,"sh24_labor":0.0319,"sh_gantz":0.0904,"sh24_gantz":0.0478,"sh_yb":0.0575,"sh24_yb":0.0568,"sh_meretz":0.0049,"sh24_meretz":0.0149,"sh_raam":0.0008,"sh24_yamina":0.1384,"sh24_newhope":0.0906,"sh_habait":0.0099,"sh_other":0.0337,"sh24_other":0.0279,"winner24":"likud"}},{"type":"Feature","geometry":{"type":"Point","coordinates":[35.13842,31.93728]},"properties":{"semel":3788,"name":"טלמון","winner":"rz","winnerShare":0.8486,"turnout":0.8056,"valid":2113,"sh_likud":0.0677,"sh24_likud":0.0638,"sh_yesh_atid":0.0014,"sh24_yesh_atid":0.0016,"sh_shas":0.0175,"sh24_shas":0.0092,"sh_utj":0.0099,"sh24_utj":0.0059,"sh_rz":0.8486,"sh24_rz":0.7166,"sh_labor":0.0024,"sh24_labor":0.0011,"sh_gantz":0.0076,"sh24_gantz":0.0005,"sh_yb":0.0009,"sh24_yb":0.0005,"sh_meretz":0.0005,"sh24_yamina":0.1904,"sh24_newhope":0.0059,"sh_habait":0.0416,"sh_other":0.0019,"sh24_other":0.0043,"winner24":"rz"}},{"type":"Feature","geometry":{"type":"Point","coordinates":[35.10173,32.15352]},"properties":{"semel":3790,"name":"נופים","winner":"likud","winnerShare":0.4209,"turnout":0.7374,"valid":468,"sh_likud":0.4209,"sh24_likud":0.4247,"sh_yesh_atid":0.0256,"sh24_yesh_atid":0.0296,"sh_shas":0.0321,"sh24_shas":0.0247,"sh_utj":0.0085,"sh_rz":0.3846,"sh24_rz":0.1704,"sh_labor":0.0064,"sh24_labor":0.0099,"sh_gantz":0.0449,"sh24_gantz":0.0247,"sh_yb":0.0128,"sh24_yb":0.0222,"sh_meretz":0.0021,"sh24_meretz":0.0025,"sh24_yamina":0.2272,"sh24_newhope":0.0494,"sh_habait":0.0427,"sh_other":0.0192,"sh24_other":0.0148,"winner24":"likud"}},{"type":"Feature","geometry":{"type":"Point","coordinates":[35.00981,32.198]},"properties":{"semel":3791,"name":"צופים","winner":"rz","winnerShare":0.3741,"turnout":0.7662,"valid":1203,"sh_likud":0.2893,"sh24_likud":0.2398,"sh_yesh_atid":0.0906,"sh24_yesh_atid":0.0668,"sh_shas":0.0274,"sh24_shas":0.0187,"sh_utj":0.0025,"sh24_utj":0.0053,"sh_rz":0.3741,"sh24_rz":0.1863,"sh_labor":0.0141,"sh24_labor":0.0285,"sh_gantz":0.0781,"sh24_gantz":0.0312,"sh_yb":0.0141,"sh24_yb":0.0169,"sh_meretz":0.0067,"sh24_meretz":0.0134,"sh24_yamina":0.3075,"sh24_newhope":0.0633,"sh_habait":0.0881,"sh_other":0.015,"sh24_other":0.0223,"winner24":"yamina"}},{"type":"Feature","geometry":{"type":"Point","coordinates":[35.07357,32.28547]},"properties":{"semel":3793,"name":"אבני חפץ","winner":"rz","winnerShare":0.6944,"turnout":0.7725,"valid":1044,"sh_likud":0.1648,"sh24_likud":0.1802,"sh_yesh_atid":0.0038,"sh24_yesh_atid":0.0022,"sh_shas":0.0939,"sh24_shas":0.0945,"sh_utj":0.0096,"sh24_utj":0.0056,"sh_rz":0.6944,"sh24_rz":0.5573,"sh24_labor":0.0022,"sh_gantz":0.0067,"sh24_gantz":0.0022,"sh24_yb":0.0022,"sh24_yamina":0.1468,"sh24_newhope":0.0033,"sh_habait":0.022,"sh_other":0.0048,"sh24_other":0.0033,"winner24":"rz"}},{"type":"Feature","geometry":{"type":"Point","coordinates":[35.10042,31.65849]},"properties":{"semel":3794,"name":"בת עין","winner":"rz","winnerShare":0.7323,"turnout":0.625,"valid":594,"sh_likud":0.0976,"sh24_likud":0.086,"sh_yesh_atid":0.0034,"sh24_yesh_atid":0.0057,"sh_shas":0.0673,"sh24_shas":0.0287,"sh_utj":0.0404,"sh24_utj":0.0382,"sh_rz":0.7323,"sh24_rz":0.5774,"sh24_labor":0.0038,"sh_yb":0.0034,"sh24_yb":0.0038,"sh_meretz":0.0017,"sh24_meretz":0.0019,"sh24_yamina":0.1568,"sh24_newhope":0.0115,"sh_habait":0.0286,"sh_other":0.0253,"sh24_other":0.086,"winner24":"rz"}},{"type":"Feature","geometry":{"type":"Point","coordinates":[35.12838,32.11859]},"properties":{"semel":3795,"name":"רבבה","winner":"rz","winnerShare":0.8603,"turnout":0.8216,"valid":1195,"sh_likud":0.0494,"sh24_likud":0.0652,"sh_yesh_atid":0.0025,"sh_shas":0.0335,"sh24_shas":0.0214,"sh_utj":0.0084,"sh24_utj":0.0045,"sh_rz":0.8603,"sh24_rz":0.647,"sh_labor":0.0033,"sh24_labor":0.0063,"sh_gantz":0.0008,"sh24_gantz":0.0009,"sh_yb":0.0008,"sh24_meretz":0.0009,"sh24_yamina":0.2404,"sh24_newhope":0.0045,"sh_habait":0.031,"sh_other":0.01,"sh24_other":0.0089,"winner24":"rz"}},{"type":"Feature","geometry":{"type":"Point","coordinates":[35.0377,31.91942]},"properties":{"semel":3796,"name":"כפר האורנים","winner":"yesh_atid","winnerShare":0.4302,"turnout":0.731,"valid":1290,"sh_likud":0.138,"sh24_likud":0.1213,"sh_yesh_atid":0.4302,"sh24_yesh_atid":0.3081,"sh_shas":0.0062,"sh24_shas":0.0032,"sh_utj":0.0054,"sh24_utj":0.004,"sh_rz":0.0442,"sh24_rz":0.012,"sh_labor":0.0713,"sh24_labor":0.1341,"sh_gantz":0.2116,"sh24_gantz":0.1812,"sh_yb":0.0171,"sh24_yb":0.0303,"sh_meretz":0.0496,"sh24_meretz":0.0654,"sh_raam":0.0008,"sh_hadash":0.0008,"sh24_yamina":0.0654,"sh24_newhope":0.0623,"sh_habait":0.0093,"sh_other":0.0155,"sh24_other":0.0128,"winner24":"yesh_atid"}},{"type":"Feature","geometry":{"type":"Point","coordinates":[35.03667,31.93154]},"properties":{"semel":3797,"name":"מודיעין עילית","winner":"utj","winnerShare":0.7752,"turnout":0.8203,"valid":26655,"sh_likud":0.0048,"sh24_likud":0.0054,"sh_yesh_atid":0.0004,"sh24_yesh_atid":0.0003,"sh_shas":0.198,"sh24_shas":0.1756,"sh_utj":0.7752,"sh24_utj":0.7924,"sh_rz":0.0193,"sh24_rz":0.0221,"sh_labor":0.0002,"sh24_labor":0.0003,"sh_gantz":0.0002,"sh24_gantz":0.0003,"sh_yb":0.0001,"sh24_yb":0.0001,"sh_meretz":0.0002,"sh24_meretz":0.0001,"sh_raam":0,"sh_hadash":0.0001,"sh24_yamina":0.0016,"sh24_newhope":0.0006,"sh_habait":0.0002,"sh_other":0.0014,"sh24_other":0.0012,"winner24":"utj"}},{"type":"Feature","geometry":{"type":"Point","coordinates":[35.25712,32.10217]},"properties":{"semel":3822,"name":"רחלים","winner":"rz","winnerShare":0.854,"turnout":0.8602,"valid":363,"sh_likud":0.0606,"sh24_likud":0.0649,"sh_yesh_atid":0.0028,"sh_shas":0.011,"sh_utj":0.0028,"sh_rz":0.854,"sh24_rz":0.6494,"sh_gantz":0.0055,"sh24_gantz":0.0032,"sh24_yamina":0.276,"sh24_newhope":0.0065,"sh_habait":0.0634,"winner24":"rz"}},{"type":"Feature","geometry":{"type":"Point","coordinates":[35.00876,32.80374]},"properties":{"semel":4000,"name":"חיפה","winner":"yesh_atid","winnerShare":0.2631,"turnout":0.5553,"valid":139764,"sh_likud":0.2094,"sh24_likud":0.2137,"sh_yesh_atid":0.2631,"sh24_yesh_atid":0.1957,"sh_shas":0.0317,"sh24_shas":0.0262,"sh_utj":0.0376,"sh24_utj":0.0368,"sh_rz":0.0629,"sh24_rz":0.0263,"sh_labor":0.0476,"sh24_labor":0.0683,"sh_gantz":0.1014,"sh24_gantz":0.0814,"sh_yb":0.0813,"sh24_yb":0.0934,"sh_meretz":0.0459,"sh24_meretz":0.0629,"sh_raam":0.0082,"sh24_raam":0.0036,"sh_hadash":0.0571,"sh_balad":0.028,"sh24_joint":0.0714,"sh24_yamina":0.0477,"sh24_newhope":0.0545,"sh_habait":0.0089,"sh_other":0.017,"sh24_other":0.0181,"winner24":"likud"}},{"type":"Feature","geometry":{"type":"Point","coordinates":[35.77871,33.20159]},"properties":{"semel":4001,"name":"בוקעאתא","winner":"gantz","winnerShare":0.3737,"turnout":0.2537,"valid":190,"sh_likud":0.1737,"sh24_likud":0.2935,"sh_yesh_atid":0.0053,"sh24_yesh_atid":0.087,"sh_shas":0.0684,"sh24_shas":0.0217,"sh_rz":0.0053,"sh_labor":0.0316,"sh24_labor":0.0109,"sh_gantz":0.3737,"sh24_gantz":0.0978,"sh_yb":0.2579,"sh24_yb":0.3696,"sh_meretz":0.0211,"sh24_meretz":0.0761,"sh_balad":0.0053,"sh24_newhope":0.0435,"sh_other":0.0579,"winner24":"yb"}},{"type":"Feature","geometry":{"type":"Point","coordinates":[35.73554,32.80576]},"properties":{"semel":4002,"name":"אליעד","winner":"yesh_atid","winnerShare":0.2963,"turnout":0.7394,"valid":243,"sh_likud":0.0988,"sh24_likud":0.0822,"sh_yesh_atid":0.2963,"sh24_yesh_atid":0.2466,"sh_shas":0.0041,"sh_rz":0.1276,"sh24_rz":0.0365,"sh_labor":0.1235,"sh24_labor":0.21,"sh_gantz":0.2181,"sh24_gantz":0.1233,"sh_yb":0.0206,"sh24_yb":0.0548,"sh_meretz":0.0617,"sh24_meretz":0.0502,"sh_raam":0.0041,"sh_hadash":0.0041,"sh24_yamina":0.0959,"sh24_newhope":0.0776,"sh_habait":0.0206,"sh_other":0.0206,"sh24_other":0.0228,"winner24":"yesh_atid"}},{"type":"Feature","geometry":{"type":"Point","coordinates":[35.77135,33.18015]},"properties":{"semel":4003,"name":"אלרום","winner":"yesh_atid","winnerShare":0.3723,"turnout":0.7106,"valid":274,"sh_likud":0.1277,"sh24_likud":0.1423,"sh_yesh_atid":0.3723,"sh24_yesh_atid":0.2538,"sh_rz":0.0474,"sh24_rz":0.0269,"sh_labor":0.1387,"sh24_labor":0.2269,"sh_gantz":0.1168,"sh24_gantz":0.1038,"sh_yb":0.0365,"sh24_yb":0.0346,"sh_meretz":0.0839,"sh24_meretz":0.0962,"sh24_raam":0.0077,"sh_hadash":0.0036,"sh24_joint":0.0038,"sh24_yamina":0.0346,"sh24_newhope":0.0385,"sh_habait":0.0073,"sh_other":0.0657,"sh24_other":0.0308,"winner24":"yesh_atid"}},{"type":"Feature","geometry":{"type":"Point","coordinates":[35.66282,32.76208]},"properties":{"semel":4004,"name":"כפר חרוב","winner":"yesh_atid","winnerShare":0.4515,"turnout":0.6276,"valid":268,"sh_likud":0.0858,"sh24_likud":0.0688,"sh_yesh_atid":0.4515,"sh24_yesh_atid":0.3198,"sh_utj":0.0037,"sh_rz":0.0448,"sh24_rz":0.004,"sh_labor":0.1119,"sh24_labor":0.1903,"sh_gantz":0.2201,"sh24_gantz":0.1457,"sh24_yb":0.0405,"sh_meretz":0.041,"sh24_meretz":0.1093,"sh_hadash":0.0075,"sh24_yamina":0.0283,"sh24_newhope":0.081,"sh_habait":0.0149,"sh_other":0.0187,"sh24_other":0.0121,"winner24":"yesh_atid"}},{"type":"Feature","geometry":{"type":"Point","coordinates":[35.79377,32.84553]},"properties":{"semel":4005,"name":"חספין","winner":"rz","winnerShare":0.7376,"turnout":0.7239,"valid":644,"sh_likud":0.0994,"sh24_likud":0.1143,"sh_yesh_atid":0.0124,"sh24_yesh_atid":0.0017,"sh_shas":0.028,"sh24_shas":0.0101,"sh_utj":0.0109,"sh24_utj":0.0118,"sh_rz":0.7376,"sh24_rz":0.5765,"sh24_labor":0.0017,"sh_gantz":0.028,"sh24_yamina":0.2521,"sh24_newhope":0.0218,"sh_habait":0.0776,"sh_other":0.0062,"sh24_other":0.0101,"winner24":"rz"}},{"type":"Feature","geometry":{"type":"Point","coordinates":[35.8085,32.97993]},"properties":{"semel":4006,"name":"קשת","winner":"rz","winnerShare":0.7356,"turnout":0.7443,"valid":329,"sh_likud":0.0851,"sh24_likud":0.0742,"sh_yesh_atid":0.003,"sh_shas":0.0274,"sh24_shas":0.0161,"sh_utj":0.0061,"sh24_utj":0.0065,"sh_rz":0.7356,"sh24_rz":0.6742,"sh24_labor":0.0097,"sh_gantz":0.0122,"sh_yb":0.003,"sh_meretz":0.003,"sh24_meretz":0.0032,"sh24_yamina":0.1806,"sh24_newhope":0.0097,"sh_habait":0.1003,"sh_other":0.0243,"sh24_other":0.0258,"winner24":"rz"}},{"type":"Feature","geometry":{"type":"Point","coordinates":[35.79439,32.93801]},"properties":{"semel":4007,"name":"יונתן","winner":"rz","winnerShare":0.4939,"turnout":0.7212,"valid":326,"sh_likud":0.1534,"sh24_likud":0.1165,"sh_yesh_atid":0.0245,"sh24_yesh_atid":0.0388,"sh_shas":0.0123,"sh24_shas":0.0097,"sh24_utj":0.0162,"sh_rz":0.4939,"sh24_rz":0.2654,"sh_labor":0.0092,"sh24_labor":0.0194,"sh_gantz":0.0828,"sh24_gantz":0.0065,"sh_yb":0.0092,"sh_meretz":0.0031,"sh24_meretz":0.0065,"sh24_yamina":0.4304,"sh24_newhope":0.0841,"sh_habait":0.1994,"sh_other":0.0123,"sh24_other":0.0065,"winner24":"yamina"}},{"type":"Feature","geometry":{"type":"Point","coordinates":[35.68466,32.88929]},"properties":{"semel":4008,"name":"מעלה גמלא","winner":"yesh_atid","winnerShare":0.4209,"turnout":0.762,"valid":316,"sh_likud":0.1108,"sh24_likud":0.1033,"sh_yesh_atid":0.4209,"sh24_yesh_atid":0.3033,"sh_rz":0.0411,"sh24_rz":0.0067,"sh_labor":0.1899,"sh24_labor":0.2167,"sh_gantz":0.1108,"sh24_gantz":0.16,"sh_yb":0.019,"sh24_yb":0.0267,"sh_meretz":0.0538,"sh24_meretz":0.0933,"sh_raam":0.0032,"sh_hadash":0.0032,"sh24_yamina":0.05,"sh24_newhope":0.0267,"sh_habait":0.0127,"sh_other":0.0348,"sh24_other":0.0133,"winner24":"yesh_atid"}},{"type":"Feature","geometry":{"type":"Point","coordinates":[35.71816,33.11647]},"properties":{"semel":4009,"name":"שעל","winner":"yesh_atid","winnerShare":0.2737,"turnout":0.7595,"valid":179,"sh_likud":0.257,"sh24_likud":0.2485,"sh_yesh_atid":0.2737,"sh24_yesh_atid":0.2364,"sh_shas":0.0335,"sh24_shas":0.0364,"sh_rz":0.067,"sh24_rz":0.0545,"sh_labor":0.0782,"sh24_labor":0.1273,"sh_gantz":0.2011,"sh24_gantz":0.0848,"sh_yb":0.0279,"sh24_yb":0.0424,"sh_meretz":0.0279,"sh24_meretz":0.0242,"sh24_yamina":0.0303,"sh24_newhope":0.0788,"sh_habait":0.0168,"sh_other":0.0168,"sh24_other":0.0364,"winner24":"likud"}},{"type":"Feature","geometry":{"type":"Point","coordinates":[35.74949,33.19346]},"properties":{"semel":4010,"name":"אודם","winner":"yesh_atid","winnerShare":0.3061,"turnout":0.7444,"valid":98,"sh_likud":0.1735,"sh24_likud":0.0957,"sh_yesh_atid":0.3061,"sh24_yesh_atid":0.2447,"sh_rz":0.0714,"sh_labor":0.102,"sh24_labor":0.1809,"sh_gantz":0.1939,"sh24_gantz":0.1489,"sh_yb":0.0102,"sh24_yb":0.0213,"sh_meretz":0.0204,"sh24_meretz":0.0213,"sh24_yamina":0.1277,"sh24_newhope":0.1064,"sh_habait":0.0306,"sh_other":0.0918,"sh24_other":0.0532,"winner24":"yesh_atid"}},{"type":"Feature","geometry":{"type":"Point","coordinates":[35.76519,32.82321]},"properties":{"semel":4011,"name":"אבני איתן","winner":"rz","winnerShare":0.6358,"turnout":0.7143,"valid":324,"sh_likud":0.1451,"sh24_likud":0.1438,"sh_yesh_atid":0.0247,"sh24_yesh_atid":0.01,"sh_shas":0.0185,"sh24_shas":0.0067,"sh_utj":0.0031,"sh_rz":0.6358,"sh24_rz":0.4314,"sh24_labor":0.0067,"sh_gantz":0.0525,"sh24_gantz":0.0067,"sh_yb":0.0093,"sh24_yb":0.01,"sh_meretz":0.0062,"sh24_meretz":0.0033,"sh24_yamina":0.2843,"sh24_newhope":0.0903,"sh_habait":0.0864,"sh_other":0.0185,"sh24_other":0.0067,"winner24":"rz"}},{"type":"Feature","geometry":{"type":"Point","coordinates":[35.74014,32.95728]},"properties":{"semel":4012,"name":"אניעם","winner":"yesh_atid","winnerShare":0.3206,"turnout":0.591,"valid":262,"sh_likud":0.2595,"sh24_likud":0.2695,"sh_yesh_atid":0.3206,"sh24_yesh_atid":0.2128,"sh_shas":0.0229,"sh24_shas":0.0142,"sh_utj":0.0076,"sh24_utj":0.0035,"sh_rz":0.084,"sh24_rz":0.0177,"sh_labor":0.0649,"sh24_labor":0.1454,"sh_gantz":0.1183,"sh24_gantz":0.0887,"sh_yb":0.0229,"sh24_yb":0.0284,"sh_meretz":0.0267,"sh24_meretz":0.0213,"sh_hadash":0.0038,"sh24_yamina":0.0709,"sh24_newhope":0.0993,"sh_habait":0.0153,"sh_other":0.0534,"sh24_other":0.0284,"winner24":"likud"}},{"type":"Feature","geometry":{"type":"Point","coordinates":[35.76576,33.08349]},"properties":{"semel":4013,"name":"אורטל","winner":"gantz","winnerShare":0.3029,"turnout":0.6543,"valid":175,"sh_likud":0.0629,"sh24_likud":0.0733,"sh_yesh_atid":0.2857,"sh24_yesh_atid":0.2827,"sh_shas":0.0057,"sh_rz":0.0457,"sh24_rz":0.0105,"sh_labor":0.1657,"sh24_labor":0.2147,"sh_gantz":0.3029,"sh24_gantz":0.1361,"sh_yb":0.0229,"sh24_yb":0.0157,"sh_meretz":0.0571,"sh24_meretz":0.0576,"sh24_yamina":0.0471,"sh24_newhope":0.1361,"sh_habait":0.0229,"sh_other":0.0286,"sh24_other":0.0262,"winner24":"yesh_atid"}},{"type":"Feature","geometry":{"type":"Point","coordinates":[35.75312,32.85316]},"properties":{"semel":4014,"name":"נטור","winner":"rz","winnerShare":0.3377,"turnout":0.7308,"valid":228,"sh_likud":0.1316,"sh24_likud":0.1262,"sh_yesh_atid":0.1491,"sh24_yesh_atid":0.1019,"sh_shas":0.0088,"sh24_shas":0.0097,"sh_utj":0.0044,"sh24_utj":0.0049,"sh_rz":0.3377,"sh24_rz":0.0777,"sh_labor":0.0351,"sh24_labor":0.0874,"sh_gantz":0.1667,"sh24_gantz":0.0583,"sh_yb":0.0088,"sh24_yb":0.034,"sh_meretz":0.057,"sh24_meretz":0.0437,"sh24_yamina":0.3592,"sh24_newhope":0.0825,"sh_habait":0.0877,"sh_other":0.0132,"sh24_other":0.0146,"winner24":"yamina"}},{"type":"Feature","geometry":{"type":"Point","coordinates":[35.68939,32.79823]},"properties":{"semel":4015,"name":"בני יהודה","winner":"yesh_atid","winnerShare":0.3111,"turnout":0.6289,"valid":585,"sh_likud":0.2496,"sh24_likud":0.2085,"sh_yesh_atid":0.3111,"sh24_yesh_atid":0.2562,"sh_shas":0.0188,"sh24_shas":0.0124,"sh_utj":0.0017,"sh24_utj":0.0018,"sh_rz":0.1094,"sh24_rz":0.0548,"sh_labor":0.0667,"sh24_labor":0.0954,"sh_gantz":0.1162,"sh24_gantz":0.0901,"sh_yb":0.0496,"sh24_yb":0.0689,"sh_meretz":0.0239,"sh24_meretz":0.0353,"sh_balad":0.0017,"sh24_joint":0.0018,"sh24_yamina":0.0707,"sh24_newhope":0.076,"sh_habait":0.0017,"sh_other":0.0496,"sh24_other":0.0283,"winner24":"yesh_atid"}},{"type":"Feature","geometry":{"type":"Point","coordinates":[35.83863,33.04359]},"properties":{"semel":4017,"name":"אלוני הבשן","winner":"rz","winnerShare":0.4383,"turnout":0.6835,"valid":162,"sh_likud":0.2469,"sh24_likud":0.2432,"sh_yesh_atid":0.0185,"sh24_yesh_atid":0.0203,"sh_shas":0.0062,"sh24_shas":0.0068,"sh_utj":0.0062,"sh24_utj":0.0068,"sh_rz":0.4383,"sh24_rz":0.2973,"sh_labor":0.0062,"sh24_labor":0.0338,"sh_gantz":0.0617,"sh24_gantz":0.0135,"sh_yb":0.0062,"sh_meretz":0.0062,"sh24_yamina":0.2838,"sh24_newhope":0.0405,"sh_habait":0.179,"sh_other":0.0247,"sh24_other":0.0541,"winner24":"rz"}},{"type":"Feature","geometry":{"type":"Point","coordinates":[35.73596,32.76708]},"properties":{"semel":4019,"name":"מיצר","winner":"yesh_atid","winnerShare":0.3981,"turnout":0.7536,"valid":103,"sh_likud":0.068,"sh_yesh_atid":0.3981,"sh24_yesh_atid":0.1889,"sh_rz":0.0485,"sh24_rz":0.0111,"sh_labor":0.1456,"sh24_labor":0.2667,"sh_gantz":0.1165,"sh24_gantz":0.0667,"sh_yb":0.0485,"sh24_yb":0.0556,"sh_meretz":0.068,"sh24_meretz":0.1111,"sh_hadash":0.0097,"sh24_yamina":0.1111,"sh24_newhope":0.1444,"sh_habait":0.0388,"sh_other":0.0583,"sh24_other":0.0444,"winner24":"labor"}},{"type":"Feature","geometry":{"type":"Point","coordinates":[35.6817,32.79906]},"properties":{"semel":4021,"name":"גבעת יואב","winner":"yesh_atid","winnerShare":0.3551,"turnout":0.7195,"valid":352,"sh_likud":0.1477,"sh24_likud":0.1584,"sh_yesh_atid":0.3551,"sh24_yesh_atid":0.2141,"sh_shas":0.0057,"sh24_shas":0.0059,"sh_rz":0.0852,"sh24_rz":0.0235,"sh_labor":0.1023,"sh24_labor":0.1818,"sh_gantz":0.1932,"sh24_gantz":0.1554,"sh_yb":0.0227,"sh24_yb":0.0557,"sh_meretz":0.0398,"sh24_meretz":0.0411,"sh24_joint":0.0029,"sh24_yamina":0.0528,"sh24_newhope":0.0821,"sh_habait":0.0199,"sh_other":0.0284,"sh24_other":0.0264,"winner24":"yesh_atid"}},{"type":"Feature","geometry":{"type":"Point","coordinates":[35.71699,32.81883]},"properties":{"semel":4022,"name":"גשור","winner":"yesh_atid","winnerShare":0.3725,"turnout":0.6402,"valid":153,"sh_likud":0.1242,"sh24_likud":0.1457,"sh_yesh_atid":0.3725,"sh24_yesh_atid":0.2517,"sh24_shas":0.0066,"sh_rz":0.0719,"sh24_rz":0.0066,"sh_labor":0.0654,"sh24_labor":0.1457,"sh_gantz":0.1242,"sh24_gantz":0.053,"sh_yb":0.0458,"sh24_yb":0.1126,"sh_meretz":0.1176,"sh24_meretz":0.0861,"sh24_yamina":0.0596,"sh24_newhope":0.0728,"sh_habait":0.0261,"sh_other":0.0523,"sh24_other":0.0596,"winner24":"yesh_atid"}},{"type":"Feature","geometry":{"type":"Point","coordinates":[35.69054,33.13227]},"properties":{"semel":4024,"name":"קלע","winner":"yesh_atid","winnerShare":0.2632,"turnout":0.6379,"valid":190,"sh_likud":0.2263,"sh24_likud":0.2069,"sh_yesh_atid":0.2632,"sh24_yesh_atid":0.269,"sh_utj":0.0158,"sh_rz":0.1105,"sh24_rz":0.0138,"sh_labor":0.0737,"sh24_labor":0.131,"sh_gantz":0.1211,"sh24_gantz":0.0483,"sh_yb":0.0474,"sh24_yb":0.1103,"sh_meretz":0.0474,"sh24_meretz":0.0483,"sh24_yamina":0.0345,"sh24_newhope":0.0828,"sh_habait":0.0316,"sh_other":0.0632,"sh24_other":0.0552,"winner24":"yesh_atid"}},{"type":"Feature","geometry":{"type":"Point","coordinates":[35.69811,33.02991]},"properties":{"semel":4025,"name":"קדמת צבי","winner":"yesh_atid","winnerShare":0.3402,"turnout":0.6821,"valid":291,"sh_likud":0.2234,"sh24_likud":0.1879,"sh_yesh_atid":0.3402,"sh24_yesh_atid":0.1678,"sh_shas":0.0034,"sh_rz":0.0653,"sh24_rz":0.0101,"sh_labor":0.0756,"sh24_labor":0.1678,"sh_gantz":0.1993,"sh24_gantz":0.1846,"sh_yb":0.0103,"sh24_yb":0.0537,"sh_meretz":0.0344,"sh24_meretz":0.047,"sh24_joint":0.0034,"sh24_yamina":0.0537,"sh24_newhope":0.0839,"sh_habait":0.0103,"sh_other":0.0378,"sh24_other":0.0403,"winner24":"likud"}},{"type":"Feature","geometry":{"type":"Point","coordinates":[35.64236,32.9274]},"properties":{"semel":4026,"name":"חדנס","winner":"yesh_atid","winnerShare":0.3293,"turnout":0.5746,"valid":416,"sh_likud":0.3029,"sh24_likud":0.2716,"sh_yesh_atid":0.3293,"sh24_yesh_atid":0.284,"sh_shas":0.0096,"sh24_shas":0.0025,"sh_utj":0.0048,"sh_rz":0.1082,"sh24_rz":0.0346,"sh_labor":0.0192,"sh24_labor":0.0617,"sh_gantz":0.1442,"sh24_gantz":0.1259,"sh_yb":0.0144,"sh24_yb":0.0296,"sh_meretz":0.0192,"sh24_meretz":0.0198,"sh24_joint":0.0025,"sh24_yamina":0.0667,"sh24_newhope":0.0469,"sh_habait":0.0216,"sh_other":0.0264,"sh24_other":0.0543,"winner24":"yesh_atid"}},{"type":"Feature","geometry":{"type":"Point","coordinates":[35.69991,32.86963]},"properties":{"semel":4028,"name":"כנף","winner":"yesh_atid","winnerShare":0.3502,"turnout":0.6257,"valid":217,"sh_likud":0.1152,"sh24_likud":0.1008,"sh_yesh_atid":0.3502,"sh24_yesh_atid":0.2857,"sh_utj":0.0092,"sh_rz":0.0691,"sh24_rz":0.021,"sh_labor":0.1106,"sh24_labor":0.1555,"sh_gantz":0.235,"sh24_gantz":0.1092,"sh_yb":0.0184,"sh24_yb":0.0252,"sh_meretz":0.0323,"sh24_meretz":0.0546,"sh24_joint":0.0042,"sh24_yamina":0.1261,"sh24_newhope":0.0798,"sh_habait":0.0323,"sh_other":0.0276,"sh24_other":0.0378,"winner24":"yesh_atid"}},{"type":"Feature","geometry":{"type":"Point","coordinates":[35.68791,32.9927]},"properties":{"semel":4100,"name":"קצרין","winner":"likud","winnerShare":0.3076,"turnout":0.5455,"valid":3556,"sh_likud":0.3076,"sh24_likud":0.3005,"sh_yesh_atid":0.1659,"sh24_yesh_atid":0.1288,"sh_shas":0.0385,"sh24_shas":0.0273,"sh_utj":0.0045,"sh24_utj":0.0056,"sh_rz":0.2157,"sh24_rz":0.1045,"sh_labor":0.0177,"sh24_labor":0.0361,"sh_gantz":0.0689,"sh24_gantz":0.0405,"sh_yb":0.1232,"sh24_yb":0.1667,"sh_meretz":0.0093,"sh24_meretz":0.0164,"sh_raam":0.0006,"sh24_raam":0.0003,"sh24_joint":0.0021,"sh24_yamina":0.0745,"sh24_newhope":0.0695,"sh_habait":0.0214,"sh_other":0.0267,"sh24_other":0.0273,"winner24":"likud"}},{"type":"Feature","geometry":{"type":"Point","coordinates":[35.77583,33.13311]},"properties":{"semel":4101,"name":"מרום גולן","winner":"yesh_atid","winnerShare":0.4795,"turnout":0.6865,"valid":415,"sh_likud":0.0675,"sh24_likud":0.064,"sh_yesh_atid":0.4795,"sh24_yesh_atid":0.3839,"sh_utj":0.0024,"sh_rz":0.0217,"sh24_rz":0.0071,"sh_labor":0.1277,"sh24_labor":0.1777,"sh_gantz":0.2289,"sh24_gantz":0.0948,"sh_yb":0.0193,"sh24_yb":0.0545,"sh_meretz":0.0313,"sh24_meretz":0.0521,"sh_raam":0.0024,"sh_hadash":0.0024,"sh24_joint":0.0024,"sh24_yamina":0.0427,"sh24_newhope":0.1137,"sh_other":0.0169,"sh24_other":0.0071,"winner24":"yesh_atid"}},{"type":"Feature","geometry":{"type":"Point","coordinates":[35.77015,33.26518]},"properties":{"semel":4201,"name":"מגדל שמס","winner":"yesh_atid","winnerShare":0.4263,"turnout":0.2339,"valid":312,"sh_likud":0.1442,"sh24_likud":0.3869,"sh_yesh_atid":0.4263,"sh24_yesh_atid":0.2083,"sh_shas":0.0353,"sh_labor":0.0192,"sh24_labor":0.0595,"sh_gantz":0.1282,"sh24_gantz":0.1429,"sh_yb":0.1122,"sh24_yb":0.0893,"sh_meretz":0.0865,"sh24_meretz":0.0357,"sh_raam":0.0064,"sh24_raam":0.0119,"sh_hadash":0.0032,"sh_balad":0.0064,"sh24_joint":0.0179,"sh24_yamina":0.006,"sh24_newhope":0.0179,"sh_habait":0.0032,"sh_other":0.0288,"sh24_other":0.0238,"winner24":"likud"}},{"type":"Feature","geometry":{"type":"Point","coordinates":[35.75723,33.23113]},"properties":{"semel":4203,"name":"מסעדה","winner":"likud","winnerShare":0.1287,"turnout":0.2256,"valid":101,"sh_likud":0.1287,"sh24_likud":0.4028,"sh_yesh_atid":0.1089,"sh24_yesh_atid":0.1528,"sh_shas":0.0198,"sh24_shas":0.0833,"sh_rz":0.0495,"sh_labor":0.0099,"sh24_labor":0.0556,"sh_gantz":0.1089,"sh24_gantz":0.0417,"sh_yb":0.1188,"sh24_yb":0.0972,"sh_meretz":0.0198,"sh24_meretz":0.0278,"sh_hadash":0.0198,"sh24_joint":0.0833,"sh24_newhope":0.0417,"sh_habait":0.0099,"sh_other":0.4059,"sh24_other":0.0139,"winner24":"likud"}},{"type":"Feature","geometry":{"type":"Point","coordinates":[35.65491,32.73613]},"properties":{"semel":4204,"name":"מבוא חמה","winner":"yesh_atid","winnerShare":0.4232,"turnout":0.6553,"valid":267,"sh_likud":0.0262,"sh24_likud":0.0429,"sh_yesh_atid":0.4232,"sh24_yesh_atid":0.2429,"sh_shas":0.0037,"sh24_shas":0.0036,"sh_utj":0.0037,"sh_rz":0.0262,"sh24_rz":0.0071,"sh_labor":0.176,"sh24_labor":0.2607,"sh_gantz":0.1536,"sh24_gantz":0.1464,"sh_yb":0.015,"sh24_yb":0.0107,"sh_meretz":0.1236,"sh24_meretz":0.1714,"sh_hadash":0.0037,"sh24_yamina":0.0464,"sh24_newhope":0.0286,"sh_habait":0.0112,"sh_other":0.0337,"sh24_other":0.0393,"winner24":"labor"}},{"type":"Feature","geometry":{"type":"Point","coordinates":[35.70197,32.77844]},"properties":{"semel":4301,"name":"אפיק","winner":"yesh_atid","winnerShare":0.3632,"turnout":0.7111,"valid":190,"sh_likud":0.0895,"sh24_likud":0.0805,"sh_yesh_atid":0.3632,"sh24_yesh_atid":0.3046,"sh_shas":0.0158,"sh_utj":0.0053,"sh_rz":0.0842,"sh24_rz":0.0115,"sh_labor":0.1421,"sh24_labor":0.1839,"sh_gantz":0.1632,"sh24_gantz":0.1264,"sh_yb":0.0368,"sh24_yb":0.046,"sh_meretz":0.0632,"sh24_meretz":0.0862,"sh24_yamina":0.046,"sh24_newhope":0.0632,"sh_other":0.0368,"sh24_other":0.0517,"winner24":"yesh_atid"}},{"type":"Feature","geometry":{"type":"Point","coordinates":[35.74167,33.26222]},"properties":{"semel":4303,"name":"נווה אטיב","winner":"yesh_atid","winnerShare":0.2917,"turnout":0.5333,"valid":96,"sh_likud":0.2292,"sh24_likud":0.2427,"sh_yesh_atid":0.2917,"sh24_yesh_atid":0.2913,"sh_rz":0.1146,"sh24_rz":0.0291,"sh_labor":0.0729,"sh24_labor":0.068,"sh_gantz":0.2083,"sh24_gantz":0.0971,"sh_yb":0.0104,"sh24_yb":0.0097,"sh_meretz":0.0208,"sh24_meretz":0.0485,"sh24_yamina":0.0874,"sh24_newhope":0.0971,"sh_habait":0.0104,"sh_other":0.0417,"sh24_other":0.0291,"winner24":"yesh_atid"}},{"type":"Feature","geometry":{"type":"Point","coordinates":[35.78265,32.83277]},"properties":{"semel":4304,"name":"נוב","winner":"rz","winnerShare":0.4289,"turnout":0.7265,"valid":415,"sh_likud":0.2048,"sh24_likud":0.1614,"sh_yesh_atid":0.0217,"sh24_yesh_atid":0.0244,"sh_shas":0.0096,"sh24_shas":0.0049,"sh_utj":0.0072,"sh24_utj":0.0098,"sh_rz":0.4289,"sh24_rz":0.2445,"sh_labor":0.0048,"sh24_labor":0.0049,"sh_gantz":0.0434,"sh24_gantz":0.0122,"sh24_meretz":0.0073,"sh24_yamina":0.4792,"sh24_newhope":0.0367,"sh_habait":0.2699,"sh_other":0.0096,"sh24_other":0.0147,"winner24":"yamina"}},{"type":"Feature","geometry":{"type":"Point","coordinates":[35.62506,33.27043]},"properties":{"semel":4501,"name":"עגר","winner":"gantz","winnerShare":0.2431,"turnout":0.301,"valid":547,"sh_likud":0.0859,"sh24_likud":0.3057,"sh_yesh_atid":0.1152,"sh24_yesh_atid":0.1185,"sh_shas":0.1298,"sh24_shas":0.3033,"sh_rz":0.0037,"sh24_rz":0.0036,"sh_labor":0.0676,"sh24_labor":0.013,"sh_gantz":0.2431,"sh24_gantz":0.0024,"sh_yb":0.0731,"sh24_yb":0.0142,"sh_meretz":0.0585,"sh24_meretz":0.0154,"sh_raam":0.1463,"sh24_raam":0.0284,"sh_hadash":0.0311,"sh_balad":0.0037,"sh24_joint":0.0261,"sh24_yamina":0.0012,"sh24_newhope":0.16,"sh_habait":0.0037,"sh_other":0.0384,"sh24_other":0.0083,"winner24":"likud"}},{"type":"Feature","geometry":{"type":"Point","coordinates":[35.73162,33.23694]},"properties":{"semel":4502,"name":"עין קנייא","winner":"yesh_atid","winnerShare":0.2903,"turnout":0.1498,"valid":31,"sh_likud":0.2258,"sh24_likud":0.4706,"sh_yesh_atid":0.2903,"sh24_yesh_atid":0.2941,"sh_shas":0.0645,"sh_gantz":0.0323,"sh_yb":0.0645,"sh_meretz":0.2258,"sh24_newhope":0.2353,"sh_other":0.0968,"winner24":"likud"}},{"type":"Feature","geometry":{"type":"Point","coordinates":[35.79603,33.09647]},"properties":{"semel":4503,"name":"עין זיוון","winner":"yesh_atid","winnerShare":0.4391,"turnout":0.6875,"valid":230,"sh_likud":0.0913,"sh24_likud":0.1078,"sh_yesh_atid":0.4391,"sh24_yesh_atid":0.2157,"sh_rz":0.0696,"sh24_rz":0.0049,"sh_labor":0.0826,"sh24_labor":0.2353,"sh_gantz":0.1696,"sh24_gantz":0.098,"sh_yb":0.0522,"sh24_yb":0.0686,"sh_meretz":0.0609,"sh24_meretz":0.1029,"sh24_yamina":0.0441,"sh24_newhope":0.0784,"sh_other":0.0348,"sh24_other":0.0441,"winner24":"labor"}},{"type":"Feature","geometry":{"type":"Point","coordinates":[35.69183,32.78687]},"properties":{"semel":4551,"name":"נאות גולן","winner":"yesh_atid","winnerShare":0.3585,"turnout":0.6835,"valid":318,"sh_likud":0.195,"sh24_likud":0.1486,"sh_yesh_atid":0.3585,"sh24_yesh_atid":0.2736,"sh_shas":0.0031,"sh24_shas":0.0068,"sh_rz":0.0849,"sh24_rz":0.0135,"sh_labor":0.0535,"sh24_labor":0.0912,"sh_gantz":0.2138,"sh24_gantz":0.1216,"sh_yb":0.0314,"sh24_yb":0.0811,"sh_meretz":0.022,"sh24_meretz":0.0338,"sh24_yamina":0.0912,"sh24_newhope":0.1115,"sh_habait":0.0126,"sh_other":0.0252,"sh24_other":0.027,"winner24":"yesh_atid"}},{"type":"Feature","geometry":{"type":"Point","coordinates":[35.80794,32.84478]},"properties":{"semel":4701,"name":"רמת מגשימים","winner":"rz","winnerShare":0.6218,"turnout":0.7376,"valid":357,"sh_likud":0.1261,"sh24_likud":0.1311,"sh_yesh_atid":0.0308,"sh24_yesh_atid":0.0114,"sh_shas":0.0224,"sh24_shas":0.0142,"sh_utj":0.0028,"sh24_utj":0.0028,"sh_rz":0.6218,"sh24_rz":0.4416,"sh_labor":0.0056,"sh24_labor":0.0114,"sh_gantz":0.0224,"sh24_gantz":0.0028,"sh24_yb":0.0028,"sh_meretz":0.0028,"sh24_meretz":0.0028,"sh_hadash":0.0028,"sh24_yamina":0.3476,"sh24_newhope":0.0228,"sh_habait":0.1625,"sh24_other":0.0085,"winner24":"rz"}},{"type":"Feature","geometry":{"type":"Point","coordinates":[35.66655,32.85052]},"properties":{"semel":4702,"name":"רמות","winner":"yesh_atid","winnerShare":0.4626,"turnout":0.7565,"valid":348,"sh_likud":0.0833,"sh24_likud":0.0915,"sh_yesh_atid":0.4626,"sh24_yesh_atid":0.2622,"sh_utj":0.0115,"sh24_utj":0.003,"sh_rz":0.0575,"sh24_rz":0.0152,"sh_labor":0.0862,"sh24_labor":0.1707,"sh_gantz":0.1954,"sh24_gantz":0.2134,"sh_yb":0.0057,"sh24_yb":0.0427,"sh_meretz":0.0661,"sh24_meretz":0.0915,"sh_raam":0.0029,"sh24_yamina":0.0183,"sh24_newhope":0.0762,"sh_habait":0.0057,"sh_other":0.023,"sh24_other":0.0152,"winner24":"yesh_atid"}},{"type":"Feature","geometry":{"type":"Point","coordinates":[34.78946,32.07629]},"properties":{"semel":5000,"name":"תל אביב  יפו","winner":"yesh_atid","winnerShare":0.3282,"turnout":0.5962,"valid":265796,"sh_likud":0.1701,"sh24_likud":0.1697,"sh_yesh_atid":0.3282,"sh24_yesh_atid":0.2209,"sh_shas":0.043,"sh24_shas":0.0363,"sh_utj":0.0083,"sh24_utj":0.0076,"sh_rz":0.045,"sh24_rz":0.0172,"sh_labor":0.0926,"sh24_labor":0.1476,"sh_gantz":0.1102,"sh24_gantz":0.1077,"sh_yb":0.0331,"sh24_yb":0.0366,"sh_meretz":0.1093,"sh24_meretz":0.1399,"sh_raam":0.0069,"sh24_raam":0.0048,"sh_hadash":0.0153,"sh_balad":0.0154,"sh24_joint":0.0195,"sh24_yamina":0.0364,"sh24_newhope":0.0417,"sh_habait":0.0075,"sh_other":0.0151,"sh24_other":0.0142,"winner24":"yesh_atid"}},{"type":"Feature","geometry":{"type":"Point","coordinates":[35.04184,32.41941]},"properties":{"semel":6000,"name":"באקה אלגרביה","winner":"balad","winnerShare":0.5059,"turnout":0.4755,"valid":9671,"sh_likud":0.004,"sh24_likud":0.0151,"sh_yesh_atid":0.0025,"sh24_yesh_atid":0.0071,"sh_shas":0.0006,"sh24_shas":0.0015,"sh_utj":0.0001,"sh24_utj":0.0002,"sh_rz":0.0008,"sh_labor":0.0021,"sh24_labor":0.0043,"sh_gantz":0.0149,"sh24_gantz":0.0035,"sh24_yb":0.0007,"sh_meretz":0.0123,"sh24_meretz":0.0443,"sh_raam":0.2255,"sh24_raam":0.3419,"sh_hadash":0.2239,"sh_balad":0.5059,"sh24_joint":0.5705,"sh24_newhope":0.0012,"sh_other":0.0073,"sh24_other":0.0099,"winner24":"joint"}},{"type":"Feature","geometry":{"type":"Point","coordinates":[34.83479,32.0867]},"properties":{"semel":6100,"name":"בני ברק","winner":"utj","winnerShare":0.5979,"turnout":0.7653,"valid":87692,"sh_likud":0.0339,"sh24_likud":0.0378,"sh_yesh_atid":0.0071,"sh24_yesh_atid":0.0066,"sh_shas":0.3017,"sh24_shas":0.2774,"sh_utj":0.5979,"sh24_utj":0.6075,"sh_rz":0.0443,"sh24_rz":0.0442,"sh_labor":0.0016,"sh24_labor":0.0025,"sh_gantz":0.0047,"sh24_gantz":0.0034,"sh_yb":0.0035,"sh24_yb":0.0041,"sh_meretz":0.0011,"sh24_meretz":0.0014,"sh_raam":0.0001,"sh24_raam":0.0001,"sh_hadash":0.0001,"sh_balad":0,"sh24_joint":0.0001,"sh24_yamina":0.0082,"sh24_newhope":0.004,"sh_habait":0.0018,"sh_other":0.0021,"sh24_other":0.0025,"winner24":"utj"}},{"type":"Feature","geometry":{"type":"Point","coordinates":[34.74997,32.01971]},"properties":{"semel":6200,"name":"בת ים","winner":"likud","winnerShare":0.3572,"turnout":0.5076,"valid":62761,"sh_likud":0.3572,"sh24_likud":0.3577,"sh_yesh_atid":0.1772,"sh24_yesh_atid":0.1375,"sh_shas":0.0977,"sh24_shas":0.0865,"sh_utj":0.0108,"sh24_utj":0.0084,"sh_rz":0.1081,"sh24_rz":0.0376,"sh_labor":0.0187,"sh24_labor":0.0307,"sh_gantz":0.0824,"sh24_gantz":0.0499,"sh_yb":0.1112,"sh24_yb":0.1521,"sh_meretz":0.0104,"sh24_meretz":0.0167,"sh_raam":0.0007,"sh24_raam":0.0004,"sh_hadash":0.0014,"sh_balad":0.0013,"sh24_joint":0.0017,"sh24_yamina":0.0477,"sh24_newhope":0.0532,"sh_habait":0.0049,"sh_other":0.018,"sh24_other":0.0199,"winner24":"likud"}},{"type":"Feature","geometry":{"type":"Point","coordinates":[34.80988,32.0714]},"properties":{"semel":6300,"name":"גבעתיים","winner":"yesh_atid","winnerShare":0.3759,"turnout":0.6897,"valid":33932,"sh_likud":0.1576,"sh24_likud":0.1513,"sh_yesh_atid":0.3759,"sh24_yesh_atid":0.2674,"sh_shas":0.0151,"sh24_shas":0.0119,"sh_utj":0.0047,"sh24_utj":0.0038,"sh_rz":0.0396,"sh24_rz":0.0179,"sh_labor":0.1048,"sh24_labor":0.1516,"sh_gantz":0.1489,"sh24_gantz":0.1315,"sh_yb":0.0332,"sh24_yb":0.0332,"sh_meretz":0.0856,"sh24_meretz":0.1125,"sh_raam":0.0008,"sh24_raam":0.0001,"sh_hadash":0.0051,"sh_balad":0.0009,"sh24_joint":0.0035,"sh24_yamina":0.0452,"sh24_newhope":0.0539,"sh_habait":0.0097,"sh_other":0.0181,"sh24_other":0.0161,"winner24":"yesh_atid"}},{"type":"Feature","geometry":{"type":"Point","coordinates":[34.83429,32.16991]},"properties":{"semel":6400,"name":"הרצליה","winner":"yesh_atid","winnerShare":0.3721,"turnout":0.6564,"valid":58166,"sh_likud":0.2126,"sh24_likud":0.2107,"sh_yesh_atid":0.3721,"sh24_yesh_atid":0.2674,"sh_shas":0.0352,"sh24_shas":0.0305,"sh_utj":0.008,"sh24_utj":0.0082,"sh_rz":0.0556,"sh24_rz":0.0174,"sh_labor":0.0576,"sh24_labor":0.0933,"sh_gantz":0.1406,"sh24_gantz":0.1257,"sh_yb":0.0345,"sh24_yb":0.0439,"sh_meretz":0.0574,"sh24_meretz":0.0829,"sh_raam":0.0009,"sh24_raam":0.0002,"sh_hadash":0.0019,"sh_balad":0.0005,"sh24_joint":0.0017,"sh24_yamina":0.0488,"sh24_newhope":0.0545,"sh_habait":0.0078,"sh_other":0.0153,"sh24_other":0.015,"winner24":"yesh_atid"}},{"type":"Feature","geometry":{"type":"Point","coordinates":[34.91848,32.43565]},"properties":{"semel":6500,"name":"חדרה","winner":"likud","winnerShare":0.3816,"turnout":0.6275,"valid":49974,"sh_likud":0.3816,"sh24_likud":0.3713,"sh_yesh_atid":0.1853,"sh24_yesh_atid":0.1451,"sh_shas":0.0878,"sh24_shas":0.0761,"sh_utj":0.0113,"sh24_utj":0.0095,"sh_rz":0.1039,"sh24_rz":0.0342,"sh_labor":0.0256,"sh24_labor":0.0468,"sh_gantz":0.093,"sh24_gantz":0.0705,"sh_yb":0.0664,"sh24_yb":0.0841,"sh_meretz":0.0154,"sh24_meretz":0.0229,"sh_raam":0.0013,"sh24_raam":0.0005,"sh_hadash":0.0019,"sh_balad":0.0008,"sh24_joint":0.0014,"sh24_yamina":0.0576,"sh24_newhope":0.0606,"sh_habait":0.0069,"sh_other":0.0187,"sh24_other":0.0194,"winner24":"likud"}},{"type":"Feature","geometry":{"type":"Point","coordinates":[34.77916,32.01682]},"properties":{"semel":6600,"name":"חולון","winner":"likud","winnerShare":0.3467,"turnout":0.6408,"valid":101811,"sh_likud":0.3467,"sh24_likud":0.3468,"sh_yesh_atid":0.2057,"sh24_yesh_atid":0.1706,"sh_shas":0.1053,"sh24_shas":0.0905,"sh_utj":0.0083,"sh24_utj":0.007,"sh_rz":0.102,"sh24_rz":0.0289,"sh_labor":0.0284,"sh24_labor":0.0474,"sh_gantz":0.1163,"sh24_gantz":0.0758,"sh_yb":0.0467,"sh24_yb":0.0622,"sh_meretz":0.0155,"sh24_meretz":0.0245,"sh_raam":0.0005,"sh24_raam":0.0001,"sh_hadash":0.0006,"sh_balad":0.0002,"sh24_joint":0.0007,"sh24_yamina":0.0602,"sh24_newhope":0.0673,"sh_habait":0.0068,"sh_other":0.0169,"sh24_other":0.0179,"winner24":"likud"}},{"type":"Feature","geometry":{"type":"Point","coordinates":[35.52434,32.78747]},"properties":{"semel":6700,"name":"טבריה","winner":"likud","winnerShare":0.4038,"turnout":0.6174,"valid":22546,"sh_likud":0.4038,"sh24_likud":0.4336,"sh_yesh_atid":0.0591,"sh24_yesh_atid":0.0564,"sh_shas":0.2039,"sh24_shas":0.1853,"sh_utj":0.0857,"sh24_utj":0.0783,"sh_rz":0.1283,"sh24_rz":0.0508,"sh_labor":0.0068,"sh24_labor":0.0113,"sh_gantz":0.0534,"sh24_gantz":0.0325,"sh_yb":0.0382,"sh24_yb":0.0591,"sh_meretz":0.0031,"sh24_meretz":0.0057,"sh_raam":0.0009,"sh24_raam":0.0006,"sh_hadash":0.0005,"sh_balad":0.0002,"sh24_joint":0.0008,"sh24_yamina":0.0386,"sh24_newhope":0.0355,"sh_habait":0.0062,"sh_other":0.0097,"sh24_other":0.0117,"winner24":"likud"}},{"type":"Feature","geometry":{"type":"Point","coordinates":[35.10779,32.80445]},"properties":{"semel":6800,"name":"קרית אתא","winner":"likud","winnerShare":0.4277,"turnout":0.6497,"valid":31349,"sh_likud":0.4277,"sh24_likud":0.4224,"sh_yesh_atid":0.1406,"sh24_yesh_atid":0.118,"sh_shas":0.1002,"sh24_shas":0.0846,"sh_utj":0.0194,"sh24_utj":0.019,"sh_rz":0.1215,"sh24_rz":0.0455,"sh_labor":0.0158,"sh24_labor":0.0271,"sh_gantz":0.0881,"sh24_gantz":0.0587,"sh_yb":0.0539,"sh24_yb":0.0708,"sh_meretz":0.0063,"sh24_meretz":0.0095,"sh_raam":0.0002,"sh24_raam":0.0002,"sh_hadash":0.0005,"sh_balad":0,"sh24_joint":0.0004,"sh24_yamina":0.0667,"sh24_newhope":0.0615,"sh_habait":0.0106,"sh_other":0.0153,"sh24_other":0.0156,"winner24":"likud"}},{"type":"Feature","geometry":{"type":"Point","coordinates":[34.91285,32.18079]},"properties":{"semel":6900,"name":"כפר סבא","winner":"yesh_atid","winnerShare":0.3615,"turnout":0.6989,"valid":56903,"sh_likud":0.2177,"sh24_likud":0.2098,"sh_yesh_atid":0.3615,"sh24_yesh_atid":0.2627,"sh_shas":0.0352,"sh24_shas":0.0275,"sh_utj":0.0047,"sh24_utj":0.0043,"sh_rz":0.0679,"sh24_rz":0.0272,"sh_labor":0.0656,"sh24_labor":0.1048,"sh_gantz":0.1277,"sh24_gantz":0.1099,"sh_yb":0.0376,"sh24_yb":0.0451,"sh_meretz":0.0505,"sh24_meretz":0.0739,"sh_raam":0.001,"sh24_raam":0.0003,"sh_hadash":0.0022,"sh_balad":0.0003,"sh24_joint":0.0015,"sh24_yamina":0.0576,"sh24_newhope":0.0599,"sh_habait":0.011,"sh_other":0.0171,"sh24_other":0.0155,"winner24":"yesh_atid"}},{"type":"Feature","geometry":{"type":"Point","coordinates":[34.88829,31.95135]},"properties":{"semel":7000,"name":"לוד","winner":"likud","winnerShare":0.2853,"turnout":0.6068,"valid":35388,"sh_likud":0.2853,"sh24_likud":0.3432,"sh_yesh_atid":0.066,"sh24_yesh_atid":0.0656,"sh_shas":0.0927,"sh24_shas":0.0837,"sh_utj":0.0602,"sh24_utj":0.0389,"sh_rz":0.155,"sh24_rz":0.0748,"sh_labor":0.0095,"sh24_labor":0.017,"sh_gantz":0.0369,"sh24_gantz":0.0257,"sh_yb":0.0579,"sh24_yb":0.0849,"sh_meretz":0.0065,"sh24_meretz":0.0109,"sh_raam":0.028,"sh24_raam":0.0458,"sh_hadash":0.0186,"sh_balad":0.1574,"sh24_joint":0.0898,"sh24_yamina":0.0616,"sh24_newhope":0.0419,"sh_habait":0.0115,"sh_other":0.0147,"sh24_other":0.0162,"winner24":"likud"}},{"type":"Feature","geometry":{"type":"Point","coordinates":[34.57406,31.66868]},"properties":{"semel":7100,"name":"אשקלון","winner":"likud","winnerShare":0.3969,"turnout":0.619,"valid":73602,"sh_likud":0.3969,"sh24_likud":0.4002,"sh_yesh_atid":0.1222,"sh24_yesh_atid":0.0931,"sh_shas":0.1175,"sh24_shas":0.0991,"sh_utj":0.0107,"sh24_utj":0.0078,"sh_rz":0.1326,"sh24_rz":0.0505,"sh_labor":0.012,"sh24_labor":0.0215,"sh_gantz":0.0723,"sh24_gantz":0.0408,"sh_yb":0.1058,"sh24_yb":0.1453,"sh_meretz":0.0061,"sh24_meretz":0.0087,"sh_raam":0.0004,"sh24_raam":0.0004,"sh_hadash":0.0003,"sh_balad":0.0003,"sh24_joint":0.0006,"sh24_yamina":0.061,"sh24_newhope":0.0554,"sh_habait":0.0065,"sh_other":0.0165,"sh24_other":0.0158,"winner24":"likud"}},{"type":"Feature","geometry":{"type":"Point","coordinates":[34.79816,31.92659]},"properties":{"semel":7200,"name":"נס ציונה","winner":"yesh_atid","winnerShare":0.3329,"turnout":0.747,"valid":25851,"sh_likud":0.2362,"sh24_likud":0.2329,"sh_yesh_atid":0.3329,"sh24_yesh_atid":0.2614,"sh_shas":0.0371,"sh24_shas":0.0281,"sh_utj":0.0049,"sh24_utj":0.0051,"sh_rz":0.0746,"sh24_rz":0.0208,"sh_labor":0.0615,"sh24_labor":0.0929,"sh_gantz":0.1621,"sh24_gantz":0.1272,"sh_yb":0.0272,"sh24_yb":0.033,"sh_meretz":0.0388,"sh24_meretz":0.0583,"sh_raam":0.0005,"sh24_raam":0.0001,"sh_hadash":0.0017,"sh_balad":0.0002,"sh24_joint":0.0009,"sh24_yamina":0.0542,"sh24_newhope":0.0684,"sh_habait":0.0066,"sh_other":0.0157,"sh24_other":0.0169,"winner24":"yesh_atid"}},{"type":"Feature","geometry":{"type":"Point","coordinates":[35.29497,32.70186]},"properties":{"semel":7300,"name":"נצרת","winner":"hadash","winnerShare":0.4531,"turnout":0.4829,"valid":28462,"sh_likud":0.0234,"sh24_likud":0.0392,"sh_yesh_atid":0.0121,"sh24_yesh_atid":0.0119,"sh_shas":0.0009,"sh24_shas":0.0012,"sh_utj":0.0005,"sh24_utj":0.0002,"sh_rz":0.0009,"sh24_rz":0,"sh_labor":0.0052,"sh24_labor":0.0064,"sh_gantz":0.0027,"sh24_gantz":0.0018,"sh_yb":0.0005,"sh24_yb":0.0016,"sh_meretz":0.0165,"sh24_meretz":0.0395,"sh_raam":0.2141,"sh24_raam":0.2392,"sh_hadash":0.4531,"sh_balad":0.262,"sh24_joint":0.6473,"sh24_yamina":0.0002,"sh24_newhope":0.0032,"sh_habait":0.0004,"sh_other":0.0077,"sh24_other":0.0082,"winner24":"joint"}},{"type":"Feature","geometry":{"type":"Point","coordinates":[34.86254,32.31637]},"properties":{"semel":7400,"name":"נתניה","winner":"likud","winnerShare":0.3551,"turnout":0.5829,"valid":113043,"sh_likud":0.3551,"sh24_likud":0.3508,"sh_yesh_atid":0.1747,"sh24_yesh_atid":0.1393,"sh_shas":0.1218,"sh24_shas":0.1065,"sh_utj":0.028,"sh24_utj":0.0282,"sh_rz":0.1139,"sh24_rz":0.0475,"sh_labor":0.0179,"sh24_labor":0.0315,"sh_gantz":0.0845,"sh24_gantz":0.0617,"sh_yb":0.0664,"sh24_yb":0.0822,"sh_meretz":0.0106,"sh24_meretz":0.0162,"sh_raam":0.0004,"sh24_raam":0.0003,"sh_hadash":0.0004,"sh_balad":0.0002,"sh24_joint":0.0005,"sh24_yamina":0.0657,"sh24_newhope":0.0524,"sh_habait":0.0104,"sh_other":0.0158,"sh24_other":0.0171,"winner24":"likud"}},{"type":"Feature","geometry":{"type":"Point","coordinates":[35.29842,32.86456]},"properties":{"semel":7500,"name":"סחנין","winner":"hadash","winnerShare":0.3855,"turnout":0.6841,"valid":15754,"sh_likud":0.0034,"sh24_likud":0.0057,"sh_yesh_atid":0.0035,"sh24_yesh_atid":0.0107,"sh_shas":0.0015,"sh24_shas":0.0003,"sh_utj":0.0003,"sh24_utj":0.0001,"sh_rz":0.0004,"sh24_rz":0.0001,"sh_labor":0.002,"sh24_labor":0.0014,"sh_gantz":0.001,"sh24_gantz":0.0003,"sh_yb":0.0004,"sh24_yb":0.0004,"sh_meretz":0.005,"sh24_meretz":0.0067,"sh_raam":0.2906,"sh24_raam":0.6182,"sh_hadash":0.3855,"sh_balad":0.3029,"sh24_joint":0.3536,"sh24_newhope":0.0008,"sh_habait":0.0001,"sh_other":0.0036,"sh24_other":0.0019,"winner24":"raam"}},{"type":"Feature","geometry":{"type":"Point","coordinates":[35.08439,32.92805]},"properties":{"semel":7600,"name":"עכו","winner":"likud","winnerShare":0.3284,"turnout":0.5889,"valid":25237,"sh_likud":0.3284,"sh24_likud":0.3826,"sh_yesh_atid":0.0682,"sh24_yesh_atid":0.0527,"sh_shas":0.0897,"sh24_shas":0.0793,"sh_utj":0.0027,"sh24_utj":0.0034,"sh_rz":0.1009,"sh24_rz":0.0381,"sh_labor":0.0092,"sh24_labor":0.0145,"sh_gantz":0.0397,"sh24_gantz":0.0217,"sh_yb":0.0741,"sh24_yb":0.0931,"sh_meretz":0.0073,"sh24_meretz":0.0123,"sh_raam":0.0805,"sh24_raam":0.0674,"sh_hadash":0.1099,"sh_balad":0.0736,"sh24_joint":0.1429,"sh24_yamina":0.036,"sh24_newhope":0.0441,"sh_habait":0.0046,"sh_other":0.0111,"sh24_other":0.0118,"winner24":"likud"}},{"type":"Feature","geometry":{"type":"Point","coordinates":[35.30269,32.61726]},"properties":{"semel":7700,"name":"עפולה","winner":"likud","winnerShare":0.425,"turnout":0.6327,"valid":28802,"sh_likud":0.425,"sh24_likud":0.4324,"sh_yesh_atid":0.1137,"sh24_yesh_atid":0.0935,"sh_shas":0.0859,"sh24_shas":0.075,"sh_utj":0.0589,"sh24_utj":0.0486,"sh_rz":0.123,"sh24_rz":0.0416,"sh_labor":0.0154,"sh24_labor":0.0255,"sh_gantz":0.0701,"sh24_gantz":0.0494,"sh_yb":0.0777,"sh24_yb":0.0956,"sh_meretz":0.0063,"sh24_meretz":0.0113,"sh_raam":0.0005,"sh24_raam":0.0002,"sh_hadash":0.0012,"sh_balad":0.0011,"sh24_joint":0.0011,"sh24_yamina":0.0572,"sh24_newhope":0.0536,"sh_habait":0.0061,"sh_other":0.015,"sh24_other":0.0149,"winner24":"likud"}},{"type":"Feature","geometry":{"type":"Point","coordinates":[34.97564,32.47234]},"properties":{"semel":7800,"name":"פרדס חנהכרכור","winner":"likud","winnerShare":0.2827,"turnout":0.6945,"valid":22142,"sh_likud":0.2827,"sh24_likud":0.2646,"sh_yesh_atid":0.2704,"sh24_yesh_atid":0.1791,"sh_shas":0.0495,"sh24_shas":0.0433,"sh_utj":0.0051,"sh24_utj":0.0045,"sh_rz":0.0841,"sh24_rz":0.0351,"sh_labor":0.0726,"sh24_labor":0.137,"sh_gantz":0.1113,"sh24_gantz":0.0845,"sh_yb":0.0294,"sh24_yb":0.0407,"sh_meretz":0.0556,"sh24_meretz":0.0808,"sh_raam":0.0012,"sh24_raam":0.0002,"sh_hadash":0.0044,"sh_balad":0.0005,"sh24_joint":0.0032,"sh24_yamina":0.0532,"sh24_newhope":0.0501,"sh_habait":0.01,"sh_other":0.0232,"sh24_other":0.0238,"winner24":"likud"}},{"type":"Feature","geometry":{"type":"Point","coordinates":[34.88622,32.08504]},"properties":{"semel":7900,"name":"פתח תקווה","winner":"likud","winnerShare":0.2843,"turnout":0.678,"valid":133437,"sh_likud":0.2843,"sh24_likud":0.2746,"sh_yesh_atid":0.1978,"sh24_yesh_atid":0.1641,"sh_shas":0.0894,"sh24_shas":0.0734,"sh_utj":0.0442,"sh24_utj":0.042,"sh_rz":0.1377,"sh24_rz":0.0697,"sh_labor":0.0251,"sh24_labor":0.0411,"sh_gantz":0.1062,"sh24_gantz":0.0711,"sh_yb":0.0602,"sh24_yb":0.0773,"sh_meretz":0.0156,"sh24_meretz":0.0224,"sh_raam":0.0004,"sh24_raam":0.0001,"sh_hadash":0.0006,"sh_balad":0.0003,"sh24_joint":0.0006,"sh24_yamina":0.0885,"sh24_newhope":0.0588,"sh_habait":0.0215,"sh_other":0.0167,"sh24_other":0.0162,"winner24":"likud"}},{"type":"Feature","geometry":{"type":"Point","coordinates":[35.50457,32.96474]},"properties":{"semel":8000,"name":"צפת","winner":"likud","winnerShare":0.279,"turnout":0.6025,"valid":14469,"sh_likud":0.279,"sh24_likud":0.313,"sh_yesh_atid":0.0323,"sh24_yesh_atid":0.028,"sh_shas":0.2138,"sh24_shas":0.1755,"sh_utj":0.1559,"sh24_utj":0.1469,"sh_rz":0.2144,"sh24_rz":0.1639,"sh_labor":0.0052,"sh24_labor":0.0087,"sh_gantz":0.0253,"sh24_gantz":0.0186,"sh_yb":0.0405,"sh24_yb":0.0599,"sh_meretz":0.003,"sh24_meretz":0.0058,"sh_raam":0.0033,"sh24_raam":0.0028,"sh_hadash":0.006,"sh_balad":0.0017,"sh24_joint":0.0048,"sh24_yamina":0.0392,"sh24_newhope":0.0184,"sh_habait":0.0117,"sh_other":0.0079,"sh24_other":0.0147,"winner24":"likud"}},{"type":"Feature","geometry":{"type":"Point","coordinates":[35.07967,32.83545]},"properties":{"semel":8200,"name":"קרית מוצקין","winner":"likud","winnerShare":0.3361,"turnout":0.6335,"valid":25775,"sh_likud":0.3361,"sh24_likud":0.3188,"sh_yesh_atid":0.2653,"sh24_yesh_atid":0.2088,"sh_shas":0.0343,"sh24_shas":0.0279,"sh_utj":0.0029,"sh24_utj":0.0027,"sh_rz":0.0844,"sh24_rz":0.0207,"sh_labor":0.026,"sh24_labor":0.0465,"sh_gantz":0.1341,"sh24_gantz":0.0874,"sh_yb":0.0771,"sh24_yb":0.095,"sh_meretz":0.0126,"sh24_meretz":0.0207,"sh_raam":0.0002,"sh24_raam":0.0001,"sh_hadash":0.0005,"sh_balad":0.0003,"sh24_joint":0.0006,"sh24_yamina":0.069,"sh24_newhope":0.0844,"sh_habait":0.0083,"sh_other":0.0179,"sh24_other":0.0173,"winner24":"likud"}},{"type":"Feature","geometry":{"type":"Point","coordinates":[34.80045,31.96879]},"properties":{"semel":8300,"name":"ראשון לציון","winner":"likud","winnerShare":0.3235,"turnout":0.662,"valid":139546,"sh_likud":0.3235,"sh24_likud":0.3159,"sh_yesh_atid":0.252,"sh24_yesh_atid":0.2112,"sh_shas":0.0497,"sh24_shas":0.0381,"sh_utj":0.0066,"sh24_utj":0.0054,"sh_rz":0.0972,"sh24_rz":0.0278,"sh_labor":0.0286,"sh24_labor":0.0476,"sh_gantz":0.138,"sh24_gantz":0.0929,"sh_yb":0.0629,"sh24_yb":0.0811,"sh_meretz":0.0158,"sh24_meretz":0.0242,"sh_raam":0.0004,"sh24_raam":0.0001,"sh_hadash":0.0006,"sh_balad":0.0003,"sh24_joint":0.0006,"sh24_yamina":0.0622,"sh24_newhope":0.0744,"sh_habait":0.0074,"sh_other":0.0171,"sh24_other":0.0184,"winner24":"likud"}},{"type":"Feature","geometry":{"type":"Point","coordinates":[34.80784,31.8917]},"properties":{"semel":8400,"name":"רחובות","winner":"likud","winnerShare":0.2577,"turnout":0.6887,"valid":76404,"sh_likud":0.2577,"sh24_likud":0.2633,"sh_yesh_atid":0.231,"sh24_yesh_atid":0.1807,"sh_shas":0.0796,"sh24_shas":0.0676,"sh_utj":0.0364,"sh24_utj":0.0356,"sh_rz":0.1307,"sh24_rz":0.0619,"sh_labor":0.0411,"sh24_labor":0.0662,"sh_gantz":0.1056,"sh24_gantz":0.074,"sh_yb":0.0522,"sh24_yb":0.0604,"sh_meretz":0.0324,"sh24_meretz":0.0462,"sh_raam":0.0008,"sh24_raam":0.0003,"sh_hadash":0.0017,"sh_balad":0.0005,"sh24_joint":0.0014,"sh24_yamina":0.0685,"sh24_newhope":0.0579,"sh_habait":0.014,"sh_other":0.0163,"sh24_other":0.0159,"winner24":"likud"}},{"type":"Feature","geometry":{"type":"Point","coordinates":[34.86635,31.92821]},"properties":{"semel":8500,"name":"רמלה","winner":"likud","winnerShare":0.3943,"turnout":0.6383,"valid":36235,"sh_likud":0.3943,"sh24_likud":0.4514,"sh_yesh_atid":0.0614,"sh24_yesh_atid":0.0604,"sh_shas":0.1352,"sh24_shas":0.12,"sh_utj":0.004,"sh24_utj":0.0039,"sh_rz":0.1268,"sh24_rz":0.0356,"sh_labor":0.0137,"sh24_labor":0.0195,"sh_gantz":0.0495,"sh24_gantz":0.0309,"sh_yb":0.0305,"sh24_yb":0.0433,"sh_meretz":0.0093,"sh24_meretz":0.017,"sh_raam":0.0588,"sh24_raam":0.056,"sh_hadash":0.0411,"sh_balad":0.0598,"sh24_joint":0.062,"sh24_yamina":0.0422,"sh24_newhope":0.0437,"sh_habait":0.0034,"sh_other":0.0123,"sh24_other":0.014,"winner24":"likud"}},{"type":"Feature","geometry":{"type":"Point","coordinates":[34.82408,32.06902]},"properties":{"semel":8600,"name":"רמת גן","winner":"yesh_atid","winnerShare":0.3174,"turnout":0.6523,"valid":90342,"sh_likud":0.2233,"sh24_likud":0.2178,"sh_yesh_atid":0.3174,"sh24_yesh_atid":0.2336,"sh_shas":0.0402,"sh24_shas":0.031,"sh_utj":0.0093,"sh24_utj":0.008,"sh_rz":0.0713,"sh24_rz":0.0295,"sh_labor":0.066,"sh24_labor":0.1022,"sh_gantz":0.1429,"sh24_gantz":0.1121,"sh_yb":0.0382,"sh24_yb":0.0456,"sh_meretz":0.0554,"sh24_meretz":0.0757,"sh_raam":0.001,"sh24_raam":0.0003,"sh_hadash":0.0036,"sh_balad":0.0008,"sh24_joint":0.0027,"sh24_yamina":0.0574,"sh24_newhope":0.0634,"sh_habait":0.0108,"sh_other":0.0198,"sh24_other":0.0207,"winner24":"yesh_atid"}},{"type":"Feature","geometry":{"type":"Point","coordinates":[34.87023,32.18575]},"properties":{"semel":8700,"name":"רעננה","winner":"yesh_atid","winnerShare":0.3283,"turnout":0.6661,"valid":46223,"sh_likud":0.2046,"sh24_likud":0.197,"sh_yesh_atid":0.3283,"sh24_yesh_atid":0.2385,"sh_shas":0.0498,"sh24_shas":0.0365,"sh_utj":0.0113,"sh24_utj":0.011,"sh_rz":0.0988,"sh24_rz":0.0453,"sh_labor":0.0503,"sh24_labor":0.0792,"sh_gantz":0.1385,"sh24_gantz":0.109,"sh_yb":0.0264,"sh24_yb":0.0303,"sh_meretz":0.0457,"sh24_meretz":0.0672,"sh_raam":0.0006,"sh24_raam":0.0001,"sh_hadash":0.0013,"sh_balad":0.0003,"sh24_joint":0.001,"sh24_yamina":0.1181,"sh24_newhope":0.0549,"sh_habait":0.0291,"sh_other":0.0149,"sh24_other":0.012,"winner24":"yesh_atid"}},{"type":"Feature","geometry":{"type":"Point","coordinates":[35.17176,32.80605]},"properties":{"semel":8800,"name":"שפרעם","winner":"hadash","winnerShare":0.3657,"turnout":0.5147,"valid":15703,"sh_likud":0.0163,"sh24_likud":0.0337,"sh_yesh_atid":0.0292,"sh24_yesh_atid":0.0293,"sh_shas":0.0007,"sh24_shas":0.0027,"sh_utj":0.0009,"sh24_utj":0.0002,"sh_rz":0.0008,"sh24_rz":0.0001,"sh_labor":0.0201,"sh24_labor":0.0185,"sh_gantz":0.0194,"sh24_gantz":0.0069,"sh_yb":0.0822,"sh24_yb":0.1159,"sh_meretz":0.0274,"sh24_meretz":0.0417,"sh_raam":0.2016,"sh24_raam":0.1931,"sh_hadash":0.3657,"sh_balad":0.2239,"sh24_joint":0.5386,"sh24_yamina":0.0009,"sh24_newhope":0.0073,"sh_habait":0.0003,"sh_other":0.0117,"sh24_other":0.011,"winner24":"joint"}},{"type":"Feature","geometry":{"type":"Point","coordinates":[35.1912,32.85391]},"properties":{"semel":8900,"name":"טמרה","winner":"raam","winnerShare":0.3649,"turnout":0.6351,"valid":15491,"sh_likud":0.0059,"sh24_likud":0.0063,"sh_yesh_atid":0.0234,"sh24_yesh_atid":0.0054,"sh_shas":0.0004,"sh24_shas":0.0017,"sh_utj":0.0003,"sh24_utj":0.0001,"sh_rz":0.0002,"sh24_rz":0.0002,"sh_labor":0.0025,"sh24_labor":0.0016,"sh_gantz":0.0027,"sh24_gantz":0.0039,"sh_yb":0.0001,"sh24_yb":0.0003,"sh_meretz":0.0076,"sh24_meretz":0.0128,"sh_raam":0.3649,"sh24_raam":0.4853,"sh_hadash":0.3422,"sh_balad":0.2452,"sh24_joint":0.4772,"sh24_yamina":0.0002,"sh24_newhope":0.0005,"sh_habait":0.0001,"sh_other":0.0045,"sh24_other":0.0045,"winner24":"raam"}},{"type":"Feature","geometry":{"type":"Point","coordinates":[34.78666,31.2531]},"properties":{"semel":9000,"name":"באר שבע","winner":"likud","winnerShare":0.403,"turnout":0.6131,"valid":100204,"sh_likud":0.403,"sh24_likud":0.4212,"sh_yesh_atid":0.1205,"sh24_yesh_atid":0.0962,"sh_shas":0.0897,"sh24_shas":0.0776,"sh_utj":0.0145,"sh24_utj":0.0078,"sh_rz":0.1567,"sh24_rz":0.0542,"sh_labor":0.0188,"sh24_labor":0.0323,"sh_gantz":0.0749,"sh24_gantz":0.0481,"sh_yb":0.0796,"sh24_yb":0.0965,"sh_meretz":0.0096,"sh24_meretz":0.0153,"sh_raam":0.0032,"sh24_raam":0.0021,"sh_hadash":0.0033,"sh_balad":0.0018,"sh24_joint":0.0038,"sh24_yamina":0.0712,"sh24_newhope":0.0564,"sh_habait":0.0074,"sh_other":0.017,"sh24_other":0.0172,"winner24":"likud"}},{"type":"Feature","geometry":{"type":"Point","coordinates":[35.09748,33.00856]},"properties":{"semel":9100,"name":"נהריה","winner":"likud","winnerShare":0.3848,"turnout":0.608,"valid":33244,"sh_likud":0.3848,"sh24_likud":0.3971,"sh_yesh_atid":0.174,"sh24_yesh_atid":0.1372,"sh_shas":0.0707,"sh24_shas":0.0615,"sh_utj":0.0038,"sh24_utj":0.0036,"sh_rz":0.1131,"sh24_rz":0.0335,"sh_labor":0.0203,"sh24_labor":0.0336,"sh_gantz":0.0975,"sh24_gantz":0.057,"sh_yb":0.0955,"sh24_yb":0.1045,"sh_meretz":0.0106,"sh24_meretz":0.0186,"sh_raam":0.0015,"sh24_raam":0.001,"sh_hadash":0.0022,"sh_balad":0.0013,"sh24_joint":0.0028,"sh24_yamina":0.0652,"sh24_newhope":0.067,"sh_habait":0.0091,"sh_other":0.0156,"sh24_other":0.0173,"winner24":"likud"}},{"type":"Feature","geometry":{"type":"Point","coordinates":[35.4978,32.49735]},"properties":{"semel":9200,"name":"בית שאן","winner":"likud","winnerShare":0.4786,"turnout":0.7066,"valid":10413,"sh_likud":0.4786,"sh24_likud":0.5461,"sh_yesh_atid":0.0313,"sh24_yesh_atid":0.0245,"sh_shas":0.2498,"sh24_shas":0.2111,"sh_utj":0.0082,"sh24_utj":0.0058,"sh_rz":0.1612,"sh24_rz":0.0776,"sh_labor":0.0059,"sh24_labor":0.0089,"sh_gantz":0.0323,"sh24_gantz":0.0206,"sh_yb":0.0126,"sh24_yb":0.014,"sh_meretz":0.0029,"sh24_meretz":0.003,"sh_raam":0.0006,"sh24_raam":0.0003,"sh_hadash":0.0003,"sh_balad":0.0003,"sh24_joint":0.0005,"sh24_yamina":0.0485,"sh24_newhope":0.0321,"sh_habait":0.0098,"sh_other":0.0063,"sh24_other":0.007,"winner24":"likud"}},{"type":"Feature","geometry":{"type":"Point","coordinates":[34.95223,32.57061]},"properties":{"semel":9300,"name":"זכרון יעקב","winner":"yesh_atid","winnerShare":0.3413,"turnout":0.7122,"valid":12708,"sh_likud":0.1686,"sh24_likud":0.1518,"sh_yesh_atid":0.3413,"sh24_yesh_atid":0.2477,"sh_shas":0.0664,"sh24_shas":0.0584,"sh_utj":0.0484,"sh24_utj":0.0489,"sh_rz":0.0588,"sh24_rz":0.025,"sh_labor":0.0583,"sh24_labor":0.1042,"sh_gantz":0.1372,"sh24_gantz":0.1053,"sh_yb":0.026,"sh24_yb":0.0279,"sh_meretz":0.06,"sh24_meretz":0.0854,"sh_raam":0.0016,"sh24_raam":0.0001,"sh_hadash":0.0028,"sh_balad":0.0002,"sh24_joint":0.0016,"sh24_yamina":0.0666,"sh24_newhope":0.0641,"sh_habait":0.017,"sh_other":0.0135,"sh24_other":0.0129,"winner24":"yesh_atid"}},{"type":"Feature","geometry":{"type":"Point","coordinates":[34.88628,32.03299]},"properties":{"semel":9400,"name":"יהודמונוסון","winner":"likud","winnerShare":0.3288,"turnout":0.7427,"valid":17966,"sh_likud":0.3288,"sh24_likud":0.3192,"sh_yesh_atid":0.2707,"sh24_yesh_atid":0.2155,"sh_shas":0.0426,"sh24_shas":0.0362,"sh_utj":0.006,"sh24_utj":0.0048,"sh_rz":0.0953,"sh24_rz":0.0289,"sh_labor":0.0348,"sh24_labor":0.0634,"sh_gantz":0.1447,"sh24_gantz":0.1174,"sh_yb":0.0252,"sh24_yb":0.0281,"sh_meretz":0.0269,"sh24_meretz":0.0447,"sh_raam":0.0004,"sh24_raam":0.0001,"sh_hadash":0.0008,"sh_balad":0.0002,"sh24_joint":0.0004,"sh24_yamina":0.0631,"sh24_newhope":0.0613,"sh_habait":0.0076,"sh_other":0.016,"sh24_other":0.017,"winner24":"likud"}},{"type":"Feature","geometry":{"type":"Point","coordinates":[35.0898,32.83876]},"properties":{"semel":9500,"name":"קרית ביאליק","winner":"likud","winnerShare":0.338,"turnout":0.6265,"valid":22902,"sh_likud":0.338,"sh24_likud":0.324,"sh_yesh_atid":0.2636,"sh24_yesh_atid":0.2147,"sh_shas":0.0371,"sh24_shas":0.0318,"sh_utj":0.0085,"sh24_utj":0.0081,"sh_rz":0.082,"sh24_rz":0.0151,"sh_labor":0.0292,"sh24_labor":0.0462,"sh_gantz":0.1271,"sh24_gantz":0.0863,"sh_yb":0.0701,"sh24_yb":0.0904,"sh_meretz":0.0156,"sh24_meretz":0.0236,"sh_raam":0.0002,"sh24_raam":0.0002,"sh_hadash":0.0003,"sh_balad":0.0003,"sh24_joint":0.0005,"sh24_yamina":0.0635,"sh24_newhope":0.0781,"sh_habait":0.0074,"sh_other":0.0205,"sh24_other":0.0174,"winner24":"likud"}},{"type":"Feature","geometry":{"type":"Point","coordinates":[35.07189,32.84869]},"properties":{"semel":9600,"name":"קרית ים","winner":"likud","winnerShare":0.4055,"turnout":0.5563,"valid":20276,"sh_likud":0.4055,"sh24_likud":0.4109,"sh_yesh_atid":0.1686,"sh24_yesh_atid":0.1303,"sh_shas":0.0583,"sh24_shas":0.0423,"sh_utj":0.0056,"sh24_utj":0.0034,"sh_rz":0.0904,"sh24_rz":0.0207,"sh_labor":0.017,"sh24_labor":0.0255,"sh_gantz":0.0772,"sh24_gantz":0.0452,"sh_yb":0.1459,"sh24_yb":0.1773,"sh_meretz":0.0063,"sh24_meretz":0.0092,"sh_raam":0.0005,"sh24_raam":0.0004,"sh_hadash":0.0005,"sh_balad":0,"sh24_joint":0.0003,"sh24_yamina":0.0492,"sh24_newhope":0.0671,"sh_habait":0.0048,"sh_other":0.0193,"sh24_other":0.0183,"winner24":"likud"}},{"type":"Feature","geometry":{"type":"Point","coordinates":[34.89395,32.15235]},"properties":{"semel":9700,"name":"הוד השרון","winner":"yesh_atid","winnerShare":0.4045,"turnout":0.7436,"valid":36126,"sh_likud":0.1903,"sh24_likud":0.1808,"sh_yesh_atid":0.4045,"sh24_yesh_atid":0.3041,"sh_shas":0.0239,"sh24_shas":0.0193,"sh_utj":0.0029,"sh24_utj":0.0028,"sh_rz":0.0476,"sh24_rz":0.0162,"sh_labor":0.0683,"sh24_labor":0.1123,"sh_gantz":0.1501,"sh24_gantz":0.1284,"sh_yb":0.0291,"sh24_yb":0.0335,"sh_meretz":0.0569,"sh24_meretz":0.0812,"sh_raam":0.0008,"sh24_raam":0,"sh_hadash":0.0018,"sh_balad":0.0002,"sh24_joint":0.0011,"sh24_yamina":0.0445,"sh24_newhope":0.0613,"sh_habait":0.0067,"sh_other":0.017,"sh24_other":0.0144,"winner24":"yesh_atid"}},{"type":"Feature","geometry":{"type":"Point","coordinates":[34.96309,32.52151]},"properties":{"semel":9800,"name":"בנימינהגבעת עדה","winner":"yesh_atid","winnerShare":0.3791,"turnout":0.7218,"valid":7840,"sh_likud":0.1773,"sh24_likud":0.1643,"sh_yesh_atid":0.3791,"sh24_yesh_atid":0.2597,"sh_shas":0.017,"sh24_shas":0.0156,"sh_utj":0.0014,"sh24_utj":0.0014,"sh_rz":0.0404,"sh24_rz":0.0148,"sh_labor":0.098,"sh24_labor":0.1625,"sh_gantz":0.1425,"sh24_gantz":0.1141,"sh_yb":0.0274,"sh24_yb":0.0284,"sh_meretz":0.0807,"sh24_meretz":0.1132,"sh_raam":0.0017,"sh24_raam":0.0003,"sh_hadash":0.004,"sh_balad":0.001,"sh24_joint":0.0024,"sh24_yamina":0.059,"sh24_newhope":0.0507,"sh_habait":0.0136,"sh_other":0.0159,"sh24_other":0.0137,"winner24":"yesh_atid"}}]}