{"type":"FeatureCollection","crs":{"type":"name","properties":{"name":"EPSG:4326"}},"features":[{"type":"Feature","geometry":{"type":"Polygon","coordinates":[[[34.810398,32.122921],[34.810399,32.122898],[34.810446,32.120777],[34.810487,32.119313],[34.81049,32.119189],[34.810491,32.119169],[34.810493,32.119069],[34.810502,32.118781],[34.81053,32.117778],[34.810536,32.117564],[34.810472,32.117563],[34.810438,32.117561],[34.810185,32.117549],[34.809965,32.11755],[34.809633,32.117539],[34.809233,32.117526],[34.809167,32.117503],[34.809151,32.117492],[34.809033,32.117471],[34.80893,32.117453],[34.808564,32.117387],[34.808501,32.117377],[34.80817,32.117301],[34.808096,32.117296],[34.808046,32.117292],[34.807973,32.117243],[34.807869,32.117229],[34.8073,32.117143],[34.80726,32.117178],[34.80719,32.117236],[34.807157,32.117236],[34.807155,32.117237],[34.806778,32.117325],[34.806275,32.117405],[34.8062,32.117419],[34.806019,32.117451],[34.80553,32.117531],[34.805473,32.117541],[34.805443,32.117546],[34.805364,32.117561],[34.804124,32.117767],[34.804104,32.117771],[34.804073,32.117777],[34.803998,32.117787],[34.803666,32.117843],[34.803518,32.11787],[34.80347,32.117878],[34.802466,32.118049],[34.802386,32.11806],[34.802321,32.118069],[34.801698,32.118168],[34.801615,32.118188],[34.801584,32.118195],[34.801612,32.118293],[34.801687,32.118688],[34.801736,32.118944],[34.801777,32.119162],[34.801855,32.11957],[34.801885,32.119732],[34.801914,32.119882],[34.801997,32.120323],[34.80201,32.120388],[34.802115,32.120944],[34.802124,32.12099],[34.802143,32.121103],[34.80219,32.121339],[34.802211,32.121409],[34.802216,32.121425],[34.802251,32.121542],[34.8023,32.121849],[34.80237,32.122218],[34.80238,32.122272],[34.802432,32.122544],[34.80247,32.122732],[34.802474,32.122752],[34.802513,32.122973],[34.802565,32.123262],[34.80257,32.12329],[34.802643,32.123687],[34.802655,32.123751],[34.802732,32.124167],[34.802747,32.124246],[34.802763,32.124332],[34.802813,32.124602],[34.802839,32.124677],[34.802845,32.124697],[34.802877,32.124688],[34.802956,32.124665],[34.80332,32.124609],[34.803509,32.12458],[34.803537,32.124576],[34.803888,32.124522],[34.803899,32.12452],[34.804257,32.124467],[34.804702,32.124402],[34.804783,32.124385],[34.804789,32.124383],[34.804784,32.124365],[34.804774,32.124324],[34.804736,32.124181],[34.804777,32.124216],[34.80487,32.124223],[34.805017,32.124194],[34.805267,32.12412],[34.805492,32.12404],[34.805829,32.123915],[34.80617,32.123766],[34.806328,32.123701],[34.806816,32.123479],[34.807129,32.123336],[34.807328,32.123266],[34.807449,32.123232],[34.807484,32.123223],[34.807872,32.123157],[34.807932,32.123147],[34.808496,32.123039],[34.808582,32.123026],[34.808999,32.122959],[34.809002,32.122958],[34.809093,32.122944],[34.809104,32.122937],[34.80931,32.123003],[34.809491,32.122993],[34.809495,32.122993],[34.809813,32.122975],[34.810398,32.122921]]]},"properties":{"sa":111,"name":"אזור סטטיסטי 111"}},{"type":"Feature","geometry":{"type":"Polygon","coordinates":[[[34.801584,32.118195],[34.801579,32.118178],[34.801551,32.11808],[34.801504,32.117852],[34.801477,32.117669],[34.801398,32.117129],[34.801391,32.117061],[34.801346,32.116639],[34.801326,32.116412],[34.801319,32.116064],[34.801312,32.115706],[34.801308,32.115532],[34.801318,32.115325],[34.801323,32.115209],[34.80134,32.114848],[34.80135,32.114683],[34.801393,32.114153],[34.801417,32.113857],[34.801443,32.113535],[34.801445,32.113398],[34.801327,32.113389],[34.800801,32.113341],[34.800753,32.113336],[34.79956,32.113229],[34.799258,32.113199],[34.799234,32.113196],[34.799227,32.113195],[34.799138,32.113185],[34.799133,32.113185],[34.798512,32.113125],[34.79783,32.113059],[34.797716,32.113061],[34.797696,32.113061],[34.797595,32.113063],[34.797126,32.113023],[34.797105,32.113021],[34.796865,32.113],[34.796859,32.113],[34.795988,32.112925],[34.795863,32.112915],[34.795831,32.112913],[34.795859,32.113045],[34.795889,32.113235],[34.796025,32.114098],[34.79605,32.114261],[34.796073,32.114378],[34.796078,32.114399],[34.79608,32.114408],[34.79608,32.11441],[34.796104,32.114502],[34.796217,32.115151],[34.796225,32.115193],[34.796299,32.115617],[34.796382,32.116095],[34.796399,32.116194],[34.796411,32.116265],[34.796421,32.116338],[34.796434,32.116396],[34.79648,32.116706],[34.796498,32.116823],[34.796508,32.116889],[34.796571,32.117172],[34.796589,32.117206],[34.796626,32.117276],[34.796685,32.117359],[34.796783,32.117432],[34.796922,32.117498],[34.797282,32.117587],[34.797795,32.117711],[34.797839,32.117722],[34.797853,32.117725],[34.797871,32.117729],[34.797892,32.117734],[34.798399,32.117851],[34.79885,32.11796],[34.799343,32.11808],[34.799416,32.118093],[34.799441,32.118099],[34.799484,32.118107],[34.799785,32.118201],[34.799905,32.118266],[34.799926,32.118241],[34.799935,32.118236],[34.79997,32.118216],[34.800091,32.118215],[34.800132,32.11825],[34.800164,32.118305],[34.80017,32.118326],[34.800303,32.118343],[34.800506,32.118353],[34.80056,32.118348],[34.800739,32.118332],[34.800988,32.118295],[34.801448,32.118227],[34.801584,32.118195]]]},"properties":{"sa":112,"name":"אזור סטטיסטי 112","winner":"yesh_atid","winnerShare":0.4312,"valid":4216,"turnout":0.6141,"parties":{"other":84327,"labor":480,"habait":33,"balad":33,"hadash":47,"rz":85,"gantz":500,"yb":127,"likud":379,"meretz":626,"yesh_atid":1818,"shas":9,"raam":19,"utj":14},"sh_likud":0.0899,"sh_yesh_atid":0.4312,"sh_shas":0.0021,"sh_utj":0.0033,"sh_rz":0.0202,"sh_labor":0.1139,"sh_gantz":0.1186,"sh_yb":0.0301,"sh_meretz":0.1485,"sh_raam":0.0045,"sh_hadash":0.0111,"sh_balad":0.0078,"sh_habait":0.0078,"sh_other":20.0017}},{"type":"Feature","geometry":{"type":"Polygon","coordinates":[[[34.797716,32.113061],[34.797717,32.113037],[34.797719,32.112923],[34.797821,32.112412],[34.797832,32.112359],[34.797884,32.112114],[34.797925,32.11192],[34.797931,32.11189],[34.797978,32.111656],[34.79799,32.11157],[34.797993,32.111543],[34.798007,32.111437],[34.798067,32.111124],[34.7981,32.110952],[34.798122,32.110867],[34.798156,32.110738],[34.798193,32.11057],[34.798302,32.110084],[34.798327,32.109984],[34.798333,32.109957],[34.798343,32.109908],[34.798401,32.109661],[34.798407,32.10964],[34.798423,32.109584],[34.798454,32.109384],[34.798483,32.109205],[34.798487,32.109116],[34.798488,32.109109],[34.798489,32.109092],[34.798492,32.109021],[34.798458,32.108541],[34.798454,32.108487],[34.798423,32.10829],[34.798417,32.108238],[34.798413,32.108223],[34.798374,32.108056],[34.798369,32.108024],[34.798314,32.107832],[34.798306,32.107815],[34.798291,32.107777],[34.798279,32.107747],[34.798142,32.107411],[34.798023,32.107193],[34.797789,32.106809],[34.797499,32.106457],[34.797446,32.106395],[34.797392,32.10634],[34.7973,32.106247],[34.79722,32.106178],[34.797215,32.106173],[34.796873,32.10588],[34.796758,32.105792],[34.796657,32.105715],[34.796566,32.105661],[34.79656,32.105657],[34.796328,32.105518],[34.796009,32.105358],[34.795936,32.105321],[34.795559,32.105171],[34.795525,32.105157],[34.795481,32.10514],[34.795039,32.105026],[34.794779,32.104959],[34.794632,32.104926],[34.794552,32.104921],[34.794531,32.104919],[34.794548,32.104821],[34.794546,32.104638],[34.794545,32.104534],[34.794531,32.104001],[34.794523,32.103714],[34.794512,32.103331],[34.794508,32.103128],[34.794511,32.103062],[34.794479,32.103057],[34.794138,32.102994],[34.793921,32.102951],[34.793503,32.102873],[34.793317,32.102837],[34.792914,32.102762],[34.792795,32.102746],[34.792774,32.102743],[34.792756,32.102833],[34.792719,32.103049],[34.792706,32.103111],[34.792686,32.103201],[34.79268,32.103266],[34.792674,32.103326],[34.79267,32.103344],[34.792664,32.103369],[34.792544,32.103929],[34.792526,32.104016],[34.792462,32.104316],[34.792456,32.104342],[34.792416,32.104528],[34.792393,32.104635],[34.79229,32.105178],[34.792027,32.106561],[34.791971,32.107058],[34.791933,32.107764],[34.791924,32.107941],[34.791989,32.10923],[34.791997,32.109465],[34.791998,32.109494],[34.792023,32.109775],[34.79203,32.109848],[34.792048,32.11005],[34.79206,32.110186],[34.792091,32.110358],[34.792224,32.1111],[34.792226,32.111109],[34.792245,32.11122],[34.792312,32.111603],[34.792384,32.112015],[34.792467,32.11245],[34.792494,32.11253],[34.792508,32.112581],[34.792516,32.112607],[34.79255,32.112607],[34.792664,32.112607],[34.7931,32.112638],[34.793282,32.11265],[34.793366,32.112667],[34.79341,32.112671],[34.793472,32.112677],[34.793537,32.112683],[34.793605,32.112689],[34.793815,32.11271],[34.793902,32.112718],[34.793928,32.112721],[34.794668,32.112791],[34.795032,32.112826],[34.795776,32.112908],[34.795831,32.112913],[34.795863,32.112915],[34.795988,32.112925],[34.796859,32.113],[34.796865,32.113],[34.797105,32.113021],[34.797126,32.113023],[34.797595,32.113063],[34.797696,32.113061],[34.797716,32.113061]]]},"properties":{"sa":113,"name":"אזור סטטיסטי 113","winner":"yesh_atid","winnerShare":0.3971,"valid":3080,"turnout":0.5865,"parties":{"other":56809,"labor":420,"habait":18,"hadash":47,"rz":66,"gantz":356,"yb":96,"likud":275,"meretz":478,"yesh_atid":1223,"shas":29,"utj":7,"raam":11,"balad":10},"sh_likud":0.0893,"sh_yesh_atid":0.3971,"sh_shas":0.0094,"sh_utj":0.0023,"sh_rz":0.0214,"sh_labor":0.1364,"sh_gantz":0.1156,"sh_yb":0.0312,"sh_meretz":0.1552,"sh_raam":0.0036,"sh_hadash":0.0153,"sh_balad":0.0032,"sh_habait":0.0058,"sh_other":18.4445}},{"type":"Feature","geometry":{"type":"Polygon","coordinates":[[[34.794511,32.103062],[34.794508,32.103128],[34.794512,32.103331],[34.794523,32.103714],[34.794531,32.104001],[34.794545,32.104534],[34.794546,32.104638],[34.794548,32.104821],[34.794531,32.104919],[34.794552,32.104921],[34.794632,32.104926],[34.794779,32.104959],[34.795039,32.105026],[34.795481,32.10514],[34.795525,32.105157],[34.795559,32.105171],[34.795936,32.105321],[34.796009,32.105358],[34.796328,32.105518],[34.79656,32.105657],[34.796566,32.105661],[34.796657,32.105715],[34.796758,32.105792],[34.796873,32.10588],[34.797215,32.106173],[34.79722,32.106178],[34.7973,32.106247],[34.797392,32.10634],[34.797446,32.106395],[34.797499,32.106457],[34.797789,32.106809],[34.798023,32.107193],[34.798142,32.107411],[34.798279,32.107747],[34.798291,32.107777],[34.798306,32.107815],[34.798314,32.107832],[34.798369,32.108024],[34.798374,32.108056],[34.798413,32.108223],[34.798417,32.108238],[34.798423,32.10829],[34.798454,32.108487],[34.798458,32.108541],[34.798492,32.109021],[34.798489,32.109092],[34.798488,32.109109],[34.798487,32.109116],[34.798483,32.109205],[34.798454,32.109384],[34.798423,32.109584],[34.798407,32.10964],[34.798401,32.109661],[34.798343,32.109908],[34.798333,32.109957],[34.798327,32.109984],[34.798302,32.110084],[34.798193,32.11057],[34.798156,32.110738],[34.798122,32.110867],[34.7981,32.110952],[34.798067,32.111124],[34.798007,32.111437],[34.797993,32.111543],[34.79799,32.11157],[34.797978,32.111656],[34.797931,32.11189],[34.797925,32.11192],[34.797884,32.112114],[34.797832,32.112359],[34.797821,32.112412],[34.797719,32.112923],[34.797717,32.113037],[34.797716,32.113061],[34.79783,32.113059],[34.798512,32.113125],[34.799133,32.113185],[34.799138,32.113185],[34.799227,32.113195],[34.799234,32.113196],[34.799258,32.113199],[34.79956,32.113229],[34.800753,32.113336],[34.800801,32.113341],[34.801327,32.113389],[34.801445,32.113398],[34.801445,32.113373],[34.801447,32.113242],[34.801546,32.111884],[34.80158,32.111486],[34.801582,32.111461],[34.801638,32.110807],[34.80164,32.110765],[34.801641,32.11073],[34.801651,32.110659],[34.80166,32.110456],[34.801668,32.110269],[34.801644,32.109677],[34.801591,32.1092],[34.801554,32.108965],[34.801552,32.108954],[34.801551,32.108952],[34.80154,32.108896],[34.801529,32.108846],[34.801433,32.108436],[34.801428,32.108418],[34.801342,32.108103],[34.801313,32.107997],[34.801152,32.107525],[34.801137,32.10748],[34.800999,32.107163],[34.800935,32.107016],[34.800897,32.106929],[34.800819,32.106765],[34.800811,32.106749],[34.800738,32.106598],[34.800637,32.106419],[34.800594,32.106349],[34.800593,32.106347],[34.800558,32.106288],[34.80023,32.10584],[34.80022,32.105829],[34.799806,32.105369],[34.7997,32.105269],[34.799684,32.105255],[34.799613,32.105189],[34.799522,32.105112],[34.799257,32.104893],[34.798988,32.104716],[34.798674,32.104525],[34.798466,32.104413],[34.798318,32.104333],[34.798041,32.104207],[34.797919,32.104151],[34.797896,32.104137],[34.797822,32.104095],[34.797079,32.103794],[34.796738,32.103658],[34.796465,32.103552],[34.796232,32.103461],[34.795955,32.103371],[34.795813,32.10333],[34.795523,32.103246],[34.795218,32.103176],[34.795081,32.103145],[34.79499,32.103131],[34.794957,32.103126],[34.794581,32.103067],[34.794536,32.103064],[34.794511,32.103062]]]},"properties":{"sa":114,"name":"אזור סטטיסטי 114","winner":"yesh_atid","winnerShare":0.433,"valid":4852,"turnout":0.6657,"parties":{"other":86755,"labor":420,"habait":26,"balad":14,"hadash":41,"rz":104,"gantz":643,"yb":156,"likud":608,"meretz":640,"raam":11,"yesh_atid":2101,"shas":28,"utj":9},"sh_likud":0.1253,"sh_yesh_atid":0.433,"sh_shas":0.0058,"sh_utj":0.0019,"sh_rz":0.0214,"sh_labor":0.0866,"sh_gantz":0.1325,"sh_yb":0.0322,"sh_meretz":0.1319,"sh_raam":0.0023,"sh_hadash":0.0085,"sh_balad":0.0029,"sh_habait":0.0054,"sh_other":17.8803}},{"type":"Feature","geometry":{"type":"Polygon","coordinates":[[[34.810536,32.117564],[34.810536,32.11754],[34.810548,32.117114],[34.810569,32.116498],[34.810657,32.115353],[34.810689,32.113741],[34.810699,32.113228],[34.810748,32.112768],[34.810758,32.112695],[34.810741,32.112653],[34.810596,32.112304],[34.810348,32.111827],[34.809798,32.11092],[34.809609,32.110645],[34.808477,32.108829],[34.806684,32.106147],[34.805322,32.104108],[34.805144,32.103837],[34.804542,32.102925],[34.804348,32.102639],[34.804046,32.102192],[34.804016,32.102143],[34.803781,32.102093],[34.803711,32.102079],[34.803403,32.102013],[34.803302,32.101991],[34.803192,32.101967],[34.802972,32.101922],[34.802877,32.101902],[34.802359,32.101792],[34.802246,32.101771],[34.802087,32.101742],[34.801205,32.101545],[34.801138,32.101529],[34.800782,32.101448],[34.800353,32.101352],[34.79962,32.101194],[34.799385,32.101146],[34.799003,32.101062],[34.798136,32.100873],[34.796727,32.100566],[34.795585,32.100318],[34.795583,32.100318],[34.795527,32.100307],[34.794277,32.100035],[34.793439,32.099852],[34.793417,32.099847],[34.793408,32.099899],[34.7934,32.099949],[34.793393,32.099989],[34.793308,32.100372],[34.793281,32.100495],[34.793164,32.10102],[34.792894,32.102236],[34.792872,32.102322],[34.792802,32.102642],[34.792774,32.102743],[34.792795,32.102746],[34.792914,32.102762],[34.793317,32.102837],[34.793503,32.102873],[34.793921,32.102951],[34.794138,32.102994],[34.794479,32.103057],[34.794511,32.103062],[34.794536,32.103064],[34.794581,32.103067],[34.794957,32.103126],[34.79499,32.103131],[34.795081,32.103145],[34.795218,32.103176],[34.795523,32.103246],[34.795813,32.10333],[34.795955,32.103371],[34.796232,32.103461],[34.796465,32.103552],[34.796738,32.103658],[34.797079,32.103794],[34.797822,32.104095],[34.797896,32.104137],[34.797919,32.104151],[34.798041,32.104207],[34.798318,32.104333],[34.798466,32.104413],[34.798674,32.104525],[34.798988,32.104716],[34.799257,32.104893],[34.799522,32.105112],[34.799613,32.105189],[34.799684,32.105255],[34.7997,32.105269],[34.799806,32.105369],[34.80022,32.105829],[34.80023,32.10584],[34.800558,32.106288],[34.800593,32.106347],[34.800594,32.106349],[34.800637,32.106419],[34.800738,32.106598],[34.800811,32.106749],[34.800819,32.106765],[34.800897,32.106929],[34.800935,32.107016],[34.800999,32.107163],[34.801137,32.10748],[34.801152,32.107525],[34.801313,32.107997],[34.801342,32.108103],[34.801428,32.108418],[34.801433,32.108436],[34.801529,32.108846],[34.80154,32.108896],[34.801551,32.108952],[34.801552,32.108954],[34.801554,32.108965],[34.801591,32.1092],[34.801644,32.109677],[34.801668,32.110269],[34.80166,32.110456],[34.801651,32.110659],[34.801641,32.11073],[34.80164,32.110765],[34.801638,32.110807],[34.801582,32.111461],[34.80158,32.111486],[34.801546,32.111884],[34.801447,32.113242],[34.801445,32.113373],[34.801445,32.113398],[34.801443,32.113535],[34.801417,32.113857],[34.801393,32.114153],[34.80135,32.114683],[34.80134,32.114848],[34.801323,32.115209],[34.801318,32.115325],[34.801308,32.115532],[34.801312,32.115706],[34.801319,32.116064],[34.801326,32.116412],[34.801346,32.116639],[34.801391,32.117061],[34.801398,32.117129],[34.801477,32.117669],[34.801504,32.117852],[34.801551,32.11808],[34.801579,32.118178],[34.801584,32.118195],[34.801615,32.118188],[34.801698,32.118168],[34.802321,32.118069],[34.802386,32.11806],[34.802466,32.118049],[34.80347,32.117878],[34.803518,32.11787],[34.803666,32.117843],[34.803998,32.117787],[34.804073,32.117777],[34.804104,32.117771],[34.804124,32.117767],[34.805364,32.117561],[34.805443,32.117546],[34.805473,32.117541],[34.80553,32.117531],[34.806019,32.117451],[34.8062,32.117419],[34.806275,32.117405],[34.806778,32.117325],[34.807155,32.117237],[34.807157,32.117236],[34.80719,32.117236],[34.80726,32.117178],[34.8073,32.117143],[34.807869,32.117229],[34.807973,32.117243],[34.808046,32.117292],[34.808096,32.117296],[34.80817,32.117301],[34.808501,32.117377],[34.808564,32.117387],[34.80893,32.117453],[34.809033,32.117471],[34.809151,32.117492],[34.809167,32.117503],[34.809233,32.117526],[34.809633,32.117539],[34.809965,32.11755],[34.810185,32.117549],[34.810438,32.117561],[34.810472,32.117563],[34.810536,32.117564]]]},"properties":{"sa":115,"name":"אזור סטטיסטי 115"}},{"type":"Feature","geometry":{"type":"Polygon","coordinates":[[[34.821838,32.100277],[34.82191,32.100229],[34.821982,32.100182],[34.822054,32.100134],[34.822126,32.100086],[34.822193,32.10002],[34.82226,32.099953],[34.822328,32.099887],[34.822363,32.099846],[34.822398,32.099804],[34.822451,32.099728],[34.822504,32.099653],[34.822534,32.099596],[34.822564,32.099539],[34.822594,32.099482],[34.822606,32.099416],[34.822619,32.09935],[34.822631,32.099284],[34.822633,32.09921],[34.822635,32.099136],[34.822616,32.099076],[34.822598,32.099016],[34.822579,32.098956],[34.822527,32.098885],[34.822475,32.098815],[34.822421,32.098786],[34.822389,32.098764],[34.822306,32.09872],[34.822223,32.098677],[34.822157,32.098637],[34.822092,32.098596],[34.822026,32.098555],[34.82196,32.098515],[34.821943,32.098501],[34.821894,32.098446],[34.821846,32.098391],[34.821797,32.098336],[34.821748,32.098282],[34.821702,32.098218],[34.821656,32.098155],[34.821614,32.098079],[34.821572,32.098003],[34.82153,32.097928],[34.821478,32.097852],[34.821427,32.097776],[34.821366,32.097707],[34.821306,32.097638],[34.821245,32.097569],[34.821186,32.097504],[34.821127,32.09744],[34.821068,32.097375],[34.821009,32.09731],[34.820949,32.097245],[34.820922,32.097213],[34.820906,32.097194],[34.820863,32.097142],[34.820809,32.097085],[34.820756,32.097027],[34.820702,32.09697],[34.820649,32.096912],[34.820595,32.096854],[34.820562,32.096817],[34.820529,32.096779],[34.820485,32.096736],[34.820441,32.096688],[34.820397,32.096641],[34.820351,32.096587],[34.820281,32.096528],[34.820212,32.096469],[34.820212,32.096469],[34.820146,32.096404],[34.820095,32.096361],[34.820044,32.096318],[34.819993,32.096275],[34.819968,32.096262],[34.81988,32.096227],[34.819792,32.096193],[34.819737,32.096173],[34.819681,32.096153],[34.81961,32.096135],[34.819538,32.096118],[34.819467,32.0961],[34.819403,32.0961],[34.819338,32.096099],[34.819267,32.09612],[34.819196,32.09614],[34.819132,32.096173],[34.819069,32.096205],[34.819006,32.096238],[34.818955,32.096287],[34.818918,32.096336],[34.818883,32.096409],[34.81886,32.09648],[34.818847,32.09655],[34.818849,32.096638],[34.81885,32.096726],[34.818852,32.096814],[34.818857,32.096885],[34.818862,32.096957],[34.818849,32.097007],[34.818837,32.097057],[34.81882,32.097102],[34.818804,32.097147],[34.818773,32.09721],[34.818743,32.097274],[34.818712,32.097338],[34.818684,32.0974],[34.818657,32.097463],[34.818612,32.097514],[34.818567,32.097565],[34.818504,32.097612],[34.81844,32.097659],[34.818377,32.097705],[34.81837,32.097697],[34.818299,32.09774],[34.818229,32.097783],[34.818134,32.097795],[34.818039,32.097807],[34.817944,32.097819],[34.817849,32.097831],[34.817754,32.097842],[34.81765,32.097854],[34.817546,32.097865],[34.817442,32.097876],[34.817343,32.097908],[34.817244,32.097939],[34.81716,32.097959],[34.817076,32.09798],[34.816992,32.098001],[34.816909,32.098013],[34.816827,32.098025],[34.816744,32.098038],[34.816661,32.09805],[34.816559,32.098066],[34.816456,32.098083],[34.816354,32.098099],[34.816251,32.098116],[34.816149,32.098132],[34.816046,32.098149],[34.815947,32.098154],[34.815847,32.09816],[34.815748,32.098165],[34.815728,32.098166],[34.815633,32.098165],[34.815548,32.098137],[34.815516,32.098107],[34.815482,32.098075],[34.815446,32.098031],[34.81541,32.097988],[34.815385,32.097945],[34.815366,32.097911],[34.815365,32.09791],[34.815345,32.097834],[34.815323,32.097757],[34.815302,32.09768],[34.815276,32.097604],[34.81525,32.097528],[34.815249,32.097528],[34.815229,32.097477],[34.815218,32.097447],[34.815165,32.097376],[34.815111,32.097304],[34.815062,32.097237],[34.815058,32.097233],[34.815005,32.097161],[34.814952,32.09709],[34.814899,32.097018],[34.814846,32.096947],[34.814795,32.096884],[34.814777,32.096862],[34.814728,32.096801],[34.814678,32.096739],[34.814629,32.096678],[34.814576,32.096626],[34.814523,32.096573],[34.81447,32.09652],[34.814404,32.096467],[34.814338,32.096413],[34.814272,32.096359],[34.814194,32.096313],[34.814117,32.096266],[34.81404,32.09622],[34.813962,32.096173],[34.813941,32.096161],[34.813885,32.096127],[34.813808,32.09608],[34.813719,32.096038],[34.81363,32.095996],[34.813541,32.095953],[34.813468,32.095926],[34.813395,32.095899],[34.813322,32.095872],[34.813249,32.095844],[34.813207,32.095833],[34.81313,32.095808],[34.813052,32.095783],[34.812975,32.095757],[34.812898,32.095732],[34.812837,32.095719],[34.812777,32.095707],[34.812687,32.095691],[34.812597,32.095675],[34.812507,32.09566],[34.812417,32.095644],[34.812379,32.095651],[34.812312,32.095653],[34.812246,32.095654],[34.812191,32.095668],[34.812136,32.095681],[34.81207,32.0957],[34.81207,32.095701],[34.81207,32.095701],[34.812017,32.095717],[34.812016,32.095717],[34.812016,32.095717],[34.811965,32.095732],[34.811914,32.095748],[34.811825,32.095793],[34.811756,32.095827],[34.811735,32.095838],[34.811648,32.095874],[34.811565,32.095909],[34.811561,32.09591],[34.811466,32.095942],[34.811371,32.095975],[34.811277,32.096007],[34.811182,32.096039],[34.811087,32.096072],[34.810989,32.096099],[34.810891,32.096126],[34.810793,32.096154],[34.810696,32.096181],[34.810598,32.096209],[34.8105,32.096236],[34.810401,32.096252],[34.810302,32.096269],[34.810232,32.096277],[34.81023,32.096277],[34.810166,32.096285],[34.810099,32.096293],[34.810033,32.096296],[34.809966,32.096298],[34.809883,32.096301],[34.809801,32.096305],[34.809719,32.096308],[34.809721,32.096222],[34.809724,32.096135],[34.809726,32.096049],[34.809729,32.095963],[34.809731,32.095876],[34.809734,32.09579],[34.809736,32.095704],[34.809739,32.095618],[34.809741,32.095531],[34.809744,32.095445],[34.809746,32.095372],[34.809748,32.0953],[34.80975,32.095227],[34.809752,32.095154],[34.809754,32.095082],[34.809685,32.095059],[34.809615,32.095035],[34.809552,32.095014],[34.809542,32.09501],[34.809484,32.094988],[34.809422,32.094958],[34.809345,32.094918],[34.80927,32.094871],[34.809219,32.094834],[34.809143,32.094773],[34.809107,32.094737],[34.80907,32.094702],[34.809024,32.094634],[34.808977,32.09457],[34.80893,32.094505],[34.80888,32.094449],[34.80883,32.094392],[34.808792,32.094337],[34.808769,32.09427],[34.808745,32.094202],[34.808731,32.094146],[34.808716,32.094089],[34.808706,32.094164],[34.808696,32.094239],[34.808686,32.094313],[34.808675,32.094388],[34.808574,32.094383],[34.808578,32.094324],[34.808582,32.094264],[34.808601,32.094198],[34.808619,32.094131],[34.808638,32.094064],[34.808663,32.094018],[34.808688,32.093972],[34.808688,32.09392],[34.808687,32.093868],[34.808688,32.093784],[34.808693,32.093735],[34.808697,32.093686],[34.808707,32.093617],[34.808715,32.093557],[34.808716,32.093548],[34.80874,32.093477],[34.80876,32.093419],[34.808764,32.093405],[34.808789,32.093334],[34.808791,32.093323],[34.808797,32.093292],[34.808802,32.093261],[34.808813,32.093198],[34.808824,32.093135],[34.808841,32.093064],[34.808857,32.093],[34.808874,32.092936],[34.80889,32.092872],[34.808907,32.092804],[34.808924,32.092735],[34.808943,32.092658],[34.808955,32.092616],[34.80897,32.092547],[34.808985,32.092479],[34.808997,32.092425],[34.809013,32.092366],[34.809029,32.092307],[34.809045,32.092247],[34.809056,32.092203],[34.809067,32.092159],[34.809084,32.092093],[34.809101,32.092027],[34.809121,32.091948],[34.809133,32.091901],[34.809145,32.091853],[34.809161,32.091782],[34.809177,32.091711],[34.809192,32.091652],[34.809206,32.091593],[34.80922,32.091534],[34.809237,32.091467],[34.809252,32.091396],[34.809267,32.091325],[34.809282,32.091254],[34.809298,32.091183],[34.809316,32.091125],[34.809327,32.091045],[34.809337,32.090965],[34.809326,32.090963],[34.809284,32.090956],[34.809196,32.090941],[34.809108,32.090925],[34.809007,32.090901],[34.808955,32.090881],[34.808903,32.09086],[34.80883,32.090826],[34.808757,32.090792],[34.808684,32.090757],[34.80861,32.090714],[34.808536,32.090671],[34.80851,32.090655],[34.808431,32.090609],[34.808352,32.090563],[34.808274,32.090517],[34.808195,32.090471],[34.808117,32.090426],[34.808038,32.09038],[34.807951,32.090329],[34.807863,32.090278],[34.807793,32.090237],[34.807724,32.090196],[34.807654,32.090155],[34.807584,32.090114],[34.807514,32.090073],[34.807435,32.090027],[34.807357,32.089982],[34.807278,32.089936],[34.807192,32.089885],[34.807106,32.089835],[34.807021,32.089785],[34.806991,32.089768],[34.806972,32.089765],[34.806946,32.089767],[34.806928,32.089772],[34.806911,32.089784],[34.806896,32.089803],[34.80689,32.08982],[34.806895,32.089896],[34.806903,32.089931],[34.806911,32.089992],[34.806919,32.090053],[34.806927,32.090113],[34.806938,32.090194],[34.806949,32.090275],[34.80696,32.090355],[34.80697,32.090427],[34.806979,32.090499],[34.806989,32.090571],[34.806998,32.090643],[34.807008,32.090716],[34.807016,32.090775],[34.807017,32.090782],[34.807024,32.090835],[34.807032,32.090895],[34.807039,32.090948],[34.807043,32.090975],[34.807044,32.090981],[34.807056,32.091068],[34.807067,32.091154],[34.80701,32.091163],[34.806952,32.091171],[34.806856,32.09118],[34.806759,32.09119],[34.806663,32.091199],[34.806566,32.091208],[34.806469,32.091217],[34.80647,32.091214],[34.806385,32.091211],[34.8063,32.091208],[34.806215,32.091205],[34.80613,32.091203],[34.806045,32.0912],[34.805976,32.091197],[34.805907,32.091194],[34.805905,32.091274],[34.805902,32.091353],[34.8059,32.091391],[34.805808,32.09137],[34.805717,32.091348],[34.805625,32.091327],[34.805534,32.091305],[34.805442,32.091283],[34.805351,32.091262],[34.805368,32.091216],[34.805384,32.09117],[34.805295,32.091145],[34.805206,32.09112],[34.805117,32.091094],[34.805028,32.091069],[34.805009,32.091127],[34.804913,32.091113],[34.804816,32.0911],[34.80477,32.091079],[34.804723,32.091057],[34.804648,32.091009],[34.804573,32.090961],[34.804497,32.090913],[34.804409,32.090941],[34.804321,32.090968],[34.804233,32.090996],[34.804165,32.091035],[34.804097,32.091074],[34.804034,32.091112],[34.803972,32.091149],[34.803909,32.091187],[34.803846,32.091246],[34.803783,32.091305],[34.80372,32.091364],[34.803657,32.091423],[34.803595,32.091482],[34.803532,32.091541],[34.803469,32.0916],[34.80344,32.091667],[34.803412,32.091734],[34.803383,32.091802],[34.803355,32.091869],[34.803316,32.091944],[34.803278,32.092018],[34.803243,32.092083],[34.803209,32.092147],[34.803175,32.092212],[34.803141,32.092276],[34.803103,32.092342],[34.803065,32.092408],[34.803027,32.092474],[34.802979,32.092544],[34.802932,32.092613],[34.802885,32.092683],[34.802838,32.092748],[34.802777,32.092813],[34.802715,32.092877],[34.802654,32.092941],[34.802593,32.093006],[34.802531,32.09307],[34.80247,32.093135],[34.802409,32.093199],[34.802347,32.093263],[34.802286,32.093328],[34.802227,32.093394],[34.802168,32.093352],[34.802164,32.093357],[34.802153,32.093368],[34.802273,32.093678],[34.802932,32.094494],[34.803565,32.09531],[34.804029,32.095917],[34.804419,32.096419],[34.80471,32.097067],[34.804659,32.09763],[34.804361,32.098381],[34.803648,32.098859],[34.802984,32.099232],[34.80183,32.099729],[34.800893,32.100124],[34.800597,32.1002],[34.799867,32.100175],[34.799085,32.09985],[34.79779,32.099086],[34.796683,32.098645],[34.794928,32.098064],[34.793696,32.097807],[34.793675,32.097937],[34.79367,32.09797],[34.793666,32.097997],[34.793632,32.098204],[34.793532,32.099154],[34.793502,32.09929],[34.79344,32.099711],[34.793435,32.099743],[34.793425,32.0998],[34.793417,32.099847],[34.793439,32.099852],[34.794277,32.100035],[34.795527,32.100307],[34.795583,32.100318],[34.795585,32.100318],[34.796727,32.100566],[34.798136,32.100873],[34.799003,32.101062],[34.799385,32.101146],[34.79962,32.101194],[34.800353,32.101352],[34.800782,32.101448],[34.801138,32.101529],[34.801205,32.101545],[34.802087,32.101742],[34.802246,32.101771],[34.802359,32.101792],[34.802877,32.101902],[34.802972,32.101922],[34.803192,32.101967],[34.803302,32.101991],[34.803403,32.102013],[34.803711,32.102079],[34.803781,32.102093],[34.804016,32.102143],[34.804046,32.102192],[34.804348,32.102639],[34.804542,32.102925],[34.805144,32.103837],[34.805322,32.104108],[34.806684,32.106147],[34.808477,32.108829],[34.809609,32.110645],[34.809798,32.11092],[34.810348,32.111827],[34.810596,32.112304],[34.810741,32.112653],[34.810758,32.112695],[34.810767,32.112633],[34.810824,32.112235],[34.810982,32.111566],[34.81111,32.111145],[34.811115,32.111131],[34.811279,32.110661],[34.811622,32.109909],[34.812022,32.10918],[34.8123,32.108748],[34.812638,32.10829],[34.813019,32.107821],[34.813738,32.10707],[34.813903,32.106898],[34.813915,32.106888],[34.813975,32.106837],[34.814002,32.106815],[34.814362,32.106511],[34.815134,32.105925],[34.815812,32.105493],[34.816787,32.104969],[34.817275,32.104749],[34.817809,32.104528],[34.818375,32.104322],[34.818946,32.104146],[34.819508,32.103994],[34.820141,32.10386],[34.82079,32.103751],[34.82176,32.103642],[34.822613,32.103562],[34.822765,32.103548],[34.822831,32.103543],[34.822942,32.103533],[34.822939,32.103523],[34.822916,32.103454],[34.822917,32.103453],[34.822917,32.103452],[34.822917,32.103452],[34.822942,32.1034],[34.822968,32.103347],[34.823009,32.103303],[34.823014,32.103284],[34.823041,32.103268],[34.823052,32.103256],[34.823121,32.103199],[34.82319,32.103142],[34.823263,32.103109],[34.823335,32.103076],[34.823429,32.103049],[34.823522,32.103021],[34.823609,32.103003],[34.823695,32.102986],[34.823781,32.102968],[34.823783,32.102968],[34.823807,32.102963],[34.823866,32.102951],[34.823924,32.102939],[34.824001,32.10291],[34.824077,32.102882],[34.824156,32.102845],[34.824234,32.102807],[34.824287,32.102777],[34.824339,32.102746],[34.824369,32.102704],[34.824399,32.102662],[34.8244,32.102631],[34.8244,32.10263],[34.8244,32.10263],[34.824402,32.102576],[34.824375,32.102493],[34.824319,32.102439],[34.824264,32.102385],[34.824208,32.10233],[34.824203,32.102326],[34.824179,32.102315],[34.824114,32.102286],[34.824093,32.102272],[34.824026,32.102228],[34.823977,32.102197],[34.823907,32.10216],[34.823838,32.102123],[34.823768,32.102086],[34.823701,32.102053],[34.823633,32.10202],[34.823567,32.101988],[34.823566,32.101988],[34.823502,32.101963],[34.823411,32.10194],[34.82332,32.101918],[34.823264,32.101902],[34.82321,32.101887],[34.823208,32.101887],[34.823113,32.101886],[34.823018,32.101886],[34.822923,32.101886],[34.822829,32.101886],[34.822734,32.101885],[34.822639,32.101885],[34.822544,32.101885],[34.822497,32.101879],[34.822487,32.101878],[34.82243,32.101871],[34.822343,32.101853],[34.822255,32.101834],[34.822169,32.101816],[34.822168,32.101816],[34.822167,32.101816],[34.822122,32.101801],[34.822037,32.101764],[34.821952,32.101728],[34.821867,32.101692],[34.821782,32.101655],[34.821698,32.101619],[34.821613,32.101583],[34.821552,32.101542],[34.821491,32.1015],[34.821429,32.101459],[34.821366,32.101409],[34.82132,32.101366],[34.821275,32.101324],[34.821256,32.101301],[34.821246,32.101285],[34.821219,32.101244],[34.821181,32.101186],[34.821169,32.101137],[34.821156,32.101089],[34.821151,32.101001],[34.821159,32.100939],[34.821181,32.100883],[34.82123,32.100821],[34.821279,32.100758],[34.821327,32.100696],[34.821377,32.100642],[34.821426,32.100587],[34.821475,32.100533],[34.821548,32.10048],[34.821621,32.100426],[34.821695,32.100373],[34.821766,32.100325],[34.821838,32.100277]]]},"properties":{"sa":116,"name":"אזור סטטיסטי 116"}},{"type":"Feature","geometry":{"type":"Polygon","coordinates":[[[34.810112,32.126318],[34.810124,32.12627],[34.810146,32.126185],[34.810158,32.126135],[34.810168,32.126099],[34.81018,32.12605],[34.810189,32.126014],[34.810224,32.125939],[34.810226,32.125935],[34.810259,32.125863],[34.810294,32.125788],[34.810329,32.125712],[34.810364,32.125637],[34.810398,32.125562],[34.810433,32.125486],[34.810468,32.125411],[34.8105,32.125341],[34.810503,32.125335],[34.810523,32.125335],[34.810529,32.125334],[34.81055,32.125331],[34.81055,32.125328],[34.810562,32.124816],[34.810597,32.122949],[34.810599,32.122902],[34.810581,32.122904],[34.810398,32.122921],[34.809813,32.122975],[34.809495,32.122993],[34.809491,32.122993],[34.80931,32.123003],[34.809104,32.122937],[34.809093,32.122944],[34.809002,32.122958],[34.808999,32.122959],[34.808582,32.123026],[34.808496,32.123039],[34.807932,32.123147],[34.807872,32.123157],[34.807484,32.123223],[34.807449,32.123232],[34.807328,32.123266],[34.807129,32.123336],[34.806816,32.123479],[34.806328,32.123701],[34.80617,32.123766],[34.805829,32.123915],[34.805492,32.12404],[34.805267,32.12412],[34.805017,32.124194],[34.80487,32.124223],[34.804777,32.124216],[34.804736,32.124181],[34.804774,32.124324],[34.804784,32.124365],[34.804789,32.124383],[34.804783,32.124385],[34.804702,32.124402],[34.804257,32.124467],[34.803899,32.12452],[34.803888,32.124522],[34.803537,32.124576],[34.803509,32.12458],[34.80332,32.124609],[34.802956,32.124665],[34.802877,32.124688],[34.802845,32.124697],[34.802882,32.124803],[34.802991,32.125457],[34.802992,32.125466],[34.803053,32.125836],[34.803055,32.125845],[34.803134,32.125842],[34.803299,32.125847],[34.803362,32.126152],[34.803419,32.126431],[34.803467,32.12668],[34.803489,32.126783],[34.803497,32.126824],[34.803514,32.126937],[34.803535,32.127039],[34.803537,32.127047],[34.803569,32.127258],[34.803587,32.12738],[34.803602,32.127479],[34.803604,32.127494],[34.803605,32.127498],[34.803583,32.127503],[34.803555,32.127508],[34.803653,32.128247],[34.803654,32.128257],[34.803952,32.130515],[34.803955,32.130534],[34.803958,32.130553],[34.803966,32.13061],[34.803994,32.130773],[34.804074,32.130759],[34.804172,32.130743],[34.80427,32.130727],[34.804368,32.13071],[34.804466,32.130694],[34.804563,32.130666],[34.80466,32.130638],[34.804757,32.13061],[34.804854,32.130582],[34.804951,32.130554],[34.805048,32.130526],[34.805145,32.130498],[34.805243,32.13047],[34.80534,32.130442],[34.805437,32.130414],[34.805534,32.130386],[34.805631,32.130358],[34.805728,32.13033],[34.805825,32.130303],[34.805916,32.130264],[34.806006,32.130226],[34.806097,32.130188],[34.806187,32.13015],[34.806278,32.130112],[34.806369,32.130073],[34.806459,32.130035],[34.80655,32.129997],[34.806641,32.129959],[34.806731,32.129921],[34.806822,32.129883],[34.806913,32.129844],[34.807003,32.129806],[34.807094,32.129768],[34.807185,32.12973],[34.807264,32.129678],[34.807343,32.129626],[34.807422,32.129575],[34.807502,32.129523],[34.807581,32.129471],[34.80766,32.129419],[34.807739,32.129368],[34.807819,32.129316],[34.807898,32.129264],[34.807977,32.129212],[34.808056,32.129161],[34.808136,32.129109],[34.808215,32.129057],[34.808287,32.128997],[34.808358,32.128937],[34.80843,32.128877],[34.808502,32.128816],[34.808574,32.128756],[34.808646,32.128696],[34.808717,32.128636],[34.808789,32.128576],[34.808861,32.128515],[34.808933,32.128455],[34.809004,32.128395],[34.809062,32.128322],[34.809119,32.128248],[34.809176,32.128175],[34.809234,32.128102],[34.809291,32.128028],[34.809348,32.127955],[34.809406,32.127881],[34.809463,32.127808],[34.809521,32.127735],[34.809578,32.127661],[34.809635,32.127588],[34.809693,32.127514],[34.80975,32.127441],[34.809807,32.127368],[34.809865,32.127294],[34.809886,32.127209],[34.809908,32.127124],[34.80993,32.127038],[34.809951,32.126953],[34.809973,32.126868],[34.809995,32.126782],[34.810016,32.126697],[34.810038,32.126612],[34.810059,32.126526],[34.810081,32.126441],[34.810103,32.126356],[34.810112,32.126318]]]},"properties":{"sa":121,"name":"אזור סטטיסטי 121","winner":"yesh_atid","winnerShare":0.4883,"valid":2951,"turnout":0.7083,"parties":{"other":48837,"labor":217,"habait":32,"utj":9,"hadash":9,"rz":79,"gantz":343,"yb":86,"likud":378,"meretz":303,"yesh_atid":1441,"shas":19,"balad":5,"raam":3},"sh_likud":0.1281,"sh_yesh_atid":0.4883,"sh_shas":0.0064,"sh_utj":0.003,"sh_rz":0.0268,"sh_labor":0.0735,"sh_gantz":0.1162,"sh_yb":0.0291,"sh_meretz":0.1027,"sh_raam":0.001,"sh_hadash":0.003,"sh_balad":0.0017,"sh_habait":0.0108,"sh_other":16.5493}},{"type":"Feature","geometry":{"type":"Polygon","coordinates":[[[34.803994,32.130773],[34.803966,32.13061],[34.803958,32.130553],[34.803955,32.130534],[34.803952,32.130515],[34.803654,32.128257],[34.803653,32.128247],[34.803555,32.127508],[34.803583,32.127503],[34.803605,32.127498],[34.803604,32.127494],[34.803602,32.127479],[34.803587,32.12738],[34.803569,32.127258],[34.803537,32.127047],[34.803535,32.127039],[34.803514,32.126937],[34.803497,32.126824],[34.803489,32.126783],[34.803467,32.12668],[34.803419,32.126431],[34.803362,32.126152],[34.803299,32.125847],[34.803134,32.125842],[34.803055,32.125845],[34.803053,32.125836],[34.802992,32.125466],[34.802991,32.125457],[34.802882,32.124803],[34.802845,32.124697],[34.802729,32.124714],[34.802402,32.124756],[34.802308,32.124764],[34.801985,32.124789],[34.80198,32.12479],[34.801047,32.124856],[34.800789,32.124853],[34.800753,32.124853],[34.80052,32.124872],[34.800079,32.124897],[34.799695,32.124919],[34.799099,32.124953],[34.798614,32.124981],[34.798562,32.124984],[34.798124,32.125009],[34.79807,32.125019],[34.798041,32.125025],[34.798059,32.12512],[34.798142,32.125751],[34.798145,32.125772],[34.797587,32.125856],[34.797523,32.125865],[34.797083,32.125907],[34.79693,32.125921],[34.796467,32.125984],[34.796388,32.126004],[34.796418,32.125986],[34.796401,32.125987],[34.795778,32.126013],[34.795115,32.126047],[34.795085,32.126049],[34.795105,32.126153],[34.795238,32.126866],[34.795363,32.127537],[34.795491,32.128221],[34.795551,32.128503],[34.795554,32.128519],[34.79558,32.128641],[34.795585,32.128663],[34.795589,32.128686],[34.795872,32.128675],[34.795874,32.128681],[34.79596,32.128678],[34.796063,32.128674],[34.796167,32.128671],[34.79627,32.128667],[34.796373,32.128663],[34.796476,32.128659],[34.796579,32.128655],[34.796654,32.128652],[34.796728,32.128648],[34.796803,32.128644],[34.796807,32.128649],[34.796866,32.128715],[34.796928,32.128785],[34.796991,32.128856],[34.797054,32.128927],[34.797117,32.128998],[34.79719,32.129057],[34.797264,32.129117],[34.797337,32.129177],[34.79741,32.129236],[34.797427,32.129249],[34.797484,32.129296],[34.797557,32.129356],[34.79763,32.129415],[34.797704,32.129475],[34.797777,32.129535],[34.79785,32.129594],[34.797924,32.129654],[34.798004,32.129698],[34.798085,32.129742],[34.798166,32.129787],[34.798246,32.129831],[34.798327,32.129875],[34.798407,32.12992],[34.798488,32.129964],[34.798569,32.130008],[34.798649,32.130053],[34.798742,32.130089],[34.798835,32.130125],[34.798928,32.130161],[34.799021,32.130198],[34.799114,32.130234],[34.799207,32.13027],[34.7993,32.130306],[34.799393,32.130343],[34.799487,32.130379],[34.79958,32.130415],[34.799673,32.130451],[34.799766,32.130487],[34.799859,32.130524],[34.799956,32.130544],[34.800053,32.130563],[34.800151,32.130583],[34.800248,32.130603],[34.800346,32.130623],[34.800443,32.130643],[34.80054,32.130663],[34.800638,32.130682],[34.800735,32.130702],[34.800833,32.130722],[34.800937,32.130735],[34.801041,32.130747],[34.801145,32.130759],[34.801249,32.130772],[34.801353,32.130784],[34.801458,32.130796],[34.801562,32.130809],[34.801666,32.130821],[34.801764,32.130829],[34.801863,32.130837],[34.801962,32.130845],[34.80206,32.130853],[34.802159,32.130861],[34.802258,32.130869],[34.802356,32.130877],[34.802455,32.130885],[34.802553,32.130893],[34.802652,32.130901],[34.802751,32.130909],[34.802856,32.130901],[34.802961,32.130894],[34.803066,32.130887],[34.803171,32.130879],[34.803276,32.130872],[34.803381,32.130864],[34.803486,32.130857],[34.803584,32.130841],[34.803682,32.130824],[34.80378,32.130808],[34.803878,32.130792],[34.803976,32.130775],[34.803994,32.130773]]]},"properties":{"sa":122,"name":"אזור סטטיסטי 122","winner":"yesh_atid","winnerShare":0.5054,"valid":4725,"turnout":0.71,"parties":{"other":78771,"labor":303,"habait":37,"utj":10,"rz":127,"gantz":572,"yb":118,"likud":663,"meretz":413,"yesh_atid":2388,"shas":30,"raam":3,"balad":2,"hadash":15},"sh_likud":0.1403,"sh_yesh_atid":0.5054,"sh_shas":0.0063,"sh_utj":0.0021,"sh_rz":0.0269,"sh_labor":0.0641,"sh_gantz":0.1211,"sh_yb":0.025,"sh_meretz":0.0874,"sh_raam":0.0006,"sh_hadash":0.0032,"sh_balad":0.0004,"sh_habait":0.0078,"sh_other":16.6711}},{"type":"Feature","geometry":{"type":"Polygon","coordinates":[[[34.802845,32.124697],[34.802839,32.124677],[34.802813,32.124602],[34.802763,32.124332],[34.802747,32.124246],[34.802732,32.124167],[34.802655,32.123751],[34.802643,32.123687],[34.80257,32.12329],[34.802565,32.123262],[34.802513,32.122973],[34.802474,32.122752],[34.80247,32.122732],[34.802432,32.122544],[34.80238,32.122272],[34.80237,32.122218],[34.8023,32.121849],[34.802251,32.121542],[34.802216,32.121425],[34.802103,32.121454],[34.801612,32.121532],[34.8016,32.121534],[34.801585,32.121537],[34.801407,32.121565],[34.80061,32.121692],[34.800493,32.12171],[34.800378,32.121728],[34.800365,32.121731],[34.80033,32.121737],[34.800005,32.121792],[34.79999,32.121794],[34.799865,32.121815],[34.799381,32.121897],[34.799312,32.121909],[34.798847,32.121987],[34.798311,32.122078],[34.798223,32.122093],[34.797925,32.122143],[34.797811,32.122162],[34.797577,32.122199],[34.797539,32.122209],[34.797536,32.122209],[34.797509,32.122216],[34.797502,32.122218],[34.79743,32.12223],[34.797131,32.122275],[34.796809,32.122327],[34.796532,32.122372],[34.796117,32.122439],[34.795748,32.122499],[34.795652,32.122513],[34.795448,32.122543],[34.795372,32.122554],[34.795283,32.122568],[34.795262,32.122571],[34.794598,32.122669],[34.794475,32.122703],[34.794445,32.122712],[34.794486,32.122854],[34.79465,32.123727],[34.794729,32.124141],[34.795085,32.126049],[34.795115,32.126047],[34.795778,32.126013],[34.796401,32.125987],[34.796418,32.125986],[34.796388,32.126004],[34.796467,32.125984],[34.79693,32.125921],[34.797083,32.125907],[34.797523,32.125865],[34.797587,32.125856],[34.798145,32.125772],[34.798142,32.125751],[34.798059,32.12512],[34.798041,32.125025],[34.79807,32.125019],[34.798124,32.125009],[34.798562,32.124984],[34.798614,32.124981],[34.799099,32.124953],[34.799695,32.124919],[34.800079,32.124897],[34.80052,32.124872],[34.800753,32.124853],[34.800789,32.124853],[34.801047,32.124856],[34.80198,32.12479],[34.801985,32.124789],[34.802308,32.124764],[34.802402,32.124756],[34.802729,32.124714],[34.802845,32.124697]]]},"properties":{"sa":123,"name":"אזור סטטיסטי 123"}},{"type":"Feature","geometry":{"type":"Polygon","coordinates":[[[34.802216,32.121425],[34.802211,32.121409],[34.80219,32.121339],[34.802143,32.121103],[34.802124,32.12099],[34.802115,32.120944],[34.80201,32.120388],[34.801997,32.120323],[34.801914,32.119882],[34.801885,32.119732],[34.801855,32.11957],[34.801777,32.119162],[34.801736,32.118944],[34.801687,32.118688],[34.801612,32.118293],[34.801584,32.118195],[34.801448,32.118227],[34.800988,32.118295],[34.800739,32.118332],[34.80056,32.118348],[34.800506,32.118353],[34.800303,32.118343],[34.80017,32.118326],[34.800164,32.118305],[34.800132,32.11825],[34.800091,32.118215],[34.79997,32.118216],[34.799935,32.118236],[34.799926,32.118241],[34.799905,32.118266],[34.799785,32.118201],[34.799484,32.118107],[34.799441,32.118099],[34.799416,32.118093],[34.799343,32.11808],[34.79885,32.11796],[34.798399,32.117851],[34.797892,32.117734],[34.797871,32.117729],[34.797853,32.117725],[34.797518,32.117766],[34.79715,32.117819],[34.797087,32.117828],[34.796606,32.117898],[34.796503,32.117911],[34.796241,32.117953],[34.796236,32.117954],[34.796232,32.117955],[34.795928,32.118002],[34.795618,32.11805],[34.795228,32.118111],[34.795198,32.118116],[34.795246,32.118363],[34.795248,32.118374],[34.795284,32.118558],[34.795364,32.11897],[34.795375,32.119028],[34.795434,32.119332],[34.795482,32.119569],[34.795485,32.119586],[34.795502,32.119684],[34.795508,32.119714],[34.795557,32.119966],[34.795579,32.120078],[34.7956,32.120186],[34.795617,32.120274],[34.795646,32.120424],[34.795661,32.120503],[34.795676,32.120594],[34.795713,32.120782],[34.795758,32.121003],[34.79578,32.121082],[34.795787,32.121103],[34.795388,32.121143],[34.795185,32.121163],[34.795139,32.121121],[34.795028,32.121017],[34.795021,32.121011],[34.79497,32.121018],[34.794725,32.121055],[34.794596,32.121074],[34.794164,32.121138],[34.794134,32.121142],[34.794199,32.121482],[34.794264,32.12183],[34.794335,32.122207],[34.794362,32.122347],[34.794407,32.122585],[34.79444,32.122696],[34.794445,32.122712],[34.794475,32.122703],[34.794598,32.122669],[34.795262,32.122571],[34.795283,32.122568],[34.795372,32.122554],[34.795448,32.122543],[34.795652,32.122513],[34.795748,32.122499],[34.796117,32.122439],[34.796532,32.122372],[34.796809,32.122327],[34.797131,32.122275],[34.79743,32.12223],[34.797502,32.122218],[34.797509,32.122216],[34.797536,32.122209],[34.797539,32.122209],[34.797577,32.122199],[34.797811,32.122162],[34.797925,32.122143],[34.798223,32.122093],[34.798311,32.122078],[34.798847,32.121987],[34.799312,32.121909],[34.799381,32.121897],[34.799865,32.121815],[34.79999,32.121794],[34.800005,32.121792],[34.80033,32.121737],[34.800365,32.121731],[34.800378,32.121728],[34.800493,32.12171],[34.80061,32.121692],[34.801407,32.121565],[34.801585,32.121537],[34.8016,32.121534],[34.801612,32.121532],[34.802103,32.121454],[34.802216,32.121425]]]},"properties":{"sa":124,"name":"אזור סטטיסטי 124","winner":"yesh_atid","winnerShare":0.4463,"valid":3594,"turnout":0.6667,"parties":{"other":63655,"labor":342,"habait":20,"utj":8,"balad":13,"hadash":33,"rz":81,"gantz":432,"yb":104,"likud":361,"meretz":538,"raam":12,"yesh_atid":1604,"shas":13},"sh_likud":0.1004,"sh_yesh_atid":0.4463,"sh_shas":0.0036,"sh_utj":0.0022,"sh_rz":0.0225,"sh_labor":0.0952,"sh_gantz":0.1202,"sh_yb":0.0289,"sh_meretz":0.1497,"sh_raam":0.0033,"sh_hadash":0.0092,"sh_balad":0.0036,"sh_habait":0.0056,"sh_other":17.7115}},{"type":"Feature","geometry":{"type":"Polygon","coordinates":[[[34.797853,32.117725],[34.797839,32.117722],[34.797795,32.117711],[34.797282,32.117587],[34.796922,32.117498],[34.796783,32.117432],[34.796685,32.117359],[34.796626,32.117276],[34.796589,32.117206],[34.796571,32.117172],[34.796508,32.116889],[34.796498,32.116823],[34.79648,32.116706],[34.796434,32.116396],[34.796421,32.116338],[34.796411,32.116265],[34.796399,32.116194],[34.796382,32.116095],[34.796299,32.115617],[34.796225,32.115193],[34.796217,32.115151],[34.796104,32.114502],[34.79608,32.11441],[34.79608,32.114408],[34.796078,32.114399],[34.796073,32.114378],[34.79605,32.114261],[34.796025,32.114098],[34.795889,32.113235],[34.795859,32.113045],[34.795831,32.112913],[34.795776,32.112908],[34.795032,32.112826],[34.794668,32.112791],[34.793928,32.112721],[34.793902,32.112718],[34.793815,32.11271],[34.793605,32.112689],[34.793537,32.112683],[34.793472,32.112677],[34.79341,32.112671],[34.793366,32.112667],[34.793282,32.11265],[34.7931,32.112638],[34.792664,32.112607],[34.79255,32.112607],[34.792516,32.112607],[34.792547,32.112705],[34.792561,32.112738],[34.792607,32.112996],[34.792786,32.113919],[34.792786,32.113921],[34.792844,32.114242],[34.792928,32.114706],[34.793062,32.115443],[34.793093,32.115613],[34.793182,32.116103],[34.793219,32.116306],[34.793406,32.117296],[34.793534,32.117969],[34.793645,32.118559],[34.793653,32.118598],[34.793723,32.118967],[34.793838,32.11958],[34.793839,32.119583],[34.794134,32.121142],[34.794164,32.121138],[34.794596,32.121074],[34.794725,32.121055],[34.79497,32.121018],[34.795021,32.121011],[34.795028,32.121017],[34.795139,32.121121],[34.795185,32.121163],[34.795388,32.121143],[34.795787,32.121103],[34.79578,32.121082],[34.795758,32.121003],[34.795713,32.120782],[34.795676,32.120594],[34.795661,32.120503],[34.795646,32.120424],[34.795617,32.120274],[34.7956,32.120186],[34.795579,32.120078],[34.795557,32.119966],[34.795508,32.119714],[34.795502,32.119684],[34.795485,32.119586],[34.795482,32.119569],[34.795434,32.119332],[34.795375,32.119028],[34.795364,32.11897],[34.795284,32.118558],[34.795248,32.118374],[34.795246,32.118363],[34.795198,32.118116],[34.795228,32.118111],[34.795618,32.11805],[34.795928,32.118002],[34.796232,32.117955],[34.796236,32.117954],[34.796241,32.117953],[34.796503,32.117911],[34.796606,32.117898],[34.797087,32.117828],[34.79715,32.117819],[34.797518,32.117766],[34.797853,32.117725]]]},"properties":{"sa":125,"name":"אזור סטטיסטי 125"}},{"type":"Feature","geometry":{"type":"Polygon","coordinates":[[[34.824051,32.123923],[34.824053,32.123926],[34.824069,32.12394],[34.824167,32.123791],[34.824206,32.123735],[34.824273,32.123636],[34.824284,32.123622],[34.824285,32.123622],[34.824294,32.123597],[34.824362,32.123398],[34.824486,32.122984],[34.82449,32.122973],[34.824552,32.122866],[34.824362,32.122789],[34.82363,32.122556],[34.823458,32.122495],[34.823273,32.122428],[34.82305,32.122348],[34.822876,32.122297],[34.822621,32.122223],[34.822546,32.122199],[34.8223,32.12206],[34.822271,32.122042],[34.822231,32.122016],[34.821696,32.121719],[34.821493,32.121603],[34.821208,32.121441],[34.820912,32.121272],[34.820849,32.121231],[34.820457,32.120977],[34.820188,32.120768],[34.820143,32.12073],[34.820135,32.120724],[34.818757,32.121928],[34.818554,32.122081],[34.818335,32.122242],[34.818141,32.122327],[34.817863,32.122412],[34.817712,32.122397],[34.81757,32.122257],[34.817289,32.122049],[34.817142,32.121988],[34.816915,32.121966],[34.816067,32.12198],[34.815921,32.1219],[34.815358,32.121872],[34.81525,32.121925],[34.815226,32.12201],[34.814446,32.121998],[34.814361,32.122095],[34.814386,32.122237],[34.814454,32.122724],[34.812044,32.122933],[34.8106,32.122884],[34.810581,32.122904],[34.810599,32.122902],[34.810597,32.122949],[34.810562,32.124816],[34.81055,32.125328],[34.81055,32.125331],[34.810585,32.125326],[34.810659,32.125322],[34.810709,32.125319],[34.810732,32.125318],[34.810768,32.125242],[34.810805,32.125167],[34.810841,32.125091],[34.810878,32.125015],[34.810914,32.12494],[34.81092,32.124927],[34.810957,32.124849],[34.810995,32.124771],[34.811032,32.124693],[34.811064,32.124627],[34.811096,32.124561],[34.811128,32.124494],[34.811154,32.124441],[34.81116,32.124428],[34.811162,32.124428],[34.811248,32.12442],[34.811335,32.124412],[34.811422,32.124404],[34.81151,32.124395],[34.811597,32.124387],[34.81168,32.12438],[34.811762,32.124372],[34.811845,32.124364],[34.811945,32.124355],[34.812046,32.124345],[34.812147,32.124336],[34.812248,32.124327],[34.812349,32.124317],[34.81245,32.124308],[34.81255,32.124298],[34.812605,32.124293],[34.812651,32.124289],[34.812754,32.124279],[34.812848,32.124271],[34.812875,32.124268],[34.812942,32.124262],[34.813037,32.124253],[34.813131,32.124244],[34.813225,32.124235],[34.81332,32.124227],[34.813325,32.124226],[34.81342,32.124217],[34.813514,32.124208],[34.813536,32.124206],[34.813609,32.1242],[34.813703,32.124191],[34.813797,32.124182],[34.813898,32.124173],[34.813999,32.124163],[34.81409,32.124155],[34.81418,32.124146],[34.81427,32.124138],[34.814368,32.124129],[34.814465,32.12412],[34.814562,32.124111],[34.81466,32.124101],[34.814719,32.124096],[34.814784,32.12409],[34.81485,32.124084],[34.814949,32.124075],[34.815048,32.124065],[34.815147,32.124056],[34.815246,32.124047],[34.815345,32.124038],[34.815444,32.124028],[34.815513,32.124022],[34.815609,32.124013],[34.815705,32.124004],[34.815802,32.123995],[34.815898,32.123986],[34.815994,32.123977],[34.816091,32.123968],[34.816176,32.12396],[34.816261,32.123952],[34.816365,32.123942],[34.816468,32.123933],[34.816572,32.123923],[34.816675,32.123913],[34.816744,32.123907],[34.816823,32.1239],[34.816902,32.123892],[34.816974,32.123886],[34.817046,32.123879],[34.817142,32.12387],[34.817237,32.123861],[34.817332,32.123852],[34.817428,32.123843],[34.817523,32.123834],[34.817618,32.123825],[34.817713,32.123817],[34.817809,32.123808],[34.817904,32.123799],[34.817957,32.123794],[34.818041,32.123786],[34.818094,32.123781],[34.818191,32.123771],[34.818288,32.123762],[34.818386,32.123753],[34.818461,32.123746],[34.818538,32.123738],[34.818615,32.123731],[34.818693,32.123723],[34.818745,32.123718],[34.818845,32.123709],[34.818937,32.1237],[34.819029,32.123691],[34.819074,32.123687],[34.819145,32.123683],[34.819216,32.123679],[34.819306,32.12367],[34.819364,32.123665],[34.819455,32.123656],[34.819547,32.123647],[34.819635,32.123639],[34.819723,32.12363],[34.819768,32.123626],[34.81987,32.123616],[34.819972,32.123607],[34.820074,32.123597],[34.820149,32.123587],[34.820223,32.123577],[34.82031,32.123569],[34.820397,32.123561],[34.820425,32.123558],[34.820496,32.123551],[34.820568,32.123545],[34.820673,32.123535],[34.820777,32.123525],[34.820845,32.123519],[34.820913,32.123512],[34.820986,32.123507],[34.821059,32.123502],[34.821132,32.123497],[34.821211,32.123486],[34.821303,32.123479],[34.821396,32.123471],[34.821489,32.123464],[34.821578,32.123455],[34.821667,32.123447],[34.821756,32.123438],[34.821846,32.12343],[34.821941,32.123421],[34.822036,32.123412],[34.822132,32.123403],[34.822227,32.123394],[34.822255,32.12339],[34.822339,32.123377],[34.822423,32.123371],[34.822507,32.123365],[34.822591,32.123359],[34.822675,32.123352],[34.822729,32.123347],[34.822804,32.12334],[34.822879,32.123333],[34.822977,32.123324],[34.823075,32.123315],[34.823173,32.123306],[34.823271,32.123296],[34.823369,32.123287],[34.823372,32.12329],[34.823437,32.123351],[34.823505,32.123414],[34.823573,32.123478],[34.823641,32.123542],[34.82371,32.123605],[34.823778,32.123669],[34.823846,32.123732],[34.823914,32.123796],[34.823965,32.123844],[34.823982,32.12386],[34.824051,32.123923]]]},"properties":{"sa":211,"name":"אזור סטטיסטי 211","winner":"yesh_atid","winnerShare":0.5112,"valid":2981,"turnout":0.7689,"parties":{"other":43112,"labor":218,"habait":25,"balad":4,"rz":54,"gantz":394,"yb":80,"likud":359,"meretz":267,"yesh_atid":1524,"utj":4,"raam":5,"shas":15,"hadash":3},"sh_likud":0.1204,"sh_yesh_atid":0.5112,"sh_shas":0.005,"sh_utj":0.0013,"sh_rz":0.0181,"sh_labor":0.0731,"sh_gantz":0.1322,"sh_yb":0.0268,"sh_meretz":0.0896,"sh_raam":0.0017,"sh_hadash":0.001,"sh_balad":0.0013,"sh_habait":0.0084,"sh_other":14.4623}},{"type":"Feature","geometry":{"type":"Polygon","coordinates":[[[34.820135,32.120724],[34.820046,32.120649],[34.819923,32.120547],[34.81987,32.120502],[34.819626,32.120241],[34.819554,32.120164],[34.819476,32.120086],[34.819466,32.120076],[34.819385,32.11999],[34.819379,32.119983],[34.819089,32.119584],[34.819086,32.119579],[34.81864,32.118905],[34.81861,32.11886],[34.818586,32.118825],[34.818561,32.118783],[34.818463,32.118617],[34.818377,32.118472],[34.81831,32.118378],[34.818186,32.118442],[34.817913,32.118541],[34.817896,32.118547],[34.817771,32.118583],[34.817545,32.118642],[34.816971,32.118734],[34.816752,32.118757],[34.816479,32.11877],[34.815653,32.118811],[34.815465,32.118821],[34.815418,32.118821],[34.815308,32.118826],[34.814936,32.118843],[34.813893,32.118889],[34.813766,32.11889],[34.812837,32.118937],[34.812157,32.118971],[34.812126,32.118973],[34.812026,32.118981],[34.811659,32.119013],[34.811255,32.119048],[34.811188,32.11906],[34.811034,32.119085],[34.810692,32.11915],[34.810515,32.119184],[34.81049,32.119189],[34.810487,32.119313],[34.810446,32.120777],[34.810399,32.122898],[34.810398,32.122921],[34.810581,32.122904],[34.8106,32.122884],[34.812044,32.122933],[34.814454,32.122724],[34.814386,32.122237],[34.814361,32.122095],[34.814446,32.121998],[34.815226,32.12201],[34.81525,32.121925],[34.815358,32.121872],[34.815921,32.1219],[34.816067,32.12198],[34.816915,32.121966],[34.817142,32.121988],[34.817289,32.122049],[34.81757,32.122257],[34.817712,32.122397],[34.817863,32.122412],[34.818141,32.122327],[34.818335,32.122242],[34.818554,32.122081],[34.818757,32.121928],[34.820135,32.120724]]]},"properties":{"sa":212,"name":"אזור סטטיסטי 212"}},{"type":"Feature","geometry":{"type":"Polygon","coordinates":[[[34.81831,32.118378],[34.818304,32.118369],[34.818263,32.118309],[34.818115,32.118061],[34.818073,32.117977],[34.81784,32.117481],[34.817816,32.117425],[34.817805,32.117397],[34.817536,32.116758],[34.817308,32.116123],[34.81722,32.115846],[34.81719,32.115753],[34.817157,32.115619],[34.817118,32.115457],[34.817115,32.115443],[34.817001,32.114977],[34.816955,32.114714],[34.816916,32.114491],[34.816848,32.11398],[34.816825,32.113716],[34.816815,32.113673],[34.814375,32.113753],[34.810995,32.113736],[34.810689,32.113741],[34.810657,32.115353],[34.810569,32.116498],[34.810548,32.117114],[34.810536,32.11754],[34.810536,32.117564],[34.81053,32.117778],[34.810502,32.118781],[34.810493,32.119069],[34.810491,32.119169],[34.81049,32.119189],[34.810515,32.119184],[34.810692,32.11915],[34.811034,32.119085],[34.811188,32.11906],[34.811255,32.119048],[34.811659,32.119013],[34.812026,32.118981],[34.812126,32.118973],[34.812157,32.118971],[34.812837,32.118937],[34.813766,32.11889],[34.813893,32.118889],[34.814936,32.118843],[34.815308,32.118826],[34.815418,32.118821],[34.815465,32.118821],[34.815653,32.118811],[34.816479,32.11877],[34.816752,32.118757],[34.816971,32.118734],[34.817545,32.118642],[34.817771,32.118583],[34.817896,32.118547],[34.817913,32.118541],[34.818186,32.118442],[34.81831,32.118378]]]},"properties":{"sa":213,"name":"אזור סטטיסטי 213","winner":"yesh_atid","winnerShare":0.4475,"valid":1884,"turnout":0.7286,"parties":{"other":27680,"labor":178,"habait":17,"hadash":9,"rz":46,"gantz":279,"yb":48,"likud":227,"meretz":204,"yesh_atid":843,"shas":8,"utj":3},"sh_likud":0.1205,"sh_yesh_atid":0.4475,"sh_shas":0.0042,"sh_utj":0.0016,"sh_rz":0.0244,"sh_labor":0.0945,"sh_gantz":0.1481,"sh_yb":0.0255,"sh_meretz":0.1083,"sh_hadash":0.0048,"sh_habait":0.009,"sh_other":14.6921}},{"type":"Feature","geometry":{"type":"Polygon","coordinates":[[[34.816815,32.113673],[34.816812,32.11366],[34.816791,32.113572],[34.816772,32.113327],[34.81675,32.11304],[34.816737,32.112869],[34.816732,32.112804],[34.816715,32.11258],[34.816715,32.112576],[34.816682,32.112269],[34.816674,32.112194],[34.816667,32.11212],[34.816616,32.111643],[34.816608,32.111565],[34.816573,32.111235],[34.81654,32.110999],[34.816506,32.110919],[34.816501,32.110897],[34.816477,32.110803],[34.816419,32.110611],[34.816356,32.110407],[34.816316,32.110274],[34.816251,32.110061],[34.816196,32.109913],[34.816152,32.109796],[34.81603,32.109531],[34.816018,32.109509],[34.815878,32.109242],[34.815491,32.10861],[34.815025,32.107953],[34.814918,32.107846],[34.81479,32.107718],[34.814316,32.107197],[34.814068,32.106924],[34.814005,32.106865],[34.813975,32.106837],[34.813915,32.106888],[34.813903,32.106898],[34.813738,32.10707],[34.813019,32.107821],[34.812638,32.10829],[34.8123,32.108748],[34.812022,32.10918],[34.811622,32.109909],[34.811279,32.110661],[34.811115,32.111131],[34.81111,32.111145],[34.810982,32.111566],[34.810824,32.112235],[34.810767,32.112633],[34.810758,32.112695],[34.810748,32.112768],[34.810699,32.113228],[34.810689,32.113741],[34.810995,32.113736],[34.814375,32.113753],[34.816815,32.113673]]]},"properties":{"sa":214,"name":"אזור סטטיסטי 214","winner":"yesh_atid","winnerShare":0.3831,"valid":1574,"turnout":0.7107,"parties":{"other":27850,"labor":253,"habait":7,"utj":6,"balad":7,"hadash":22,"rz":16,"gantz":157,"yb":26,"likud":116,"meretz":333,"yesh_atid":603,"shas":3,"raam":1},"sh_likud":0.0737,"sh_yesh_atid":0.3831,"sh_shas":0.0019,"sh_utj":0.0038,"sh_rz":0.0102,"sh_labor":0.1607,"sh_gantz":0.0997,"sh_yb":0.0165,"sh_meretz":0.2116,"sh_raam":0.0006,"sh_hadash":0.014,"sh_balad":0.0044,"sh_habait":0.0044,"sh_other":17.6938}},{"type":"Feature","geometry":{"type":"Polygon","coordinates":[[[34.825385,32.118804],[34.825384,32.118718],[34.825405,32.118208],[34.825409,32.118118],[34.825451,32.11712],[34.825482,32.116388],[34.825497,32.116023],[34.825495,32.115921],[34.825406,32.115917],[34.825246,32.115905],[34.82487,32.115904],[34.824476,32.115918],[34.824134,32.115955],[34.823967,32.115993],[34.823875,32.116015],[34.82378,32.116041],[34.823706,32.116061],[34.823572,32.116117],[34.823423,32.11618],[34.823023,32.116348],[34.822823,32.116432],[34.822326,32.116641],[34.822194,32.116697],[34.821908,32.116817],[34.821771,32.116875],[34.821691,32.116912],[34.821595,32.116961],[34.820322,32.117486],[34.820176,32.117547],[34.820078,32.117589],[34.82,32.117622],[34.819859,32.117684],[34.819604,32.117796],[34.819534,32.117828],[34.818936,32.118092],[34.818775,32.118163],[34.818427,32.118317],[34.818341,32.118362],[34.81831,32.118378],[34.818377,32.118472],[34.818463,32.118617],[34.818561,32.118783],[34.818586,32.118825],[34.81861,32.11886],[34.81864,32.118905],[34.819086,32.119579],[34.819089,32.119584],[34.819379,32.119983],[34.819385,32.11999],[34.819466,32.120076],[34.819476,32.120086],[34.819554,32.120164],[34.819626,32.120241],[34.81987,32.120502],[34.819923,32.120547],[34.820046,32.120649],[34.820135,32.120724],[34.820143,32.12073],[34.820188,32.120768],[34.820457,32.120977],[34.820849,32.121231],[34.820912,32.121272],[34.821208,32.121441],[34.821493,32.121603],[34.821696,32.121719],[34.822231,32.122016],[34.822271,32.122042],[34.8223,32.12206],[34.822546,32.122199],[34.822621,32.122223],[34.822876,32.122297],[34.82305,32.122348],[34.823273,32.122428],[34.823458,32.122495],[34.82363,32.122556],[34.824362,32.122789],[34.824552,32.122866],[34.82457,32.122839],[34.824584,32.122817],[34.82486,32.122119],[34.824891,32.122038],[34.824893,32.122031],[34.824929,32.121937],[34.825084,32.121517],[34.8252,32.121073],[34.825256,32.120729],[34.825288,32.120429],[34.8253,32.120206],[34.82535,32.119325],[34.825385,32.118921],[34.825385,32.118804]]]},"properties":{"sa":221,"name":"אזור סטטיסטי 221"}},{"type":"Feature","geometry":{"type":"Polygon","coordinates":[[[34.825495,32.115921],[34.825494,32.115896],[34.825493,32.115806],[34.825483,32.115508],[34.825466,32.115222],[34.825446,32.114908],[34.825412,32.114361],[34.825404,32.11423],[34.825382,32.113889],[34.825378,32.113855],[34.825372,32.113748],[34.825302,32.113075],[34.825295,32.113004],[34.825303,32.112604],[34.825319,32.112357],[34.824524,32.112345],[34.824519,32.112346],[34.82442,32.112353],[34.824393,32.112361],[34.823799,32.11237],[34.823645,32.112372],[34.82337,32.112376],[34.823287,32.112377],[34.822856,32.112386],[34.822391,32.112395],[34.822365,32.112395],[34.821906,32.112575],[34.821854,32.112596],[34.821843,32.112594],[34.82183,32.112592],[34.821738,32.112614],[34.821125,32.112856],[34.820533,32.113088],[34.820359,32.113156],[34.819994,32.113267],[34.819628,32.113351],[34.819399,32.113384],[34.819342,32.113391],[34.818759,32.113461],[34.818752,32.113462],[34.81773,32.113582],[34.817688,32.113586],[34.817217,32.113631],[34.817044,32.113648],[34.816842,32.113658],[34.816812,32.11366],[34.816815,32.113673],[34.816825,32.113716],[34.816848,32.11398],[34.816916,32.114491],[34.816955,32.114714],[34.817001,32.114977],[34.817115,32.115443],[34.817118,32.115457],[34.817157,32.115619],[34.81719,32.115753],[34.81722,32.115846],[34.817308,32.116123],[34.817536,32.116758],[34.817805,32.117397],[34.817816,32.117425],[34.81784,32.117481],[34.818073,32.117977],[34.818115,32.118061],[34.818263,32.118309],[34.818304,32.118369],[34.81831,32.118378],[34.818341,32.118362],[34.818427,32.118317],[34.818775,32.118163],[34.818936,32.118092],[34.819534,32.117828],[34.819604,32.117796],[34.819859,32.117684],[34.82,32.117622],[34.820078,32.117589],[34.820176,32.117547],[34.820322,32.117486],[34.821595,32.116961],[34.821691,32.116912],[34.821771,32.116875],[34.821908,32.116817],[34.822194,32.116697],[34.822326,32.116641],[34.822823,32.116432],[34.823023,32.116348],[34.823423,32.11618],[34.823572,32.116117],[34.823706,32.116061],[34.82378,32.116041],[34.823875,32.116015],[34.823967,32.115993],[34.824134,32.115955],[34.824476,32.115918],[34.82487,32.115904],[34.825246,32.115905],[34.825406,32.115917],[34.825495,32.115921]]]},"properties":{"sa":222,"name":"אזור סטטיסטי 222","winner":"yesh_atid","winnerShare":0.4553,"valid":4072,"turnout":0.7136,"parties":{"other":64525,"labor":370,"habait":23,"hadash":27,"rz":90,"gantz":570,"yb":113,"likud":545,"meretz":392,"yesh_atid":1854,"shas":30,"balad":3,"raam":5,"utj":1},"sh_likud":0.1338,"sh_yesh_atid":0.4553,"sh_shas":0.0074,"sh_utj":0.0002,"sh_rz":0.0221,"sh_labor":0.0909,"sh_gantz":0.14,"sh_yb":0.0278,"sh_meretz":0.0963,"sh_raam":0.0012,"sh_hadash":0.0066,"sh_balad":0.0007,"sh_habait":0.0056,"sh_other":15.846}},{"type":"Feature","geometry":{"type":"Polygon","coordinates":[[[34.825319,32.112357],[34.82532,32.112332],[34.825325,32.112233],[34.825418,32.111762],[34.825528,32.111364],[34.825566,32.111255],[34.825587,32.111195],[34.82564,32.111044],[34.825762,32.110754],[34.825846,32.110597],[34.825905,32.110486],[34.825986,32.110337],[34.826017,32.110277],[34.826261,32.109868],[34.826573,32.109303],[34.826617,32.109214],[34.826658,32.109134],[34.826905,32.108573],[34.82703,32.10825],[34.827077,32.108128],[34.827196,32.107794],[34.827282,32.10756],[34.827372,32.10734],[34.827419,32.107198],[34.827274,32.107183],[34.826573,32.107026],[34.8264,32.106983],[34.825475,32.106757],[34.825156,32.106693],[34.824869,32.106639],[34.824846,32.106634],[34.824819,32.107087],[34.824817,32.107127],[34.824772,32.107865],[34.824772,32.107889],[34.824778,32.107989],[34.824766,32.10834],[34.824764,32.10843],[34.824762,32.108522],[34.824757,32.108584],[34.824736,32.108865],[34.8247,32.109362],[34.824699,32.109365],[34.824687,32.109548],[34.82466,32.110042],[34.824659,32.110067],[34.824509,32.11006],[34.824069,32.110056],[34.823722,32.11007],[34.823543,32.110093],[34.823479,32.110098],[34.823473,32.110098],[34.823462,32.1101],[34.823442,32.110102],[34.823434,32.110083],[34.823128,32.109346],[34.822947,32.109188],[34.822539,32.108833],[34.822373,32.108755],[34.821994,32.108576],[34.821814,32.108489],[34.821526,32.108349],[34.821141,32.108163],[34.820859,32.107992],[34.820518,32.107747],[34.820487,32.107724],[34.820445,32.10771],[34.820229,32.107607],[34.819947,32.107436],[34.819278,32.107042],[34.818968,32.106875],[34.818976,32.106832],[34.8189,32.106788],[34.818872,32.106772],[34.818752,32.106702],[34.81867,32.106673],[34.817771,32.106355],[34.81738,32.106182],[34.81694,32.106293],[34.81674,32.10636],[34.816421,32.106517],[34.81627,32.106614],[34.816194,32.106679],[34.815896,32.106934],[34.815732,32.107073],[34.815701,32.107102],[34.815603,32.107191],[34.815051,32.107696],[34.81503,32.107716],[34.81494,32.10782],[34.814918,32.107846],[34.815025,32.107953],[34.815491,32.10861],[34.815878,32.109242],[34.816018,32.109509],[34.81603,32.109531],[34.816152,32.109796],[34.816196,32.109913],[34.816251,32.110061],[34.816316,32.110274],[34.816356,32.110407],[34.816419,32.110611],[34.816477,32.110803],[34.816501,32.110897],[34.816506,32.110919],[34.81654,32.110999],[34.816573,32.111235],[34.816608,32.111565],[34.816616,32.111643],[34.816667,32.11212],[34.816674,32.112194],[34.816682,32.112269],[34.816715,32.112576],[34.816715,32.11258],[34.816732,32.112804],[34.816737,32.112869],[34.81675,32.11304],[34.816772,32.113327],[34.816791,32.113572],[34.816812,32.11366],[34.816842,32.113658],[34.817044,32.113648],[34.817217,32.113631],[34.817688,32.113586],[34.81773,32.113582],[34.818752,32.113462],[34.818759,32.113461],[34.819342,32.113391],[34.819399,32.113384],[34.819628,32.113351],[34.819994,32.113267],[34.820359,32.113156],[34.820533,32.113088],[34.821125,32.112856],[34.821738,32.112614],[34.82183,32.112592],[34.821843,32.112594],[34.821854,32.112596],[34.821906,32.112575],[34.822365,32.112395],[34.822391,32.112395],[34.822856,32.112386],[34.823287,32.112377],[34.82337,32.112376],[34.823645,32.112372],[34.823799,32.11237],[34.824393,32.112361],[34.82442,32.112353],[34.824519,32.112346],[34.824524,32.112345],[34.825319,32.112357]]]},"properties":{"sa":223,"name":"אזור סטטיסטי 223","winner":"yesh_atid","winnerShare":0.3555,"valid":2824,"turnout":0.6812,"parties":{"other":42383,"labor":323,"habait":32,"utj":23,"balad":4,"hadash":23,"rz":108,"gantz":321,"yb":47,"likud":451,"meretz":384,"raam":4,"yesh_atid":1004,"shas":56},"sh_likud":0.1597,"sh_yesh_atid":0.3555,"sh_shas":0.0198,"sh_utj":0.0081,"sh_rz":0.0382,"sh_labor":0.1144,"sh_gantz":0.1137,"sh_yb":0.0166,"sh_meretz":0.136,"sh_raam":0.0014,"sh_hadash":0.0081,"sh_balad":0.0014,"sh_habait":0.0113,"sh_other":15.0081}},{"type":"Feature","geometry":{"type":"Polygon","coordinates":[[[34.827419,32.107198],[34.827427,32.107173],[34.827451,32.107099],[34.827569,32.106734],[34.827586,32.10638],[34.827645,32.105713],[34.827654,32.105634],[34.827661,32.105566],[34.827641,32.105563],[34.827551,32.10554],[34.827461,32.105516],[34.827422,32.105506],[34.827346,32.105466],[34.82727,32.105425],[34.827194,32.105385],[34.827191,32.105384],[34.827133,32.105361],[34.827074,32.105338],[34.826975,32.105317],[34.826876,32.105295],[34.826777,32.105274],[34.826677,32.105252],[34.826578,32.10523],[34.826479,32.105209],[34.82638,32.105187],[34.826281,32.105166],[34.826182,32.105144],[34.826083,32.105123],[34.825984,32.105101],[34.825885,32.10508],[34.825786,32.105058],[34.825687,32.105037],[34.825588,32.105015],[34.825489,32.104993],[34.82539,32.104972],[34.825291,32.10495],[34.825192,32.104929],[34.825149,32.104884],[34.825106,32.104838],[34.8251,32.104832],[34.825084,32.104815],[34.825084,32.104815],[34.825084,32.104815],[34.825044,32.104773],[34.824971,32.104724],[34.824897,32.104675],[34.824824,32.104626],[34.824768,32.104601],[34.824711,32.104576],[34.824711,32.104576],[34.82471,32.104576],[34.824669,32.104558],[34.824669,32.104558],[34.824593,32.104524],[34.824517,32.104491],[34.82444,32.104457],[34.824364,32.104424],[34.824269,32.104404],[34.824174,32.104384],[34.82408,32.104364],[34.824075,32.104364],[34.824,32.10433],[34.823924,32.104297],[34.823849,32.104264],[34.823773,32.104209],[34.823698,32.104155],[34.823622,32.104101],[34.823547,32.104047],[34.823471,32.103992],[34.823456,32.103984],[34.823389,32.103949],[34.823387,32.103948],[34.823311,32.103909],[34.823236,32.10387],[34.823194,32.103836],[34.823121,32.103777],[34.823049,32.103719],[34.82301,32.103667],[34.82297,32.103615],[34.822954,32.103569],[34.822942,32.103533],[34.822831,32.103543],[34.822765,32.103548],[34.822613,32.103562],[34.82176,32.103642],[34.82079,32.103751],[34.820141,32.10386],[34.819508,32.103994],[34.818946,32.104146],[34.818375,32.104322],[34.817809,32.104528],[34.817275,32.104749],[34.816787,32.104969],[34.815812,32.105493],[34.815134,32.105925],[34.814362,32.106511],[34.814002,32.106815],[34.813975,32.106837],[34.814005,32.106865],[34.814068,32.106924],[34.814316,32.107197],[34.81479,32.107718],[34.814918,32.107846],[34.81494,32.10782],[34.81503,32.107716],[34.815051,32.107696],[34.815603,32.107191],[34.815701,32.107102],[34.815732,32.107073],[34.815896,32.106934],[34.816194,32.106679],[34.81627,32.106614],[34.816421,32.106517],[34.81674,32.10636],[34.81694,32.106293],[34.81738,32.106182],[34.817771,32.106355],[34.81867,32.106673],[34.818752,32.106702],[34.818872,32.106772],[34.8189,32.106788],[34.818976,32.106832],[34.818968,32.106875],[34.819278,32.107042],[34.819947,32.107436],[34.820229,32.107607],[34.820445,32.10771],[34.820487,32.107724],[34.820518,32.107747],[34.820859,32.107992],[34.821141,32.108163],[34.821526,32.108349],[34.821814,32.108489],[34.821994,32.108576],[34.822373,32.108755],[34.822539,32.108833],[34.822947,32.109188],[34.823128,32.109346],[34.823434,32.110083],[34.823442,32.110102],[34.823462,32.1101],[34.823473,32.110098],[34.823479,32.110098],[34.823543,32.110093],[34.823722,32.11007],[34.824069,32.110056],[34.824509,32.11006],[34.824659,32.110067],[34.82466,32.110042],[34.824687,32.109548],[34.824699,32.109365],[34.8247,32.109362],[34.824736,32.108865],[34.824757,32.108584],[34.824762,32.108522],[34.824764,32.10843],[34.824766,32.10834],[34.824778,32.107989],[34.824772,32.107889],[34.824772,32.107865],[34.824817,32.107127],[34.824819,32.107087],[34.824846,32.106634],[34.824869,32.106639],[34.825156,32.106693],[34.825475,32.106757],[34.8264,32.106983],[34.826573,32.107026],[34.827274,32.107183],[34.827419,32.107198]]]},"properties":{"sa":224,"name":"אזור סטטיסטי 224","winner":"yesh_atid","winnerShare":0.3838,"valid":1777,"turnout":0.6959,"parties":{"other":28254,"labor":193,"habait":21,"utj":7,"hadash":13,"rz":67,"gantz":232,"yb":35,"likud":296,"meretz":164,"raam":2,"yesh_atid":682,"shas":41},"sh_likud":0.1666,"sh_yesh_atid":0.3838,"sh_shas":0.0231,"sh_utj":0.0039,"sh_rz":0.0377,"sh_labor":0.1086,"sh_gantz":0.1306,"sh_yb":0.0197,"sh_meretz":0.0923,"sh_raam":0.0011,"sh_hadash":0.0073,"sh_habait":0.0118,"sh_other":15.8998}},{"type":"Feature","geometry":{"type":"Polygon","coordinates":[[[34.777499,32.097833],[34.77697,32.097652],[34.77654,32.097513],[34.776412,32.097468],[34.776208,32.097397],[34.776152,32.097377],[34.775982,32.097317],[34.775928,32.097303],[34.775881,32.097292],[34.775791,32.097257],[34.775424,32.097125],[34.774975,32.096964],[34.774834,32.0969],[34.774751,32.09683],[34.77468,32.096733],[34.774626,32.096594],[34.77462,32.096567],[34.774561,32.096296],[34.774541,32.096244],[34.7738,32.096355],[34.773627,32.096381],[34.773619,32.096382],[34.773532,32.096395],[34.773218,32.096427],[34.77319,32.096412],[34.773139,32.095911],[34.773129,32.095809],[34.772954,32.095321],[34.772939,32.095283],[34.772004,32.095534],[34.773465,32.099948],[34.774473,32.101092],[34.775544,32.10375],[34.776482,32.10272],[34.776745,32.102419],[34.776913,32.102152],[34.777941,32.10052],[34.778005,32.100074],[34.777935,32.099885],[34.777442,32.09855],[34.777442,32.098542],[34.777505,32.097918],[34.777503,32.09788],[34.777499,32.097833]]]},"properties":{"sa":311,"name":"אזור סטטיסטי 311"}},{"type":"Feature","geometry":{"type":"Polygon","coordinates":[[[34.776318,32.09249],[34.775761,32.092546],[34.775516,32.09257],[34.775461,32.092575],[34.775163,32.092605],[34.775017,32.092619],[34.774928,32.092628],[34.774913,32.09263],[34.774794,32.092639],[34.774759,32.092642],[34.774501,32.092664],[34.774072,32.0927],[34.773796,32.092724],[34.77339,32.092774],[34.773356,32.092778],[34.773428,32.092965],[34.773535,32.093242],[34.773541,32.093257],[34.773104,32.09336],[34.772361,32.093569],[34.77227,32.093594],[34.772171,32.093625],[34.772004,32.093659],[34.771842,32.093668],[34.771733,32.093647],[34.771423,32.093685],[34.771361,32.093693],[34.770955,32.093741],[34.770623,32.093878],[34.770589,32.093892],[34.770557,32.093908],[34.770808,32.094291],[34.771029,32.094328],[34.771533,32.094568],[34.771866,32.095119],[34.772004,32.095534],[34.772939,32.095283],[34.772954,32.095321],[34.773129,32.095809],[34.773139,32.095911],[34.77319,32.096412],[34.773218,32.096427],[34.773532,32.096395],[34.773619,32.096382],[34.773627,32.096381],[34.7738,32.096355],[34.774541,32.096244],[34.774561,32.096296],[34.77462,32.096567],[34.774626,32.096594],[34.77468,32.096733],[34.774751,32.09683],[34.774834,32.0969],[34.774975,32.096964],[34.775424,32.097125],[34.775791,32.097257],[34.775881,32.097292],[34.775928,32.097303],[34.775927,32.097274],[34.775926,32.097216],[34.775915,32.09716],[34.77593,32.096983],[34.775955,32.096699],[34.775963,32.096652],[34.775976,32.096571],[34.776034,32.09627],[34.776095,32.096021],[34.7761,32.096001],[34.776107,32.095977],[34.776137,32.09587],[34.776192,32.095671],[34.776194,32.095663],[34.776296,32.095294],[34.77634,32.095175],[34.776374,32.095085],[34.77638,32.095067],[34.77647,32.094826],[34.776537,32.094644],[34.77657,32.09457],[34.776679,32.094328],[34.776718,32.094242],[34.776728,32.094122],[34.776717,32.094076],[34.776686,32.093949],[34.776617,32.093671],[34.776524,32.093296],[34.776488,32.093149],[34.776468,32.093075],[34.776464,32.09306],[34.776421,32.09289],[34.776402,32.092818],[34.776318,32.09249]]]},"properties":{"sa":312,"name":"אזור סטטיסטי 312","winner":"yesh_atid","winnerShare":0.3748,"valid":2009,"turnout":0.5012,"parties":{"other":42902,"labor":231,"habait":17,"utj":11,"balad":8,"hadash":18,"rz":53,"gantz":267,"yb":82,"likud":298,"meretz":218,"yesh_atid":753,"shas":16,"raam":2},"sh_likud":0.1483,"sh_yesh_atid":0.3748,"sh_shas":0.008,"sh_utj":0.0055,"sh_rz":0.0264,"sh_labor":0.115,"sh_gantz":0.1329,"sh_yb":0.0408,"sh_meretz":0.1085,"sh_raam":0.001,"sh_hadash":0.009,"sh_balad":0.004,"sh_habait":0.0085,"sh_other":21.3549}},{"type":"Feature","geometry":{"type":"Polygon","coordinates":[[[34.778965,32.09624],[34.778962,32.096234],[34.778736,32.095824],[34.778677,32.095727],[34.778509,32.095447],[34.778484,32.095406],[34.778459,32.095364],[34.778316,32.095046],[34.778339,32.095023],[34.778524,32.094831],[34.778548,32.094805],[34.778634,32.094717],[34.778664,32.094686],[34.778796,32.094549],[34.778731,32.094472],[34.778685,32.094315],[34.778632,32.094071],[34.778569,32.093781],[34.778522,32.093563],[34.778504,32.093482],[34.778456,32.093259],[34.778416,32.093072],[34.778397,32.092975],[34.778385,32.092913],[34.778324,32.092602],[34.778318,32.092571],[34.778265,32.092297],[34.777834,32.09234],[34.77757,32.092366],[34.777539,32.092369],[34.776867,32.092436],[34.776507,32.092471],[34.77635,32.092487],[34.776318,32.09249],[34.776402,32.092818],[34.776421,32.09289],[34.776464,32.09306],[34.776468,32.093075],[34.776488,32.093149],[34.776524,32.093296],[34.776617,32.093671],[34.776686,32.093949],[34.776717,32.094076],[34.776728,32.094122],[34.776718,32.094242],[34.776679,32.094328],[34.77657,32.09457],[34.776537,32.094644],[34.77647,32.094826],[34.77638,32.095067],[34.776374,32.095085],[34.77634,32.095175],[34.776296,32.095294],[34.776194,32.095663],[34.776192,32.095671],[34.776137,32.09587],[34.776107,32.095977],[34.7761,32.096001],[34.776095,32.096021],[34.776034,32.09627],[34.775976,32.096571],[34.775963,32.096652],[34.775955,32.096699],[34.77593,32.096983],[34.775915,32.09716],[34.775926,32.097216],[34.775927,32.097274],[34.775928,32.097303],[34.775982,32.097317],[34.776152,32.097377],[34.776208,32.097397],[34.776412,32.097468],[34.77654,32.097513],[34.77697,32.097652],[34.777499,32.097833],[34.777512,32.097814],[34.777515,32.097809],[34.777517,32.097807],[34.777531,32.097785],[34.777557,32.097736],[34.777765,32.097351],[34.778,32.096946],[34.778403,32.096558],[34.778411,32.096554],[34.778965,32.09624]]]},"properties":{"sa":313,"name":"אזור סטטיסטי 313","winner":"yesh_atid","winnerShare":0.4017,"valid":590,"turnout":0.4525,"parties":{"other":14102,"labor":77,"habait":2,"utj":5,"balad":1,"hadash":6,"rz":17,"gantz":83,"yb":19,"likud":52,"meretz":76,"raam":2,"yesh_atid":237,"shas":3},"sh_likud":0.0881,"sh_yesh_atid":0.4017,"sh_shas":0.0051,"sh_utj":0.0085,"sh_rz":0.0288,"sh_labor":0.1305,"sh_gantz":0.1407,"sh_yb":0.0322,"sh_meretz":0.1288,"sh_raam":0.0034,"sh_hadash":0.0102,"sh_balad":0.0017,"sh_habait":0.0034,"sh_other":23.9017}},{"type":"Feature","geometry":{"type":"Polygon","coordinates":[[[34.783468,32.09409],[34.783444,32.093989],[34.783441,32.093971],[34.78343,32.0939],[34.783399,32.093734],[34.783341,32.093421],[34.78331,32.093254],[34.783285,32.093117],[34.783239,32.092871],[34.783198,32.092665],[34.783195,32.092654],[34.78313,32.092328],[34.783105,32.092204],[34.78301,32.091736],[34.782807,32.091776],[34.782693,32.091794],[34.782223,32.09187],[34.782193,32.091875],[34.781763,32.091945],[34.7814,32.092003],[34.78135,32.092009],[34.781319,32.092013],[34.781145,32.092035],[34.780975,32.09205],[34.780833,32.092063],[34.780805,32.092065],[34.780413,32.0921],[34.780238,32.092116],[34.779428,32.092188],[34.779138,32.092214],[34.778911,32.092235],[34.7788,32.092245],[34.778748,32.09225],[34.778296,32.092294],[34.778265,32.092297],[34.778318,32.092571],[34.778324,32.092602],[34.778385,32.092913],[34.778397,32.092975],[34.778416,32.093072],[34.778456,32.093259],[34.778504,32.093482],[34.778522,32.093563],[34.778569,32.093781],[34.778632,32.094071],[34.778685,32.094315],[34.778731,32.094472],[34.778796,32.094549],[34.778664,32.094686],[34.778634,32.094717],[34.778548,32.094805],[34.778524,32.094831],[34.778339,32.095023],[34.778316,32.095046],[34.778459,32.095364],[34.778484,32.095406],[34.778509,32.095447],[34.778677,32.095727],[34.778736,32.095824],[34.778962,32.096234],[34.778965,32.09624],[34.779087,32.096171],[34.779097,32.096158],[34.779124,32.096124],[34.779132,32.096125],[34.779145,32.096126],[34.779281,32.095987],[34.779768,32.095873],[34.780471,32.095968],[34.780984,32.096085],[34.781578,32.096271],[34.782011,32.096272],[34.782633,32.09632],[34.783679,32.096367],[34.783695,32.096082],[34.783705,32.095902],[34.783721,32.095607],[34.783732,32.095417],[34.783723,32.095375],[34.783659,32.095068],[34.783616,32.094865],[34.783613,32.094846],[34.783594,32.094745],[34.783562,32.094582],[34.783522,32.094373],[34.783468,32.09409]]]},"properties":{"sa":314,"name":"אזור סטטיסטי 314","winner":"yesh_atid","winnerShare":0.3995,"valid":2378,"turnout":0.6217,"parties":{"other":41887,"labor":303,"habait":16,"utj":8,"balad":5,"hadash":25,"rz":47,"gantz":359,"yb":88,"likud":235,"meretz":299,"yesh_atid":950,"shas":11,"raam":4},"sh_likud":0.0988,"sh_yesh_atid":0.3995,"sh_shas":0.0046,"sh_utj":0.0034,"sh_rz":0.0198,"sh_labor":0.1274,"sh_gantz":0.151,"sh_yb":0.037,"sh_meretz":0.1257,"sh_raam":0.0017,"sh_hadash":0.0105,"sh_balad":0.0021,"sh_habait":0.0067,"sh_other":17.6144}},{"type":"Feature","geometry":{"type":"Polygon","coordinates":[[[34.78301,32.091736],[34.783008,32.091719],[34.782999,32.091666],[34.78298,32.091552],[34.782891,32.091032],[34.782877,32.09097],[34.782857,32.090873],[34.782849,32.090829],[34.782845,32.090811],[34.782784,32.090496],[34.782761,32.090376],[34.782701,32.090068],[34.782688,32.090001],[34.78265,32.089805],[34.782616,32.089589],[34.782596,32.089498],[34.782588,32.089458],[34.782578,32.089415],[34.782574,32.089394],[34.782514,32.089072],[34.782481,32.088898],[34.782434,32.088644],[34.782367,32.088286],[34.782339,32.088159],[34.782231,32.088175],[34.781882,32.088232],[34.781864,32.088235],[34.781514,32.088291],[34.781487,32.088295],[34.7813,32.088327],[34.781269,32.088332],[34.781103,32.088359],[34.78093,32.088386],[34.780352,32.088478],[34.780004,32.088541],[34.779773,32.088583],[34.779181,32.088689],[34.778981,32.088726],[34.778964,32.088729],[34.778404,32.088818],[34.778372,32.088823],[34.778031,32.088878],[34.777689,32.088932],[34.777659,32.088937],[34.777715,32.089237],[34.77778,32.089588],[34.777802,32.089707],[34.777829,32.089853],[34.77786,32.090068],[34.777862,32.090087],[34.777873,32.09016],[34.777904,32.090354],[34.777933,32.090533],[34.777956,32.090673],[34.777981,32.090814],[34.777988,32.090866],[34.77807,32.091281],[34.778101,32.091438],[34.778131,32.091592],[34.778174,32.09182],[34.778235,32.092139],[34.778262,32.092278],[34.778265,32.092297],[34.778296,32.092294],[34.778748,32.09225],[34.7788,32.092245],[34.778911,32.092235],[34.779138,32.092214],[34.779428,32.092188],[34.780238,32.092116],[34.780413,32.0921],[34.780805,32.092065],[34.780833,32.092063],[34.780975,32.09205],[34.781145,32.092035],[34.781319,32.092013],[34.78135,32.092009],[34.7814,32.092003],[34.781763,32.091945],[34.782193,32.091875],[34.782223,32.09187],[34.782693,32.091794],[34.782807,32.091776],[34.78301,32.091736]]]},"properties":{"sa":315,"name":"אזור סטטיסטי 315","winner":"yesh_atid","winnerShare":0.4189,"valid":2010,"turnout":0.5794,"parties":{"other":42995,"labor":222,"habait":24,"utj":6,"balad":1,"hadash":18,"rz":48,"gantz":283,"yb":69,"likud":198,"meretz":259,"raam":5,"yesh_atid":842,"shas":3},"sh_likud":0.0985,"sh_yesh_atid":0.4189,"sh_shas":0.0015,"sh_utj":0.003,"sh_rz":0.0239,"sh_labor":0.1104,"sh_gantz":0.1408,"sh_yb":0.0343,"sh_meretz":0.1289,"sh_raam":0.0025,"sh_hadash":0.009,"sh_balad":0.0005,"sh_habait":0.0119,"sh_other":21.3905}},{"type":"Feature","geometry":{"type":"Polygon","coordinates":[[[34.778265,32.092297],[34.778262,32.092278],[34.778235,32.092139],[34.778174,32.09182],[34.778131,32.091592],[34.778101,32.091438],[34.77807,32.091281],[34.777988,32.090866],[34.777981,32.090814],[34.777956,32.090673],[34.777933,32.090533],[34.777904,32.090354],[34.777873,32.09016],[34.777862,32.090087],[34.77786,32.090068],[34.777829,32.089853],[34.777802,32.089707],[34.77778,32.089588],[34.777715,32.089237],[34.777659,32.088937],[34.777302,32.088996],[34.777023,32.089042],[34.776955,32.089051],[34.776793,32.089077],[34.776406,32.089139],[34.776233,32.089166],[34.775905,32.089222],[34.775545,32.089283],[34.775513,32.089288],[34.775521,32.08932],[34.775528,32.089351],[34.775577,32.08954],[34.775611,32.089671],[34.775661,32.089862],[34.775786,32.090344],[34.775813,32.090449],[34.775822,32.090485],[34.775941,32.090973],[34.775952,32.091014],[34.776101,32.091621],[34.77612,32.091707],[34.776136,32.091774],[34.77614,32.091791],[34.776189,32.091984],[34.776213,32.092082],[34.776249,32.092225],[34.776273,32.092318],[34.776313,32.092471],[34.776318,32.09249],[34.77635,32.092487],[34.776507,32.092471],[34.776867,32.092436],[34.777539,32.092369],[34.77757,32.092366],[34.777834,32.09234],[34.778265,32.092297]]]},"properties":{"sa":316,"name":"אזור סטטיסטי 316","winner":"yesh_atid","winnerShare":0.3715,"valid":1074,"turnout":0.5657,"parties":{"other":21780,"labor":152,"habait":5,"utj":8,"balad":3,"hadash":14,"rz":28,"gantz":138,"yb":38,"likud":109,"meretz":156,"raam":2,"yesh_atid":399,"shas":7},"sh_likud":0.1015,"sh_yesh_atid":0.3715,"sh_shas":0.0065,"sh_utj":0.0074,"sh_rz":0.0261,"sh_labor":0.1415,"sh_gantz":0.1285,"sh_yb":0.0354,"sh_meretz":0.1453,"sh_raam":0.0019,"sh_hadash":0.013,"sh_balad":0.0028,"sh_habait":0.0047,"sh_other":20.2793}},{"type":"Feature","geometry":{"type":"Polygon","coordinates":[[[34.776318,32.09249],[34.776313,32.092471],[34.776273,32.092318],[34.776249,32.092225],[34.776213,32.092082],[34.776189,32.091984],[34.77614,32.091791],[34.776136,32.091774],[34.77612,32.091707],[34.776101,32.091621],[34.775952,32.091014],[34.775941,32.090973],[34.775822,32.090485],[34.775813,32.090449],[34.775786,32.090344],[34.775661,32.089862],[34.775611,32.089671],[34.775577,32.08954],[34.775528,32.089351],[34.775521,32.08932],[34.775513,32.089288],[34.775254,32.089332],[34.775204,32.089341],[34.774922,32.089393],[34.774691,32.089437],[34.774673,32.08944],[34.774434,32.089479],[34.774411,32.089483],[34.774154,32.089526],[34.773873,32.089573],[34.773841,32.089579],[34.773051,32.089712],[34.772827,32.08975],[34.772714,32.089768],[34.772322,32.089831],[34.772285,32.089837],[34.772319,32.089894],[34.772329,32.089925],[34.772779,32.091226],[34.772937,32.091654],[34.773094,32.092085],[34.7732,32.09237],[34.773263,32.092537],[34.773288,32.092606],[34.773356,32.092778],[34.77339,32.092774],[34.773796,32.092724],[34.774072,32.0927],[34.774501,32.092664],[34.774759,32.092642],[34.774794,32.092639],[34.774913,32.09263],[34.774928,32.092628],[34.775017,32.092619],[34.775163,32.092605],[34.775461,32.092575],[34.775516,32.09257],[34.775761,32.092546],[34.776318,32.09249]]]},"properties":{"sa":317,"name":"אזור סטטיסטי 317","winner":"yesh_atid","winnerShare":0.3838,"valid":6019,"turnout":0.5029,"parties":{"other":138647,"labor":685,"habait":53,"hadash":65,"rz":160,"gantz":830,"yb":223,"likud":732,"meretz":757,"yesh_atid":2310,"shas":40,"balad":14,"utj":23,"raam":14},"sh_likud":0.1216,"sh_yesh_atid":0.3838,"sh_shas":0.0066,"sh_utj":0.0038,"sh_rz":0.0266,"sh_labor":0.1138,"sh_gantz":0.1379,"sh_yb":0.037,"sh_meretz":0.1258,"sh_raam":0.0023,"sh_hadash":0.0108,"sh_balad":0.0023,"sh_habait":0.0088,"sh_other":23.0349}},{"type":"Feature","geometry":{"type":"Polygon","coordinates":[[[34.775513,32.089288],[34.775509,32.089271],[34.775355,32.088632],[34.775234,32.08813],[34.775155,32.087808],[34.775151,32.087791],[34.775118,32.087659],[34.775001,32.08718],[34.774975,32.08707],[34.774929,32.086914],[34.774549,32.087003],[34.77389,32.087159],[34.773548,32.087242],[34.773168,32.087334],[34.772869,32.087413],[34.772808,32.087429],[34.772712,32.087455],[34.772473,32.087497],[34.772402,32.08751],[34.772286,32.087515],[34.772173,32.08752],[34.771954,32.087529],[34.771914,32.087533],[34.77188,32.087537],[34.771632,32.087562],[34.771578,32.087567],[34.771496,32.087576],[34.771342,32.087615],[34.77105,32.087761],[34.771019,32.087777],[34.771019,32.087777],[34.771017,32.087778],[34.77103,32.087792],[34.771031,32.087793],[34.77108,32.087846],[34.771349,32.088201],[34.771532,32.088472],[34.771558,32.088518],[34.771777,32.088907],[34.772197,32.089656],[34.772248,32.089746],[34.772285,32.089837],[34.772322,32.089831],[34.772714,32.089768],[34.772827,32.08975],[34.773051,32.089712],[34.773841,32.089579],[34.773873,32.089573],[34.774154,32.089526],[34.774411,32.089483],[34.774434,32.089479],[34.774673,32.08944],[34.774691,32.089437],[34.774922,32.089393],[34.775204,32.089341],[34.775254,32.089332],[34.775513,32.089288]]]},"properties":{"sa":321,"name":"אזור סטטיסטי 321"}},{"type":"Feature","geometry":{"type":"Polygon","coordinates":[[[34.777659,32.088937],[34.777656,32.08892],[34.777637,32.08882],[34.777596,32.088634],[34.777537,32.088373],[34.777515,32.088271],[34.777391,32.087707],[34.777387,32.087685],[34.77729,32.087256],[34.777263,32.087134],[34.777096,32.086388],[34.77673,32.086479],[34.776375,32.086568],[34.776344,32.086575],[34.776265,32.086594],[34.775827,32.086699],[34.775779,32.08671],[34.775639,32.086744],[34.774961,32.086906],[34.774929,32.086914],[34.774975,32.08707],[34.775001,32.08718],[34.775118,32.087659],[34.775151,32.087791],[34.775155,32.087808],[34.775234,32.08813],[34.775355,32.088632],[34.775509,32.089271],[34.775513,32.089288],[34.775545,32.089283],[34.775905,32.089222],[34.776233,32.089166],[34.776406,32.089139],[34.776793,32.089077],[34.776955,32.089051],[34.777023,32.089042],[34.777302,32.088996],[34.777659,32.088937]]]},"properties":{"sa":322,"name":"אזור סטטיסטי 322"}},{"type":"Feature","geometry":{"type":"Polygon","coordinates":[[[34.782339,32.088159],[34.782335,32.088141],[34.782322,32.088078],[34.782236,32.087655],[34.782183,32.087395],[34.782182,32.087387],[34.782128,32.087119],[34.782045,32.086712],[34.782041,32.086694],[34.781951,32.086239],[34.781772,32.085341],[34.781757,32.085278],[34.781631,32.085309],[34.781474,32.085347],[34.781411,32.085363],[34.781014,32.08546],[34.780901,32.085488],[34.780568,32.085567],[34.780141,32.085668],[34.779939,32.085716],[34.779594,32.085798],[34.779471,32.085828],[34.779325,32.085863],[34.779292,32.085871],[34.778885,32.085968],[34.778594,32.086037],[34.777988,32.086182],[34.777856,32.086214],[34.777814,32.086226],[34.777783,32.086235],[34.77738,32.086325],[34.777126,32.086382],[34.777096,32.086388],[34.777263,32.087134],[34.77729,32.087256],[34.777387,32.087685],[34.777391,32.087707],[34.777515,32.088271],[34.777537,32.088373],[34.777596,32.088634],[34.777637,32.08882],[34.777656,32.08892],[34.777659,32.088937],[34.777689,32.088932],[34.778031,32.088878],[34.778372,32.088823],[34.778404,32.088818],[34.778964,32.088729],[34.778981,32.088726],[34.779181,32.088689],[34.779773,32.088583],[34.780004,32.088541],[34.780352,32.088478],[34.78093,32.088386],[34.781103,32.088359],[34.781269,32.088332],[34.7813,32.088327],[34.781487,32.088295],[34.781514,32.088291],[34.781864,32.088235],[34.781882,32.088232],[34.782231,32.088175],[34.782339,32.088159]]]},"properties":{"sa":323,"name":"אזור סטטיסטי 323"}},{"type":"Feature","geometry":{"type":"Polygon","coordinates":[[[34.781757,32.085278],[34.781753,32.085264],[34.78174,32.08521],[34.781663,32.084827],[34.781622,32.084624],[34.781586,32.084445],[34.781487,32.083951],[34.781467,32.083853],[34.781407,32.083558],[34.781349,32.083267],[34.781348,32.083261],[34.78134,32.083197],[34.781327,32.083094],[34.781309,32.082606],[34.781304,32.082471],[34.781304,32.082188],[34.781307,32.081632],[34.781293,32.081527],[34.781277,32.081404],[34.781275,32.081276],[34.781274,32.081232],[34.780055,32.081234],[34.780028,32.081234],[34.780028,32.081298],[34.780007,32.08147],[34.780005,32.081492],[34.779876,32.081494],[34.779801,32.081496],[34.779698,32.081498],[34.779567,32.081525],[34.779529,32.081536],[34.779367,32.081608],[34.779363,32.08161],[34.779138,32.081747],[34.779072,32.081791],[34.778867,32.081926],[34.778864,32.081928],[34.778704,32.082033],[34.778496,32.082171],[34.778241,32.08233],[34.778228,32.082338],[34.778151,32.082386],[34.778001,32.082459],[34.777971,32.082473],[34.778029,32.082638],[34.778134,32.082935],[34.778167,32.083019],[34.778258,32.083251],[34.778297,32.083349],[34.778403,32.083617],[34.778435,32.083697],[34.778541,32.083968],[34.778621,32.08417],[34.778689,32.084341],[34.778753,32.084505],[34.778884,32.084836],[34.778891,32.084853],[34.779032,32.085211],[34.779038,32.085225],[34.77916,32.085535],[34.779287,32.085856],[34.779292,32.085871],[34.779325,32.085863],[34.779471,32.085828],[34.779594,32.085798],[34.779939,32.085716],[34.780141,32.085668],[34.780568,32.085567],[34.780901,32.085488],[34.781014,32.08546],[34.781411,32.085363],[34.781474,32.085347],[34.781631,32.085309],[34.781757,32.085278]]]},"properties":{"sa":324,"name":"אזור סטטיסטי 324","winner":"yesh_atid","winnerShare":0.3802,"valid":2112,"turnout":0.5918,"parties":{"other":43839,"labor":284,"habait":13,"utj":10,"balad":6,"hadash":38,"rz":36,"gantz":269,"yb":81,"likud":170,"meretz":349,"yesh_atid":803,"raam":6,"shas":5},"sh_likud":0.0805,"sh_yesh_atid":0.3802,"sh_shas":0.0024,"sh_utj":0.0047,"sh_rz":0.017,"sh_labor":0.1345,"sh_gantz":0.1274,"sh_yb":0.0384,"sh_meretz":0.1652,"sh_raam":0.0028,"sh_hadash":0.018,"sh_balad":0.0028,"sh_habait":0.0062,"sh_other":20.7571}},{"type":"Feature","geometry":{"type":"Polygon","coordinates":[[[34.777096,32.086388],[34.777126,32.086382],[34.77738,32.086325],[34.777783,32.086235],[34.777814,32.086226],[34.777856,32.086214],[34.777988,32.086182],[34.778594,32.086037],[34.778885,32.085968],[34.779292,32.085871],[34.779287,32.085856],[34.77916,32.085535],[34.779038,32.085225],[34.779032,32.085211],[34.778891,32.084853],[34.778884,32.084836],[34.778753,32.084505],[34.778689,32.084341],[34.778621,32.08417],[34.778541,32.083968],[34.778435,32.083697],[34.778403,32.083617],[34.778297,32.083349],[34.778258,32.083251],[34.778167,32.083019],[34.778134,32.082935],[34.778029,32.082638],[34.777971,32.082473],[34.777937,32.08249],[34.777894,32.082511],[34.777322,32.08282],[34.776818,32.083106],[34.77678,32.083126],[34.776266,32.083405],[34.776218,32.083431],[34.776193,32.083445],[34.776143,32.083472],[34.775991,32.083557],[34.775781,32.083675],[34.775528,32.083817],[34.775494,32.083833],[34.775218,32.083966],[34.774869,32.084104],[34.774671,32.084183],[34.7744,32.084271],[34.774307,32.084292],[34.774276,32.0843],[34.774319,32.084474],[34.774377,32.084711],[34.774413,32.084855],[34.774521,32.085291],[34.774577,32.085516],[34.774601,32.085613],[34.774652,32.085818],[34.774726,32.086127],[34.774752,32.086232],[34.774835,32.086561],[34.774889,32.086777],[34.774925,32.086899],[34.774929,32.086914],[34.774961,32.086906],[34.775639,32.086744],[34.775779,32.08671],[34.775827,32.086699],[34.776265,32.086594],[34.776344,32.086575],[34.776375,32.086568],[34.77673,32.086479],[34.777096,32.086388]]]},"properties":{"sa":325,"name":"אזור סטטיסטי 325","winner":"yesh_atid","winnerShare":0.3967,"valid":6405,"turnout":0.5546,"parties":{"other":138036,"labor":809,"habait":64,"utj":19,"hadash":81,"rz":148,"gantz":861,"yb":235,"likud":615,"meretz":877,"raam":20,"yesh_atid":2541,"shas":38,"balad":5},"sh_likud":0.096,"sh_yesh_atid":0.3967,"sh_shas":0.0059,"sh_utj":0.003,"sh_rz":0.0231,"sh_labor":0.1263,"sh_gantz":0.1344,"sh_yb":0.0367,"sh_meretz":0.1369,"sh_raam":0.0031,"sh_hadash":0.0126,"sh_balad":0.0008,"sh_habait":0.01,"sh_other":21.5513}},{"type":"Feature","geometry":{"type":"Polygon","coordinates":[[[34.774929,32.086914],[34.774925,32.086899],[34.774889,32.086777],[34.774835,32.086561],[34.774752,32.086232],[34.774726,32.086127],[34.774652,32.085818],[34.774601,32.085613],[34.774577,32.085516],[34.774521,32.085291],[34.774413,32.084855],[34.774377,32.084711],[34.774319,32.084474],[34.774276,32.0843],[34.774115,32.084336],[34.773589,32.084482],[34.773578,32.084485],[34.772991,32.084647],[34.772565,32.084764],[34.772398,32.084803],[34.772303,32.084826],[34.771941,32.084933],[34.77142,32.085071],[34.7711,32.085156],[34.770376,32.085348],[34.770312,32.085364],[34.770288,32.08537],[34.770286,32.085371],[34.770286,32.085371],[34.770279,32.085428],[34.770257,32.085592],[34.770248,32.085598],[34.770235,32.085656],[34.77024,32.08575],[34.770281,32.085899],[34.770281,32.085901],[34.770295,32.085951],[34.77034,32.086047],[34.770342,32.08605],[34.770394,32.08616],[34.770424,32.086225],[34.770572,32.086445],[34.770627,32.086526],[34.770816,32.086809],[34.770957,32.087018],[34.771256,32.087465],[34.771338,32.087608],[34.771342,32.087615],[34.771496,32.087576],[34.771578,32.087567],[34.771632,32.087562],[34.77188,32.087537],[34.771914,32.087533],[34.771954,32.087529],[34.772173,32.08752],[34.772286,32.087515],[34.772402,32.08751],[34.772473,32.087497],[34.772712,32.087455],[34.772808,32.087429],[34.772869,32.087413],[34.773168,32.087334],[34.773548,32.087242],[34.77389,32.087159],[34.774549,32.087003],[34.774929,32.086914]]]},"properties":{"sa":326,"name":"אזור סטטיסטי 326","winner":"yesh_atid","winnerShare":0.3649,"valid":1658,"turnout":0.4929,"parties":{"other":36782,"labor":197,"habait":16,"utj":20,"balad":1,"hadash":12,"rz":44,"gantz":229,"yb":54,"likud":194,"meretz":226,"yesh_atid":605,"shas":19,"raam":4},"sh_likud":0.117,"sh_yesh_atid":0.3649,"sh_shas":0.0115,"sh_utj":0.0121,"sh_rz":0.0265,"sh_labor":0.1188,"sh_gantz":0.1381,"sh_yb":0.0326,"sh_meretz":0.1363,"sh_raam":0.0024,"sh_hadash":0.0072,"sh_balad":0.0006,"sh_habait":0.0097,"sh_other":22.1846}},{"type":"Feature","geometry":{"type":"Polygon","coordinates":[[[34.802164,32.093357],[34.802125,32.093318],[34.802125,32.093318],[34.802125,32.093318],[34.801822,32.093714],[34.801798,32.093745],[34.8018,32.093754],[34.801871,32.094098],[34.801421,32.094549],[34.801398,32.094572],[34.801353,32.094615],[34.801223,32.094747],[34.801404,32.095525],[34.801409,32.095545],[34.80087,32.095602],[34.800014,32.095663],[34.799885,32.095661],[34.799562,32.095656],[34.79914,32.095649],[34.799044,32.095648],[34.799036,32.095652],[34.798925,32.095662],[34.798521,32.095648],[34.798498,32.095647],[34.798502,32.095624],[34.798525,32.095463],[34.798534,32.095353],[34.798368,32.095335],[34.797804,32.09531],[34.797774,32.095308],[34.797755,32.095307],[34.797682,32.095304],[34.797317,32.09527],[34.797184,32.095258],[34.797164,32.095256],[34.797078,32.095248],[34.796924,32.095226],[34.796728,32.095199],[34.796687,32.095191],[34.796577,32.095171],[34.796556,32.095167],[34.796445,32.095147],[34.796214,32.095087],[34.796176,32.095077],[34.796101,32.095058],[34.796068,32.09505],[34.795697,32.094954],[34.795335,32.094822],[34.795316,32.094815],[34.795314,32.094815],[34.795228,32.094784],[34.794881,32.094664],[34.794495,32.094531],[34.794476,32.094525],[34.794454,32.094609],[34.794393,32.094865],[34.794338,32.095094],[34.794293,32.095284],[34.794244,32.095499],[34.794243,32.095503],[34.794196,32.095708],[34.794179,32.095782],[34.794178,32.095785],[34.794092,32.096148],[34.794084,32.09618],[34.794025,32.096431],[34.79393,32.096792],[34.793877,32.096993],[34.793852,32.09709],[34.793841,32.097134],[34.793795,32.097308],[34.793743,32.097569],[34.793735,32.097609],[34.793701,32.097778],[34.793697,32.097802],[34.793696,32.097807],[34.794928,32.098064],[34.796683,32.098645],[34.79779,32.099086],[34.799085,32.09985],[34.799867,32.100175],[34.800597,32.1002],[34.800893,32.100124],[34.80183,32.099729],[34.802984,32.099232],[34.803648,32.098859],[34.804361,32.098381],[34.804659,32.09763],[34.80471,32.097067],[34.804419,32.096419],[34.804029,32.095917],[34.803565,32.09531],[34.802932,32.094494],[34.802273,32.093678],[34.802153,32.093368],[34.802164,32.093357]]]},"properties":{"sa":411,"name":"אזור סטטיסטי 411","winner":"yesh_atid","winnerShare":0.4398,"valid":2085,"turnout":0.6826,"parties":{"other":35603,"labor":206,"habait":28,"utj":7,"balad":5,"hadash":8,"rz":58,"gantz":268,"yb":53,"likud":233,"meretz":261,"raam":5,"yesh_atid":917,"shas":13},"sh_likud":0.1118,"sh_yesh_atid":0.4398,"sh_shas":0.0062,"sh_utj":0.0034,"sh_rz":0.0278,"sh_labor":0.0988,"sh_gantz":0.1285,"sh_yb":0.0254,"sh_meretz":0.1252,"sh_raam":0.0024,"sh_hadash":0.0038,"sh_balad":0.0024,"sh_habait":0.0134,"sh_other":17.0758}},{"type":"Feature","geometry":{"type":"Polygon","coordinates":[[[34.799036,32.095652],[34.799044,32.095648],[34.79914,32.095649],[34.799562,32.095656],[34.799885,32.095661],[34.800014,32.095663],[34.80087,32.095602],[34.801409,32.095545],[34.801404,32.095525],[34.801223,32.094747],[34.801353,32.094615],[34.801398,32.094572],[34.801421,32.094549],[34.801871,32.094098],[34.8018,32.093754],[34.801798,32.093745],[34.801822,32.093714],[34.802125,32.093318],[34.802125,32.093318],[34.802125,32.093318],[34.802116,32.093308],[34.802116,32.093309],[34.802115,32.093309],[34.80211,32.093302],[34.802079,32.093264],[34.802042,32.093219],[34.801985,32.093147],[34.80193,32.093081],[34.801876,32.093014],[34.801822,32.092947],[34.801799,32.092918],[34.801791,32.092869],[34.801782,32.092819],[34.801769,32.092744],[34.801756,32.092669],[34.801744,32.092594],[34.801731,32.092518],[34.801716,32.092435],[34.801701,32.092351],[34.801686,32.092267],[34.801673,32.092193],[34.80166,32.092119],[34.80165,32.092063],[34.80164,32.092007],[34.801626,32.091929],[34.801612,32.09185],[34.801598,32.091771],[34.80159,32.091726],[34.801582,32.09168],[34.801567,32.091599],[34.801553,32.091519],[34.801539,32.091438],[34.801524,32.091358],[34.801512,32.091287],[34.801505,32.091249],[34.801499,32.091217],[34.801485,32.091134],[34.80147,32.091052],[34.801456,32.09097],[34.801443,32.090895],[34.80143,32.09082],[34.801418,32.090744],[34.801405,32.090669],[34.801391,32.090581],[34.801377,32.090492],[34.801364,32.090404],[34.80135,32.090316],[34.801336,32.090228],[34.801322,32.09014],[34.801304,32.090053],[34.801285,32.089967],[34.801267,32.08988],[34.801248,32.089793],[34.80123,32.089707],[34.801221,32.089644],[34.801215,32.089597],[34.801146,32.08963],[34.800786,32.089787],[34.800776,32.089791],[34.800735,32.089807],[34.800691,32.089824],[34.800549,32.089879],[34.800492,32.0899],[34.80031,32.089971],[34.800249,32.089994],[34.800109,32.090049],[34.79992,32.090122],[34.799816,32.090163],[34.799588,32.09023],[34.799556,32.090237],[34.799203,32.090351],[34.798375,32.090675],[34.798235,32.090747],[34.79822,32.090755],[34.798165,32.090783],[34.797875,32.09091],[34.797495,32.091043],[34.797306,32.091095],[34.79724,32.091107],[34.79659,32.091219],[34.796464,32.091235],[34.796276,32.091257],[34.796153,32.091272],[34.795873,32.091277],[34.795703,32.091282],[34.795342,32.091278],[34.795274,32.091271],[34.795252,32.091269],[34.795236,32.09136],[34.795194,32.091527],[34.795154,32.091689],[34.7951,32.0919],[34.795049,32.092117],[34.794962,32.092485],[34.794953,32.092523],[34.794847,32.092969],[34.794828,32.093052],[34.794763,32.093324],[34.794728,32.093474],[34.794683,32.093664],[34.794646,32.093822],[34.794552,32.094216],[34.794511,32.09439],[34.794476,32.094525],[34.794495,32.094531],[34.794881,32.094664],[34.795228,32.094784],[34.795314,32.094815],[34.795316,32.094815],[34.795335,32.094822],[34.795697,32.094954],[34.796068,32.09505],[34.796101,32.095058],[34.796176,32.095077],[34.796214,32.095087],[34.796445,32.095147],[34.796556,32.095167],[34.796577,32.095171],[34.796687,32.095191],[34.796728,32.095199],[34.796924,32.095226],[34.797078,32.095248],[34.797164,32.095256],[34.797184,32.095258],[34.797317,32.09527],[34.797682,32.095304],[34.797755,32.095307],[34.797774,32.095308],[34.797804,32.09531],[34.798368,32.095335],[34.798534,32.095353],[34.798525,32.095463],[34.798502,32.095624],[34.798498,32.095647],[34.798521,32.095648],[34.798925,32.095662],[34.799036,32.095652]]]},"properties":{"sa":412,"name":"אזור סטטיסטי 412"}},{"type":"Feature","geometry":{"type":"Polygon","coordinates":[[[34.794476,32.094525],[34.794511,32.09439],[34.794552,32.094216],[34.794646,32.093822],[34.794683,32.093664],[34.794728,32.093474],[34.794763,32.093324],[34.794828,32.093052],[34.794847,32.092969],[34.794953,32.092523],[34.794962,32.092485],[34.795049,32.092117],[34.7951,32.0919],[34.795154,32.091689],[34.795194,32.091527],[34.795236,32.09136],[34.795252,32.091269],[34.795085,32.091258],[34.794901,32.091246],[34.794714,32.091244],[34.794504,32.091241],[34.794161,32.091236],[34.794071,32.091235],[34.793863,32.091232],[34.793762,32.091231],[34.793505,32.091228],[34.793389,32.091226],[34.793364,32.091226],[34.793222,32.091224],[34.793126,32.091217],[34.79281,32.091196],[34.792036,32.091144],[34.791961,32.09114],[34.791905,32.091136],[34.791792,32.091132],[34.791733,32.091128],[34.791265,32.091083],[34.791258,32.091082],[34.79123,32.091077],[34.790741,32.091042],[34.790614,32.091039],[34.790588,32.091038],[34.790586,32.091189],[34.790571,32.091658],[34.79057,32.09168],[34.790564,32.091882],[34.790555,32.09216],[34.790543,32.092537],[34.790543,32.092559],[34.790537,32.092748],[34.790518,32.093364],[34.790512,32.093549],[34.790507,32.093704],[34.790508,32.0938],[34.790509,32.093824],[34.79051,32.093953],[34.790504,32.094104],[34.790486,32.094489],[34.790471,32.09482],[34.79047,32.094915],[34.790464,32.095009],[34.790448,32.095348],[34.790447,32.095375],[34.790437,32.095665],[34.790433,32.09579],[34.790425,32.095999],[34.790423,32.096042],[34.790421,32.096069],[34.7904,32.096727],[34.7904,32.096729],[34.7904,32.096736],[34.790387,32.097072],[34.790386,32.097095],[34.791416,32.09727],[34.793226,32.097644],[34.793697,32.097802],[34.793701,32.097778],[34.793735,32.097609],[34.793743,32.097569],[34.793795,32.097308],[34.793841,32.097134],[34.793852,32.09709],[34.793877,32.096993],[34.79393,32.096792],[34.794025,32.096431],[34.794084,32.09618],[34.794092,32.096148],[34.794178,32.095785],[34.794179,32.095782],[34.794196,32.095708],[34.794243,32.095503],[34.794244,32.095499],[34.794293,32.095284],[34.794338,32.095094],[34.794393,32.094865],[34.794454,32.094609],[34.794476,32.094525]]]},"properties":{"sa":421,"name":"אזור סטטיסטי 421","winner":"yesh_atid","winnerShare":0.408,"valid":2289,"turnout":0.6452,"parties":{"other":42909,"labor":300,"habait":18,"utj":9,"hadash":25,"rz":67,"gantz":284,"yb":74,"likud":215,"meretz":306,"raam":3,"yesh_atid":934,"shas":15,"balad":4},"sh_likud":0.0939,"sh_yesh_atid":0.408,"sh_shas":0.0066,"sh_utj":0.0039,"sh_rz":0.0293,"sh_labor":0.1311,"sh_gantz":0.1241,"sh_yb":0.0323,"sh_meretz":0.1337,"sh_raam":0.0013,"sh_hadash":0.0109,"sh_balad":0.0017,"sh_habait":0.0079,"sh_other":18.7457}},{"type":"Feature","geometry":{"type":"Polygon","coordinates":[[[34.790509,32.093824],[34.790093,32.093808],[34.789934,32.093805],[34.789544,32.0938],[34.789136,32.093794],[34.789081,32.093793],[34.788751,32.093788],[34.788584,32.093786],[34.788557,32.093785],[34.788415,32.093784],[34.788002,32.093773],[34.78787,32.09377],[34.787222,32.09377],[34.787195,32.09377],[34.786417,32.09376],[34.78608,32.093764],[34.785889,32.093766],[34.785759,32.093773],[34.785584,32.093785],[34.785335,32.093814],[34.785165,32.093834],[34.784999,32.093866],[34.784557,32.093925],[34.784217,32.09397],[34.78415,32.093979],[34.783498,32.094085],[34.783468,32.09409],[34.783522,32.094373],[34.783562,32.094582],[34.783594,32.094745],[34.783613,32.094846],[34.783616,32.094865],[34.783659,32.095068],[34.783723,32.095375],[34.783732,32.095417],[34.783721,32.095607],[34.783705,32.095902],[34.783695,32.096082],[34.783679,32.096367],[34.786499,32.096494],[34.790038,32.097035],[34.790386,32.097095],[34.790387,32.097072],[34.7904,32.096736],[34.7904,32.096729],[34.7904,32.096727],[34.790421,32.096069],[34.790423,32.096042],[34.790425,32.095999],[34.790433,32.09579],[34.790437,32.095665],[34.790447,32.095375],[34.790448,32.095348],[34.790464,32.095009],[34.79047,32.094915],[34.790471,32.09482],[34.790486,32.094489],[34.790504,32.094104],[34.79051,32.093953],[34.790509,32.093824]]]},"properties":{"sa":422,"name":"אזור סטטיסטי 422","winner":"yesh_atid","winnerShare":0.4115,"valid":1040,"turnout":0.635,"parties":{"other":21169,"labor":120,"habait":12,"utj":3,"balad":1,"hadash":15,"rz":20,"gantz":123,"yb":39,"likud":85,"meretz":170,"yesh_atid":428,"raam":1,"shas":1},"sh_likud":0.0817,"sh_yesh_atid":0.4115,"sh_shas":0.001,"sh_utj":0.0029,"sh_rz":0.0192,"sh_labor":0.1154,"sh_gantz":0.1183,"sh_yb":0.0375,"sh_meretz":0.1635,"sh_raam":0.001,"sh_hadash":0.0144,"sh_balad":0.001,"sh_habait":0.0115,"sh_other":20.3548}},{"type":"Feature","geometry":{"type":"Polygon","coordinates":[[[34.790509,32.093824],[34.790508,32.0938],[34.790507,32.093704],[34.790512,32.093549],[34.790518,32.093364],[34.790537,32.092748],[34.790543,32.092559],[34.790543,32.092537],[34.790555,32.09216],[34.790564,32.091882],[34.79057,32.09168],[34.790571,32.091658],[34.790586,32.091189],[34.790588,32.091038],[34.790462,32.091035],[34.790256,32.091028],[34.79005,32.091021],[34.789688,32.091008],[34.789596,32.091005],[34.789289,32.090995],[34.789137,32.09099],[34.788707,32.090975],[34.78858,32.09097],[34.788093,32.090954],[34.788076,32.090953],[34.787964,32.090951],[34.787937,32.09095],[34.78782,32.090952],[34.787183,32.09094],[34.787114,32.09094],[34.787087,32.09094],[34.786971,32.090939],[34.786686,32.090932],[34.786576,32.09093],[34.786525,32.090928],[34.786135,32.090924],[34.785472,32.090916],[34.785458,32.090916],[34.785145,32.090913],[34.785119,32.090912],[34.784491,32.090905],[34.78429,32.090902],[34.78383,32.090897],[34.783657,32.090905],[34.78353,32.090912],[34.783326,32.090922],[34.782989,32.09096],[34.782908,32.090967],[34.782877,32.09097],[34.782891,32.091032],[34.78298,32.091552],[34.782999,32.091666],[34.783008,32.091719],[34.78301,32.091736],[34.783105,32.092204],[34.78313,32.092328],[34.783195,32.092654],[34.783198,32.092665],[34.783239,32.092871],[34.783285,32.093117],[34.78331,32.093254],[34.783341,32.093421],[34.783399,32.093734],[34.78343,32.0939],[34.783441,32.093971],[34.783444,32.093989],[34.783468,32.09409],[34.783498,32.094085],[34.78415,32.093979],[34.784217,32.09397],[34.784557,32.093925],[34.784999,32.093866],[34.785165,32.093834],[34.785335,32.093814],[34.785584,32.093785],[34.785759,32.093773],[34.785889,32.093766],[34.78608,32.093764],[34.786417,32.09376],[34.787195,32.09377],[34.787222,32.09377],[34.78787,32.09377],[34.788002,32.093773],[34.788415,32.093784],[34.788557,32.093785],[34.788584,32.093786],[34.788751,32.093788],[34.789081,32.093793],[34.789136,32.093794],[34.789544,32.0938],[34.789934,32.093805],[34.790093,32.093808],[34.790509,32.093824]]]},"properties":{"sa":423,"name":"אזור סטטיסטי 423","winner":"yesh_atid","winnerShare":0.3901,"valid":3776,"turnout":0.6186,"parties":{"other":72168,"labor":493,"habait":35,"utj":19,"hadash":58,"rz":84,"gantz":490,"yb":134,"likud":303,"meretz":606,"raam":9,"yesh_atid":1473,"shas":14,"balad":7},"sh_likud":0.0802,"sh_yesh_atid":0.3901,"sh_shas":0.0037,"sh_utj":0.005,"sh_rz":0.0222,"sh_labor":0.1306,"sh_gantz":0.1298,"sh_yb":0.0355,"sh_meretz":0.1605,"sh_raam":0.0024,"sh_hadash":0.0154,"sh_balad":0.0019,"sh_habait":0.0093,"sh_other":19.1123}},{"type":"Feature","geometry":{"type":"Polygon","coordinates":[[[34.768438,32.077623],[34.768436,32.077617],[34.768382,32.077425],[34.768365,32.07737],[34.768365,32.077367],[34.768355,32.077334],[34.76826,32.077015],[34.768208,32.076792],[34.768205,32.076781],[34.76817,32.076631],[34.768144,32.076518],[34.76814,32.076485],[34.768135,32.076438],[34.768105,32.076178],[34.768089,32.07604],[34.768066,32.075759],[34.768046,32.075506],[34.768046,32.07543],[34.768046,32.075184],[34.768046,32.074906],[34.768081,32.07454],[34.768119,32.074152],[34.768135,32.074092],[34.768141,32.07407],[34.768199,32.073852],[34.7682,32.073846],[34.768319,32.073457],[34.768352,32.073328],[34.768381,32.073211],[34.768392,32.073167],[34.768393,32.072988],[34.76842,32.072969],[34.768669,32.072804],[34.768672,32.072799],[34.76874,32.072693],[34.768651,32.072725],[34.768373,32.072802],[34.767853,32.072946],[34.767263,32.073108],[34.766519,32.073309],[34.766445,32.073331],[34.766135,32.073428],[34.765946,32.073502],[34.765592,32.073603],[34.765559,32.073617],[34.765325,32.073679],[34.765059,32.073748],[34.764963,32.073774],[34.764506,32.073905],[34.764474,32.073914],[34.764441,32.073924],[34.763895,32.07407],[34.76403,32.075216],[34.764811,32.075863],[34.765144,32.0767],[34.765001,32.077104],[34.765026,32.077868],[34.765556,32.078276],[34.765412,32.079086],[34.765887,32.079541],[34.766016,32.079771],[34.766245,32.079564],[34.766272,32.079539],[34.7663,32.079517],[34.766551,32.079301],[34.766957,32.078944],[34.766974,32.078929],[34.767045,32.078869],[34.767219,32.078717],[34.767232,32.078714],[34.767277,32.07868],[34.7673,32.078635],[34.767325,32.078535],[34.767375,32.078447],[34.767436,32.078388],[34.767444,32.078385],[34.76745,32.078383],[34.767453,32.078377],[34.767508,32.078203],[34.767535,32.078112],[34.767542,32.078087],[34.767544,32.07808],[34.76757,32.078067],[34.768438,32.077623]]]},"properties":{"sa":511,"name":"אזור סטטיסטי 511"}},{"type":"Feature","geometry":{"type":"Polygon","coordinates":[[[34.770066,32.076767],[34.7701,32.07675],[34.770715,32.076433],[34.770718,32.076431],[34.771004,32.076284],[34.771044,32.076263],[34.77126,32.076152],[34.771302,32.076132],[34.77132,32.076123],[34.771609,32.075969],[34.771782,32.075877],[34.771777,32.075873],[34.771685,32.075792],[34.771542,32.075627],[34.771319,32.07537],[34.771069,32.075081],[34.770958,32.074969],[34.77091,32.07492],[34.770816,32.074849],[34.770676,32.074743],[34.770654,32.074726],[34.770635,32.074712],[34.7703,32.074512],[34.770259,32.074487],[34.770006,32.074309],[34.76987,32.074214],[34.769543,32.073985],[34.769422,32.073877],[34.769361,32.073823],[34.769184,32.073619],[34.769136,32.073563],[34.769034,32.073388],[34.769026,32.073367],[34.768764,32.072676],[34.768748,32.072687],[34.76874,32.072693],[34.768672,32.072799],[34.768669,32.072804],[34.76842,32.072969],[34.768393,32.072988],[34.768392,32.073167],[34.768381,32.073211],[34.768352,32.073328],[34.768319,32.073457],[34.7682,32.073846],[34.768199,32.073852],[34.768141,32.07407],[34.768135,32.074092],[34.768119,32.074152],[34.768081,32.07454],[34.768046,32.074906],[34.768046,32.075184],[34.768046,32.07543],[34.768046,32.075506],[34.768066,32.075759],[34.768089,32.07604],[34.768105,32.076178],[34.768135,32.076438],[34.76814,32.076485],[34.768144,32.076518],[34.76817,32.076631],[34.768205,32.076781],[34.768208,32.076792],[34.76826,32.077015],[34.768355,32.077334],[34.768365,32.077367],[34.768365,32.07737],[34.768382,32.077425],[34.768436,32.077617],[34.768438,32.077623],[34.768469,32.077607],[34.768661,32.077503],[34.768897,32.077377],[34.768928,32.07736],[34.768962,32.077342],[34.76922,32.077203],[34.76955,32.077033],[34.769582,32.077017],[34.770066,32.076767]]]},"properties":{"sa":512,"name":"אזור סטטיסטי 512"}},{"type":"Feature","geometry":{"type":"Polygon","coordinates":[[[34.773056,32.071634],[34.773046,32.071628],[34.772993,32.071592],[34.772837,32.071469],[34.772815,32.071452],[34.772676,32.071343],[34.772515,32.071217],[34.772389,32.071118],[34.772388,32.071117],[34.772097,32.070889],[34.772031,32.07084],[34.771862,32.07072],[34.771797,32.070673],[34.771615,32.070565],[34.771223,32.070332],[34.77117,32.070304],[34.771101,32.07026],[34.770798,32.07007],[34.770483,32.069872],[34.770477,32.069868],[34.770411,32.069948],[34.770155,32.070471],[34.770078,32.070627],[34.770018,32.070749],[34.769978,32.07083],[34.769942,32.070901],[34.769856,32.071059],[34.769845,32.07108],[34.769722,32.071308],[34.769678,32.071391],[34.769445,32.071752],[34.769373,32.071863],[34.769208,32.072117],[34.769054,32.072355],[34.768838,32.072624],[34.768833,32.072629],[34.768792,32.072657],[34.768764,32.072676],[34.769026,32.073367],[34.769034,32.073388],[34.769136,32.073563],[34.769184,32.073619],[34.769361,32.073823],[34.769422,32.073877],[34.769543,32.073985],[34.76987,32.074214],[34.770006,32.074309],[34.770259,32.074487],[34.770284,32.074464],[34.770417,32.07434],[34.770881,32.07391],[34.770887,32.073909],[34.770975,32.073887],[34.771073,32.073848],[34.771168,32.073799],[34.77123,32.073767],[34.771397,32.073666],[34.771415,32.07365],[34.771434,32.073635],[34.7715,32.073576],[34.771621,32.073427],[34.771704,32.073285],[34.771719,32.073172],[34.771703,32.073131],[34.771661,32.073026],[34.771643,32.072978],[34.771592,32.072847],[34.77157,32.072798],[34.771504,32.072653],[34.771491,32.072625],[34.771434,32.072502],[34.771381,32.072387],[34.771373,32.07237],[34.771404,32.072356],[34.771878,32.072148],[34.771988,32.0721],[34.772528,32.071863],[34.77296,32.071671],[34.773056,32.071634]]]},"properties":{"sa":513,"name":"אזור סטטיסטי 513","winner":"yesh_atid","winnerShare":0.3349,"valid":1075,"turnout":0.4439,"parties":{"other":29850,"labor":105,"utj":8,"balad":3,"hadash":34,"rz":33,"gantz":116,"yb":45,"likud":173,"meretz":157,"raam":2,"yesh_atid":360,"shas":6,"habait":9},"sh_likud":0.1609,"sh_yesh_atid":0.3349,"sh_shas":0.0056,"sh_utj":0.0074,"sh_rz":0.0307,"sh_labor":0.0977,"sh_gantz":0.1079,"sh_yb":0.0419,"sh_meretz":0.146,"sh_raam":0.0019,"sh_hadash":0.0316,"sh_balad":0.0028,"sh_habait":0.0084,"sh_other":27.7674}},{"type":"Feature","geometry":{"type":"Polygon","coordinates":[[[34.772458,32.07552],[34.77249,32.075503],[34.772574,32.075459],[34.772743,32.075372],[34.772851,32.075317],[34.773125,32.075178],[34.773399,32.075037],[34.773523,32.074976],[34.773637,32.074918],[34.774189,32.074627],[34.774779,32.074317],[34.77539,32.073995],[34.775387,32.07399],[34.775331,32.073901],[34.775245,32.07377],[34.775182,32.073674],[34.775103,32.073554],[34.775022,32.073432],[34.774946,32.073316],[34.774799,32.073093],[34.774797,32.073089],[34.774775,32.073057],[34.774733,32.072997],[34.774589,32.072844],[34.774527,32.072788],[34.774412,32.072682],[34.774296,32.072589],[34.774275,32.072573],[34.774091,32.072429],[34.773839,32.072241],[34.773708,32.072143],[34.773665,32.07211],[34.773444,32.071929],[34.773395,32.071888],[34.773224,32.071748],[34.773056,32.071634],[34.77296,32.071671],[34.772528,32.071863],[34.771988,32.0721],[34.771878,32.072148],[34.771404,32.072356],[34.771373,32.07237],[34.771381,32.072387],[34.771434,32.072502],[34.771491,32.072625],[34.771504,32.072653],[34.77157,32.072798],[34.771592,32.072847],[34.771643,32.072978],[34.771661,32.073026],[34.771703,32.073131],[34.771719,32.073172],[34.771704,32.073285],[34.771621,32.073427],[34.7715,32.073576],[34.771434,32.073635],[34.771415,32.07365],[34.771397,32.073666],[34.77123,32.073767],[34.771168,32.073799],[34.771073,32.073848],[34.770975,32.073887],[34.770887,32.073909],[34.770881,32.07391],[34.770417,32.07434],[34.770284,32.074464],[34.770259,32.074487],[34.7703,32.074512],[34.770635,32.074712],[34.770654,32.074726],[34.770676,32.074743],[34.770816,32.074849],[34.77091,32.07492],[34.770958,32.074969],[34.771069,32.075081],[34.771319,32.07537],[34.771542,32.075627],[34.771685,32.075792],[34.771777,32.075873],[34.771782,32.075877],[34.771814,32.07586],[34.772458,32.07552]]]},"properties":{"sa":514,"name":"אזור סטטיסטי 514","winner":"yesh_atid","winnerShare":0.3591,"valid":2320,"turnout":0.5423,"parties":{"other":59386,"labor":269,"habait":14,"hadash":25,"rz":82,"gantz":286,"yb":89,"likud":270,"meretz":361,"yesh_atid":833,"shas":25,"utj":14,"balad":7,"raam":3},"sh_likud":0.1164,"sh_yesh_atid":0.3591,"sh_shas":0.0108,"sh_utj":0.006,"sh_rz":0.0353,"sh_labor":0.1159,"sh_gantz":0.1233,"sh_yb":0.0384,"sh_meretz":0.1556,"sh_raam":0.0013,"sh_hadash":0.0108,"sh_balad":0.003,"sh_habait":0.006,"sh_other":25.5974}},{"type":"Feature","geometry":{"type":"Polygon","coordinates":[[[34.778468,32.072319],[34.778463,32.072306],[34.778396,32.072121],[34.778212,32.071614],[34.778208,32.071601],[34.778197,32.071572],[34.778137,32.071365],[34.778097,32.071229],[34.778069,32.071133],[34.777961,32.070772],[34.777933,32.070678],[34.777859,32.070431],[34.777807,32.070254],[34.776354,32.070655],[34.776324,32.070663],[34.776036,32.070742],[34.775731,32.070827],[34.775255,32.070958],[34.775253,32.070958],[34.775094,32.071002],[34.774802,32.071083],[34.774621,32.071133],[34.774585,32.071143],[34.774529,32.071158],[34.774371,32.071207],[34.774315,32.071224],[34.77387,32.071361],[34.773794,32.071386],[34.773761,32.071397],[34.77317,32.071591],[34.773094,32.07162],[34.773056,32.071634],[34.773224,32.071748],[34.773395,32.071888],[34.773444,32.071929],[34.773665,32.07211],[34.773708,32.072143],[34.773839,32.072241],[34.774091,32.072429],[34.774275,32.072573],[34.774296,32.072589],[34.774412,32.072682],[34.774527,32.072788],[34.774589,32.072844],[34.774733,32.072997],[34.774775,32.073057],[34.774797,32.073089],[34.774799,32.073093],[34.774946,32.073316],[34.775022,32.073432],[34.775103,32.073554],[34.775182,32.073674],[34.775245,32.07377],[34.775331,32.073901],[34.775362,32.073886],[34.77589,32.073649],[34.776184,32.073492],[34.776334,32.073413],[34.776762,32.073185],[34.776996,32.07306],[34.777021,32.073047],[34.777721,32.072675],[34.777741,32.072668],[34.778389,32.072341],[34.778468,32.072319]]]},"properties":{"sa":515,"name":"אזור סטטיסטי 515"}},{"type":"Feature","geometry":{"type":"Polygon","coordinates":[[[34.777807,32.070254],[34.777803,32.070241],[34.777766,32.070115],[34.777738,32.070035],[34.777682,32.069878],[34.777664,32.06982],[34.777482,32.069197],[34.777452,32.069096],[34.777419,32.068984],[34.777229,32.068377],[34.776916,32.068446],[34.776544,32.068528],[34.776223,32.068609],[34.776121,32.068635],[34.776089,32.068643],[34.775827,32.068701],[34.775796,32.068708],[34.775514,32.068771],[34.775509,32.068772],[34.775164,32.068849],[34.775001,32.068885],[34.774299,32.069041],[34.774276,32.069046],[34.773999,32.069108],[34.77382,32.069147],[34.773276,32.06927],[34.77252,32.069441],[34.772425,32.069458],[34.77235,32.069472],[34.772195,32.069502],[34.771817,32.069586],[34.771468,32.069664],[34.77135,32.06969],[34.770705,32.069846],[34.77053,32.069863],[34.770488,32.069867],[34.770477,32.069868],[34.770483,32.069872],[34.770798,32.07007],[34.771101,32.07026],[34.77117,32.070304],[34.771223,32.070332],[34.771615,32.070565],[34.771797,32.070673],[34.771862,32.07072],[34.772031,32.07084],[34.772097,32.070889],[34.772388,32.071117],[34.772389,32.071118],[34.772515,32.071217],[34.772676,32.071343],[34.772815,32.071452],[34.772837,32.071469],[34.772993,32.071592],[34.773046,32.071628],[34.773056,32.071634],[34.773094,32.07162],[34.77317,32.071591],[34.773761,32.071397],[34.773794,32.071386],[34.77387,32.071361],[34.774315,32.071224],[34.774371,32.071207],[34.774529,32.071158],[34.774585,32.071143],[34.774621,32.071133],[34.774802,32.071083],[34.775094,32.071002],[34.775253,32.070958],[34.775255,32.070958],[34.775731,32.070827],[34.776036,32.070742],[34.776324,32.070663],[34.776354,32.070655],[34.777807,32.070254]]]},"properties":{"sa":516,"name":"אזור סטטיסטי 516","winner":"yesh_atid","winnerShare":0.3567,"valid":2330,"turnout":0.5915,"parties":{"other":44656,"labor":345,"utj":19,"balad":8,"hadash":53,"rz":42,"gantz":223,"yb":58,"likud":204,"meretz":481,"raam":6,"yesh_atid":831,"shas":15,"habait":10},"sh_likud":0.0876,"sh_yesh_atid":0.3567,"sh_shas":0.0064,"sh_utj":0.0082,"sh_rz":0.018,"sh_labor":0.1481,"sh_gantz":0.0957,"sh_yb":0.0249,"sh_meretz":0.2064,"sh_raam":0.0026,"sh_hadash":0.0227,"sh_balad":0.0034,"sh_habait":0.0043,"sh_other":19.1657}},{"type":"Feature","geometry":{"type":"Polygon","coordinates":[[[34.781961,32.07108],[34.781948,32.071068],[34.781867,32.070985],[34.781797,32.070915],[34.781757,32.070851],[34.781642,32.07067],[34.781508,32.07046],[34.781478,32.070413],[34.781397,32.070285],[34.78139,32.070273],[34.781283,32.070104],[34.781206,32.069982],[34.781143,32.069879],[34.780967,32.069588],[34.780851,32.069396],[34.780775,32.069258],[34.780712,32.069145],[34.780541,32.068838],[34.780445,32.068666],[34.779994,32.067856],[34.779929,32.067758],[34.779684,32.067821],[34.779422,32.067888],[34.77939,32.067896],[34.77929,32.067922],[34.779167,32.067949],[34.779148,32.067954],[34.778645,32.068064],[34.778509,32.068094],[34.778441,32.068109],[34.778213,32.06816],[34.77818,32.068167],[34.777945,32.068219],[34.777598,32.068296],[34.777541,32.068308],[34.777261,32.06837],[34.777229,32.068377],[34.777419,32.068984],[34.777452,32.069096],[34.777482,32.069197],[34.777664,32.06982],[34.777682,32.069878],[34.777738,32.070035],[34.777766,32.070115],[34.777803,32.070241],[34.777807,32.070254],[34.777859,32.070431],[34.777933,32.070678],[34.777961,32.070772],[34.778069,32.071133],[34.778097,32.071229],[34.778137,32.071365],[34.778197,32.071572],[34.778208,32.071601],[34.778212,32.071614],[34.778396,32.072121],[34.778463,32.072306],[34.778468,32.072319],[34.778491,32.072383],[34.778513,32.072445],[34.778541,32.072432],[34.778819,32.072329],[34.779121,32.072247],[34.779215,32.072212],[34.779267,32.072185],[34.779276,32.072173],[34.779315,32.072121],[34.779343,32.072056],[34.779338,32.071876],[34.779313,32.071808],[34.779338,32.071804],[34.779346,32.071803],[34.779467,32.071783],[34.779688,32.071705],[34.779848,32.071665],[34.779901,32.071652],[34.78023,32.071554],[34.780707,32.071412],[34.780815,32.071382],[34.780847,32.071373],[34.781243,32.071264],[34.781693,32.07114],[34.781961,32.07108]]]},"properties":{"sa":517,"name":"אזור סטטיסטי 517"}},{"type":"Feature","geometry":{"type":"Polygon","coordinates":[[[34.76874,32.072693],[34.768748,32.072687],[34.768764,32.072676],[34.768792,32.072657],[34.768833,32.072629],[34.768838,32.072624],[34.769054,32.072355],[34.769208,32.072117],[34.769373,32.071863],[34.769445,32.071752],[34.769678,32.071391],[34.769722,32.071308],[34.769845,32.07108],[34.769698,32.071091],[34.76957,32.07111],[34.769312,32.071181],[34.769296,32.071172],[34.769062,32.071038],[34.769025,32.071015],[34.76885,32.070908],[34.768594,32.070751],[34.768426,32.070648],[34.76834,32.070687],[34.767898,32.070824],[34.767392,32.07098],[34.767227,32.071032],[34.767063,32.071082],[34.766961,32.071114],[34.766563,32.071227],[34.766403,32.071273],[34.765895,32.071417],[34.765376,32.071565],[34.764869,32.071706],[34.764703,32.071756],[34.764371,32.071851],[34.763974,32.071951],[34.763814,32.072002],[34.763782,32.072013],[34.763751,32.072024],[34.76335,32.072141],[34.763367,32.073043],[34.763895,32.07407],[34.764441,32.073924],[34.764474,32.073914],[34.764506,32.073905],[34.764963,32.073774],[34.765059,32.073748],[34.765325,32.073679],[34.765559,32.073617],[34.765592,32.073603],[34.765946,32.073502],[34.766135,32.073428],[34.766445,32.073331],[34.766519,32.073309],[34.767263,32.073108],[34.767853,32.072946],[34.768373,32.072802],[34.768651,32.072725],[34.76874,32.072693]]]},"properties":{"sa":521,"name":"אזור סטטיסטי 521"}},{"type":"Feature","geometry":{"type":"Polygon","coordinates":[[[34.767063,32.071082],[34.767058,32.071072],[34.766954,32.07087],[34.766934,32.070831],[34.766892,32.070749],[34.766796,32.070539],[34.766792,32.070529],[34.76677,32.070471],[34.766676,32.070304],[34.766649,32.070258],[34.766608,32.070195],[34.766542,32.070102],[34.766255,32.069691],[34.766227,32.069651],[34.766164,32.069573],[34.766158,32.069566],[34.766126,32.069527],[34.766023,32.069373],[34.765989,32.069323],[34.765809,32.069052],[34.76576,32.068982],[34.765705,32.068899],[34.765613,32.068743],[34.765582,32.068689],[34.765429,32.068487],[34.765315,32.068336],[34.765183,32.068173],[34.764745,32.067633],[34.764634,32.067512],[34.764618,32.067521],[34.764527,32.067576],[34.76403,32.067758],[34.76397,32.067786],[34.763939,32.0678],[34.763643,32.067929],[34.763561,32.067966],[34.763278,32.068095],[34.763126,32.068168],[34.763041,32.068208],[34.762704,32.068353],[34.762282,32.06855],[34.762232,32.068571],[34.762193,32.068588],[34.762156,32.068606],[34.762162,32.068608],[34.761903,32.068741],[34.76207,32.068934],[34.762822,32.06946],[34.762824,32.069462],[34.762825,32.069469],[34.76293,32.070774],[34.763345,32.071873],[34.76335,32.072141],[34.763751,32.072024],[34.763782,32.072013],[34.763814,32.072002],[34.763974,32.071951],[34.764371,32.071851],[34.764703,32.071756],[34.764869,32.071706],[34.765376,32.071565],[34.765895,32.071417],[34.766403,32.071273],[34.766563,32.071227],[34.766961,32.071114],[34.767063,32.071082]]]},"properties":{"sa":522,"name":"אזור סטטיסטי 522"}},{"type":"Feature","geometry":{"type":"Polygon","coordinates":[[[34.769845,32.07108],[34.769856,32.071059],[34.769942,32.070901],[34.769978,32.07083],[34.770018,32.070749],[34.770078,32.070627],[34.770155,32.070471],[34.770411,32.069948],[34.770477,32.069868],[34.770289,32.069748],[34.770202,32.069673],[34.770135,32.069616],[34.770069,32.06956],[34.769814,32.069372],[34.769728,32.069305],[34.769422,32.069049],[34.769333,32.06898],[34.769109,32.068802],[34.769039,32.068746],[34.768827,32.06858],[34.768666,32.068455],[34.76859,32.068398],[34.768514,32.068343],[34.768427,32.068279],[34.768198,32.0681],[34.768055,32.067988],[34.76798,32.067928],[34.767642,32.067638],[34.767161,32.067227],[34.767104,32.067179],[34.766954,32.067047],[34.766893,32.066993],[34.766676,32.066803],[34.766529,32.066691],[34.766404,32.066591],[34.765835,32.066927],[34.765605,32.067057],[34.76559,32.067065],[34.76558,32.067072],[34.764983,32.067357],[34.764669,32.067498],[34.764634,32.067512],[34.764745,32.067633],[34.765183,32.068173],[34.765315,32.068336],[34.765429,32.068487],[34.765582,32.068689],[34.765613,32.068743],[34.765705,32.068899],[34.76576,32.068982],[34.765809,32.069052],[34.765989,32.069323],[34.766023,32.069373],[34.766126,32.069527],[34.766158,32.069566],[34.766164,32.069573],[34.766227,32.069651],[34.766255,32.069691],[34.766542,32.070102],[34.766608,32.070195],[34.766649,32.070258],[34.766676,32.070304],[34.76677,32.070471],[34.766792,32.070529],[34.766796,32.070539],[34.766892,32.070749],[34.766934,32.070831],[34.766954,32.07087],[34.767058,32.071072],[34.767063,32.071082],[34.767227,32.071032],[34.767392,32.07098],[34.767898,32.070824],[34.76834,32.070687],[34.768426,32.070648],[34.768594,32.070751],[34.76885,32.070908],[34.769025,32.071015],[34.769062,32.071038],[34.769296,32.071172],[34.769312,32.071181],[34.76957,32.07111],[34.769698,32.071091],[34.769845,32.07108]]]},"properties":{"sa":523,"name":"אזור סטטיסטי 523","winner":"yesh_atid","winnerShare":0.2902,"valid":703,"turnout":0.4849,"parties":{"other":22947,"labor":78,"habait":10,"balad":3,"hadash":3,"rz":38,"gantz":78,"yb":17,"likud":146,"meretz":84,"yesh_atid":204,"shas":19,"utj":1,"raam":1},"sh_likud":0.2077,"sh_yesh_atid":0.2902,"sh_shas":0.027,"sh_utj":0.0014,"sh_rz":0.0541,"sh_labor":0.111,"sh_gantz":0.111,"sh_yb":0.0242,"sh_meretz":0.1195,"sh_raam":0.0014,"sh_hadash":0.0043,"sh_balad":0.0043,"sh_habait":0.0142,"sh_other":32.6415}},{"type":"Feature","geometry":{"type":"Polygon","coordinates":[[[34.764634,32.067512],[34.764669,32.067498],[34.764983,32.067357],[34.76558,32.067072],[34.76559,32.067065],[34.765605,32.067057],[34.765835,32.066927],[34.766404,32.066591],[34.766351,32.066551],[34.765836,32.066112],[34.76578,32.066064],[34.765601,32.06592],[34.765424,32.065778],[34.76534,32.065751],[34.765241,32.06572],[34.764985,32.065664],[34.764987,32.065593],[34.764953,32.065587],[34.764907,32.065578],[34.764914,32.065565],[34.764916,32.06556],[34.764917,32.065551],[34.764918,32.065538],[34.764911,32.065512],[34.764892,32.06549],[34.764868,32.06548],[34.764853,32.065477],[34.764841,32.065475],[34.764832,32.065476],[34.764823,32.065476],[34.764857,32.065288],[34.764861,32.065266],[34.764829,32.065232],[34.764528,32.064906],[34.764423,32.0648],[34.764173,32.064535],[34.764134,32.06449],[34.764095,32.064445],[34.764034,32.064374],[34.763933,32.064247],[34.763832,32.064092],[34.763801,32.064043],[34.763727,32.063793],[34.763625,32.063392],[34.763606,32.063316],[34.763474,32.062997],[34.76339,32.062888],[34.763269,32.062731],[34.763058,32.062501],[34.762955,32.062457],[34.762957,32.062407],[34.762949,32.062386],[34.762945,32.062376],[34.762907,32.06234],[34.762904,32.062339],[34.762853,32.062328],[34.762784,32.062345],[34.762684,32.062381],[34.762576,32.06233],[34.762552,32.062314],[34.762392,32.062213],[34.762303,32.062091],[34.762276,32.062055],[34.76217,32.0619],[34.762055,32.061762],[34.761783,32.061439],[34.761559,32.061178],[34.761447,32.06104],[34.761221,32.060762],[34.761133,32.060703],[34.761069,32.06068],[34.760911,32.060681],[34.76081,32.060704],[34.760738,32.06053],[34.760265,32.059356],[34.760219,32.059206],[34.760137,32.058949],[34.76006,32.058542],[34.759972,32.057781],[34.759972,32.057779],[34.759916,32.057288],[34.759754,32.057288],[34.759753,32.057276],[34.759573,32.057292],[34.759372,32.057341],[34.759308,32.057357],[34.759148,32.057415],[34.758635,32.057602],[34.758568,32.05762],[34.758545,32.057626],[34.758481,32.057618],[34.758348,32.057533],[34.758264,32.057503],[34.758128,32.0575],[34.757823,32.057447],[34.757773,32.057439],[34.757818,32.057498],[34.757825,32.057507],[34.757472,32.057621],[34.757345,32.057657],[34.757062,32.057741],[34.757666,32.058373],[34.758778,32.060238],[34.759666,32.062126],[34.759516,32.062581],[34.759438,32.062817],[34.759686,32.063772],[34.760327,32.064395],[34.76063,32.065517],[34.760961,32.066212],[34.761074,32.06645],[34.761334,32.068024],[34.761346,32.068097],[34.761424,32.068187],[34.761613,32.068406],[34.761903,32.068741],[34.762162,32.068608],[34.762156,32.068606],[34.762193,32.068588],[34.762232,32.068571],[34.762282,32.06855],[34.762704,32.068353],[34.763041,32.068208],[34.763126,32.068168],[34.763278,32.068095],[34.763561,32.067966],[34.763643,32.067929],[34.763939,32.0678],[34.76397,32.067786],[34.76403,32.067758],[34.764527,32.067576],[34.764618,32.067521],[34.764634,32.067512]]]},"properties":{"sa":531,"name":"אזור סטטיסטי 531"}},{"type":"Feature","geometry":{"type":"Polygon","coordinates":[[[34.766416,32.059148],[34.766221,32.059014],[34.765638,32.058688],[34.765541,32.058639],[34.765035,32.05839],[34.764785,32.058266],[34.764702,32.058222],[34.764667,32.058204],[34.764034,32.057943],[34.76403,32.057941],[34.763871,32.057876],[34.762674,32.057445],[34.762348,32.057338],[34.762296,32.057321],[34.762151,32.057285],[34.761761,32.057196],[34.761523,32.057152],[34.760904,32.057037],[34.760815,32.05702],[34.760329,32.056953],[34.760115,32.056923],[34.759907,32.056884],[34.759876,32.056878],[34.759894,32.057077],[34.759905,32.057195],[34.759914,32.057268],[34.759916,32.057288],[34.759972,32.057779],[34.759972,32.057781],[34.76006,32.058542],[34.760137,32.058949],[34.760219,32.059206],[34.760265,32.059356],[34.760738,32.06053],[34.76081,32.060704],[34.760911,32.060681],[34.761069,32.06068],[34.761133,32.060703],[34.761221,32.060762],[34.761447,32.06104],[34.761559,32.061178],[34.761783,32.061439],[34.762055,32.061762],[34.76217,32.0619],[34.762276,32.062055],[34.762303,32.062091],[34.762392,32.062213],[34.762552,32.062314],[34.76258,32.062294],[34.763182,32.061851],[34.763245,32.061768],[34.763261,32.061764],[34.763367,32.061733],[34.763394,32.061712],[34.763795,32.061415],[34.763859,32.061444],[34.763883,32.061466],[34.763978,32.061552],[34.764055,32.06161],[34.764284,32.061781],[34.764397,32.061873],[34.764422,32.06185],[34.764488,32.06179],[34.764585,32.061617],[34.764722,32.061373],[34.764748,32.061324],[34.764843,32.061158],[34.765059,32.060774],[34.765083,32.06073],[34.765429,32.060116],[34.765457,32.060066],[34.76578,32.059759],[34.766044,32.059502],[34.766416,32.059148]]]},"properties":{"sa":532,"name":"אזור סטטיסטי 532"}},{"type":"Feature","geometry":{"type":"Polygon","coordinates":[[[34.768878,32.064625],[34.768961,32.064221],[34.768964,32.064204],[34.769104,32.063524],[34.768949,32.063499],[34.768774,32.063481],[34.768701,32.063474],[34.768584,32.063444],[34.768599,32.063392],[34.768654,32.063122],[34.768725,32.06277],[34.768737,32.062712],[34.76876,32.062573],[34.768845,32.06201],[34.768787,32.062003],[34.768731,32.061996],[34.768854,32.061334],[34.768877,32.061337],[34.769131,32.061366],[34.770273,32.06151],[34.770278,32.061486],[34.770361,32.061099],[34.770412,32.060862],[34.77044,32.060731],[34.770485,32.060539],[34.770364,32.060504],[34.770027,32.060427],[34.769926,32.060404],[34.769895,32.060396],[34.769626,32.060322],[34.769411,32.060259],[34.769196,32.060197],[34.768876,32.060105],[34.768816,32.060086],[34.768403,32.059956],[34.768094,32.059858],[34.768078,32.059853],[34.767645,32.059717],[34.767516,32.05967],[34.76743,32.05964],[34.767415,32.059635],[34.767357,32.059611],[34.767101,32.059504],[34.766834,32.059392],[34.766564,32.059235],[34.766416,32.059148],[34.766044,32.059502],[34.76578,32.059759],[34.765457,32.060066],[34.765429,32.060116],[34.765083,32.06073],[34.765059,32.060774],[34.764843,32.061158],[34.764748,32.061324],[34.764722,32.061373],[34.764585,32.061617],[34.764488,32.06179],[34.764422,32.06185],[34.764397,32.061873],[34.764284,32.061781],[34.764055,32.06161],[34.763978,32.061552],[34.763883,32.061466],[34.763859,32.061444],[34.763795,32.061415],[34.763394,32.061712],[34.763367,32.061733],[34.763261,32.061764],[34.763245,32.061768],[34.763182,32.061851],[34.76258,32.062294],[34.762552,32.062314],[34.762576,32.06233],[34.762684,32.062381],[34.762784,32.062345],[34.762853,32.062328],[34.762904,32.062339],[34.762907,32.06234],[34.762945,32.062376],[34.762949,32.062386],[34.762957,32.062407],[34.762955,32.062457],[34.763058,32.062501],[34.763269,32.062731],[34.76339,32.062888],[34.763474,32.062997],[34.763606,32.063316],[34.763625,32.063392],[34.763727,32.063793],[34.763801,32.064043],[34.763832,32.064092],[34.763933,32.064247],[34.764034,32.064374],[34.764095,32.064445],[34.764134,32.06449],[34.764173,32.064535],[34.764423,32.0648],[34.764528,32.064906],[34.764829,32.065232],[34.764861,32.065266],[34.764857,32.065288],[34.764823,32.065476],[34.764832,32.065476],[34.764841,32.065475],[34.764853,32.065477],[34.764868,32.06548],[34.764892,32.06549],[34.764911,32.065512],[34.764918,32.065538],[34.764917,32.065551],[34.764916,32.06556],[34.764914,32.065565],[34.764907,32.065578],[34.764953,32.065587],[34.764987,32.065593],[34.764985,32.065664],[34.765241,32.06572],[34.76534,32.065751],[34.765424,32.065778],[34.765601,32.06592],[34.76578,32.066064],[34.765836,32.066112],[34.766351,32.066551],[34.766404,32.066591],[34.766436,32.066573],[34.766577,32.066481],[34.766745,32.066371],[34.767077,32.066141],[34.767311,32.065979],[34.767451,32.065882],[34.767651,32.065745],[34.767765,32.065666],[34.767769,32.065663],[34.76811,32.065428],[34.76838,32.065242],[34.76863,32.065069],[34.768636,32.065064],[34.768669,32.065033],[34.768829,32.064863],[34.768878,32.064625]]]},"properties":{"sa":533,"name":"אזור סטטיסטי 533","winner":"yesh_atid","winnerShare":0.3193,"valid":3010,"turnout":0.4676,"parties":{"other":75734,"labor":266,"habait":13,"utj":22,"balad":11,"hadash":33,"rz":147,"gantz":322,"yb":88,"likud":581,"meretz":411,"raam":15,"yesh_atid":961,"shas":89},"sh_likud":0.193,"sh_yesh_atid":0.3193,"sh_shas":0.0296,"sh_utj":0.0073,"sh_rz":0.0488,"sh_labor":0.0884,"sh_gantz":0.107,"sh_yb":0.0292,"sh_meretz":0.1365,"sh_raam":0.005,"sh_hadash":0.011,"sh_balad":0.0037,"sh_habait":0.0043,"sh_other":25.1608}},{"type":"Feature","geometry":{"type":"Polygon","coordinates":[[[34.772178,32.065339],[34.77132,32.065061],[34.771171,32.065013],[34.770984,32.064947],[34.77087,32.064907],[34.77071,32.064861],[34.770496,32.064823],[34.770447,32.064817],[34.76964,32.064719],[34.768901,32.064628],[34.768878,32.064625],[34.768829,32.064863],[34.768669,32.065033],[34.768636,32.065064],[34.76863,32.065069],[34.76838,32.065242],[34.76811,32.065428],[34.767769,32.065663],[34.767765,32.065666],[34.767651,32.065745],[34.767451,32.065882],[34.767311,32.065979],[34.767077,32.066141],[34.766745,32.066371],[34.766577,32.066481],[34.766436,32.066573],[34.766404,32.066591],[34.766529,32.066691],[34.766676,32.066803],[34.766893,32.066993],[34.766954,32.067047],[34.767104,32.067179],[34.767161,32.067227],[34.767642,32.067638],[34.76798,32.067928],[34.768055,32.067988],[34.768198,32.0681],[34.768427,32.068279],[34.768514,32.068343],[34.76859,32.068398],[34.768666,32.068455],[34.768827,32.06858],[34.769039,32.068746],[34.769109,32.068802],[34.769333,32.06898],[34.769422,32.069049],[34.769728,32.069305],[34.769814,32.069372],[34.770069,32.06956],[34.770135,32.069616],[34.770202,32.069673],[34.770289,32.069748],[34.770477,32.069868],[34.770487,32.069836],[34.770541,32.069671],[34.770553,32.069631],[34.770626,32.069408],[34.770677,32.069251],[34.770783,32.068863],[34.770795,32.068797],[34.770849,32.068507],[34.770876,32.068427],[34.770959,32.068191],[34.770967,32.068171],[34.771113,32.067792],[34.77119,32.067591],[34.771206,32.067555],[34.771445,32.067012],[34.771456,32.066987],[34.771588,32.066688],[34.771686,32.066464],[34.771834,32.066128],[34.77195,32.065866],[34.772023,32.065701],[34.772132,32.065452],[34.772178,32.065339]]]},"properties":{"sa":541,"name":"אזור סטטיסטי 541"}},{"type":"Feature","geometry":{"type":"Polygon","coordinates":[[[34.773276,32.06927],[34.773272,32.069256],[34.773184,32.068982],[34.7731,32.068722],[34.773096,32.068708],[34.773094,32.068694],[34.773087,32.068623],[34.773056,32.068315],[34.773018,32.067935],[34.772993,32.067847],[34.772805,32.06736],[34.772743,32.067286],[34.772519,32.067245],[34.772334,32.067212],[34.772335,32.067186],[34.772335,32.067137],[34.772581,32.066591],[34.772601,32.066585],[34.772914,32.066494],[34.772973,32.066477],[34.773394,32.066354],[34.773615,32.06629],[34.773773,32.066244],[34.774289,32.066097],[34.774766,32.065962],[34.774761,32.065951],[34.774745,32.065919],[34.774697,32.06588],[34.774326,32.065801],[34.774096,32.065752],[34.773707,32.065679],[34.773074,32.06556],[34.773011,32.065548],[34.772683,32.06547],[34.772656,32.065464],[34.772331,32.065388],[34.772195,32.065344],[34.772178,32.065339],[34.772132,32.065452],[34.772023,32.065701],[34.77195,32.065866],[34.771834,32.066128],[34.771686,32.066464],[34.771588,32.066688],[34.771456,32.066987],[34.771445,32.067012],[34.771206,32.067555],[34.77119,32.067591],[34.771113,32.067792],[34.770967,32.068171],[34.770959,32.068191],[34.770876,32.068427],[34.770849,32.068507],[34.770795,32.068797],[34.770783,32.068863],[34.770677,32.069251],[34.770626,32.069408],[34.770553,32.069631],[34.770541,32.069671],[34.770487,32.069836],[34.770477,32.069868],[34.770488,32.069867],[34.77053,32.069863],[34.770705,32.069846],[34.77135,32.06969],[34.771468,32.069664],[34.771817,32.069586],[34.772195,32.069502],[34.77235,32.069472],[34.772425,32.069458],[34.77252,32.069441],[34.773276,32.06927]]]},"properties":{"sa":542,"name":"אזור סטטיסטי 542"}},{"type":"Feature","geometry":{"type":"Polygon","coordinates":[[[34.775796,32.068708],[34.775792,32.068694],[34.775772,32.068624],[34.775613,32.0681],[34.775581,32.06801],[34.775577,32.067999],[34.775576,32.067996],[34.775539,32.067892],[34.775415,32.067576],[34.775301,32.067286],[34.775296,32.067274],[34.775194,32.067014],[34.775105,32.066787],[34.775035,32.06661],[34.774911,32.066295],[34.774843,32.06612],[34.774766,32.065962],[34.774289,32.066097],[34.773773,32.066244],[34.773615,32.06629],[34.773394,32.066354],[34.772973,32.066477],[34.772914,32.066494],[34.772601,32.066585],[34.772581,32.066591],[34.772335,32.067137],[34.772335,32.067186],[34.772334,32.067212],[34.772519,32.067245],[34.772743,32.067286],[34.772805,32.06736],[34.772993,32.067847],[34.773018,32.067935],[34.773056,32.068315],[34.773087,32.068623],[34.773094,32.068694],[34.773096,32.068708],[34.7731,32.068722],[34.773184,32.068982],[34.773272,32.069256],[34.773276,32.06927],[34.77382,32.069147],[34.773999,32.069108],[34.774276,32.069046],[34.774299,32.069041],[34.775001,32.068885],[34.775164,32.068849],[34.775509,32.068772],[34.775514,32.068771],[34.775796,32.068708]]]},"properties":{"sa":543,"name":"אזור סטטיסטי 543","winner":"yesh_atid","winnerShare":0.353,"valid":2660,"turnout":0.5639,"parties":{"other":60976,"labor":408,"habait":10,"utj":33,"balad":12,"hadash":52,"rz":48,"gantz":257,"yb":72,"likud":247,"meretz":512,"raam":7,"yesh_atid":939,"shas":20},"sh_likud":0.0929,"sh_yesh_atid":0.353,"sh_shas":0.0075,"sh_utj":0.0124,"sh_rz":0.018,"sh_labor":0.1534,"sh_gantz":0.0966,"sh_yb":0.0271,"sh_meretz":0.1925,"sh_raam":0.0026,"sh_hadash":0.0195,"sh_balad":0.0045,"sh_habait":0.0038,"sh_other":22.9233}},{"type":"Feature","geometry":{"type":"Polygon","coordinates":[[[34.773916,32.060611],[34.773485,32.06062],[34.773049,32.060629],[34.772969,32.060631],[34.772682,32.060646],[34.772324,32.060665],[34.772276,32.060668],[34.771721,32.060679],[34.771382,32.060674],[34.771337,32.060673],[34.771007,32.060643],[34.770968,32.060637],[34.770792,32.060608],[34.770646,32.060584],[34.770506,32.060545],[34.770485,32.060539],[34.77044,32.060731],[34.770412,32.060862],[34.770361,32.061099],[34.770278,32.061486],[34.770273,32.06151],[34.769131,32.061366],[34.768877,32.061337],[34.768854,32.061334],[34.768731,32.061996],[34.768787,32.062003],[34.768845,32.06201],[34.76876,32.062573],[34.768737,32.062712],[34.768725,32.06277],[34.768654,32.063122],[34.768599,32.063392],[34.768584,32.063444],[34.768701,32.063474],[34.768774,32.063481],[34.768949,32.063499],[34.769104,32.063524],[34.768964,32.064204],[34.768961,32.064221],[34.768878,32.064625],[34.768901,32.064628],[34.76964,32.064719],[34.770447,32.064817],[34.770496,32.064823],[34.77071,32.064861],[34.77087,32.064907],[34.770984,32.064947],[34.771171,32.065013],[34.77132,32.065061],[34.772178,32.065339],[34.772689,32.064225],[34.772689,32.064224],[34.772691,32.06422],[34.773009,32.063479],[34.773165,32.062996],[34.773445,32.062118],[34.773479,32.061947],[34.773537,32.061674],[34.773537,32.061673],[34.773651,32.06134],[34.773846,32.060771],[34.773869,32.060717],[34.773916,32.060611]]]},"properties":{"sa":551,"name":"אזור סטטיסטי 551","winner":"likud","winnerShare":0.2798,"valid":1844,"turnout":0.6716,"parties":{"other":29627,"labor":177,"habait":13,"utj":7,"hadash":20,"rz":138,"gantz":177,"yb":52,"likud":516,"meretz":121,"yesh_atid":399,"shas":176,"balad":9,"raam":2},"sh_likud":0.2798,"sh_yesh_atid":0.2164,"sh_shas":0.0954,"sh_utj":0.0038,"sh_rz":0.0748,"sh_labor":0.096,"sh_gantz":0.096,"sh_yb":0.0282,"sh_meretz":0.0656,"sh_raam":0.0011,"sh_hadash":0.0108,"sh_balad":0.0049,"sh_habait":0.007,"sh_other":16.0667}},{"type":"Feature","geometry":{"type":"Polygon","coordinates":[[[34.775296,32.065021],[34.775307,32.064994],[34.775534,32.064427],[34.775551,32.064387],[34.775628,32.06421],[34.775684,32.064082],[34.77579,32.063888],[34.77596,32.063575],[34.776072,32.063345],[34.776086,32.063351],[34.776296,32.063443],[34.77651,32.063523],[34.776503,32.063623],[34.776598,32.063661],[34.776905,32.063731],[34.777177,32.063776],[34.777447,32.063794],[34.7775,32.063795],[34.777822,32.063764],[34.778012,32.063723],[34.778076,32.06371],[34.778414,32.063618],[34.778752,32.06349],[34.778895,32.063417],[34.779027,32.063351],[34.779293,32.063187],[34.779227,32.063156],[34.779157,32.063124],[34.779091,32.063086],[34.778823,32.062958],[34.7787,32.062903],[34.778388,32.062716],[34.778323,32.062668],[34.778255,32.062617],[34.778187,32.062556],[34.778138,32.062509],[34.778024,32.062381],[34.777831,32.062066],[34.777824,32.062052],[34.777814,32.062035],[34.777483,32.061433],[34.777259,32.061026],[34.777114,32.060901],[34.77697,32.060805],[34.776897,32.060772],[34.776833,32.060742],[34.776708,32.060693],[34.776431,32.060626],[34.776274,32.060599],[34.77621,32.060588],[34.776158,32.060579],[34.776079,32.060572],[34.775972,32.060562],[34.775862,32.060559],[34.775846,32.060559],[34.775348,32.060546],[34.774556,32.060561],[34.774401,32.060564],[34.77403,32.060608],[34.773938,32.06061],[34.773917,32.060611],[34.773916,32.060611],[34.773869,32.060717],[34.773846,32.060771],[34.773651,32.06134],[34.773537,32.061673],[34.773537,32.061674],[34.773479,32.061947],[34.773445,32.062118],[34.773165,32.062996],[34.773009,32.063479],[34.772691,32.06422],[34.772689,32.064224],[34.772689,32.064225],[34.772178,32.065339],[34.772195,32.065344],[34.772331,32.065388],[34.772656,32.065464],[34.772683,32.06547],[34.773011,32.065548],[34.773074,32.06556],[34.773707,32.065679],[34.774096,32.065752],[34.774326,32.065801],[34.774697,32.06588],[34.774745,32.065919],[34.774761,32.065951],[34.774766,32.065962],[34.774799,32.065953],[34.774985,32.0659],[34.774991,32.065885],[34.775274,32.065077],[34.775296,32.065021]]]},"properties":{"sa":552,"name":"אזור סטטיסטי 552","winner":"yesh_atid","winnerShare":0.3781,"valid":3335,"turnout":0.5269,"parties":{"other":75687,"labor":436,"habait":19,"utj":41,"hadash":80,"rz":78,"gantz":362,"yb":116,"likud":309,"meretz":533,"raam":11,"yesh_atid":1261,"shas":29,"balad":8},"sh_likud":0.0927,"sh_yesh_atid":0.3781,"sh_shas":0.0087,"sh_utj":0.0123,"sh_rz":0.0234,"sh_labor":0.1307,"sh_gantz":0.1085,"sh_yb":0.0348,"sh_meretz":0.1598,"sh_raam":0.0033,"sh_hadash":0.024,"sh_balad":0.0024,"sh_habait":0.0057,"sh_other":22.6948}},{"type":"Feature","geometry":{"type":"Polygon","coordinates":[[[34.777229,32.068377],[34.777225,32.068363],[34.777002,32.067651],[34.776941,32.067456],[34.776758,32.066873],[34.776754,32.066861],[34.77673,32.066783],[34.776599,32.066507],[34.776534,32.066371],[34.77645,32.066223],[34.77643,32.066197],[34.776385,32.066143],[34.775904,32.065639],[34.775825,32.065558],[34.77535,32.065043],[34.775312,32.065028],[34.775296,32.065021],[34.775274,32.065077],[34.774991,32.065885],[34.774985,32.0659],[34.774799,32.065953],[34.774766,32.065962],[34.774843,32.06612],[34.774911,32.066295],[34.775035,32.06661],[34.775105,32.066787],[34.775194,32.067014],[34.775296,32.067274],[34.775301,32.067286],[34.775415,32.067576],[34.775539,32.067892],[34.775576,32.067996],[34.775577,32.067999],[34.775581,32.06801],[34.775613,32.0681],[34.775772,32.068624],[34.775792,32.068694],[34.775796,32.068708],[34.775827,32.068701],[34.776089,32.068643],[34.776121,32.068635],[34.776223,32.068609],[34.776544,32.068528],[34.776916,32.068446],[34.777229,32.068377]]]},"properties":{"sa":553,"name":"אזור סטטיסטי 553","winner":"yesh_atid","winnerShare":0.3469,"valid":1421,"turnout":0.5589,"parties":{"other":30270,"labor":170,"utj":30,"hadash":23,"rz":45,"gantz":166,"yb":54,"likud":150,"meretz":240,"raam":6,"yesh_atid":493,"shas":16,"habait":6,"balad":2},"sh_likud":0.1056,"sh_yesh_atid":0.3469,"sh_shas":0.0113,"sh_utj":0.0211,"sh_rz":0.0317,"sh_labor":0.1196,"sh_gantz":0.1168,"sh_yb":0.038,"sh_meretz":0.1689,"sh_raam":0.0042,"sh_hadash":0.0162,"sh_balad":0.0014,"sh_habait":0.0042,"sh_other":21.3019}},{"type":"Feature","geometry":{"type":"Polygon","coordinates":[[[34.779929,32.067758],[34.779922,32.067746],[34.779875,32.067665],[34.779766,32.0675],[34.779607,32.06726],[34.779599,32.067247],[34.779503,32.067102],[34.779406,32.066955],[34.779283,32.066769],[34.779151,32.066569],[34.779007,32.066352],[34.778917,32.066215],[34.778873,32.066148],[34.778835,32.065982],[34.778828,32.065955],[34.778817,32.065904],[34.778704,32.065677],[34.778506,32.065713],[34.778493,32.065699],[34.778318,32.06552],[34.778223,32.065436],[34.777912,32.06516],[34.777606,32.064888],[34.777562,32.064849],[34.777388,32.064682],[34.777324,32.06463],[34.77692,32.0643],[34.776812,32.064211],[34.775971,32.063583],[34.77596,32.063575],[34.77579,32.063888],[34.775684,32.064082],[34.775628,32.06421],[34.775551,32.064387],[34.775534,32.064427],[34.775307,32.064994],[34.775296,32.065021],[34.775312,32.065028],[34.77535,32.065043],[34.775825,32.065558],[34.775904,32.065639],[34.776385,32.066143],[34.77643,32.066197],[34.77645,32.066223],[34.776534,32.066371],[34.776599,32.066507],[34.77673,32.066783],[34.776754,32.066861],[34.776758,32.066873],[34.776941,32.067456],[34.777002,32.067651],[34.777225,32.068363],[34.777229,32.068377],[34.777261,32.06837],[34.777541,32.068308],[34.777598,32.068296],[34.777945,32.068219],[34.77818,32.068167],[34.778213,32.06816],[34.778441,32.068109],[34.778509,32.068094],[34.778645,32.068064],[34.779148,32.067954],[34.779167,32.067949],[34.77929,32.067922],[34.77939,32.067896],[34.779422,32.067888],[34.779684,32.067821],[34.779929,32.067758]]]},"properties":{"sa":554,"name":"אזור סטטיסטי 554","winner":"yesh_atid","winnerShare":0.3604,"valid":2880,"turnout":0.6183,"parties":{"other":52624,"labor":395,"habait":20,"utj":41,"balad":7,"hadash":84,"rz":66,"gantz":281,"yb":90,"likud":206,"meretz":593,"raam":12,"yesh_atid":1038,"shas":7},"sh_likud":0.0715,"sh_yesh_atid":0.3604,"sh_shas":0.0024,"sh_utj":0.0142,"sh_rz":0.0229,"sh_labor":0.1372,"sh_gantz":0.0976,"sh_yb":0.0313,"sh_meretz":0.2059,"sh_raam":0.0042,"sh_hadash":0.0292,"sh_balad":0.0024,"sh_habait":0.0069,"sh_other":18.2722}},{"type":"Feature","geometry":{"type":"Polygon","coordinates":[[[34.782807,32.06957],[34.782815,32.069546],[34.782835,32.069484],[34.782887,32.069268],[34.78304,32.068644],[34.783193,32.068016],[34.783289,32.067624],[34.783356,32.067351],[34.783476,32.066822],[34.78351,32.066673],[34.783573,32.066401],[34.783626,32.066168],[34.783664,32.066069],[34.783686,32.066011],[34.783697,32.065981],[34.783687,32.065972],[34.78352,32.065818],[34.783079,32.065435],[34.7825,32.064956],[34.782496,32.064952],[34.78213,32.064673],[34.782072,32.064643],[34.782064,32.064638],[34.781606,32.064407],[34.781263,32.064233],[34.78118,32.064184],[34.781167,32.064176],[34.780459,32.063764],[34.780409,32.063736],[34.780347,32.063703],[34.780201,32.063626],[34.780149,32.063598],[34.779846,32.06344],[34.779336,32.063206],[34.779293,32.063187],[34.779027,32.063351],[34.778895,32.063417],[34.778752,32.06349],[34.778414,32.063618],[34.778076,32.06371],[34.778012,32.063723],[34.777822,32.063764],[34.7775,32.063795],[34.777447,32.063794],[34.777177,32.063776],[34.776905,32.063731],[34.776598,32.063661],[34.776503,32.063623],[34.77651,32.063523],[34.776296,32.063443],[34.776086,32.063351],[34.776072,32.063345],[34.77596,32.063575],[34.775971,32.063583],[34.776812,32.064211],[34.77692,32.0643],[34.777324,32.06463],[34.777388,32.064682],[34.777562,32.064849],[34.777606,32.064888],[34.777912,32.06516],[34.778223,32.065436],[34.778318,32.06552],[34.778493,32.065699],[34.778506,32.065713],[34.778704,32.065677],[34.778817,32.065904],[34.778828,32.065955],[34.778835,32.065982],[34.778873,32.066148],[34.778917,32.066215],[34.779007,32.066352],[34.779151,32.066569],[34.779283,32.066769],[34.779406,32.066955],[34.779503,32.067102],[34.779599,32.067247],[34.779607,32.06726],[34.779766,32.0675],[34.779875,32.067665],[34.779922,32.067746],[34.779929,32.067758],[34.779994,32.067856],[34.780445,32.068666],[34.780541,32.068838],[34.780712,32.069145],[34.780775,32.069258],[34.780851,32.069396],[34.780967,32.069588],[34.781143,32.069879],[34.781177,32.06987],[34.78128,32.069842],[34.781549,32.069779],[34.78171,32.069741],[34.781946,32.069692],[34.782262,32.069634],[34.782311,32.069625],[34.782479,32.069597],[34.782627,32.069577],[34.782772,32.069564],[34.782807,32.06957]]]},"properties":{"sa":611,"name":"אזור סטטיסטי 611","winner":"yesh_atid","winnerShare":0.325,"valid":2123,"turnout":0.6369,"parties":{"other":37904,"labor":352,"utj":98,"balad":8,"hadash":79,"rz":32,"gantz":156,"yb":52,"likud":113,"meretz":492,"raam":7,"yesh_atid":690,"shas":15,"habait":6},"sh_likud":0.0532,"sh_yesh_atid":0.325,"sh_shas":0.0071,"sh_utj":0.0462,"sh_rz":0.0151,"sh_labor":0.1658,"sh_gantz":0.0735,"sh_yb":0.0245,"sh_meretz":0.2317,"sh_raam":0.0033,"sh_hadash":0.0372,"sh_balad":0.0038,"sh_habait":0.0028,"sh_other":17.854}},{"type":"Feature","geometry":{"type":"Polygon","coordinates":[[[34.782807,32.06957],[34.782772,32.069564],[34.782627,32.069577],[34.782479,32.069597],[34.782311,32.069625],[34.782262,32.069634],[34.781946,32.069692],[34.78171,32.069741],[34.781549,32.069779],[34.78128,32.069842],[34.781177,32.06987],[34.781143,32.069879],[34.781206,32.069982],[34.781283,32.070104],[34.78139,32.070273],[34.781397,32.070285],[34.781478,32.070413],[34.781508,32.07046],[34.781642,32.07067],[34.781757,32.070851],[34.781797,32.070915],[34.781867,32.070985],[34.781948,32.071068],[34.781961,32.07108],[34.781905,32.071175],[34.781873,32.071323],[34.781857,32.07174],[34.781842,32.072191],[34.78184,32.072246],[34.781829,32.072571],[34.781816,32.072954],[34.781799,32.073387],[34.781794,32.073521],[34.78178,32.073768],[34.781739,32.074281],[34.781717,32.074616],[34.7817,32.074878],[34.781657,32.075439],[34.78165,32.075511],[34.781648,32.075531],[34.781673,32.07553],[34.781775,32.075526],[34.782048,32.07553],[34.782476,32.075553],[34.782876,32.075574],[34.783126,32.075587],[34.783366,32.075599],[34.783439,32.075599],[34.783538,32.075599],[34.784294,32.075642],[34.784392,32.075649],[34.784393,32.075626],[34.784399,32.07553],[34.78452,32.075091],[34.7847,32.074211],[34.784741,32.07358],[34.784743,32.073459],[34.784841,32.073462],[34.785359,32.073466],[34.786016,32.073482],[34.78604,32.073482],[34.786146,32.073482],[34.786146,32.073461],[34.786134,32.072652],[34.786135,32.072502],[34.786142,32.071579],[34.786143,32.071514],[34.786132,32.071329],[34.786078,32.07117],[34.786024,32.0711],[34.786009,32.071045],[34.785995,32.070997],[34.78598,32.070855],[34.785977,32.07083],[34.785964,32.070472],[34.78599,32.070363],[34.785997,32.070358],[34.786057,32.070319],[34.786079,32.070276],[34.786102,32.070233],[34.786128,32.070144],[34.786115,32.06987],[34.786115,32.069863],[34.786091,32.06938],[34.78589,32.069393],[34.783856,32.069532],[34.783794,32.069536],[34.783498,32.069554],[34.783229,32.06957],[34.783151,32.069572],[34.782903,32.069587],[34.782807,32.06957]]]},"properties":{"sa":612,"name":"אזור סטטיסטי 612","winner":"yesh_atid","winnerShare":0.3629,"valid":3731,"turnout":0.5966,"parties":{"other":73794,"labor":485,"habait":31,"utj":23,"balad":9,"hadash":87,"rz":62,"gantz":434,"yb":123,"likud":311,"meretz":732,"raam":8,"yesh_atid":1354,"shas":10},"sh_likud":0.0834,"sh_yesh_atid":0.3629,"sh_shas":0.0027,"sh_utj":0.0062,"sh_rz":0.0166,"sh_labor":0.13,"sh_gantz":0.1163,"sh_yb":0.033,"sh_meretz":0.1962,"sh_raam":0.0021,"sh_hadash":0.0233,"sh_balad":0.0024,"sh_habait":0.0083,"sh_other":19.7786}},{"type":"Feature","geometry":{"type":"Polygon","coordinates":[[[34.793146,32.078547],[34.79314,32.078526],[34.793098,32.078373],[34.792982,32.078149],[34.792889,32.077991],[34.79274,32.077742],[34.792453,32.077247],[34.792362,32.077114],[34.792157,32.076813],[34.791946,32.076491],[34.79191,32.076435],[34.791772,32.076225],[34.791491,32.07575],[34.791415,32.075622],[34.791163,32.0751],[34.79099,32.074667],[34.790623,32.07367],[34.790509,32.073372],[34.790501,32.073354],[34.790371,32.073013],[34.790266,32.072742],[34.790098,32.072377],[34.790046,32.072265],[34.789818,32.071865],[34.789755,32.071769],[34.789572,32.071491],[34.789489,32.071373],[34.789299,32.071106],[34.789277,32.071078],[34.789051,32.07078],[34.788737,32.070412],[34.788734,32.070407],[34.788629,32.070305],[34.788586,32.070263],[34.78842,32.070102],[34.788393,32.070073],[34.788096,32.069759],[34.787857,32.069488],[34.787712,32.069279],[34.787655,32.069245],[34.787395,32.069087],[34.786733,32.068544],[34.786432,32.06829],[34.786106,32.068009],[34.785744,32.067698],[34.785168,32.067227],[34.784411,32.066608],[34.783948,32.066208],[34.783711,32.065994],[34.783697,32.065981],[34.783686,32.066011],[34.783664,32.066069],[34.783626,32.066168],[34.783573,32.066401],[34.78351,32.066673],[34.783476,32.066822],[34.783356,32.067351],[34.783289,32.067624],[34.783193,32.068016],[34.78304,32.068644],[34.782887,32.069268],[34.782835,32.069484],[34.782815,32.069546],[34.782807,32.06957],[34.782903,32.069587],[34.783151,32.069572],[34.783229,32.06957],[34.783498,32.069554],[34.783794,32.069536],[34.783856,32.069532],[34.78589,32.069393],[34.786091,32.06938],[34.786115,32.069863],[34.786115,32.06987],[34.786128,32.070144],[34.786102,32.070233],[34.786079,32.070276],[34.786057,32.070319],[34.785997,32.070358],[34.78599,32.070363],[34.785964,32.070472],[34.785977,32.07083],[34.78598,32.070855],[34.785995,32.070997],[34.786009,32.071045],[34.786024,32.0711],[34.786078,32.07117],[34.786132,32.071329],[34.786143,32.071514],[34.786142,32.071579],[34.786135,32.072502],[34.786134,32.072652],[34.786146,32.073461],[34.786146,32.073482],[34.78604,32.073482],[34.786016,32.073482],[34.785359,32.073466],[34.784841,32.073462],[34.784743,32.073459],[34.784741,32.07358],[34.7847,32.074211],[34.78452,32.075091],[34.784399,32.07553],[34.784393,32.075626],[34.784392,32.075649],[34.784468,32.075655],[34.785142,32.075768],[34.785493,32.075853],[34.78599,32.076],[34.786069,32.076027],[34.786754,32.076263],[34.787,32.076345],[34.787138,32.076391],[34.787386,32.076474],[34.78771,32.076582],[34.787882,32.07664],[34.788749,32.07693],[34.788836,32.076963],[34.788854,32.076969],[34.788966,32.077011],[34.789631,32.077233],[34.790185,32.077418],[34.790421,32.077497],[34.791482,32.077852],[34.791736,32.077936],[34.791996,32.07804],[34.792363,32.07825],[34.792489,32.078323],[34.792547,32.078357],[34.792597,32.07838],[34.792802,32.078475],[34.792996,32.078548],[34.793056,32.078548],[34.793146,32.078547]]]},"properties":{"sa":613,"name":"אזור סטטיסטי 613"}},{"type":"Feature","geometry":{"type":"Polygon","coordinates":[[[34.797873,32.0802],[34.797795,32.080059],[34.797773,32.080019],[34.797673,32.079854],[34.797602,32.079736],[34.797561,32.079677],[34.797411,32.079463],[34.797333,32.079352],[34.797176,32.079173],[34.797089,32.079074],[34.796943,32.078909],[34.796909,32.07887],[34.796664,32.078687],[34.79636,32.078365],[34.79526,32.077209],[34.795182,32.077127],[34.794988,32.076922],[34.794417,32.076174],[34.794221,32.075827],[34.794196,32.075782],[34.794168,32.075733],[34.794109,32.075627],[34.793887,32.075044],[34.793918,32.074774],[34.793896,32.074272],[34.793894,32.073921],[34.793913,32.073563],[34.79397,32.073195],[34.793997,32.073062],[34.793991,32.072941],[34.794008,32.072636],[34.793783,32.072701],[34.793515,32.072785],[34.793333,32.072842],[34.793132,32.072905],[34.79291,32.072975],[34.792805,32.073008],[34.79263,32.073075],[34.792575,32.073097],[34.79233,32.073179],[34.792105,32.073232],[34.792081,32.073238],[34.791553,32.073293],[34.791545,32.073294],[34.790682,32.073358],[34.79065,32.07336],[34.790542,32.073369],[34.790509,32.073372],[34.790623,32.07367],[34.79099,32.074667],[34.791163,32.0751],[34.791415,32.075622],[34.791491,32.07575],[34.791772,32.076225],[34.79191,32.076435],[34.791946,32.076491],[34.792157,32.076813],[34.792362,32.077114],[34.792453,32.077247],[34.79274,32.077742],[34.792889,32.077991],[34.792982,32.078149],[34.793098,32.078373],[34.79314,32.078526],[34.793146,32.078547],[34.793185,32.078559],[34.79338,32.078618],[34.793647,32.078747],[34.793926,32.078941],[34.794472,32.079348],[34.794903,32.079651],[34.795073,32.07977],[34.795544,32.080077],[34.795659,32.080141],[34.795745,32.080191],[34.796843,32.08083],[34.79696,32.080901],[34.796994,32.080922],[34.797016,32.080898],[34.797121,32.080778],[34.797144,32.080759],[34.797173,32.080735],[34.79729,32.08064],[34.797396,32.080554],[34.79746,32.080502],[34.797497,32.080472],[34.797588,32.080404],[34.797594,32.0804],[34.797873,32.0802]]]},"properties":{"sa":621,"name":"אזור סטטיסטי 621"}},{"type":"Feature","geometry":{"type":"Polygon","coordinates":[[[34.794008,32.072636],[34.794006,32.072623],[34.79398,32.072466],[34.793809,32.071768],[34.793613,32.070755],[34.793551,32.070524],[34.79345,32.070198],[34.793289,32.06987],[34.79322,32.069496],[34.792971,32.068559],[34.792819,32.068109],[34.792758,32.067964],[34.79064,32.068272],[34.787565,32.068723],[34.787621,32.068878],[34.787637,32.068984],[34.787655,32.069245],[34.787712,32.069279],[34.787857,32.069488],[34.788096,32.069759],[34.788393,32.070073],[34.78842,32.070102],[34.788586,32.070263],[34.788629,32.070305],[34.788734,32.070407],[34.788737,32.070412],[34.789051,32.07078],[34.789277,32.071078],[34.789299,32.071106],[34.789489,32.071373],[34.789572,32.071491],[34.789755,32.071769],[34.789818,32.071865],[34.790046,32.072265],[34.790098,32.072377],[34.790266,32.072742],[34.790371,32.073013],[34.790501,32.073354],[34.790509,32.073372],[34.790542,32.073369],[34.79065,32.07336],[34.790682,32.073358],[34.791545,32.073294],[34.791553,32.073293],[34.792081,32.073238],[34.792105,32.073232],[34.79233,32.073179],[34.792575,32.073097],[34.79263,32.073075],[34.792805,32.073008],[34.79291,32.072975],[34.793132,32.072905],[34.793333,32.072842],[34.793515,32.072785],[34.793783,32.072701],[34.794008,32.072636]]]},"properties":{"sa":622,"name":"אזור סטטיסטי 622","winner":"yesh_atid","winnerShare":0.3501,"valid":1431,"turnout":0.5693,"parties":{"other":38221,"labor":144,"habait":9,"hadash":19,"rz":55,"gantz":196,"yb":87,"likud":207,"meretz":140,"yesh_atid":501,"shas":16,"utj":8,"balad":8},"sh_likud":0.1447,"sh_yesh_atid":0.3501,"sh_shas":0.0112,"sh_utj":0.0056,"sh_rz":0.0384,"sh_labor":0.1006,"sh_gantz":0.137,"sh_yb":0.0608,"sh_meretz":0.0978,"sh_hadash":0.0133,"sh_balad":0.0056,"sh_habait":0.0063,"sh_other":26.7093}},{"type":"Feature","geometry":{"type":"Polygon","coordinates":[[[34.792758,32.067964],[34.792752,32.067949],[34.792745,32.067933],[34.79246,32.067263],[34.792209,32.066798],[34.791902,32.06633],[34.791648,32.065975],[34.791556,32.065863],[34.79132,32.065586],[34.79098,32.065224],[34.790585,32.064843],[34.79046,32.064741],[34.790326,32.06463],[34.787273,32.065189],[34.786323,32.065399],[34.783697,32.065981],[34.783711,32.065994],[34.783948,32.066208],[34.784411,32.066608],[34.785168,32.067227],[34.785744,32.067698],[34.786106,32.068009],[34.786432,32.06829],[34.786733,32.068544],[34.787395,32.069087],[34.787655,32.069245],[34.787637,32.068984],[34.787621,32.068878],[34.787565,32.068723],[34.79064,32.068272],[34.792758,32.067964]]]},"properties":{"sa":623,"name":"אזור סטטיסטי 623"}},{"type":"Feature","geometry":{"type":"Polygon","coordinates":[[[34.786323,32.065399],[34.786179,32.065097],[34.786061,32.064793],[34.786023,32.064696],[34.785838,32.064314],[34.785735,32.06412],[34.785635,32.063933],[34.78546,32.063618],[34.785441,32.063583],[34.785342,32.063396],[34.785278,32.063246],[34.785235,32.063149],[34.785206,32.063083],[34.785086,32.062773],[34.785027,32.062627],[34.784973,32.062507],[34.784767,32.061687],[34.784468,32.060091],[34.78426,32.059227],[34.78425,32.059227],[34.784085,32.059241],[34.783815,32.059214],[34.783814,32.059215],[34.783762,32.059263],[34.78205,32.060731],[34.780696,32.06191],[34.780555,32.062031],[34.780484,32.062091],[34.780418,32.062145],[34.780361,32.062195],[34.779893,32.06261],[34.779795,32.062693],[34.779597,32.062856],[34.77935,32.063061],[34.779254,32.063135],[34.779227,32.063156],[34.779293,32.063187],[34.779336,32.063206],[34.779846,32.06344],[34.780149,32.063598],[34.780201,32.063626],[34.780347,32.063703],[34.780409,32.063736],[34.780459,32.063764],[34.781167,32.064176],[34.78118,32.064184],[34.781263,32.064233],[34.781606,32.064407],[34.782064,32.064638],[34.782072,32.064643],[34.78213,32.064673],[34.782496,32.064952],[34.7825,32.064956],[34.783079,32.065435],[34.78352,32.065818],[34.783687,32.065972],[34.783697,32.065981],[34.786323,32.065399]]]},"properties":{"sa":624,"name":"אזור סטטיסטי 624","winner":"yesh_atid","winnerShare":0.2949,"valid":1119,"turnout":0.3115,"parties":{"other":45539,"labor":117,"utj":13,"balad":11,"hadash":30,"rz":57,"gantz":83,"yb":52,"likud":197,"meretz":179,"yesh_atid":330,"shas":21,"habait":1,"raam":2},"sh_likud":0.1761,"sh_yesh_atid":0.2949,"sh_shas":0.0188,"sh_utj":0.0116,"sh_rz":0.0509,"sh_labor":0.1046,"sh_gantz":0.0742,"sh_yb":0.0465,"sh_meretz":0.16,"sh_raam":0.0018,"sh_hadash":0.0268,"sh_balad":0.0098,"sh_habait":0.0009,"sh_other":40.6962}},{"type":"Feature","geometry":{"type":"Polygon","coordinates":[[[34.790326,32.06463],[34.790198,32.064526],[34.790175,32.064507],[34.789096,32.063662],[34.788532,32.063161],[34.788068,32.062672],[34.787843,32.062369],[34.787665,32.062129],[34.787639,32.062094],[34.787549,32.061947],[34.787373,32.061676],[34.787303,32.061528],[34.787139,32.061182],[34.786956,32.06071],[34.786791,32.060171],[34.78677,32.060102],[34.786577,32.059473],[34.786534,32.059332],[34.78629,32.059313],[34.786086,32.059297],[34.785867,32.059279],[34.78562,32.059281],[34.784942,32.059234],[34.784808,32.059233],[34.784387,32.059215],[34.78426,32.059227],[34.784468,32.060091],[34.784767,32.061687],[34.784973,32.062507],[34.785027,32.062627],[34.785086,32.062773],[34.785206,32.063083],[34.785235,32.063149],[34.785278,32.063246],[34.785342,32.063396],[34.785441,32.063583],[34.78546,32.063618],[34.785635,32.063933],[34.785735,32.06412],[34.785838,32.064314],[34.786023,32.064696],[34.786061,32.064793],[34.786179,32.065097],[34.786323,32.065399],[34.787273,32.065189],[34.790326,32.06463]]]},"properties":{"sa":625,"name":"אזור סטטיסטי 625"}},{"type":"Feature","geometry":{"type":"Polygon","coordinates":[[[34.759916,32.057288],[34.759914,32.057268],[34.759905,32.057195],[34.759894,32.057077],[34.759876,32.056878],[34.759848,32.056583],[34.759844,32.056541],[34.759843,32.056528],[34.759799,32.056056],[34.759655,32.054947],[34.759546,32.054117],[34.759494,32.053717],[34.759491,32.053697],[34.759427,32.053238],[34.759363,32.052785],[34.759346,32.052666],[34.759264,32.052017],[34.759151,32.051155],[34.759122,32.050968],[34.75911,32.050872],[34.759109,32.050866],[34.758983,32.050986],[34.758956,32.051012],[34.758847,32.051117],[34.758819,32.051147],[34.75876,32.051199],[34.758562,32.051383],[34.758536,32.051407],[34.758239,32.051684],[34.758106,32.051804],[34.757644,32.052219],[34.757523,32.052325],[34.757315,32.052497],[34.757098,32.052677],[34.756928,32.052831],[34.756905,32.052854],[34.756521,32.0532],[34.756452,32.053282],[34.756341,32.053438],[34.756053,32.053741],[34.755984,32.05381],[34.755639,32.054197],[34.755617,32.054222],[34.75577,32.054349],[34.755925,32.0545],[34.755999,32.054606],[34.75602,32.054661],[34.756127,32.054632],[34.756255,32.054839],[34.756418,32.055252],[34.756492,32.055447],[34.756496,32.055452],[34.756403,32.055495],[34.756373,32.055508],[34.756072,32.055694],[34.75585,32.055725],[34.755799,32.055733],[34.755466,32.055763],[34.755369,32.055751],[34.754951,32.05587],[34.754605,32.055975],[34.754458,32.056003],[34.754427,32.056009],[34.754928,32.056235],[34.755546,32.056456],[34.756635,32.057295],[34.757062,32.057741],[34.757345,32.057657],[34.757472,32.057621],[34.757825,32.057507],[34.757818,32.057498],[34.757773,32.057439],[34.757823,32.057447],[34.758128,32.0575],[34.758264,32.057503],[34.758348,32.057533],[34.758481,32.057618],[34.758545,32.057626],[34.758568,32.05762],[34.758635,32.057602],[34.759148,32.057415],[34.759308,32.057357],[34.759372,32.057341],[34.759573,32.057292],[34.759753,32.057276],[34.759754,32.057288],[34.759916,32.057288]]]},"properties":{"sa":711,"name":"אזור סטטיסטי 711"}},{"type":"Feature","geometry":{"type":"Polygon","coordinates":[[[34.765115,32.054771],[34.765105,32.054769],[34.765105,32.054769],[34.764858,32.054719],[34.764605,32.054661],[34.764308,32.054604],[34.764063,32.054536],[34.763841,32.054509],[34.763644,32.054507],[34.7633,32.054489],[34.763079,32.05449],[34.762818,32.0545],[34.762654,32.054519],[34.762536,32.054541],[34.762249,32.054591],[34.761965,32.05464],[34.761664,32.054692],[34.761654,32.054693],[34.761263,32.054762],[34.761056,32.054798],[34.761049,32.054799],[34.760764,32.054848],[34.7606,32.054872],[34.760428,32.054889],[34.760388,32.054891],[34.760354,32.054893],[34.76013,32.05491],[34.760129,32.05491],[34.759879,32.054931],[34.759736,32.054943],[34.759655,32.054947],[34.759799,32.056056],[34.759843,32.056528],[34.759844,32.056541],[34.759848,32.056583],[34.759876,32.056878],[34.759907,32.056884],[34.760115,32.056923],[34.760329,32.056953],[34.760815,32.05702],[34.760904,32.057037],[34.761523,32.057152],[34.761761,32.057196],[34.762151,32.057285],[34.762296,32.057321],[34.762348,32.057338],[34.762674,32.057445],[34.763871,32.057876],[34.76403,32.057941],[34.764034,32.057943],[34.764174,32.057663],[34.764681,32.056701],[34.7648,32.05642],[34.765015,32.055411],[34.765115,32.054771]]]},"properties":{"sa":712,"name":"אזור סטטיסטי 712"}},{"type":"Feature","geometry":{"type":"Polygon","coordinates":[[[34.770819,32.054742],[34.770817,32.054722],[34.770812,32.054666],[34.770817,32.054449],[34.770836,32.054004],[34.770842,32.053874],[34.770831,32.053822],[34.77081,32.053721],[34.770702,32.053558],[34.770542,32.053378],[34.770425,32.053205],[34.770382,32.053094],[34.77036,32.053039],[34.770343,32.052941],[34.770333,32.052882],[34.7702,32.051812],[34.770186,32.051706],[34.770126,32.051354],[34.770083,32.051381],[34.769864,32.051485],[34.769349,32.051651],[34.769237,32.051674],[34.768995,32.051721],[34.768682,32.051785],[34.76855,32.051812],[34.767167,32.052222],[34.765829,32.052618],[34.765571,32.052695],[34.765403,32.052759],[34.765387,32.052904],[34.765309,32.053249],[34.765208,32.053601],[34.765196,32.053715],[34.765192,32.053749],[34.765141,32.054207],[34.765133,32.05467],[34.765119,32.054747],[34.765116,32.054763],[34.765115,32.054771],[34.765138,32.054775],[34.765348,32.054808],[34.766415,32.054921],[34.766694,32.054943],[34.766815,32.054952],[34.766922,32.054956],[34.766951,32.054957],[34.767162,32.054966],[34.767251,32.054966],[34.76763,32.054969],[34.7677,32.054966],[34.768067,32.05495],[34.768069,32.05495],[34.768378,32.054925],[34.768648,32.054901],[34.768917,32.054878],[34.769505,32.054835],[34.769533,32.054832],[34.769584,32.054827],[34.770173,32.054779],[34.770504,32.054752],[34.770753,32.054743],[34.770819,32.054742]]]},"properties":{"sa":713,"name":"אזור סטטיסטי 713"}},{"type":"Feature","geometry":{"type":"Polygon","coordinates":[[[34.770126,32.051354],[34.770107,32.051228],[34.770008,32.050947],[34.769959,32.050844],[34.769956,32.050838],[34.769882,32.050682],[34.769695,32.050351],[34.769531,32.050069],[34.76942,32.049877],[34.769375,32.04976],[34.769337,32.04966],[34.769282,32.049478],[34.769254,32.049318],[34.769209,32.049011],[34.769183,32.048887],[34.769156,32.048758],[34.769147,32.048682],[34.769125,32.048579],[34.769107,32.048451],[34.769094,32.04839],[34.769045,32.048032],[34.768968,32.047392],[34.768921,32.047121],[34.768881,32.047002],[34.768848,32.046901],[34.76871,32.046438],[34.768618,32.04619],[34.768541,32.045986],[34.768441,32.045819],[34.76843,32.045799],[34.768377,32.045743],[34.768274,32.045624],[34.768235,32.04559],[34.76805,32.045406],[34.767952,32.045311],[34.767946,32.045305],[34.767848,32.045423],[34.767609,32.045646],[34.767105,32.046144],[34.766466,32.046771],[34.766098,32.047126],[34.765948,32.047272],[34.765798,32.047413],[34.765612,32.047587],[34.76548,32.04771],[34.765288,32.047866],[34.765282,32.047871],[34.76528,32.047872],[34.76514,32.047966],[34.764897,32.048097],[34.764593,32.048262],[34.76442,32.048348],[34.764055,32.048529],[34.764002,32.04856],[34.763749,32.048683],[34.763687,32.048715],[34.763655,32.048729],[34.763718,32.048809],[34.763858,32.049019],[34.763871,32.049037],[34.763916,32.049103],[34.764226,32.049683],[34.764278,32.04976],[34.764339,32.049849],[34.764446,32.05005],[34.764553,32.050252],[34.764802,32.05072],[34.765084,32.05125],[34.765133,32.051342],[34.765217,32.0515],[34.765257,32.051595],[34.765292,32.051675],[34.76534,32.051836],[34.76538,32.051965],[34.765428,32.052424],[34.765419,32.052621],[34.765405,32.052749],[34.765403,32.052759],[34.765571,32.052695],[34.765829,32.052618],[34.767167,32.052222],[34.76855,32.051812],[34.768682,32.051785],[34.768995,32.051721],[34.769237,32.051674],[34.769349,32.051651],[34.769864,32.051485],[34.770083,32.051381],[34.770126,32.051354]]]},"properties":{"sa":714,"name":"אזור סטטיסטי 714"}},{"type":"Feature","geometry":{"type":"Polygon","coordinates":[[[34.765115,32.054771],[34.765116,32.054763],[34.765119,32.054747],[34.765133,32.05467],[34.765141,32.054207],[34.765192,32.053749],[34.765196,32.053715],[34.765208,32.053601],[34.765309,32.053249],[34.765387,32.052904],[34.765403,32.052759],[34.765405,32.052749],[34.765419,32.052621],[34.765428,32.052424],[34.76538,32.051965],[34.76534,32.051836],[34.765292,32.051675],[34.765257,32.051595],[34.765217,32.0515],[34.765133,32.051342],[34.765084,32.05125],[34.764802,32.05072],[34.764553,32.050252],[34.764446,32.05005],[34.764339,32.049849],[34.764278,32.04976],[34.764226,32.049683],[34.763916,32.049103],[34.763871,32.049037],[34.763858,32.049019],[34.763718,32.048809],[34.763655,32.048729],[34.763558,32.048782],[34.763293,32.048908],[34.763199,32.048949],[34.762965,32.049058],[34.762668,32.04918],[34.762339,32.049305],[34.761807,32.049487],[34.761636,32.049546],[34.76105,32.049746],[34.760943,32.049774],[34.760941,32.049775],[34.760775,32.049819],[34.76043,32.049927],[34.760382,32.049943],[34.760342,32.04996],[34.76012,32.050048],[34.760082,32.050063],[34.759987,32.050126],[34.759798,32.050267],[34.759679,32.050354],[34.759296,32.050688],[34.759109,32.050866],[34.75911,32.050872],[34.759122,32.050968],[34.759151,32.051155],[34.759264,32.052017],[34.759346,32.052666],[34.759363,32.052785],[34.759427,32.053238],[34.759491,32.053697],[34.759494,32.053717],[34.759546,32.054117],[34.759655,32.054947],[34.759736,32.054943],[34.759879,32.054931],[34.760129,32.05491],[34.76013,32.05491],[34.760354,32.054893],[34.760388,32.054891],[34.760428,32.054889],[34.7606,32.054872],[34.760764,32.054848],[34.761049,32.054799],[34.761056,32.054798],[34.761263,32.054762],[34.761654,32.054693],[34.761664,32.054692],[34.761965,32.05464],[34.762249,32.054591],[34.762536,32.054541],[34.762654,32.054519],[34.762818,32.0545],[34.763079,32.05449],[34.7633,32.054489],[34.763644,32.054507],[34.763841,32.054509],[34.764063,32.054536],[34.764308,32.054604],[34.764605,32.054661],[34.764858,32.054719],[34.765105,32.054769],[34.765105,32.054769],[34.765115,32.054771]]]},"properties":{"sa":715,"name":"אזור סטטיסטי 715"}},{"type":"Feature","geometry":{"type":"Polygon","coordinates":[[[34.759109,32.050866],[34.759296,32.050688],[34.759679,32.050354],[34.759798,32.050267],[34.759987,32.050126],[34.760082,32.050063],[34.76012,32.050048],[34.760342,32.04996],[34.760382,32.049943],[34.76043,32.049927],[34.760775,32.049819],[34.760941,32.049775],[34.760943,32.049774],[34.76105,32.049746],[34.761636,32.049546],[34.761807,32.049487],[34.762339,32.049305],[34.762668,32.04918],[34.762965,32.049058],[34.763199,32.048949],[34.763293,32.048908],[34.763558,32.048782],[34.763655,32.048729],[34.763645,32.048717],[34.76363,32.048698],[34.763594,32.048652],[34.763502,32.048524],[34.763442,32.048439],[34.76339,32.048352],[34.763354,32.048286],[34.763327,32.04824],[34.763304,32.048198],[34.763286,32.048167],[34.763263,32.048127],[34.763241,32.048075],[34.763225,32.048036],[34.763211,32.048003],[34.763197,32.047968],[34.763175,32.047917],[34.763166,32.047896],[34.763156,32.04786],[34.763133,32.047779],[34.763113,32.04771],[34.7631,32.047664],[34.763085,32.047599],[34.763078,32.047569],[34.763066,32.047507],[34.763052,32.047435],[34.763035,32.047351],[34.763024,32.047281],[34.763019,32.047254],[34.76301,32.0472],[34.762995,32.047108],[34.762982,32.047031],[34.762976,32.046998],[34.762965,32.04693],[34.762954,32.046864],[34.762949,32.04683],[34.762937,32.046749],[34.762928,32.046683],[34.762919,32.046621],[34.762899,32.046481],[34.762875,32.04632],[34.762873,32.04623],[34.762851,32.046158],[34.762833,32.046053],[34.762812,32.045882],[34.762808,32.045829],[34.762804,32.045761],[34.762802,32.045721],[34.762799,32.045681],[34.762794,32.045588],[34.762789,32.045504],[34.762784,32.045427],[34.762779,32.045338],[34.762775,32.045273],[34.762768,32.045162],[34.762763,32.045084],[34.762758,32.045001],[34.762753,32.044964],[34.762743,32.044908],[34.762726,32.044799],[34.762716,32.044746],[34.762694,32.044653],[34.762671,32.044556],[34.762653,32.044482],[34.762636,32.04441],[34.762622,32.044354],[34.762607,32.044294],[34.762592,32.044238],[34.762508,32.044267],[34.762261,32.044328],[34.762208,32.044338],[34.762092,32.044356],[34.76183,32.044404],[34.760795,32.044596],[34.760568,32.044642],[34.760536,32.044649],[34.759869,32.044826],[34.75968,32.044886],[34.759587,32.044911],[34.75907,32.045083],[34.75831,32.045335],[34.758158,32.045394],[34.758188,32.045494],[34.758271,32.046109],[34.758351,32.046602],[34.758351,32.046605],[34.758417,32.047013],[34.758523,32.04783],[34.758525,32.047846],[34.758602,32.048437],[34.758682,32.049053],[34.758743,32.04952],[34.758754,32.049601],[34.758757,32.04962],[34.758909,32.050678],[34.758909,32.050683],[34.758956,32.051012],[34.758983,32.050986],[34.759109,32.050866]]]},"properties":{"sa":721,"name":"אזור סטטיסטי 721"}},{"type":"Feature","geometry":{"type":"Polygon","coordinates":[[[34.762592,32.044238],[34.76259,32.044229],[34.762559,32.044108],[34.762516,32.043945],[34.762491,32.043792],[34.762484,32.043755],[34.762365,32.043042],[34.762328,32.042824],[34.762309,32.042689],[34.762258,32.042333],[34.762242,32.04222],[34.762223,32.042088],[34.762191,32.041854],[34.762189,32.041841],[34.762169,32.041706],[34.762116,32.041347],[34.762109,32.041296],[34.76206,32.04096],[34.762031,32.040775],[34.762029,32.040759],[34.761997,32.040559],[34.761965,32.040355],[34.76192,32.04019],[34.761863,32.039981],[34.76184,32.039914],[34.761811,32.039828],[34.761808,32.039818],[34.761782,32.039741],[34.76175,32.039655],[34.761709,32.039542],[34.761685,32.039476],[34.760764,32.03791],[34.760422,32.037498],[34.760335,32.0373],[34.760163,32.036905],[34.760153,32.036893],[34.759984,32.036554],[34.759952,32.036465],[34.759966,32.036463],[34.759926,32.036385],[34.759917,32.036369],[34.759885,32.036307],[34.759875,32.036282],[34.75987,32.036283],[34.759862,32.036283],[34.759826,32.036285],[34.759633,32.036322],[34.759589,32.036335],[34.759415,32.036407],[34.759353,32.036432],[34.759236,32.036504],[34.759222,32.036513],[34.75909,32.036609],[34.759017,32.036666],[34.758984,32.036703],[34.758958,32.036734],[34.758939,32.036748],[34.75878,32.036895],[34.758771,32.036903],[34.758741,32.036919],[34.758633,32.036992],[34.758605,32.037011],[34.758409,32.037084],[34.758072,32.03719],[34.757762,32.037288],[34.757687,32.037312],[34.757246,32.037442],[34.757215,32.037451],[34.757015,32.03751],[34.756498,32.037656],[34.756092,32.03778],[34.756013,32.037805],[34.755768,32.03788],[34.755545,32.037961],[34.755473,32.037987],[34.755442,32.037998],[34.755466,32.038061],[34.755473,32.038079],[34.755501,32.038158],[34.755672,32.038637],[34.755838,32.039104],[34.755906,32.039272],[34.755962,32.039416],[34.756157,32.039921],[34.756263,32.040208],[34.756586,32.041083],[34.756616,32.041165],[34.756751,32.041562],[34.756755,32.041574],[34.757137,32.042701],[34.7572,32.042886],[34.757345,32.04329],[34.757424,32.043507],[34.757816,32.044489],[34.757998,32.044943],[34.758043,32.045065],[34.758052,32.04509],[34.758137,32.045321],[34.758152,32.045372],[34.758158,32.045394],[34.75831,32.045335],[34.75907,32.045083],[34.759587,32.044911],[34.75968,32.044886],[34.759869,32.044826],[34.760536,32.044649],[34.760568,32.044642],[34.760795,32.044596],[34.76183,32.044404],[34.762092,32.044356],[34.762208,32.044338],[34.762261,32.044328],[34.762508,32.044267],[34.762592,32.044238]]]},"properties":{"sa":722,"name":"אזור סטטיסטי 722","winner":"likud","winnerShare":0.1931,"valid":1709,"turnout":0.5032,"parties":{"other":45553,"labor":155,"habait":4,"balad":247,"hadash":97,"rz":106,"gantz":106,"yb":48,"likud":330,"meretz":154,"raam":92,"yesh_atid":294,"shas":54,"utj":4},"sh_likud":0.1931,"sh_yesh_atid":0.172,"sh_shas":0.0316,"sh_utj":0.0023,"sh_rz":0.062,"sh_labor":0.0907,"sh_gantz":0.062,"sh_yb":0.0281,"sh_meretz":0.0901,"sh_raam":0.0538,"sh_hadash":0.0568,"sh_balad":0.1445,"sh_habait":0.0023,"sh_other":26.6548}},{"type":"Feature","geometry":{"type":"Polygon","coordinates":[[[34.759875,32.036282],[34.759855,32.036234],[34.759824,32.036162],[34.759794,32.03609],[34.75977,32.036023],[34.759752,32.03597],[34.759747,32.035957],[34.759724,32.035891],[34.759701,32.035832],[34.759678,32.035772],[34.759655,32.035713],[34.759635,32.035654],[34.759615,32.035594],[34.759595,32.035535],[34.759591,32.035514],[34.759578,32.035451],[34.75956,32.035368],[34.759543,32.035284],[34.759539,32.035265],[34.759525,32.035201],[34.759508,32.035117],[34.759499,32.035064],[34.759495,32.035039],[34.75949,32.03501],[34.759481,32.03495],[34.759473,32.03489],[34.759464,32.03483],[34.759456,32.034763],[34.759456,32.034762],[34.759448,32.034693],[34.759441,32.034624],[34.759435,32.034554],[34.759435,32.034549],[34.75943,32.034485],[34.759424,32.034415],[34.759423,32.034351],[34.759422,32.034337],[34.759421,32.034287],[34.759419,32.034223],[34.759419,32.034179],[34.759419,32.034146],[34.75942,32.03407],[34.75942,32.034011],[34.75942,32.033993],[34.75942,32.033917],[34.759421,32.033842],[34.759421,32.033836],[34.759421,32.033766],[34.759421,32.033691],[34.759424,32.033656],[34.759427,32.033615],[34.759432,32.033538],[34.759437,32.033462],[34.759437,32.033462],[34.759437,32.033461],[34.759439,32.033439],[34.759444,32.033374],[34.759451,32.033288],[34.759458,32.033201],[34.759467,32.033136],[34.759476,32.033072],[34.759479,32.033045],[34.759484,32.033008],[34.759496,32.03293],[34.759497,32.032918],[34.75942,32.03293],[34.759342,32.032942],[34.759272,32.032954],[34.759194,32.032968],[34.759104,32.032979],[34.759009,32.032996],[34.758913,32.033012],[34.758835,32.033026],[34.758731,32.033043],[34.758628,32.033059],[34.758524,32.033076],[34.758421,32.033093],[34.758317,32.03311],[34.758231,32.033124],[34.758229,32.033124],[34.758142,32.033138],[34.758054,32.033152],[34.757966,32.033166],[34.757878,32.03318],[34.75779,32.033195],[34.757688,32.033211],[34.757587,32.033227],[34.757485,32.033243],[34.757383,32.03326],[34.757281,32.033276],[34.757179,32.033292],[34.757077,32.033309],[34.756974,32.033326],[34.756872,32.033342],[34.756769,32.033359],[34.756688,32.033372],[34.756606,32.033386],[34.756525,32.033399],[34.756443,32.033412],[34.756373,32.033424],[34.756302,32.033435],[34.756206,32.033451],[34.756107,32.033466],[34.756025,32.033479],[34.755943,32.033492],[34.755941,32.033508],[34.755932,32.033509],[34.755468,32.033575],[34.755445,32.033579],[34.754879,32.033669],[34.754481,32.033732],[34.754406,32.033742],[34.754175,32.03378],[34.754065,32.03378],[34.754049,32.03378],[34.75393,32.033767],[34.753714,32.03374],[34.753665,32.033734],[34.753589,32.033725],[34.753511,32.033718],[34.753353,32.033726],[34.753282,32.033736],[34.753086,32.033766],[34.753075,32.033768],[34.753058,32.03377],[34.752873,32.033798],[34.752781,32.033814],[34.752737,32.033819],[34.752525,32.033862],[34.752521,32.033863],[34.752289,32.033903],[34.751966,32.033958],[34.751891,32.033971],[34.751853,32.033982],[34.751821,32.033991],[34.751865,32.034106],[34.752034,32.034452],[34.752197,32.034683],[34.752361,32.034878],[34.752382,32.034904],[34.752602,32.03512],[34.752843,32.035305],[34.752979,32.035397],[34.753088,32.03547],[34.753202,32.035529],[34.753317,32.035591],[34.753575,32.035702],[34.753934,32.035833],[34.75431,32.035946],[34.75443,32.036013],[34.75448,32.03604],[34.754625,32.03615],[34.75488,32.036396],[34.754975,32.036533],[34.755111,32.036839],[34.755365,32.037504],[34.755496,32.037849],[34.755542,32.037953],[34.755545,32.037961],[34.755768,32.03788],[34.756013,32.037805],[34.756092,32.03778],[34.756498,32.037656],[34.757015,32.03751],[34.757215,32.037451],[34.757246,32.037442],[34.757687,32.037312],[34.757762,32.037288],[34.758072,32.03719],[34.758409,32.037084],[34.758605,32.037011],[34.758633,32.036992],[34.758741,32.036919],[34.758771,32.036903],[34.75878,32.036895],[34.758939,32.036748],[34.758958,32.036734],[34.758984,32.036703],[34.759017,32.036666],[34.75909,32.036609],[34.759222,32.036513],[34.759236,32.036504],[34.759353,32.036432],[34.759415,32.036407],[34.759589,32.036335],[34.759633,32.036322],[34.759826,32.036285],[34.759862,32.036283],[34.75987,32.036283],[34.759875,32.036282]]]},"properties":{"sa":723,"name":"אזור סטטיסטי 723","winner":"likud","winnerShare":0.3089,"valid":1638,"turnout":0.4964,"parties":{"other":38804,"labor":45,"utj":10,"balad":124,"hadash":31,"rz":150,"gantz":167,"yb":115,"likud":506,"meretz":41,"raam":41,"yesh_atid":189,"shas":181,"habait":4},"sh_likud":0.3089,"sh_yesh_atid":0.1154,"sh_shas":0.1105,"sh_utj":0.0061,"sh_rz":0.0916,"sh_labor":0.0275,"sh_gantz":0.102,"sh_yb":0.0702,"sh_meretz":0.025,"sh_raam":0.025,"sh_hadash":0.0189,"sh_balad":0.0757,"sh_habait":0.0024,"sh_other":23.6899}},{"type":"Feature","geometry":{"type":"Polygon","coordinates":[[[34.751821,32.033991],[34.751853,32.033982],[34.751891,32.033971],[34.751966,32.033958],[34.752289,32.033903],[34.752521,32.033863],[34.752525,32.033862],[34.752737,32.033819],[34.752781,32.033814],[34.752873,32.033798],[34.753058,32.03377],[34.753075,32.033768],[34.753086,32.033766],[34.753282,32.033736],[34.753353,32.033726],[34.753511,32.033718],[34.753589,32.033725],[34.753665,32.033734],[34.753714,32.03374],[34.75393,32.033767],[34.754049,32.03378],[34.754065,32.03378],[34.754175,32.03378],[34.754406,32.033742],[34.754481,32.033732],[34.754879,32.033669],[34.755445,32.033579],[34.755468,32.033575],[34.755932,32.033509],[34.755941,32.033508],[34.755943,32.033492],[34.755926,32.033404],[34.755909,32.033317],[34.755893,32.033238],[34.755878,32.033159],[34.755863,32.03308],[34.755847,32.033002],[34.755832,32.032923],[34.755816,32.032844],[34.755801,32.032765],[34.755786,32.032687],[34.755769,32.032601],[34.755752,32.032515],[34.755741,32.032462],[34.755637,32.032478],[34.755533,32.032494],[34.755518,32.032418],[34.755512,32.03239],[34.755502,32.032343],[34.755487,32.032267],[34.755471,32.032192],[34.75548,32.03219],[34.755549,32.03218],[34.755528,32.032093],[34.755508,32.032006],[34.755489,32.031924],[34.75547,32.031843],[34.755451,32.031762],[34.755432,32.03168],[34.755413,32.031599],[34.755392,32.031511],[34.755372,32.031423],[34.755351,32.031335],[34.755336,32.031292],[34.75532,32.031248],[34.755301,32.031195],[34.755283,32.031146],[34.755282,32.031142],[34.755221,32.03115],[34.755215,32.031151],[34.755149,32.03116],[34.755054,32.031173],[34.755054,32.031171],[34.754973,32.031181],[34.754947,32.031185],[34.754869,32.031197],[34.75479,32.031208],[34.754711,32.03122],[34.754703,32.031183],[34.754689,32.031109],[34.754678,32.03105],[34.754667,32.030991],[34.75466,32.030956],[34.754625,32.03096],[34.75461,32.030887],[34.754594,32.030814],[34.754579,32.03074],[34.754516,32.030748],[34.754418,32.030763],[34.754319,32.030778],[34.75422,32.030793],[34.754122,32.030808],[34.754023,32.030823],[34.753948,32.030836],[34.753872,32.030849],[34.753796,32.030863],[34.7538,32.030857],[34.753747,32.030864],[34.75374,32.030865],[34.753643,32.030879],[34.753547,32.030893],[34.75345,32.030908],[34.753353,32.030922],[34.753256,32.030937],[34.75316,32.030951],[34.753063,32.030966],[34.752966,32.03098],[34.75287,32.030995],[34.752859,32.030941],[34.752848,32.030888],[34.752844,32.03087],[34.752846,32.030841],[34.752831,32.030765],[34.752816,32.030689],[34.752801,32.030613],[34.752728,32.030609],[34.752654,32.030604],[34.752648,32.030604],[34.752627,32.03055],[34.752599,32.030486],[34.752572,32.030422],[34.752572,32.030421],[34.752572,32.03042],[34.752571,32.03042],[34.752492,32.030439],[34.752413,32.030458],[34.752381,32.030465],[34.752354,32.030473],[34.75229,32.030481],[34.752225,32.03049],[34.752187,32.030496],[34.752162,32.0305],[34.7521,32.030511],[34.752046,32.03052],[34.751986,32.030526],[34.751926,32.030533],[34.751894,32.030535],[34.751846,32.030538],[34.751787,32.030541],[34.751728,32.030544],[34.751669,32.030547],[34.75161,32.03055],[34.751566,32.030552],[34.751491,32.030556],[34.751416,32.03056],[34.751341,32.030563],[34.75125,32.030568],[34.75116,32.030573],[34.75106,32.030578],[34.75096,32.030583],[34.750861,32.030589],[34.750862,32.030592],[34.75113,32.031261],[34.751236,32.031764],[34.751613,32.033502],[34.751744,32.034013],[34.751821,32.033991]]]},"properties":{"sa":724,"name":"אזור סטטיסטי 724","winner":"likud","winnerShare":0.3365,"valid":2241,"turnout":0.5392,"parties":{"other":61761,"labor":43,"habait":18,"utj":13,"balad":106,"hadash":40,"rz":175,"gantz":155,"yb":189,"likud":754,"meretz":56,"raam":50,"yesh_atid":316,"shas":277},"sh_likud":0.3365,"sh_yesh_atid":0.141,"sh_shas":0.1236,"sh_utj":0.0058,"sh_rz":0.0781,"sh_labor":0.0192,"sh_gantz":0.0692,"sh_yb":0.0843,"sh_meretz":0.025,"sh_raam":0.0223,"sh_hadash":0.0178,"sh_balad":0.0473,"sh_habait":0.008,"sh_other":27.5596}},{"type":"Feature","geometry":{"type":"Polygon","coordinates":[[[34.767946,32.045305],[34.767843,32.045207],[34.767574,32.044942],[34.767422,32.044793],[34.767249,32.044614],[34.767092,32.044453],[34.767085,32.044445],[34.766879,32.04421],[34.766794,32.044099],[34.76666,32.043925],[34.766499,32.043659],[34.766452,32.04358],[34.766295,32.043293],[34.766274,32.043255],[34.766176,32.043052],[34.766145,32.042987],[34.766073,32.043016],[34.765294,32.043303],[34.764305,32.043668],[34.764192,32.043712],[34.764108,32.043741],[34.763965,32.043795],[34.763746,32.043877],[34.763644,32.043914],[34.763397,32.043989],[34.762709,32.044197],[34.762592,32.044238],[34.762607,32.044294],[34.762622,32.044354],[34.762636,32.04441],[34.762653,32.044482],[34.762671,32.044556],[34.762694,32.044653],[34.762716,32.044746],[34.762726,32.044799],[34.762743,32.044908],[34.762753,32.044964],[34.762758,32.045001],[34.762763,32.045084],[34.762768,32.045162],[34.762775,32.045273],[34.762779,32.045338],[34.762784,32.045427],[34.762789,32.045504],[34.762794,32.045588],[34.762799,32.045681],[34.762802,32.045721],[34.762804,32.045761],[34.762808,32.045829],[34.762812,32.045882],[34.762833,32.046053],[34.762851,32.046158],[34.762873,32.04623],[34.762875,32.04632],[34.762899,32.046481],[34.762919,32.046621],[34.762928,32.046683],[34.762937,32.046749],[34.762949,32.04683],[34.762954,32.046864],[34.762965,32.04693],[34.762976,32.046998],[34.762982,32.047031],[34.762995,32.047108],[34.76301,32.0472],[34.763019,32.047254],[34.763024,32.047281],[34.763035,32.047351],[34.763052,32.047435],[34.763066,32.047507],[34.763078,32.047569],[34.763085,32.047599],[34.7631,32.047664],[34.763113,32.04771],[34.763133,32.047779],[34.763156,32.04786],[34.763166,32.047896],[34.763175,32.047917],[34.763197,32.047968],[34.763211,32.048003],[34.763225,32.048036],[34.763241,32.048075],[34.763263,32.048127],[34.763286,32.048167],[34.763304,32.048198],[34.763327,32.04824],[34.763354,32.048286],[34.76339,32.048352],[34.763442,32.048439],[34.763502,32.048524],[34.763594,32.048652],[34.76363,32.048698],[34.763645,32.048717],[34.763655,32.048729],[34.763687,32.048715],[34.763749,32.048683],[34.764002,32.04856],[34.764055,32.048529],[34.76442,32.048348],[34.764593,32.048262],[34.764897,32.048097],[34.76514,32.047966],[34.76528,32.047872],[34.765282,32.047871],[34.765288,32.047866],[34.76548,32.04771],[34.765612,32.047587],[34.765798,32.047413],[34.765948,32.047272],[34.766098,32.047126],[34.766466,32.046771],[34.767105,32.046144],[34.767609,32.045646],[34.767848,32.045423],[34.767946,32.045305]]]},"properties":{"sa":731,"name":"אזור סטטיסטי 731","winner":"likud","winnerShare":0.2418,"valid":1257,"turnout":0.5497,"parties":{"other":31024,"labor":81,"habait":8,"utj":7,"balad":61,"hadash":35,"rz":112,"gantz":83,"yb":51,"likud":304,"meretz":74,"raam":22,"yesh_atid":239,"shas":150},"sh_likud":0.2418,"sh_yesh_atid":0.1901,"sh_shas":0.1193,"sh_utj":0.0056,"sh_rz":0.0891,"sh_labor":0.0644,"sh_gantz":0.066,"sh_yb":0.0406,"sh_meretz":0.0589,"sh_raam":0.0175,"sh_hadash":0.0278,"sh_balad":0.0485,"sh_habait":0.0064,"sh_other":24.681}},{"type":"Feature","geometry":{"type":"Polygon","coordinates":[[[34.770897,32.042983],[34.77077,32.042922],[34.770658,32.042832],[34.770389,32.042457],[34.77024,32.042244],[34.770117,32.041969],[34.770039,32.041793],[34.769939,32.041526],[34.769837,32.041161],[34.769745,32.04061],[34.769732,32.040547],[34.769721,32.040458],[34.768977,32.040557],[34.768608,32.040606],[34.768503,32.04062],[34.768434,32.040639],[34.768146,32.040717],[34.768113,32.040727],[34.767828,32.040804],[34.767792,32.040812],[34.767319,32.040912],[34.766561,32.041072],[34.766433,32.041099],[34.766419,32.041102],[34.766323,32.041122],[34.766285,32.041131],[34.765775,32.041239],[34.765756,32.041195],[34.765687,32.041139],[34.765643,32.041127],[34.765574,32.041139],[34.765531,32.041156],[34.765509,32.04117],[34.765481,32.041189],[34.765458,32.041242],[34.765455,32.041286],[34.765454,32.0413],[34.764293,32.041545],[34.764269,32.041557],[34.764244,32.041569],[34.764243,32.041576],[34.76407,32.041595],[34.76381,32.041623],[34.763096,32.04173],[34.76303,32.04174],[34.763027,32.041741],[34.762221,32.04185],[34.762191,32.041854],[34.762223,32.042088],[34.762242,32.04222],[34.762258,32.042333],[34.762309,32.042689],[34.762328,32.042824],[34.762365,32.043042],[34.762484,32.043755],[34.762491,32.043792],[34.762516,32.043945],[34.762559,32.044108],[34.76259,32.044229],[34.762592,32.044238],[34.762709,32.044197],[34.763397,32.043989],[34.763644,32.043914],[34.763746,32.043877],[34.763965,32.043795],[34.764108,32.043741],[34.764192,32.043712],[34.764305,32.043668],[34.765294,32.043303],[34.766073,32.043016],[34.766145,32.042987],[34.766176,32.043052],[34.766274,32.043255],[34.766295,32.043293],[34.766452,32.04358],[34.766499,32.043659],[34.76666,32.043925],[34.766794,32.044099],[34.766879,32.04421],[34.767085,32.044445],[34.767092,32.044453],[34.767249,32.044614],[34.767422,32.044793],[34.767574,32.044942],[34.767843,32.045207],[34.767946,32.045305],[34.767967,32.045279],[34.768035,32.045198],[34.768308,32.044917],[34.768363,32.04486],[34.768435,32.044786],[34.768964,32.044276],[34.769202,32.044073],[34.769282,32.044008],[34.769359,32.04394],[34.769366,32.043935],[34.769619,32.043754],[34.769657,32.043727],[34.769924,32.043553],[34.769963,32.04353],[34.770492,32.04324],[34.770781,32.043068],[34.770805,32.04305],[34.770897,32.042983]]]},"properties":{"sa":732,"name":"אזור סטטיסטי 732","winner":"likud","winnerShare":0.3451,"valid":1446,"turnout":0.593,"parties":{"other":31002,"labor":36,"utj":7,"balad":4,"rz":172,"gantz":73,"yb":44,"likud":499,"meretz":28,"yesh_atid":147,"shas":412,"habait":2,"hadash":2},"sh_likud":0.3451,"sh_yesh_atid":0.1017,"sh_shas":0.2849,"sh_utj":0.0048,"sh_rz":0.1189,"sh_labor":0.0249,"sh_gantz":0.0505,"sh_yb":0.0304,"sh_meretz":0.0194,"sh_hadash":0.0014,"sh_balad":0.0028,"sh_habait":0.0014,"sh_other":21.4398}},{"type":"Feature","geometry":{"type":"Polygon","coordinates":[[[34.769721,32.040458],[34.769677,32.040221],[34.769545,32.039455],[34.769406,32.038668],[34.769177,32.03752],[34.769139,32.037243],[34.769125,32.037085],[34.769122,32.037048],[34.769116,32.036955],[34.769111,32.036775],[34.769111,32.036681],[34.768775,32.036784],[34.768223,32.036958],[34.767809,32.037103],[34.767303,32.037268],[34.766773,32.037452],[34.766428,32.037568],[34.765991,32.037723],[34.765427,32.037907],[34.764944,32.038062],[34.764496,32.038207],[34.763967,32.038303],[34.763553,32.038331],[34.76314,32.03833],[34.762727,32.038299],[34.762256,32.038189],[34.761557,32.037933],[34.761179,32.037706],[34.760689,32.037277],[34.760573,32.037176],[34.760487,32.037073],[34.760335,32.0373],[34.760422,32.037498],[34.760764,32.03791],[34.761685,32.039476],[34.761709,32.039542],[34.76175,32.039655],[34.761782,32.039741],[34.761808,32.039818],[34.761811,32.039828],[34.76184,32.039914],[34.761863,32.039981],[34.76192,32.04019],[34.761965,32.040355],[34.761997,32.040559],[34.762029,32.040759],[34.762031,32.040775],[34.76206,32.04096],[34.762109,32.041296],[34.762116,32.041347],[34.762169,32.041706],[34.762189,32.041841],[34.762191,32.041854],[34.762221,32.04185],[34.763027,32.041741],[34.76303,32.04174],[34.763096,32.04173],[34.76381,32.041623],[34.76407,32.041595],[34.764243,32.041576],[34.764244,32.041569],[34.764269,32.041557],[34.764293,32.041545],[34.765454,32.0413],[34.765455,32.041286],[34.765458,32.041242],[34.765481,32.041189],[34.765509,32.04117],[34.765531,32.041156],[34.765574,32.041139],[34.765643,32.041127],[34.765687,32.041139],[34.765756,32.041195],[34.765775,32.041239],[34.766285,32.041131],[34.766323,32.041122],[34.766419,32.041102],[34.766433,32.041099],[34.766561,32.041072],[34.767319,32.040912],[34.767792,32.040812],[34.767828,32.040804],[34.768113,32.040727],[34.768146,32.040717],[34.768434,32.040639],[34.768503,32.04062],[34.768608,32.040606],[34.768977,32.040557],[34.769721,32.040458]]]},"properties":{"sa":733,"name":"אזור סטטיסטי 733","winner":"likud","winnerShare":0.377,"valid":2440,"turnout":0.6273,"parties":{"other":53563,"labor":52,"utj":19,"balad":5,"rz":251,"gantz":115,"yb":67,"likud":920,"meretz":42,"yesh_atid":211,"shas":714,"hadash":4,"habait":6,"raam":3},"sh_likud":0.377,"sh_yesh_atid":0.0865,"sh_shas":0.2926,"sh_utj":0.0078,"sh_rz":0.1029,"sh_labor":0.0213,"sh_gantz":0.0471,"sh_yb":0.0275,"sh_meretz":0.0172,"sh_raam":0.0012,"sh_hadash":0.0016,"sh_balad":0.002,"sh_habait":0.0025,"sh_other":21.952}},{"type":"Feature","geometry":{"type":"Polygon","coordinates":[[[34.77674,32.036755],[34.776687,32.036681],[34.776657,32.03663],[34.776613,32.036554],[34.776569,32.036479],[34.776524,32.036403],[34.77648,32.036327],[34.776436,32.036251],[34.776391,32.036175],[34.776347,32.0361],[34.776303,32.036024],[34.776259,32.035948],[34.776214,32.035872],[34.77617,32.035796],[34.776126,32.035721],[34.776079,32.035642],[34.776033,32.035563],[34.775987,32.035484],[34.775941,32.035405],[34.775895,32.035326],[34.775849,32.035248],[34.775803,32.035169],[34.775757,32.03509],[34.775711,32.035011],[34.775665,32.034932],[34.775619,32.034853],[34.775572,32.034774],[34.775526,32.034696],[34.77548,32.034617],[34.775434,32.034538],[34.775392,32.034465],[34.775349,32.034392],[34.775311,32.034327],[34.775273,32.034263],[34.77523,32.034188],[34.775186,32.034114],[34.775143,32.034039],[34.775097,32.033961],[34.775051,32.033882],[34.775005,32.033803],[34.774959,32.033725],[34.774913,32.033646],[34.774867,32.033567],[34.774827,32.033499],[34.774786,32.03343],[34.774746,32.033361],[34.774703,32.033288],[34.77466,32.033214],[34.774617,32.033141],[34.774575,32.033067],[34.774532,32.032994],[34.774489,32.03292],[34.774446,32.032847],[34.774403,32.032774],[34.7744,32.032769],[34.774318,32.032804],[34.774297,32.032813],[34.774268,32.032826],[34.774218,32.032848],[34.774154,32.032876],[34.774089,32.032903],[34.774074,32.03291],[34.774027,32.032929],[34.77398,32.032948],[34.773887,32.032987],[34.773793,32.033026],[34.7737,32.033065],[34.773606,32.033103],[34.773513,32.033142],[34.773419,32.033181],[34.773326,32.033219],[34.773257,32.033248],[34.773187,32.033276],[34.773107,32.033309],[34.773027,32.033343],[34.772946,32.033376],[34.772866,32.03341],[34.77281,32.033433],[34.772759,32.033454],[34.772707,32.033476],[34.772707,32.033476],[34.772706,32.033476],[34.772703,32.03347],[34.772698,32.033463],[34.772697,32.033461],[34.772694,32.033462],[34.77266,32.033476],[34.772592,32.033504],[34.772524,32.033532],[34.772457,32.03356],[34.772389,32.033587],[34.772324,32.033613],[34.772258,32.033638],[34.772173,32.033672],[34.772092,32.033704],[34.772031,32.033727],[34.771969,32.03375],[34.771905,32.033776],[34.771842,32.033801],[34.771771,32.033828],[34.7717,32.033855],[34.77162,32.033887],[34.771528,32.033928],[34.771435,32.033969],[34.771342,32.03401],[34.771249,32.034051],[34.771156,32.034092],[34.771063,32.034133],[34.77097,32.034174],[34.770877,32.034215],[34.770785,32.034252],[34.770693,32.034288],[34.770665,32.034299],[34.770616,32.034318],[34.770526,32.034349],[34.770436,32.034379],[34.770346,32.034409],[34.770256,32.03444],[34.77024,32.034447],[34.770169,32.034481],[34.770083,32.034522],[34.769997,32.034563],[34.769911,32.034604],[34.769825,32.034645],[34.769739,32.034686],[34.769653,32.034727],[34.76957,32.034767],[34.769567,32.034769],[34.769488,32.034809],[34.769409,32.034849],[34.769401,32.034852],[34.769324,32.034878],[34.769247,32.034903],[34.769247,32.034903],[34.769176,32.034927],[34.769105,32.03495],[34.769042,32.034975],[34.768979,32.034999],[34.768903,32.03503],[34.768828,32.035061],[34.768795,32.035071],[34.768749,32.035084],[34.76867,32.035108],[34.768579,32.035142],[34.768488,32.035176],[34.768398,32.03521],[34.768307,32.035244],[34.768216,32.035278],[34.768185,32.03529],[34.768152,32.035302],[34.768094,32.035323],[34.768003,32.035356],[34.767912,32.03539],[34.767818,32.035422],[34.767725,32.035454],[34.767677,32.035471],[34.767632,32.035487],[34.767613,32.035493],[34.767538,32.035519],[34.767445,32.035552],[34.767352,32.035584],[34.767259,32.035617],[34.767165,32.035649],[34.767072,32.035681],[34.766979,32.035714],[34.766889,32.035745],[34.766799,32.035775],[34.76671,32.035806],[34.76662,32.035837],[34.766532,32.035867],[34.766444,32.035897],[34.766406,32.03591],[34.766321,32.035938],[34.766319,32.035938],[34.766225,32.035969],[34.76613,32.035999],[34.766042,32.03604],[34.765949,32.036077],[34.765856,32.036115],[34.765782,32.036146],[34.765708,32.036177],[34.765631,32.036201],[34.765554,32.036224],[34.765519,32.036234],[34.765424,32.036255],[34.765329,32.036276],[34.765233,32.036296],[34.765138,32.036317],[34.765059,32.036333],[34.764981,32.036348],[34.764903,32.036364],[34.764824,32.03638],[34.764737,32.036393],[34.764702,32.036399],[34.764698,32.0364],[34.76465,32.036407],[34.764549,32.036421],[34.764447,32.036436],[34.764345,32.03645],[34.764243,32.036465],[34.764141,32.036479],[34.76404,32.036494],[34.763938,32.036508],[34.763836,32.036522],[34.763734,32.036537],[34.763698,32.036539],[34.763642,32.036543],[34.763541,32.036549],[34.76344,32.036554],[34.763339,32.03656],[34.763332,32.036561],[34.763238,32.036566],[34.763144,32.036572],[34.76305,32.036577],[34.762956,32.036583],[34.762862,32.036588],[34.762767,32.036594],[34.76268,32.036591],[34.762593,32.036588],[34.762582,32.036587],[34.762577,32.036587],[34.762506,32.036585],[34.762419,32.036582],[34.762373,32.036579],[34.762322,32.036578],[34.762232,32.036576],[34.762143,32.036575],[34.762077,32.036574],[34.762011,32.036573],[34.761947,32.036572],[34.761883,32.036572],[34.761813,32.036569],[34.761742,32.036566],[34.761671,32.036563],[34.761585,32.036554],[34.7615,32.036545],[34.761415,32.036537],[34.761329,32.036528],[34.761244,32.036519],[34.761142,32.036502],[34.761039,32.036484],[34.760937,32.036467],[34.760847,32.036466],[34.760757,32.036466],[34.760745,32.036466],[34.760667,32.036466],[34.760596,32.036465],[34.760593,32.036465],[34.760577,32.036465],[34.760495,32.036465],[34.760488,32.036465],[34.760398,32.036465],[34.760312,32.036464],[34.760225,32.036464],[34.760139,32.036464],[34.760095,32.036464],[34.760053,32.036464],[34.759966,32.036463],[34.759952,32.036465],[34.759984,32.036554],[34.760153,32.036893],[34.760163,32.036905],[34.760335,32.0373],[34.760487,32.037073],[34.760573,32.037176],[34.760689,32.037277],[34.761179,32.037706],[34.761557,32.037933],[34.762256,32.038189],[34.762727,32.038299],[34.76314,32.03833],[34.763553,32.038331],[34.763967,32.038303],[34.764496,32.038207],[34.764944,32.038062],[34.765427,32.037907],[34.765991,32.037723],[34.766428,32.037568],[34.766773,32.037452],[34.767303,32.037268],[34.767809,32.037103],[34.768223,32.036958],[34.768775,32.036784],[34.769111,32.036681],[34.769111,32.036775],[34.769116,32.036955],[34.769122,32.037048],[34.769125,32.037085],[34.769139,32.037243],[34.769177,32.03752],[34.769406,32.038668],[34.769545,32.039455],[34.769677,32.040221],[34.769721,32.040458],[34.769732,32.040547],[34.769745,32.04061],[34.769837,32.041161],[34.769939,32.041526],[34.770039,32.041793],[34.770117,32.041969],[34.77024,32.042244],[34.770389,32.042457],[34.770658,32.042832],[34.77077,32.042922],[34.770897,32.042983],[34.770925,32.042964],[34.77103,32.042888],[34.77141,32.042667],[34.771495,32.042617],[34.771677,32.042512],[34.771707,32.042495],[34.771766,32.042461],[34.772445,32.042062],[34.772598,32.041973],[34.77313,32.041641],[34.773295,32.041539],[34.773744,32.041262],[34.773843,32.0412],[34.774397,32.040858],[34.774697,32.040666],[34.77479,32.040604],[34.774806,32.040592],[34.774906,32.040519],[34.774914,32.040514],[34.775038,32.040435],[34.775053,32.040425],[34.775506,32.040135],[34.776111,32.039777],[34.776773,32.039396],[34.777483,32.038989],[34.77762,32.03891],[34.777935,32.038731],[34.778032,32.038677],[34.778064,32.038663],[34.778103,32.038643],[34.778071,32.038599],[34.778027,32.038538],[34.778004,32.038506],[34.777956,32.038439],[34.777907,32.038373],[34.77786,32.038307],[34.777812,32.038241],[34.777758,32.038166],[34.777716,32.038107],[34.777673,32.038047],[34.77763,32.037988],[34.777586,32.037928],[34.777543,32.037867],[34.7775,32.037807],[34.777444,32.037731],[34.777403,32.037673],[34.777361,32.037616],[34.77732,32.037558],[34.777267,32.037485],[34.777214,32.037412],[34.777162,32.037339],[34.777109,32.037266],[34.777056,32.037193],[34.777004,32.03712],[34.776951,32.037047],[34.776898,32.036974],[34.776845,32.036901],[34.776793,32.036828],[34.77674,32.036755]]]},"properties":{"sa":734,"name":"אזור סטטיסטי 734"}},{"type":"Feature","geometry":{"type":"Polygon","coordinates":[[[34.773916,32.060611],[34.773923,32.060591],[34.773929,32.060571],[34.773899,32.060403],[34.773819,32.060109],[34.773732,32.059787],[34.773627,32.059403],[34.773471,32.058825],[34.773465,32.058802],[34.773452,32.058753],[34.773315,32.058185],[34.773272,32.058037],[34.772823,32.05808],[34.772403,32.058098],[34.772024,32.058128],[34.771645,32.058159],[34.771518,32.058155],[34.771394,32.058152],[34.770874,32.058115],[34.770847,32.058113],[34.770395,32.058073],[34.769976,32.058027],[34.769887,32.058017],[34.76956,32.057971],[34.769305,32.05793],[34.769161,32.057912],[34.768716,32.057872],[34.768306,32.057832],[34.768077,32.057809],[34.767999,32.057802],[34.767737,32.057776],[34.767065,32.05771],[34.767041,32.057708],[34.766991,32.057982],[34.766922,32.058245],[34.766889,32.058344],[34.76687,32.058386],[34.766754,32.058635],[34.766432,32.05912],[34.766416,32.059148],[34.766564,32.059235],[34.766834,32.059392],[34.767101,32.059504],[34.767357,32.059611],[34.767415,32.059635],[34.76743,32.05964],[34.767516,32.05967],[34.767645,32.059717],[34.768078,32.059853],[34.768094,32.059858],[34.768403,32.059956],[34.768816,32.060086],[34.768876,32.060105],[34.769196,32.060197],[34.769411,32.060259],[34.769626,32.060322],[34.769895,32.060396],[34.769926,32.060404],[34.770027,32.060427],[34.770364,32.060504],[34.770485,32.060539],[34.770506,32.060545],[34.770646,32.060584],[34.770792,32.060608],[34.770968,32.060637],[34.771007,32.060643],[34.771337,32.060673],[34.771382,32.060674],[34.771721,32.060679],[34.772276,32.060668],[34.772324,32.060665],[34.772682,32.060646],[34.772969,32.060631],[34.773049,32.060629],[34.773485,32.06062],[34.773916,32.060611]]]},"properties":{"sa":811,"name":"אזור סטטיסטי 811"}},{"type":"Feature","geometry":{"type":"Polygon","coordinates":[[[34.770819,32.054742],[34.770753,32.054743],[34.770504,32.054752],[34.770173,32.054779],[34.769584,32.054827],[34.769533,32.054832],[34.769505,32.054835],[34.768917,32.054878],[34.768648,32.054901],[34.768378,32.054925],[34.768069,32.05495],[34.768067,32.05495],[34.7677,32.054966],[34.76763,32.054969],[34.767251,32.054966],[34.767162,32.054966],[34.766951,32.054957],[34.766922,32.054956],[34.766928,32.055083],[34.766943,32.055163],[34.767093,32.055936],[34.76713,32.056126],[34.767139,32.056266],[34.76715,32.056641],[34.767165,32.056873],[34.767172,32.057021],[34.767156,32.057105],[34.767139,32.057189],[34.767053,32.057643],[34.767041,32.057708],[34.767065,32.05771],[34.767737,32.057776],[34.767999,32.057802],[34.768077,32.057809],[34.768306,32.057832],[34.768716,32.057872],[34.769161,32.057912],[34.769305,32.05793],[34.76956,32.057971],[34.769887,32.058017],[34.769976,32.058027],[34.770395,32.058073],[34.770847,32.058113],[34.770849,32.05809],[34.770856,32.057913],[34.770842,32.05736],[34.770835,32.057243],[34.770829,32.057151],[34.770824,32.057059],[34.770815,32.056407],[34.770816,32.0563],[34.770816,32.056281],[34.770824,32.055438],[34.770829,32.054922],[34.770819,32.054742]]]},"properties":{"sa":812,"name":"אזור סטטיסטי 812"}},{"type":"Feature","geometry":{"type":"Polygon","coordinates":[[[34.773272,32.058037],[34.773267,32.05802],[34.773179,32.057718],[34.773146,32.057605],[34.773108,32.057443],[34.773031,32.057145],[34.77296,32.056875],[34.772957,32.056863],[34.772838,32.056393],[34.772812,32.056311],[34.77281,32.056306],[34.77279,32.056237],[34.772718,32.056075],[34.77269,32.056022],[34.772567,32.055789],[34.772539,32.055727],[34.77235,32.055317],[34.772169,32.054922],[34.772162,32.054807],[34.771611,32.05479],[34.771132,32.054775],[34.770848,32.054745],[34.770819,32.054742],[34.770829,32.054922],[34.770824,32.055438],[34.770816,32.056281],[34.770816,32.0563],[34.770815,32.056407],[34.770824,32.057059],[34.770829,32.057151],[34.770835,32.057243],[34.770842,32.05736],[34.770856,32.057913],[34.770849,32.05809],[34.770847,32.058113],[34.770874,32.058115],[34.771394,32.058152],[34.771518,32.058155],[34.771645,32.058159],[34.772024,32.058128],[34.772403,32.058098],[34.772823,32.05808],[34.773272,32.058037]]]},"properties":{"sa":813,"name":"אזור סטטיסטי 813"}},{"type":"Feature","geometry":{"type":"Polygon","coordinates":[[[34.777135,32.057874],[34.77713,32.057867],[34.777085,32.057797],[34.777028,32.057696],[34.776879,32.057424],[34.776857,32.057382],[34.776764,32.05727],[34.776724,32.057223],[34.776621,32.057039],[34.776413,32.05667],[34.776232,32.056348],[34.776128,32.056163],[34.776102,32.056121],[34.776052,32.056045],[34.775817,32.055636],[34.775782,32.055555],[34.77578,32.055545],[34.775777,32.055533],[34.775467,32.054963],[34.775391,32.054876],[34.775271,32.054899],[34.774985,32.054948],[34.7745,32.054992],[34.774314,32.054968],[34.774281,32.054964],[34.774247,32.054961],[34.773822,32.054895],[34.773783,32.054889],[34.773683,32.054878],[34.773437,32.054855],[34.77329,32.054841],[34.773006,32.054832],[34.772191,32.054808],[34.772162,32.054807],[34.772169,32.054922],[34.77235,32.055317],[34.772539,32.055727],[34.772567,32.055789],[34.77269,32.056022],[34.772718,32.056075],[34.77279,32.056237],[34.77281,32.056306],[34.772812,32.056311],[34.772838,32.056393],[34.772957,32.056863],[34.77296,32.056875],[34.773031,32.057145],[34.773108,32.057443],[34.773146,32.057605],[34.773179,32.057718],[34.773267,32.05802],[34.773272,32.058037],[34.773315,32.058185],[34.773452,32.058753],[34.773465,32.058802],[34.773471,32.058825],[34.773627,32.059403],[34.773732,32.059787],[34.773819,32.060109],[34.773899,32.060403],[34.773929,32.060571],[34.773923,32.060591],[34.773916,32.060611],[34.773917,32.060611],[34.773938,32.06061],[34.77403,32.060608],[34.774401,32.060564],[34.774556,32.060561],[34.775348,32.060546],[34.775846,32.060559],[34.775862,32.060559],[34.775972,32.060562],[34.776079,32.060572],[34.776158,32.060579],[34.77621,32.060588],[34.776274,32.060599],[34.776431,32.060626],[34.776708,32.060693],[34.776833,32.060742],[34.776897,32.060772],[34.776913,32.060746],[34.776956,32.060676],[34.777019,32.060586],[34.77709,32.060509],[34.777116,32.06049],[34.777185,32.060439],[34.777318,32.060382],[34.777639,32.060246],[34.77767,32.060231],[34.777733,32.060202],[34.778194,32.059988],[34.778221,32.059968],[34.778256,32.059941],[34.778283,32.059888],[34.778284,32.059881],[34.778289,32.059804],[34.77826,32.059736],[34.778234,32.059675],[34.77813,32.059508],[34.778084,32.059433],[34.777936,32.059193],[34.77786,32.059075],[34.777833,32.059033],[34.777801,32.058978],[34.777765,32.058916],[34.77768,32.058774],[34.777537,32.058538],[34.777505,32.05848],[34.777455,32.058402],[34.777279,32.05811],[34.777176,32.057939],[34.777135,32.057874]]]},"properties":{"sa":814,"name":"אזור סטטיסטי 814","winner":"yesh_atid","winnerShare":0.3209,"valid":6160,"turnout":0.5267,"parties":{"other":137907,"labor":966,"balad":36,"hadash":151,"rz":207,"gantz":575,"yb":208,"likud":666,"meretz":1088,"raam":15,"yesh_atid":1977,"shas":80,"habait":36,"utj":17},"sh_likud":0.1081,"sh_yesh_atid":0.3209,"sh_shas":0.013,"sh_utj":0.0028,"sh_rz":0.0336,"sh_labor":0.1568,"sh_gantz":0.0933,"sh_yb":0.0338,"sh_meretz":0.1766,"sh_raam":0.0024,"sh_hadash":0.0245,"sh_balad":0.0058,"sh_habait":0.0058,"sh_other":22.3875}},{"type":"Feature","geometry":{"type":"Polygon","coordinates":[[[34.783814,32.059215],[34.783812,32.059214],[34.783712,32.059171],[34.783675,32.059156],[34.783508,32.059116],[34.783418,32.059092],[34.783012,32.058931],[34.782899,32.058886],[34.782792,32.058848],[34.781762,32.058458],[34.781746,32.058452],[34.781729,32.058446],[34.781408,32.058324],[34.781056,32.058191],[34.781051,32.058189],[34.780701,32.058057],[34.780635,32.058032],[34.78034,32.05792],[34.779727,32.057689],[34.779646,32.057638],[34.779848,32.057184],[34.779848,32.057183],[34.779902,32.057012],[34.779903,32.057012],[34.77996,32.056803],[34.779993,32.056639],[34.77947,32.056869],[34.779008,32.057073],[34.77895,32.057094],[34.778919,32.057104],[34.77887,32.057122],[34.778612,32.057227],[34.778287,32.057369],[34.777648,32.05765],[34.777484,32.057722],[34.777257,32.057824],[34.777166,32.057861],[34.777135,32.057874],[34.777176,32.057939],[34.777279,32.05811],[34.777455,32.058402],[34.777505,32.05848],[34.777537,32.058538],[34.77768,32.058774],[34.777765,32.058916],[34.777801,32.058978],[34.777833,32.059033],[34.77786,32.059075],[34.777936,32.059193],[34.778084,32.059433],[34.77813,32.059508],[34.778234,32.059675],[34.77826,32.059736],[34.778289,32.059804],[34.778284,32.059881],[34.778283,32.059888],[34.778256,32.059941],[34.778221,32.059968],[34.778194,32.059988],[34.777733,32.060202],[34.77767,32.060231],[34.777639,32.060246],[34.777318,32.060382],[34.777185,32.060439],[34.777116,32.06049],[34.77709,32.060509],[34.777019,32.060586],[34.776956,32.060676],[34.776913,32.060746],[34.776897,32.060772],[34.77697,32.060805],[34.777114,32.060901],[34.777259,32.061026],[34.777483,32.061433],[34.777814,32.062035],[34.777824,32.062052],[34.777831,32.062066],[34.778024,32.062381],[34.778138,32.062509],[34.778187,32.062556],[34.778255,32.062617],[34.778323,32.062668],[34.778388,32.062716],[34.7787,32.062903],[34.778823,32.062958],[34.779091,32.063086],[34.779157,32.063124],[34.779227,32.063156],[34.779254,32.063135],[34.77935,32.063061],[34.779597,32.062856],[34.779795,32.062693],[34.779893,32.06261],[34.780361,32.062195],[34.780418,32.062145],[34.780484,32.062091],[34.780555,32.062031],[34.780696,32.06191],[34.78205,32.060731],[34.783762,32.059263],[34.783814,32.059215]]]},"properties":{"sa":815,"name":"אזור סטטיסטי 815"}},{"type":"Feature","geometry":{"type":"Polygon","coordinates":[[[34.785314,32.054342],[34.785109,32.054426],[34.784925,32.054496],[34.784805,32.054548],[34.784504,32.054667],[34.784498,32.054669],[34.784184,32.054807],[34.784106,32.054813],[34.783439,32.055159],[34.783329,32.055206],[34.78326,32.055236],[34.782545,32.055544],[34.782459,32.05558],[34.781395,32.056034],[34.78118,32.056126],[34.78111,32.056137],[34.781026,32.056196],[34.780748,32.056313],[34.78064,32.056358],[34.780018,32.056628],[34.779993,32.056639],[34.77996,32.056803],[34.779903,32.057012],[34.779902,32.057012],[34.779848,32.057183],[34.779848,32.057184],[34.779646,32.057638],[34.779727,32.057689],[34.78034,32.05792],[34.780635,32.058032],[34.780701,32.058057],[34.781051,32.058189],[34.781056,32.058191],[34.781408,32.058324],[34.781729,32.058446],[34.781746,32.058452],[34.781762,32.058458],[34.782792,32.058848],[34.782899,32.058886],[34.783012,32.058931],[34.783418,32.059092],[34.783508,32.059116],[34.783675,32.059156],[34.783712,32.059171],[34.783812,32.059214],[34.783814,32.059215],[34.783815,32.059214],[34.784085,32.059241],[34.78425,32.059227],[34.78426,32.059227],[34.784387,32.059215],[34.784808,32.059233],[34.784942,32.059234],[34.78562,32.059281],[34.785867,32.059279],[34.786086,32.059297],[34.78629,32.059313],[34.786534,32.059332],[34.786527,32.059309],[34.786483,32.059165],[34.785649,32.056455],[34.785593,32.056227],[34.785471,32.055734],[34.785387,32.055224],[34.785315,32.054552],[34.785314,32.054407],[34.785314,32.054342]]]},"properties":{"sa":816,"name":"אזור סטטיסטי 816"}},{"type":"Feature","geometry":{"type":"Polygon","coordinates":[[[34.767041,32.057708],[34.767053,32.057643],[34.767139,32.057189],[34.767156,32.057105],[34.767172,32.057021],[34.767165,32.056873],[34.76715,32.056641],[34.767139,32.056266],[34.76713,32.056126],[34.767093,32.055936],[34.766943,32.055163],[34.766928,32.055083],[34.766922,32.054956],[34.766815,32.054952],[34.766694,32.054943],[34.766415,32.054921],[34.765348,32.054808],[34.765138,32.054775],[34.765115,32.054771],[34.765015,32.055411],[34.7648,32.05642],[34.764681,32.056701],[34.764174,32.057663],[34.764034,32.057943],[34.764667,32.058204],[34.764702,32.058222],[34.764785,32.058266],[34.765035,32.05839],[34.765541,32.058639],[34.765638,32.058688],[34.766221,32.059014],[34.766416,32.059148],[34.766432,32.05912],[34.766754,32.058635],[34.76687,32.058386],[34.766889,32.058344],[34.766922,32.058245],[34.766991,32.057982],[34.767041,32.057708]]]},"properties":{"sa":817,"name":"אזור סטטיסטי 817"}},{"type":"Feature","geometry":{"type":"Polygon","coordinates":[[[34.779993,32.056639],[34.780018,32.056628],[34.78064,32.056358],[34.780748,32.056313],[34.781026,32.056196],[34.78111,32.056137],[34.78118,32.056126],[34.781395,32.056034],[34.782459,32.05558],[34.782545,32.055544],[34.782542,32.055536],[34.782514,32.055439],[34.782342,32.054868],[34.782319,32.054799],[34.782288,32.054681],[34.782281,32.054655],[34.782218,32.054456],[34.782138,32.054146],[34.78213,32.054112],[34.78208,32.053981],[34.78203,32.053884],[34.781974,32.053822],[34.781963,32.053811],[34.781895,32.053764],[34.781815,32.053743],[34.781748,32.053737],[34.781392,32.05375],[34.781247,32.053755],[34.780266,32.053862],[34.780165,32.053875],[34.780155,32.053873],[34.779999,32.053904],[34.779478,32.054007],[34.77892,32.054117],[34.778582,32.05419],[34.778517,32.054206],[34.778456,32.054219],[34.778385,32.054234],[34.7778,32.054359],[34.77772,32.054374],[34.77765,32.054389],[34.777489,32.054428],[34.777203,32.054493],[34.776678,32.054618],[34.776552,32.054647],[34.776114,32.054741],[34.77597,32.054773],[34.775872,32.054794],[34.775503,32.054854],[34.775429,32.054868],[34.775391,32.054876],[34.775467,32.054963],[34.775777,32.055533],[34.77578,32.055545],[34.775782,32.055555],[34.775817,32.055636],[34.776052,32.056045],[34.776102,32.056121],[34.776128,32.056163],[34.776232,32.056348],[34.776413,32.05667],[34.776621,32.057039],[34.776724,32.057223],[34.776764,32.05727],[34.776857,32.057382],[34.776879,32.057424],[34.777028,32.057696],[34.777085,32.057797],[34.77713,32.057867],[34.777135,32.057874],[34.777166,32.057861],[34.777257,32.057824],[34.777484,32.057722],[34.777648,32.05765],[34.778287,32.057369],[34.778612,32.057227],[34.77887,32.057122],[34.778919,32.057104],[34.77895,32.057094],[34.779008,32.057073],[34.77947,32.056869],[34.779993,32.056639]]]},"properties":{"sa":821,"name":"אזור סטטיסטי 821"}},{"type":"Feature","geometry":{"type":"Polygon","coordinates":[[[34.781815,32.053743],[34.781812,32.05372],[34.781771,32.053364],[34.781748,32.053209],[34.781737,32.052873],[34.781737,32.052796],[34.781767,32.052196],[34.781757,32.052055],[34.781741,32.051857],[34.78173,32.051709],[34.781689,32.051462],[34.781627,32.051178],[34.781522,32.050827],[34.781491,32.050732],[34.781411,32.050496],[34.781395,32.050448],[34.781385,32.050419],[34.781334,32.050082],[34.781299,32.049752],[34.780964,32.049839],[34.780618,32.04993],[34.780519,32.049963],[34.780463,32.049982],[34.779939,32.050131],[34.779892,32.050145],[34.779748,32.050191],[34.778892,32.050461],[34.778861,32.050467],[34.778425,32.050564],[34.777923,32.050675],[34.777891,32.050682],[34.777301,32.050813],[34.776658,32.050962],[34.776539,32.05099],[34.775652,32.051178],[34.775621,32.051185],[34.775212,32.051272],[34.77514,32.051288],[34.774485,32.051427],[34.774105,32.051508],[34.774072,32.051515],[34.774196,32.051803],[34.774232,32.051891],[34.774258,32.051956],[34.774354,32.052193],[34.774367,32.052226],[34.774406,32.052343],[34.774491,32.052609],[34.774555,32.052812],[34.77456,32.052827],[34.774595,32.052918],[34.774705,32.053241],[34.774771,32.053425],[34.774861,32.053652],[34.775005,32.054016],[34.775196,32.054493],[34.77531,32.054784],[34.77538,32.054863],[34.775391,32.054876],[34.775429,32.054868],[34.775503,32.054854],[34.775872,32.054794],[34.77597,32.054773],[34.776114,32.054741],[34.776552,32.054647],[34.776678,32.054618],[34.777203,32.054493],[34.777489,32.054428],[34.77765,32.054389],[34.77772,32.054374],[34.7778,32.054359],[34.778385,32.054234],[34.778456,32.054219],[34.778517,32.054206],[34.778582,32.05419],[34.77892,32.054117],[34.779478,32.054007],[34.779999,32.053904],[34.780155,32.053873],[34.780165,32.053875],[34.780266,32.053862],[34.781247,32.053755],[34.781392,32.05375],[34.781748,32.053737],[34.781815,32.053743]]]},"properties":{"sa":822,"name":"אזור סטטיסטי 822","winner":"likud","winnerShare":0.2119,"valid":2709,"turnout":0.4458,"parties":{"other":74148,"labor":305,"habait":19,"utj":30,"balad":21,"hadash":129,"rz":182,"gantz":159,"yb":66,"likud":574,"meretz":386,"raam":10,"yesh_atid":450,"shas":337},"sh_likud":0.2119,"sh_yesh_atid":0.1661,"sh_shas":0.1244,"sh_utj":0.0111,"sh_rz":0.0672,"sh_labor":0.1126,"sh_gantz":0.0587,"sh_yb":0.0244,"sh_meretz":0.1425,"sh_raam":0.0037,"sh_hadash":0.0476,"sh_balad":0.0078,"sh_habait":0.007,"sh_other":27.371}},{"type":"Feature","geometry":{"type":"Polygon","coordinates":[[[34.785314,32.054342],[34.785314,32.054333],[34.785314,32.054246],[34.785314,32.054169],[34.785314,32.053757],[34.785313,32.053328],[34.785298,32.052611],[34.785284,32.051931],[34.785268,32.051195],[34.785281,32.051054],[34.785285,32.051005],[34.785316,32.050669],[34.785432,32.050165],[34.785582,32.049789],[34.785803,32.04939],[34.786572,32.048188],[34.787359,32.047208],[34.787426,32.047114],[34.787509,32.046997],[34.787645,32.046807],[34.787678,32.046761],[34.787669,32.046761],[34.787574,32.046764],[34.787482,32.046767],[34.78747,32.046768],[34.787366,32.046771],[34.787262,32.046774],[34.787158,32.046777],[34.787054,32.046781],[34.78695,32.046784],[34.786847,32.046787],[34.786743,32.046791],[34.786639,32.046794],[34.78657,32.046796],[34.786554,32.046828],[34.786538,32.046858],[34.786477,32.046971],[34.786467,32.046991],[34.786325,32.046994],[34.7863,32.046994],[34.78533,32.047004],[34.784344,32.046938],[34.784015,32.046935],[34.783954,32.046939],[34.783792,32.04695],[34.783736,32.04696],[34.783698,32.046966],[34.783667,32.046971],[34.78365,32.046974],[34.783499,32.047],[34.78314,32.047041],[34.782883,32.047071],[34.781084,32.047278],[34.780912,32.047307],[34.780878,32.047312],[34.780971,32.047486],[34.781026,32.047683],[34.781048,32.047763],[34.781106,32.048071],[34.78111,32.048096],[34.781121,32.04817],[34.781206,32.04875],[34.781216,32.048896],[34.781219,32.048944],[34.781225,32.049046],[34.781298,32.04974],[34.781299,32.049752],[34.781334,32.050082],[34.781385,32.050419],[34.781395,32.050448],[34.781411,32.050496],[34.781491,32.050732],[34.781522,32.050827],[34.781627,32.051178],[34.781689,32.051462],[34.78173,32.051709],[34.781741,32.051857],[34.781757,32.052055],[34.781767,32.052196],[34.781737,32.052796],[34.781737,32.052873],[34.781748,32.053209],[34.781771,32.053364],[34.781812,32.05372],[34.781815,32.053743],[34.781895,32.053764],[34.781963,32.053811],[34.781974,32.053822],[34.78203,32.053884],[34.78208,32.053981],[34.78213,32.054112],[34.782138,32.054146],[34.782218,32.054456],[34.782281,32.054655],[34.782288,32.054681],[34.782319,32.054799],[34.782342,32.054868],[34.782514,32.055439],[34.782542,32.055536],[34.782545,32.055544],[34.78326,32.055236],[34.783329,32.055206],[34.783439,32.055159],[34.784106,32.054813],[34.784184,32.054807],[34.784498,32.054669],[34.784504,32.054667],[34.784805,32.054548],[34.784925,32.054496],[34.785109,32.054426],[34.785314,32.054342]]]},"properties":{"sa":823,"name":"אזור סטטיסטי 823","winner":"likud","winnerShare":0.2589,"valid":2012,"turnout":0.5732,"parties":{"other":44691,"labor":182,"habait":14,"utj":19,"balad":16,"hadash":74,"rz":228,"gantz":98,"yb":20,"likud":521,"meretz":210,"raam":7,"yesh_atid":234,"shas":359},"sh_likud":0.2589,"sh_yesh_atid":0.1163,"sh_shas":0.1784,"sh_utj":0.0094,"sh_rz":0.1133,"sh_labor":0.0905,"sh_gantz":0.0487,"sh_yb":0.0099,"sh_meretz":0.1044,"sh_raam":0.0035,"sh_hadash":0.0368,"sh_balad":0.008,"sh_habait":0.007,"sh_other":22.2122}},{"type":"Feature","geometry":{"type":"Polygon","coordinates":[[[34.781299,32.049752],[34.781298,32.04974],[34.781225,32.049046],[34.781219,32.048944],[34.781216,32.048896],[34.781206,32.04875],[34.781121,32.04817],[34.78111,32.048096],[34.781106,32.048071],[34.781048,32.047763],[34.781026,32.047683],[34.780971,32.047486],[34.780878,32.047312],[34.780692,32.047343],[34.780471,32.047373],[34.780364,32.047391],[34.779806,32.047487],[34.779611,32.047525],[34.779182,32.04761],[34.779101,32.04763],[34.779074,32.047636],[34.779071,32.047637],[34.778626,32.047745],[34.778524,32.04777],[34.778312,32.047829],[34.777567,32.04804],[34.777359,32.048108],[34.777224,32.048151],[34.776942,32.048242],[34.776504,32.048382],[34.776342,32.048435],[34.776179,32.048489],[34.776002,32.048548],[34.775902,32.048577],[34.775747,32.048623],[34.775558,32.048684],[34.774955,32.048883],[34.77485,32.048923],[34.774722,32.04897],[34.774281,32.049133],[34.774249,32.049145],[34.773873,32.049289],[34.77356,32.049431],[34.773449,32.049491],[34.773419,32.049505],[34.773477,32.049685],[34.773562,32.049967],[34.773595,32.050078],[34.773705,32.05044],[34.773713,32.050464],[34.77396,32.051254],[34.774072,32.051515],[34.774105,32.051508],[34.774485,32.051427],[34.77514,32.051288],[34.775212,32.051272],[34.775621,32.051185],[34.775652,32.051178],[34.776539,32.05099],[34.776658,32.050962],[34.777301,32.050813],[34.777891,32.050682],[34.777923,32.050675],[34.778425,32.050564],[34.778861,32.050467],[34.778892,32.050461],[34.779748,32.050191],[34.779892,32.050145],[34.779939,32.050131],[34.780463,32.049982],[34.780519,32.049963],[34.780618,32.04993],[34.780964,32.049839],[34.781299,32.049752]]]},"properties":{"sa":824,"name":"אזור סטטיסטי 824"}},{"type":"Feature","geometry":{"type":"Polygon","coordinates":[[[34.77456,32.052827],[34.774555,32.052812],[34.774491,32.052609],[34.774406,32.052343],[34.774367,32.052226],[34.774354,32.052193],[34.774258,32.051956],[34.774232,32.051891],[34.774196,32.051803],[34.774072,32.051515],[34.77396,32.051254],[34.773713,32.050464],[34.773705,32.05044],[34.773595,32.050078],[34.773562,32.049967],[34.773477,32.049685],[34.773419,32.049505],[34.773326,32.049556],[34.773266,32.049591],[34.772994,32.049755],[34.772062,32.050298],[34.771823,32.050438],[34.771565,32.050629],[34.771506,32.050674],[34.771492,32.050685],[34.771553,32.050752],[34.771959,32.051267],[34.772038,32.051382],[34.772097,32.051468],[34.772187,32.051629],[34.772246,32.051779],[34.772274,32.051914],[34.772289,32.052089],[34.772282,32.052319],[34.772281,32.052383],[34.772275,32.052451],[34.772266,32.052532],[34.772226,32.053198],[34.772221,32.053296],[34.772886,32.053168],[34.772959,32.053152],[34.773501,32.053038],[34.773837,32.052968],[34.774333,32.052866],[34.77456,32.052827]]]},"properties":{"sa":825,"name":"אזור סטטיסטי 825"}},{"type":"Feature","geometry":{"type":"Polygon","coordinates":[[[34.775391,32.054876],[34.77538,32.054863],[34.77531,32.054784],[34.775196,32.054493],[34.775005,32.054016],[34.774861,32.053652],[34.774771,32.053425],[34.774705,32.053241],[34.774595,32.052918],[34.77456,32.052827],[34.774333,32.052866],[34.773837,32.052968],[34.773501,32.053038],[34.772959,32.053152],[34.772886,32.053168],[34.772221,32.053296],[34.772226,32.053198],[34.772266,32.052532],[34.772275,32.052451],[34.772281,32.052383],[34.772282,32.052319],[34.772289,32.052089],[34.772274,32.051914],[34.772246,32.051779],[34.772187,32.051629],[34.772097,32.051468],[34.772038,32.051382],[34.771959,32.051267],[34.771553,32.050752],[34.771492,32.050685],[34.771429,32.050728],[34.771095,32.050935],[34.770987,32.05099],[34.77075,32.051075],[34.77065,32.05111],[34.77023,32.051294],[34.770156,32.051337],[34.770126,32.051354],[34.770186,32.051706],[34.7702,32.051812],[34.770333,32.052882],[34.770343,32.052941],[34.77036,32.053039],[34.770382,32.053094],[34.770425,32.053205],[34.770542,32.053378],[34.770702,32.053558],[34.77081,32.053721],[34.770831,32.053822],[34.770842,32.053874],[34.770836,32.054004],[34.770817,32.054449],[34.770812,32.054666],[34.770817,32.054722],[34.770819,32.054742],[34.770848,32.054745],[34.771132,32.054775],[34.771611,32.05479],[34.772162,32.054807],[34.772191,32.054808],[34.773006,32.054832],[34.77329,32.054841],[34.773437,32.054855],[34.773683,32.054878],[34.773783,32.054889],[34.773822,32.054895],[34.774247,32.054961],[34.774281,32.054964],[34.774314,32.054968],[34.7745,32.054992],[34.774985,32.054948],[34.775271,32.054899],[34.775391,32.054876]]]},"properties":{"sa":826,"name":"אזור סטטיסטי 826"}},{"type":"Feature","geometry":{"type":"Polygon","coordinates":[[[34.771492,32.050685],[34.771506,32.050674],[34.771565,32.050629],[34.771823,32.050438],[34.772062,32.050298],[34.772994,32.049755],[34.773266,32.049591],[34.773326,32.049556],[34.773419,32.049505],[34.773449,32.049491],[34.77356,32.049431],[34.773873,32.049289],[34.774249,32.049145],[34.774281,32.049133],[34.774722,32.04897],[34.77485,32.048923],[34.774955,32.048883],[34.775558,32.048684],[34.775747,32.048623],[34.775902,32.048577],[34.776002,32.048548],[34.776179,32.048489],[34.776177,32.048479],[34.776161,32.048384],[34.775873,32.047984],[34.775695,32.04774],[34.775064,32.046784],[34.774356,32.045476],[34.774206,32.045199],[34.774205,32.045197],[34.773483,32.044816],[34.773468,32.044808],[34.773274,32.04456],[34.772915,32.044099],[34.772559,32.043643],[34.771677,32.042512],[34.771495,32.042617],[34.77141,32.042667],[34.77103,32.042888],[34.770925,32.042964],[34.770897,32.042983],[34.770805,32.04305],[34.770781,32.043068],[34.770492,32.04324],[34.769963,32.04353],[34.769924,32.043553],[34.769657,32.043727],[34.769619,32.043754],[34.769366,32.043935],[34.769359,32.04394],[34.769282,32.044008],[34.769202,32.044073],[34.768964,32.044276],[34.768435,32.044786],[34.768363,32.04486],[34.768308,32.044917],[34.768035,32.045198],[34.767967,32.045279],[34.767946,32.045305],[34.767952,32.045311],[34.76805,32.045406],[34.768235,32.04559],[34.768274,32.045624],[34.768377,32.045743],[34.76843,32.045799],[34.768441,32.045819],[34.768541,32.045986],[34.768618,32.04619],[34.76871,32.046438],[34.768848,32.046901],[34.768881,32.047002],[34.768921,32.047121],[34.768968,32.047392],[34.769045,32.048032],[34.769094,32.04839],[34.769107,32.048451],[34.769125,32.048579],[34.769147,32.048682],[34.769156,32.048758],[34.769183,32.048887],[34.769209,32.049011],[34.769254,32.049318],[34.769282,32.049478],[34.769337,32.04966],[34.769375,32.04976],[34.76942,32.049877],[34.769531,32.050069],[34.769695,32.050351],[34.769882,32.050682],[34.769956,32.050838],[34.769959,32.050844],[34.770008,32.050947],[34.770107,32.051228],[34.770126,32.051354],[34.770156,32.051337],[34.77023,32.051294],[34.77065,32.05111],[34.77075,32.051075],[34.770987,32.05099],[34.771095,32.050935],[34.771429,32.050728],[34.771492,32.050685]]]},"properties":{"sa":831,"name":"אזור סטטיסטי 831","winner":"yesh_atid","winnerShare":0.3254,"valid":756,"turnout":0.4419,"parties":{"other":23189,"labor":103,"habait":5,"hadash":31,"rz":22,"gantz":47,"yb":26,"likud":111,"meretz":119,"raam":6,"yesh_atid":246,"shas":22,"balad":3,"utj":1},"sh_likud":0.1468,"sh_yesh_atid":0.3254,"sh_shas":0.0291,"sh_utj":0.0013,"sh_rz":0.0291,"sh_labor":0.1362,"sh_gantz":0.0622,"sh_yb":0.0344,"sh_meretz":0.1574,"sh_raam":0.0079,"sh_hadash":0.041,"sh_balad":0.004,"sh_habait":0.0066,"sh_other":30.6733}},{"type":"Feature","geometry":{"type":"Polygon","coordinates":[[[34.780878,32.047312],[34.780869,32.047299],[34.78079,32.047172],[34.780727,32.046995],[34.780718,32.04697],[34.780652,32.046733],[34.780071,32.046691],[34.78007,32.046686],[34.780046,32.046593],[34.780004,32.046588],[34.779545,32.045686],[34.779468,32.045559],[34.779429,32.045496],[34.779427,32.045493],[34.779307,32.045295],[34.779206,32.045225],[34.779252,32.045113],[34.779316,32.044993],[34.77934,32.04497],[34.779271,32.044586],[34.779145,32.044534],[34.779129,32.044538],[34.778976,32.044546],[34.778822,32.044234],[34.778729,32.044044],[34.778638,32.043854],[34.778554,32.043762],[34.778503,32.043705],[34.7785,32.043699],[34.778469,32.043658],[34.778335,32.043506],[34.778331,32.043501],[34.778286,32.04346],[34.778032,32.043229],[34.777845,32.043073],[34.777632,32.042938],[34.777322,32.042773],[34.777135,32.042651],[34.776723,32.042394],[34.776541,32.042411],[34.776478,32.042402],[34.776419,32.042368],[34.77625,32.042177],[34.775953,32.041753],[34.775704,32.041399],[34.775587,32.041447],[34.775484,32.041488],[34.775407,32.041403],[34.775097,32.040995],[34.774937,32.040785],[34.774905,32.040745],[34.774882,32.040715],[34.77479,32.040604],[34.774697,32.040666],[34.774397,32.040858],[34.773843,32.0412],[34.773744,32.041262],[34.773295,32.041539],[34.77313,32.041641],[34.772598,32.041973],[34.772445,32.042062],[34.771766,32.042461],[34.771707,32.042495],[34.771677,32.042512],[34.772559,32.043643],[34.772915,32.044099],[34.773274,32.04456],[34.773468,32.044808],[34.773483,32.044816],[34.774205,32.045197],[34.774206,32.045199],[34.774356,32.045476],[34.775064,32.046784],[34.775695,32.04774],[34.775873,32.047984],[34.776161,32.048384],[34.776177,32.048479],[34.776179,32.048489],[34.776342,32.048435],[34.776504,32.048382],[34.776942,32.048242],[34.777224,32.048151],[34.777359,32.048108],[34.777567,32.04804],[34.778312,32.047829],[34.778524,32.04777],[34.778626,32.047745],[34.779071,32.047637],[34.779074,32.047636],[34.779101,32.04763],[34.779182,32.04761],[34.779611,32.047525],[34.779806,32.047487],[34.780364,32.047391],[34.780471,32.047373],[34.780692,32.047343],[34.780878,32.047312]]]},"properties":{"sa":832,"name":"אזור סטטיסטי 832","winner":"likud","winnerShare":0.3435,"valid":2384,"turnout":0.6375,"parties":{"other":44998,"labor":110,"habait":17,"utj":27,"hadash":37,"rz":255,"gantz":115,"yb":19,"likud":819,"meretz":90,"yesh_atid":212,"shas":649,"balad":7,"raam":4},"sh_likud":0.3435,"sh_yesh_atid":0.0889,"sh_shas":0.2722,"sh_utj":0.0113,"sh_rz":0.107,"sh_labor":0.0461,"sh_gantz":0.0482,"sh_yb":0.008,"sh_meretz":0.0378,"sh_raam":0.0017,"sh_hadash":0.0155,"sh_balad":0.0029,"sh_habait":0.0071,"sh_other":18.875}},{"type":"Feature","geometry":{"type":"Polygon","coordinates":[[[34.78657,32.046796],[34.786562,32.046796],[34.786535,32.046797],[34.786431,32.046801],[34.786327,32.046804],[34.786223,32.046807],[34.786119,32.046811],[34.786015,32.046814],[34.785973,32.04676],[34.785931,32.046705],[34.7859,32.046667],[34.785869,32.046628],[34.78581,32.046557],[34.78575,32.046485],[34.785691,32.046413],[34.785632,32.046341],[34.7856,32.046304],[34.785552,32.046245],[34.785503,32.046186],[34.785456,32.046128],[34.785455,32.046127],[34.785398,32.046059],[34.785341,32.04599],[34.785284,32.045922],[34.785227,32.045853],[34.78517,32.045785],[34.785113,32.045716],[34.785056,32.045647],[34.784999,32.045579],[34.784947,32.045516],[34.784894,32.045453],[34.784841,32.045389],[34.784789,32.045326],[34.784732,32.045258],[34.784675,32.04519],[34.784619,32.045122],[34.784562,32.045054],[34.784506,32.044985],[34.784449,32.044917],[34.784393,32.044849],[34.784336,32.044781],[34.78428,32.044713],[34.784228,32.044651],[34.784177,32.044589],[34.784125,32.044527],[34.784074,32.044466],[34.784023,32.044404],[34.783964,32.044335],[34.783908,32.044268],[34.783851,32.044201],[34.783824,32.044169],[34.783794,32.044134],[34.783737,32.044068],[34.783677,32.043997],[34.783617,32.043926],[34.783557,32.043856],[34.783497,32.043785],[34.783464,32.043745],[34.78343,32.043706],[34.78337,32.043634],[34.78331,32.043562],[34.78325,32.04349],[34.783189,32.043418],[34.783129,32.043346],[34.783069,32.043274],[34.783008,32.043202],[34.782948,32.04313],[34.782888,32.043058],[34.782828,32.042986],[34.782767,32.042914],[34.782707,32.042842],[34.782647,32.04277],[34.782587,32.042698],[34.782526,32.042626],[34.782466,32.042553],[34.782405,32.042481],[34.782344,32.042408],[34.782283,32.042336],[34.782223,32.042263],[34.782162,32.042191],[34.782101,32.042118],[34.78204,32.042046],[34.781979,32.041973],[34.781919,32.041901],[34.781858,32.041828],[34.781797,32.041756],[34.781736,32.041683],[34.781676,32.04161],[34.781615,32.041538],[34.781554,32.041465],[34.781493,32.041393],[34.781433,32.04132],[34.781372,32.041248],[34.781311,32.041174],[34.78125,32.041101],[34.781189,32.041027],[34.781128,32.040953],[34.781067,32.040879],[34.781006,32.040806],[34.780945,32.040732],[34.780884,32.040658],[34.780823,32.040585],[34.780762,32.040511],[34.780702,32.040437],[34.780642,32.040367],[34.780582,32.040296],[34.780523,32.040225],[34.780463,32.040155],[34.780403,32.040084],[34.780343,32.040013],[34.780284,32.039942],[34.780224,32.039872],[34.780164,32.039801],[34.780105,32.03973],[34.780045,32.039659],[34.779985,32.039589],[34.779926,32.039518],[34.779866,32.039447],[34.779806,32.039377],[34.779747,32.039306],[34.779687,32.039235],[34.779627,32.039164],[34.779568,32.039094],[34.779508,32.039023],[34.779448,32.038952],[34.779389,32.038881],[34.779329,32.038811],[34.779267,32.03874],[34.779205,32.038669],[34.779143,32.038599],[34.779116,32.038569],[34.779112,32.038564],[34.77908,32.038528],[34.779018,32.038458],[34.778956,32.038387],[34.778948,32.038392],[34.77889,32.038327],[34.778833,32.038262],[34.778831,32.038263],[34.778764,32.038302],[34.7787,32.038337],[34.778635,32.038373],[34.778573,32.038408],[34.77851,32.038444],[34.778449,32.038478],[34.778388,32.038512],[34.778332,32.038542],[34.778276,32.038572],[34.778195,32.038616],[34.778115,32.03866],[34.778103,32.038643],[34.778064,32.038663],[34.778032,32.038677],[34.777935,32.038731],[34.77762,32.03891],[34.777483,32.038989],[34.776773,32.039396],[34.776111,32.039777],[34.775506,32.040135],[34.775053,32.040425],[34.775038,32.040435],[34.774914,32.040514],[34.774906,32.040519],[34.774806,32.040592],[34.77479,32.040604],[34.774882,32.040715],[34.774905,32.040745],[34.774937,32.040785],[34.775097,32.040995],[34.775407,32.041403],[34.775484,32.041488],[34.775587,32.041447],[34.775704,32.041399],[34.775953,32.041753],[34.77625,32.042177],[34.776419,32.042368],[34.776478,32.042402],[34.776541,32.042411],[34.776723,32.042394],[34.777135,32.042651],[34.777322,32.042773],[34.777632,32.042938],[34.777845,32.043073],[34.778032,32.043229],[34.778286,32.04346],[34.778331,32.043501],[34.778335,32.043506],[34.778469,32.043658],[34.7785,32.043699],[34.778503,32.043705],[34.778554,32.043762],[34.778638,32.043854],[34.778729,32.044044],[34.778822,32.044234],[34.778976,32.044546],[34.779129,32.044538],[34.779145,32.044534],[34.779271,32.044586],[34.77934,32.04497],[34.779316,32.044993],[34.779252,32.045113],[34.779206,32.045225],[34.779307,32.045295],[34.779427,32.045493],[34.779429,32.045496],[34.779468,32.045559],[34.779545,32.045686],[34.780004,32.046588],[34.780046,32.046593],[34.78007,32.046686],[34.780071,32.046691],[34.780652,32.046733],[34.780718,32.04697],[34.780727,32.046995],[34.78079,32.047172],[34.780869,32.047299],[34.780878,32.047312],[34.780912,32.047307],[34.781084,32.047278],[34.782883,32.047071],[34.78314,32.047041],[34.783499,32.047],[34.78365,32.046974],[34.783667,32.046971],[34.783698,32.046966],[34.783736,32.04696],[34.783792,32.04695],[34.783954,32.046939],[34.784015,32.046935],[34.784344,32.046938],[34.78533,32.047004],[34.7863,32.046994],[34.786325,32.046994],[34.786467,32.046991],[34.786477,32.046971],[34.786538,32.046858],[34.786554,32.046828],[34.78657,32.046796]]]},"properties":{"sa":833,"name":"אזור סטטיסטי 833","winner":"likud","winnerShare":0.3821,"valid":1735,"turnout":0.6529,"parties":{"other":37858,"labor":79,"habait":12,"utj":14,"hadash":21,"rz":187,"gantz":101,"yb":18,"likud":663,"meretz":80,"yesh_atid":158,"shas":370,"balad":4,"raam":3},"sh_likud":0.3821,"sh_yesh_atid":0.0911,"sh_shas":0.2133,"sh_utj":0.0081,"sh_rz":0.1078,"sh_labor":0.0455,"sh_gantz":0.0582,"sh_yb":0.0104,"sh_meretz":0.0461,"sh_raam":0.0017,"sh_hadash":0.0121,"sh_balad":0.0023,"sh_habait":0.0069,"sh_other":21.8202}},{"type":"Feature","geometry":{"type":"Polygon","coordinates":[[[34.801606,32.075389],[34.801596,32.075362],[34.801595,32.075362],[34.801521,32.075368],[34.800809,32.075566],[34.800594,32.075626],[34.800563,32.075635],[34.800351,32.075694],[34.800309,32.075707],[34.800251,32.075725],[34.799982,32.075808],[34.799951,32.075817],[34.79965,32.075909],[34.79956,32.075937],[34.799309,32.076014],[34.79929,32.07602],[34.798975,32.076112],[34.798871,32.076142],[34.798641,32.07621],[34.798237,32.076328],[34.798207,32.076337],[34.797996,32.076399],[34.797989,32.076401],[34.797713,32.076483],[34.797295,32.076606],[34.797069,32.076673],[34.797067,32.076674],[34.796491,32.076836],[34.79644,32.076848],[34.796406,32.076856],[34.796433,32.076902],[34.796525,32.07713],[34.796637,32.077344],[34.79665,32.077371],[34.796673,32.077415],[34.796791,32.077603],[34.796909,32.077791],[34.797095,32.077988],[34.797112,32.078002],[34.797349,32.078195],[34.797375,32.078214],[34.797406,32.078234],[34.79745,32.078264],[34.797481,32.078287],[34.79769,32.07841],[34.797963,32.078596],[34.798294,32.078822],[34.798372,32.078877],[34.798403,32.078901],[34.798473,32.078947],[34.798523,32.078974],[34.798575,32.079023],[34.798769,32.079095],[34.799078,32.07921],[34.79924,32.079233],[34.799246,32.079234],[34.799265,32.079225],[34.799337,32.079192],[34.799423,32.079147],[34.79951,32.079101],[34.799597,32.079056],[34.799683,32.079011],[34.79977,32.078966],[34.799857,32.078921],[34.799943,32.078875],[34.80003,32.07883],[34.800117,32.078785],[34.800204,32.07874],[34.80029,32.078694],[34.800377,32.078649],[34.800464,32.078604],[34.80055,32.078559],[34.800637,32.078514],[34.800724,32.078468],[34.80081,32.078423],[34.800846,32.078405],[34.800897,32.078378],[34.800984,32.078333],[34.801071,32.078287],[34.801157,32.078242],[34.801244,32.078197],[34.801261,32.078188],[34.801331,32.078152],[34.801371,32.078126],[34.801407,32.078103],[34.801484,32.078054],[34.801561,32.078006],[34.801621,32.077965],[34.801682,32.077924],[34.801747,32.077865],[34.801811,32.077806],[34.801864,32.077769],[34.801917,32.077732],[34.801947,32.077703],[34.801963,32.077636],[34.801979,32.077569],[34.802,32.077513],[34.802021,32.077456],[34.802052,32.077377],[34.802083,32.077298],[34.802114,32.077219],[34.802137,32.077135],[34.802146,32.077062],[34.80215,32.07699],[34.802153,32.076917],[34.80215,32.076849],[34.802147,32.076781],[34.802147,32.076777],[34.802142,32.07675],[34.802137,32.076738],[34.802114,32.07668],[34.802087,32.07661],[34.802059,32.07654],[34.802031,32.076469],[34.802004,32.076399],[34.801971,32.076317],[34.801939,32.076234],[34.801907,32.076152],[34.801874,32.076069],[34.801842,32.075987],[34.801809,32.075904],[34.801784,32.075841],[34.801759,32.075778],[34.801729,32.075701],[34.801699,32.075624],[34.801671,32.075553],[34.801643,32.075483],[34.80164,32.075475],[34.801611,32.075402],[34.801606,32.075389]]]},"properties":{"sa":911,"name":"אזור סטטיסטי 911"}},{"type":"Feature","geometry":{"type":"Polygon","coordinates":[[[34.801596,32.075362],[34.801582,32.07533],[34.801559,32.07527],[34.801535,32.07521],[34.801504,32.075131],[34.801473,32.075052],[34.801442,32.074973],[34.801412,32.074894],[34.801381,32.074815],[34.801356,32.074753],[34.801331,32.074692],[34.801328,32.074685],[34.801307,32.074634],[34.801284,32.074576],[34.801252,32.074497],[34.801221,32.074418],[34.801189,32.074339],[34.801157,32.074261],[34.801126,32.074182],[34.801094,32.074104],[34.801061,32.07402],[34.801028,32.073936],[34.801005,32.073878],[34.800982,32.07382],[34.80096,32.073763],[34.800941,32.07372],[34.800922,32.073677],[34.800892,32.0736],[34.800863,32.073523],[34.800831,32.073447],[34.800799,32.073372],[34.800769,32.073296],[34.800738,32.07322],[34.800737,32.073218],[34.800708,32.073149],[34.800676,32.073071],[34.800644,32.072993],[34.800613,32.072915],[34.800613,32.072914],[34.800616,32.07291],[34.800647,32.072873],[34.800705,32.072803],[34.800763,32.072733],[34.800821,32.072663],[34.800879,32.072594],[34.800937,32.072524],[34.800986,32.07246],[34.801034,32.072396],[34.801083,32.072332],[34.801132,32.072267],[34.801181,32.072203],[34.801231,32.072137],[34.801281,32.072071],[34.801331,32.072005],[34.801381,32.071938],[34.801431,32.071872],[34.801436,32.071866],[34.801481,32.071806],[34.801531,32.071739],[34.801581,32.071673],[34.801631,32.071607],[34.801681,32.07154],[34.801721,32.07149],[34.801761,32.07144],[34.801801,32.071389],[34.801842,32.07133],[34.801884,32.071271],[34.801926,32.071208],[34.801969,32.071146],[34.802014,32.07109],[34.80206,32.071034],[34.802105,32.070978],[34.802158,32.070907],[34.802211,32.070836],[34.802263,32.070765],[34.802317,32.070701],[34.802359,32.070649],[34.8024,32.070597],[34.802451,32.070546],[34.802502,32.070494],[34.80258,32.070445],[34.802513,32.070377],[34.802482,32.070337],[34.80245,32.070298],[34.802387,32.070226],[34.802323,32.070154],[34.802261,32.070092],[34.802258,32.070089],[34.802256,32.070095],[34.802136,32.06997],[34.801982,32.070095],[34.801865,32.070153],[34.801738,32.070209],[34.801644,32.070239],[34.80162,32.070246],[34.801273,32.070356],[34.801197,32.070378],[34.800675,32.070535],[34.800426,32.07061],[34.799919,32.070765],[34.799809,32.07081],[34.799804,32.070812],[34.799701,32.070855],[34.799128,32.07103],[34.79892,32.071094],[34.797981,32.071383],[34.79797,32.071386],[34.797842,32.071426],[34.797797,32.07144],[34.797529,32.071524],[34.797121,32.071652],[34.797014,32.071683],[34.797488,32.072729],[34.797491,32.072869],[34.797469,32.072897],[34.79744,32.072933],[34.79733,32.072985],[34.796763,32.07316],[34.795127,32.073665],[34.79564,32.07493],[34.795788,32.075323],[34.795801,32.075356],[34.796093,32.076035],[34.796137,32.076138],[34.7963,32.076583],[34.796373,32.076781],[34.796401,32.076845],[34.796406,32.076856],[34.79644,32.076848],[34.796491,32.076836],[34.797067,32.076674],[34.797069,32.076673],[34.797295,32.076606],[34.797713,32.076483],[34.797989,32.076401],[34.797996,32.076399],[34.798207,32.076337],[34.798237,32.076328],[34.798641,32.07621],[34.798871,32.076142],[34.798975,32.076112],[34.79929,32.07602],[34.799309,32.076014],[34.79956,32.075937],[34.79965,32.075909],[34.799951,32.075817],[34.799982,32.075808],[34.800251,32.075725],[34.800309,32.075707],[34.800351,32.075694],[34.800563,32.075635],[34.800594,32.075626],[34.800809,32.075566],[34.801521,32.075368],[34.801595,32.075362],[34.801596,32.075362]]]},"properties":{"sa":912,"name":"אזור סטטיסטי 912","winner":"yesh_atid","winnerShare":0.3744,"valid":4148,"turnout":0.7288,"parties":{"other":66871,"labor":336,"habait":61,"utj":34,"hadash":20,"rz":303,"gantz":610,"yb":147,"likud":696,"meretz":260,"yesh_atid":1553,"shas":56,"raam":4,"balad":3},"sh_likud":0.1678,"sh_yesh_atid":0.3744,"sh_shas":0.0135,"sh_utj":0.0082,"sh_rz":0.073,"sh_labor":0.081,"sh_gantz":0.1471,"sh_yb":0.0354,"sh_meretz":0.0627,"sh_raam":0.001,"sh_hadash":0.0048,"sh_balad":0.0007,"sh_habait":0.0147,"sh_other":16.1213}},{"type":"Feature","geometry":{"type":"Polygon","coordinates":[[[34.799246,32.079234],[34.79924,32.079233],[34.799078,32.07921],[34.798769,32.079095],[34.798575,32.079023],[34.798523,32.078974],[34.798473,32.078947],[34.798403,32.078901],[34.798372,32.078877],[34.798294,32.078822],[34.797963,32.078596],[34.79769,32.07841],[34.797481,32.078287],[34.79745,32.078264],[34.797406,32.078234],[34.797375,32.078214],[34.797349,32.078195],[34.797112,32.078002],[34.797095,32.077988],[34.796909,32.077791],[34.796791,32.077603],[34.796673,32.077415],[34.79665,32.077371],[34.796637,32.077344],[34.796525,32.07713],[34.796433,32.076902],[34.796406,32.076856],[34.796401,32.076845],[34.796373,32.076781],[34.7963,32.076583],[34.796137,32.076138],[34.796093,32.076035],[34.795801,32.075356],[34.795788,32.075323],[34.79564,32.07493],[34.795127,32.073665],[34.796763,32.07316],[34.79733,32.072985],[34.79744,32.072933],[34.797469,32.072897],[34.797491,32.072869],[34.797488,32.072729],[34.797014,32.071683],[34.796281,32.071909],[34.795146,32.072254],[34.794717,32.072386],[34.794609,32.072434],[34.794516,32.072476],[34.794354,32.072527],[34.794152,32.07259],[34.794139,32.072595],[34.794034,32.072628],[34.794008,32.072636],[34.793991,32.072941],[34.793997,32.073062],[34.79397,32.073195],[34.793913,32.073563],[34.793894,32.073921],[34.793896,32.074272],[34.793918,32.074774],[34.793887,32.075044],[34.794109,32.075627],[34.794168,32.075733],[34.794196,32.075782],[34.794221,32.075827],[34.794417,32.076174],[34.794988,32.076922],[34.795182,32.077127],[34.79526,32.077209],[34.79636,32.078365],[34.796664,32.078687],[34.796909,32.07887],[34.796943,32.078909],[34.797089,32.079074],[34.797176,32.079173],[34.797333,32.079352],[34.797411,32.079463],[34.797561,32.079677],[34.797602,32.079736],[34.797673,32.079854],[34.797773,32.080019],[34.797795,32.080059],[34.797873,32.0802],[34.797936,32.080153],[34.797999,32.080106],[34.798062,32.080059],[34.798125,32.080011],[34.798195,32.079958],[34.798265,32.079904],[34.798335,32.079851],[34.798405,32.079797],[34.798475,32.079744],[34.798543,32.079691],[34.798611,32.079638],[34.798679,32.079585],[34.798748,32.079533],[34.798797,32.079486],[34.798846,32.07944],[34.798896,32.079394],[34.798967,32.079362],[34.799038,32.079329],[34.799122,32.079292],[34.799193,32.079258],[34.799246,32.079234]]]},"properties":{"sa":913,"name":"אזור סטטיסטי 913"}},{"type":"Feature","geometry":{"type":"Polygon","coordinates":[[[34.797014,32.071683],[34.797121,32.071652],[34.797529,32.071524],[34.797797,32.07144],[34.79779,32.071429],[34.797682,32.071263],[34.797466,32.070713],[34.797267,32.070209],[34.797209,32.07007],[34.797087,32.069703],[34.797012,32.069491],[34.796931,32.069187],[34.796848,32.068874],[34.796807,32.068667],[34.796786,32.068553],[34.796666,32.068218],[34.796645,32.068137],[34.796603,32.067841],[34.796582,32.067654],[34.796577,32.067597],[34.796549,32.066775],[34.79655,32.066711],[34.796559,32.066336],[34.79654,32.066183],[34.796467,32.065956],[34.796432,32.065787],[34.796441,32.065697],[34.796492,32.065224],[34.796546,32.064712],[34.796091,32.06471],[34.795922,32.064711],[34.795328,32.064713],[34.795227,32.064713],[34.794799,32.06475],[34.794771,32.064752],[34.794487,32.064777],[34.794237,32.064798],[34.794107,32.06481],[34.793962,32.064829],[34.793673,32.064868],[34.793176,32.064951],[34.793155,32.064955],[34.79246,32.065081],[34.79243,32.064953],[34.792332,32.064432],[34.792309,32.064269],[34.792227,32.064288],[34.791868,32.064351],[34.791438,32.064426],[34.791339,32.064443],[34.790867,32.064529],[34.790368,32.064623],[34.790326,32.06463],[34.79046,32.064741],[34.790585,32.064843],[34.79098,32.065224],[34.79132,32.065586],[34.791556,32.065863],[34.791648,32.065975],[34.791902,32.06633],[34.792209,32.066798],[34.79246,32.067263],[34.792745,32.067933],[34.792752,32.067949],[34.792758,32.067964],[34.792819,32.068109],[34.792971,32.068559],[34.79322,32.069496],[34.793289,32.06987],[34.79345,32.070198],[34.793551,32.070524],[34.793613,32.070755],[34.793809,32.071768],[34.79398,32.072466],[34.794006,32.072623],[34.794008,32.072636],[34.794034,32.072628],[34.794139,32.072595],[34.794152,32.07259],[34.794354,32.072527],[34.794516,32.072476],[34.794609,32.072434],[34.794717,32.072386],[34.795146,32.072254],[34.796281,32.071909],[34.797014,32.071683]]]},"properties":{"sa":914,"name":"אזור סטטיסטי 914"}},{"type":"Feature","geometry":{"type":"Polygon","coordinates":[[[34.799809,32.07081],[34.799805,32.070801],[34.799735,32.070654],[34.799677,32.070509],[34.799528,32.070146],[34.799421,32.069885],[34.799385,32.069798],[34.799256,32.06945],[34.799236,32.069396],[34.79917,32.069219],[34.799086,32.068925],[34.799038,32.068757],[34.799012,32.068666],[34.798948,32.068324],[34.79892,32.068173],[34.798865,32.067877],[34.798837,32.067726],[34.7988,32.067166],[34.798791,32.067096],[34.798788,32.067076],[34.798777,32.066992],[34.798783,32.066371],[34.798796,32.066172],[34.798799,32.066135],[34.798802,32.066093],[34.79881,32.065964],[34.798843,32.065447],[34.798845,32.065437],[34.798847,32.065425],[34.798881,32.065207],[34.798911,32.065021],[34.798924,32.064968],[34.798941,32.064901],[34.799075,32.064363],[34.799092,32.064258],[34.798962,32.064245],[34.798163,32.064103],[34.798146,32.0641],[34.798013,32.064076],[34.797661,32.064029],[34.797344,32.063988],[34.796888,32.063946],[34.796832,32.063942],[34.796811,32.063941],[34.79617,32.063902],[34.795959,32.0639],[34.795667,32.063897],[34.795619,32.063897],[34.795318,32.063903],[34.795174,32.063906],[34.794892,32.063923],[34.794725,32.063932],[34.794434,32.063949],[34.794391,32.063952],[34.794125,32.063981],[34.793829,32.064015],[34.79354,32.064047],[34.793489,32.064053],[34.79298,32.06414],[34.792972,32.064141],[34.792464,32.064233],[34.792337,32.064262],[34.792309,32.064269],[34.792332,32.064432],[34.79243,32.064953],[34.79246,32.065081],[34.793155,32.064955],[34.793176,32.064951],[34.793673,32.064868],[34.793962,32.064829],[34.794107,32.06481],[34.794237,32.064798],[34.794487,32.064777],[34.794771,32.064752],[34.794799,32.06475],[34.795227,32.064713],[34.795328,32.064713],[34.795922,32.064711],[34.796091,32.06471],[34.796546,32.064712],[34.796492,32.065224],[34.796441,32.065697],[34.796432,32.065787],[34.796467,32.065956],[34.79654,32.066183],[34.796559,32.066336],[34.79655,32.066711],[34.796549,32.066775],[34.796577,32.067597],[34.796582,32.067654],[34.796603,32.067841],[34.796645,32.068137],[34.796666,32.068218],[34.796786,32.068553],[34.796807,32.068667],[34.796848,32.068874],[34.796931,32.069187],[34.797012,32.069491],[34.797087,32.069703],[34.797209,32.07007],[34.797267,32.070209],[34.797466,32.070713],[34.797682,32.071263],[34.79779,32.071429],[34.797797,32.07144],[34.797842,32.071426],[34.79797,32.071386],[34.797981,32.071383],[34.79892,32.071094],[34.799128,32.07103],[34.799701,32.070855],[34.799804,32.070812],[34.799809,32.07081]]]},"properties":{"sa":915,"name":"אזור סטטיסטי 915","winner":"yesh_atid","winnerShare":0.2944,"valid":2398,"turnout":0.6756,"parties":{"other":44223,"labor":276,"habait":11,"utj":8,"balad":6,"hadash":21,"rz":99,"gantz":270,"yb":63,"likud":492,"meretz":299,"raam":4,"yesh_atid":706,"shas":106},"sh_likud":0.2052,"sh_yesh_atid":0.2944,"sh_shas":0.0442,"sh_utj":0.0033,"sh_rz":0.0413,"sh_labor":0.1151,"sh_gantz":0.1126,"sh_yb":0.0263,"sh_meretz":0.1247,"sh_raam":0.0017,"sh_hadash":0.0088,"sh_balad":0.0025,"sh_habait":0.0046,"sh_other":18.4416}},{"type":"Feature","geometry":{"type":"Polygon","coordinates":[[[34.801982,32.070095],[34.802136,32.06997],[34.802256,32.070095],[34.802258,32.070089],[34.802198,32.07003],[34.802136,32.069967],[34.802135,32.069967],[34.802135,32.069967],[34.802135,32.069967],[34.80216,32.069947],[34.802193,32.069923],[34.802217,32.069893],[34.80227,32.069835],[34.802323,32.069778],[34.802359,32.069709],[34.802395,32.069641],[34.802431,32.069572],[34.802449,32.069485],[34.802467,32.069397],[34.802484,32.069309],[34.802499,32.069235],[34.802502,32.069221],[34.80252,32.069134],[34.802528,32.06905],[34.802536,32.068966],[34.802545,32.068882],[34.802553,32.068799],[34.802561,32.068715],[34.80257,32.068631],[34.802578,32.068547],[34.802587,32.068464],[34.802595,32.06838],[34.802603,32.068296],[34.802612,32.068212],[34.80262,32.068129],[34.802628,32.068046],[34.802636,32.067963],[34.802644,32.067879],[34.802653,32.067796],[34.802661,32.067713],[34.802669,32.06763],[34.802677,32.067546],[34.802685,32.067463],[34.802693,32.06738],[34.802701,32.067297],[34.80271,32.067213],[34.802718,32.067125],[34.802726,32.067036],[34.802734,32.066948],[34.802743,32.066859],[34.802751,32.06677],[34.80276,32.066686],[34.802768,32.066602],[34.802777,32.066518],[34.802786,32.066434],[34.802786,32.066419],[34.802792,32.066358],[34.802799,32.066297],[34.802805,32.066236],[34.802811,32.066169],[34.802817,32.066103],[34.802824,32.066036],[34.802793,32.066037],[34.802792,32.066047],[34.80279,32.066047],[34.802776,32.066048],[34.802575,32.066063],[34.801572,32.06598],[34.79996,32.065855],[34.799867,32.065861],[34.799834,32.065888],[34.799809,32.065907],[34.799653,32.065884],[34.79964,32.065882],[34.799626,32.065882],[34.799311,32.065872],[34.799245,32.065868],[34.798877,32.065949],[34.798834,32.065958],[34.79881,32.065964],[34.798802,32.066093],[34.798799,32.066135],[34.798796,32.066172],[34.798783,32.066371],[34.798777,32.066992],[34.798788,32.067076],[34.798791,32.067096],[34.7988,32.067166],[34.798837,32.067726],[34.798865,32.067877],[34.79892,32.068173],[34.798948,32.068324],[34.799012,32.068666],[34.799038,32.068757],[34.799086,32.068925],[34.79917,32.069219],[34.799236,32.069396],[34.799256,32.06945],[34.799385,32.069798],[34.799421,32.069885],[34.799528,32.070146],[34.799677,32.070509],[34.799735,32.070654],[34.799805,32.070801],[34.799809,32.07081],[34.799919,32.070765],[34.800426,32.07061],[34.800675,32.070535],[34.801197,32.070378],[34.801273,32.070356],[34.80162,32.070246],[34.801644,32.070239],[34.801738,32.070209],[34.801865,32.070153],[34.801982,32.070095]]]},"properties":{"sa":916,"name":"אזור סטטיסטי 916","winner":"likud","winnerShare":0.2644,"valid":1214,"turnout":0.684,"parties":{"other":22118,"labor":125,"habait":6,"utj":4,"balad":2,"hadash":16,"rz":92,"gantz":124,"yb":20,"likud":321,"meretz":98,"raam":4,"yesh_atid":285,"shas":94},"sh_likud":0.2644,"sh_yesh_atid":0.2348,"sh_shas":0.0774,"sh_utj":0.0033,"sh_rz":0.0758,"sh_labor":0.103,"sh_gantz":0.1021,"sh_yb":0.0165,"sh_meretz":0.0807,"sh_raam":0.0033,"sh_hadash":0.0132,"sh_balad":0.0016,"sh_habait":0.0049,"sh_other":18.2191}},{"type":"Feature","geometry":{"type":"Polygon","coordinates":[[[34.805864,32.061886],[34.805783,32.061825],[34.805201,32.0614],[34.805096,32.061324],[34.805072,32.061308],[34.804981,32.061242],[34.804837,32.061141],[34.804686,32.061011],[34.804651,32.060973],[34.804558,32.060872],[34.804422,32.060694],[34.804354,32.060585],[34.804272,32.060454],[34.804204,32.060322],[34.804176,32.060266],[34.804109,32.060089],[34.804099,32.060048],[34.804055,32.059875],[34.80405,32.059829],[34.804039,32.059752],[34.804034,32.059709],[34.804022,32.059615],[34.804008,32.059384],[34.804022,32.05926],[34.803493,32.059252],[34.802762,32.059236],[34.802758,32.059235],[34.802537,32.059231],[34.802041,32.059222],[34.801542,32.059213],[34.801448,32.059211],[34.801376,32.05921],[34.80133,32.059209],[34.800452,32.059191],[34.800394,32.059189],[34.800366,32.059188],[34.800379,32.059307],[34.800376,32.059584],[34.800375,32.059613],[34.800358,32.059847],[34.800356,32.059863],[34.80035,32.059946],[34.800323,32.060133],[34.800271,32.060498],[34.800265,32.06054],[34.800198,32.061001],[34.800191,32.061036],[34.800185,32.061064],[34.800178,32.061107],[34.800049,32.061532],[34.799991,32.061722],[34.799942,32.061851],[34.799937,32.061863],[34.799883,32.062004],[34.79986,32.062065],[34.799792,32.062241],[34.799693,32.062501],[34.799609,32.06272],[34.79957,32.06282],[34.799563,32.062839],[34.799434,32.063176],[34.799418,32.063221],[34.799385,32.063317],[34.799333,32.063466],[34.799332,32.06347],[34.799272,32.063642],[34.79925,32.063706],[34.799229,32.063768],[34.799213,32.063814],[34.799179,32.063923],[34.799108,32.064157],[34.799096,32.064235],[34.799092,32.064258],[34.799075,32.064363],[34.798941,32.064901],[34.798924,32.064968],[34.798911,32.065021],[34.798881,32.065207],[34.798847,32.065425],[34.798845,32.065437],[34.798843,32.065447],[34.79881,32.065964],[34.798834,32.065958],[34.798877,32.065949],[34.799245,32.065868],[34.799311,32.065872],[34.799626,32.065882],[34.79964,32.065882],[34.799653,32.065884],[34.799809,32.065907],[34.799834,32.065888],[34.799867,32.065861],[34.79996,32.065855],[34.801572,32.06598],[34.802575,32.066063],[34.802776,32.066048],[34.80279,32.066047],[34.802792,32.066047],[34.802793,32.066037],[34.802824,32.066036],[34.802904,32.066046],[34.803004,32.066054],[34.803103,32.066062],[34.803202,32.06607],[34.803302,32.066078],[34.803401,32.066086],[34.8035,32.066094],[34.803599,32.066102],[34.803699,32.06611],[34.803753,32.066115],[34.803798,32.066118],[34.803804,32.066062],[34.803811,32.066006],[34.803818,32.065946],[34.803825,32.065886],[34.803832,32.065826],[34.803841,32.065762],[34.80385,32.065699],[34.803861,32.065636],[34.803872,32.065572],[34.803873,32.065566],[34.803964,32.065573],[34.804054,32.065581],[34.804144,32.065588],[34.804235,32.065595],[34.804325,32.065603],[34.804415,32.06561],[34.804506,32.065617],[34.804507,32.065614],[34.804519,32.06555],[34.804532,32.065483],[34.804533,32.06548],[34.804547,32.065416],[34.804562,32.065349],[34.804579,32.065283],[34.804595,32.065216],[34.804605,32.065218],[34.804621,32.065165],[34.804641,32.065097],[34.804662,32.065023],[34.804682,32.064948],[34.804704,32.064876],[34.804726,32.064805],[34.804756,32.06472],[34.804786,32.064635],[34.804808,32.064575],[34.804831,32.064516],[34.804864,32.064438],[34.804897,32.06436],[34.804926,32.064294],[34.804954,32.064228],[34.804987,32.064158],[34.80502,32.064089],[34.805054,32.064019],[34.805088,32.063949],[34.805124,32.063878],[34.80516,32.063808],[34.805199,32.063741],[34.805238,32.063673],[34.80528,32.063606],[34.805322,32.063539],[34.805363,32.063472],[34.805405,32.063404],[34.805447,32.063338],[34.805489,32.063272],[34.805512,32.063245],[34.805561,32.063178],[34.80561,32.06311],[34.805663,32.06304],[34.805717,32.062969],[34.80577,32.062898],[34.805788,32.062819],[34.805805,32.062741],[34.805822,32.062662],[34.805839,32.062584],[34.805856,32.062506],[34.805873,32.062427],[34.805891,32.062349],[34.805828,32.062308],[34.805766,32.062267],[34.805704,32.062226],[34.805656,32.06219],[34.805609,32.062154],[34.805666,32.062095],[34.805723,32.062035],[34.80577,32.061985],[34.805817,32.061935],[34.805864,32.061886],[34.805864,32.061886]]]},"properties":{"sa":921,"name":"אזור סטטיסטי 921","winner":"likud","winnerShare":0.3153,"valid":2166,"turnout":0.5939,"parties":{"other":44564,"labor":123,"habait":18,"utj":17,"hadash":5,"rz":198,"gantz":259,"yb":53,"likud":683,"meretz":106,"yesh_atid":445,"shas":203,"balad":4,"raam":1},"sh_likud":0.3153,"sh_yesh_atid":0.2054,"sh_shas":0.0937,"sh_utj":0.0078,"sh_rz":0.0914,"sh_labor":0.0568,"sh_gantz":0.1196,"sh_yb":0.0245,"sh_meretz":0.0489,"sh_raam":0.0005,"sh_hadash":0.0023,"sh_balad":0.0018,"sh_habait":0.0083,"sh_other":20.5743}},{"type":"Feature","geometry":{"type":"Polygon","coordinates":[[[34.810727,32.059697],[34.810716,32.059608],[34.810705,32.059518],[34.810695,32.059428],[34.810684,32.059367],[34.810674,32.059307],[34.810664,32.059246],[34.810647,32.05916],[34.810631,32.059073],[34.810614,32.058987],[34.810601,32.05891],[34.810587,32.058832],[34.810683,32.058816],[34.810779,32.058799],[34.810875,32.058782],[34.810971,32.058766],[34.811067,32.058749],[34.811164,32.058732],[34.81126,32.058716],[34.811356,32.058699],[34.811452,32.058682],[34.811548,32.058666],[34.811644,32.058649],[34.81174,32.058633],[34.811809,32.058621],[34.811806,32.058603],[34.811793,32.058537],[34.811776,32.058453],[34.811759,32.058369],[34.811742,32.058285],[34.811726,32.058201],[34.811709,32.058117],[34.811692,32.058034],[34.811675,32.05795],[34.811659,32.057866],[34.811638,32.057788],[34.811617,32.057709],[34.811596,32.057631],[34.811576,32.057553],[34.811555,32.057475],[34.811534,32.057397],[34.811513,32.057319],[34.811489,32.057234],[34.811465,32.05715],[34.81144,32.057065],[34.811416,32.056981],[34.811392,32.056896],[34.811368,32.056812],[34.811343,32.056727],[34.811319,32.056643],[34.811295,32.056558],[34.811272,32.056496],[34.811249,32.056434],[34.811216,32.056352],[34.811183,32.056269],[34.81115,32.056187],[34.811117,32.056104],[34.811079,32.056027],[34.811041,32.05595],[34.811008,32.055887],[34.810976,32.055823],[34.810944,32.05576],[34.8109,32.055688],[34.810856,32.055617],[34.810812,32.055546],[34.810768,32.055475],[34.810724,32.055404],[34.810693,32.05534],[34.810663,32.055276],[34.810632,32.055212],[34.810601,32.055148],[34.810561,32.055074],[34.810521,32.055],[34.810481,32.054925],[34.810441,32.054851],[34.810424,32.054863],[34.810426,32.054866],[34.810394,32.054889],[34.810318,32.054942],[34.810313,32.054946],[34.809911,32.055207],[34.809797,32.055272],[34.809794,32.055274],[34.80976,32.055294],[34.809747,32.055301],[34.809601,32.055385],[34.808962,32.055699],[34.808856,32.055751],[34.808425,32.05592],[34.808021,32.056078],[34.807834,32.056141],[34.807775,32.056161],[34.806679,32.056529],[34.806624,32.056552],[34.806602,32.056556],[34.806488,32.056602],[34.806302,32.056675],[34.806187,32.056715],[34.806089,32.056749],[34.805958,32.056795],[34.805841,32.056836],[34.805647,32.056904],[34.805581,32.056927],[34.80526,32.057071],[34.805033,32.057209],[34.804815,32.057385],[34.804741,32.057453],[34.80465,32.057537],[34.804615,32.057578],[34.804556,32.057646],[34.804467,32.05775],[34.804357,32.057912],[34.80426,32.05809],[34.804235,32.058147],[34.804177,32.058285],[34.804114,32.058479],[34.80406,32.058712],[34.804046,32.058832],[34.804032,32.058962],[34.804027,32.059155],[34.804023,32.059239],[34.804022,32.05926],[34.804008,32.059384],[34.804022,32.059615],[34.804034,32.059709],[34.804039,32.059752],[34.80405,32.059829],[34.804055,32.059875],[34.804099,32.060048],[34.804109,32.060089],[34.804176,32.060266],[34.804204,32.060322],[34.804272,32.060454],[34.804354,32.060585],[34.804422,32.060694],[34.804558,32.060872],[34.804651,32.060973],[34.804686,32.061011],[34.804837,32.061141],[34.804981,32.061242],[34.805072,32.061308],[34.805096,32.061324],[34.805201,32.0614],[34.805783,32.061825],[34.805864,32.061886],[34.805866,32.061884],[34.805902,32.061851],[34.80594,32.061816],[34.805979,32.061781],[34.806018,32.061745],[34.806086,32.061681],[34.806154,32.061616],[34.806202,32.061576],[34.806253,32.061536],[34.806324,32.061478],[34.806395,32.06142],[34.806447,32.061381],[34.8065,32.061341],[34.806552,32.061301],[34.806604,32.061261],[34.806656,32.061222],[34.806708,32.061183],[34.806755,32.061153],[34.806816,32.061112],[34.806873,32.061076],[34.806924,32.061042],[34.80698,32.061007],[34.807002,32.060994],[34.807043,32.060968],[34.8071,32.060933],[34.807157,32.060898],[34.807216,32.060866],[34.807274,32.060833],[34.807334,32.0608],[34.807393,32.060768],[34.80745,32.060736],[34.807508,32.060705],[34.807573,32.060672],[34.807629,32.060642],[34.807707,32.060603],[34.807764,32.060576],[34.807822,32.06055],[34.807834,32.060545],[34.80788,32.060525],[34.807909,32.060511],[34.807923,32.060506],[34.807982,32.060479],[34.80801,32.060466],[34.808069,32.06044],[34.808094,32.06043],[34.808186,32.060394],[34.808278,32.060359],[34.808366,32.060326],[34.808454,32.060294],[34.80852,32.060272],[34.808586,32.06025],[34.808651,32.060227],[34.808718,32.060205],[34.808785,32.060183],[34.808851,32.060162],[34.808951,32.060131],[34.80905,32.060101],[34.809149,32.06007],[34.809248,32.06004],[34.809316,32.060021],[34.809384,32.060002],[34.809452,32.059982],[34.809551,32.059957],[34.809649,32.059931],[34.809747,32.059906],[34.809849,32.059881],[34.809936,32.05986],[34.809951,32.059856],[34.81002,32.059841],[34.810089,32.059826],[34.810153,32.059812],[34.810158,32.05981],[34.81026,32.059789],[34.810363,32.059768],[34.81046,32.059749],[34.810558,32.05973],[34.810656,32.059711],[34.810727,32.059697]]]},"properties":{"sa":922,"name":"אזור סטטיסטי 922","winner":"yesh_atid","winnerShare":0.2654,"valid":1413,"turnout":0.6109,"parties":{"other":29618,"labor":122,"habait":10,"hadash":20,"rz":77,"gantz":178,"yb":46,"likud":324,"meretz":110,"yesh_atid":375,"shas":103,"utj":10,"balad":4},"sh_likud":0.2293,"sh_yesh_atid":0.2654,"sh_shas":0.0729,"sh_utj":0.0071,"sh_rz":0.0545,"sh_labor":0.0863,"sh_gantz":0.126,"sh_yb":0.0326,"sh_meretz":0.0778,"sh_hadash":0.0142,"sh_balad":0.0028,"sh_habait":0.0071,"sh_other":20.9611}},{"type":"Feature","geometry":{"type":"Polygon","coordinates":[[[34.806488,32.056602],[34.806483,32.056593],[34.806284,32.056298],[34.805954,32.055805],[34.80575,32.055503],[34.805551,32.055639],[34.805399,32.055395],[34.805305,32.055355],[34.805117,32.055134],[34.805043,32.055046],[34.80501,32.054799],[34.804596,32.054815],[34.804446,32.054755],[34.804461,32.054682],[34.804344,32.054659],[34.804217,32.054483],[34.804203,32.054461],[34.804191,32.054442],[34.804095,32.054281],[34.804057,32.054249],[34.80388,32.054139],[34.803848,32.054111],[34.803827,32.054092],[34.803742,32.054054],[34.803336,32.053871],[34.803101,32.053785],[34.803029,32.053759],[34.802834,32.053688],[34.8027,32.053645],[34.802569,32.053602],[34.802516,32.053583],[34.802514,32.053582],[34.80243,32.053551],[34.801924,32.053404],[34.801621,32.053356],[34.801507,32.053338],[34.801287,32.053316],[34.801279,32.053315],[34.80107,32.053295],[34.800771,32.05329],[34.800268,32.053323],[34.800192,32.053331],[34.800097,32.053346],[34.800031,32.05335],[34.800004,32.053352],[34.800073,32.054277],[34.800092,32.054533],[34.800151,32.055224],[34.800205,32.055847],[34.800222,32.056118],[34.800223,32.056137],[34.800237,32.056352],[34.800247,32.056588],[34.800283,32.057483],[34.800307,32.058071],[34.800306,32.058109],[34.800305,32.058182],[34.800276,32.059049],[34.800263,32.05916],[34.80026,32.059182],[34.800366,32.059188],[34.800394,32.059189],[34.800452,32.059191],[34.80133,32.059209],[34.801376,32.05921],[34.801448,32.059211],[34.801542,32.059213],[34.802041,32.059222],[34.802537,32.059231],[34.802758,32.059235],[34.802762,32.059236],[34.803493,32.059252],[34.804022,32.05926],[34.804023,32.059239],[34.804027,32.059155],[34.804032,32.058962],[34.804046,32.058832],[34.80406,32.058712],[34.804114,32.058479],[34.804177,32.058285],[34.804235,32.058147],[34.80426,32.05809],[34.804357,32.057912],[34.804467,32.05775],[34.804556,32.057646],[34.804615,32.057578],[34.80465,32.057537],[34.804741,32.057453],[34.804815,32.057385],[34.805033,32.057209],[34.80526,32.057071],[34.805581,32.056927],[34.805647,32.056904],[34.805841,32.056836],[34.805958,32.056795],[34.806089,32.056749],[34.806187,32.056715],[34.806302,32.056675],[34.806488,32.056602]]]},"properties":{"sa":923,"name":"אזור סטטיסטי 923","winner":"likud","winnerShare":0.3542,"valid":3433,"turnout":0.5681,"parties":{"other":74625,"labor":125,"habait":26,"utj":48,"balad":4,"hadash":11,"rz":367,"gantz":285,"yb":141,"likud":1216,"meretz":101,"yesh_atid":544,"shas":493,"raam":2},"sh_likud":0.3542,"sh_yesh_atid":0.1585,"sh_shas":0.1436,"sh_utj":0.014,"sh_rz":0.1069,"sh_labor":0.0364,"sh_gantz":0.083,"sh_yb":0.0411,"sh_meretz":0.0294,"sh_raam":0.0006,"sh_hadash":0.0032,"sh_balad":0.0012,"sh_habait":0.0076,"sh_other":21.7375}},{"type":"Feature","geometry":{"type":"Polygon","coordinates":[[[34.800004,32.053352],[34.800031,32.05335],[34.800097,32.053346],[34.800093,32.053327],[34.80007,32.053198],[34.800007,32.052505],[34.799989,32.052302],[34.799959,32.052088],[34.799949,32.052019],[34.799941,32.051961],[34.799913,32.051767],[34.799817,32.051262],[34.79981,32.051227],[34.799761,32.050972],[34.799709,32.050671],[34.799698,32.050611],[34.799606,32.050084],[34.799583,32.050002],[34.799326,32.050023],[34.798701,32.050126],[34.798569,32.050147],[34.798115,32.050228],[34.798086,32.050233],[34.796931,32.050442],[34.796715,32.050481],[34.796049,32.050614],[34.796021,32.05062],[34.796048,32.050825],[34.796098,32.051099],[34.796105,32.05117],[34.796158,32.051739],[34.796158,32.051744],[34.796182,32.051994],[34.796182,32.052031],[34.796204,32.052376],[34.79622,32.052639],[34.796301,32.053429],[34.796312,32.053588],[34.796313,32.053603],[34.796418,32.053583],[34.796977,32.053551],[34.797027,32.053548],[34.797323,32.053532],[34.797363,32.053529],[34.797633,32.053514],[34.797998,32.053493],[34.798081,32.053488],[34.798447,32.053463],[34.798527,32.053458],[34.798742,32.053443],[34.799393,32.0534],[34.799926,32.053364],[34.800004,32.053352]]]},"properties":{"sa":924,"name":"אזור סטטיסטי 924","winner":"likud","winnerShare":0.4034,"valid":1921,"turnout":0.661,"parties":{"other":37382,"labor":58,"habait":11,"utj":20,"hadash":9,"rz":272,"gantz":113,"yb":38,"likud":775,"meretz":29,"yesh_atid":174,"shas":398},"sh_likud":0.4034,"sh_yesh_atid":0.0906,"sh_shas":0.2072,"sh_utj":0.0104,"sh_rz":0.1416,"sh_labor":0.0302,"sh_gantz":0.0588,"sh_yb":0.0198,"sh_meretz":0.0151,"sh_hadash":0.0047,"sh_habait":0.0057,"sh_other":19.4597}},{"type":"Feature","geometry":{"type":"Polygon","coordinates":[[[34.792309,32.064269],[34.792307,32.064255],[34.792257,32.063892],[34.792198,32.063459],[34.792197,32.063457],[34.792184,32.06336],[34.792111,32.062683],[34.792107,32.062624],[34.792062,32.061918],[34.792055,32.061812],[34.792052,32.061697],[34.792032,32.061058],[34.792026,32.060877],[34.792016,32.060551],[34.792007,32.060248],[34.791998,32.060019],[34.790714,32.060059],[34.790538,32.060061],[34.790205,32.060066],[34.789904,32.060073],[34.789586,32.060075],[34.789432,32.060076],[34.788335,32.060083],[34.788269,32.060085],[34.7882,32.060078],[34.788108,32.060066],[34.787861,32.060029],[34.787807,32.060023],[34.787698,32.060024],[34.787552,32.060032],[34.787374,32.060057],[34.787317,32.060112],[34.786791,32.060171],[34.786956,32.06071],[34.787139,32.061182],[34.787303,32.061528],[34.787373,32.061676],[34.787549,32.061947],[34.787639,32.062094],[34.787665,32.062129],[34.787843,32.062369],[34.788068,32.062672],[34.788532,32.063161],[34.789096,32.063662],[34.790175,32.064507],[34.790198,32.064526],[34.790326,32.06463],[34.790368,32.064623],[34.790867,32.064529],[34.791339,32.064443],[34.791438,32.064426],[34.791868,32.064351],[34.792227,32.064288],[34.792309,32.064269]]]},"properties":{"sa":931,"name":"אזור סטטיסטי 931"}},{"type":"Feature","geometry":{"type":"Polygon","coordinates":[[[34.799092,32.064258],[34.799096,32.064235],[34.799108,32.064157],[34.799179,32.063923],[34.799213,32.063814],[34.799229,32.063768],[34.79925,32.063706],[34.799272,32.063642],[34.799332,32.06347],[34.799333,32.063466],[34.799385,32.063317],[34.799418,32.063221],[34.799434,32.063176],[34.799563,32.062839],[34.79957,32.06282],[34.799609,32.06272],[34.799693,32.062501],[34.799792,32.062241],[34.79986,32.062065],[34.799883,32.062004],[34.799937,32.061863],[34.799942,32.061851],[34.799991,32.061722],[34.800049,32.061532],[34.800178,32.061107],[34.800185,32.061064],[34.800191,32.061036],[34.800198,32.061001],[34.800265,32.06054],[34.800271,32.060498],[34.800323,32.060133],[34.80035,32.059946],[34.800356,32.059863],[34.800358,32.059847],[34.800375,32.059613],[34.800376,32.059584],[34.800379,32.059307],[34.800366,32.059188],[34.80026,32.059182],[34.799908,32.059166],[34.799394,32.059155],[34.798608,32.05914],[34.798183,32.059131],[34.797492,32.059117],[34.797487,32.059117],[34.797427,32.059116],[34.79722,32.05912],[34.796583,32.059129],[34.796505,32.05913],[34.796502,32.05913],[34.796152,32.059136],[34.795796,32.059141],[34.795432,32.059146],[34.795414,32.059146],[34.794608,32.059158],[34.794477,32.05916],[34.793354,32.059186],[34.793305,32.059187],[34.792626,32.059203],[34.791991,32.059229],[34.791964,32.05923],[34.791965,32.059238],[34.791967,32.059401],[34.791992,32.0599],[34.791996,32.059923],[34.791997,32.059996],[34.791998,32.059997],[34.791998,32.060019],[34.792007,32.060248],[34.792016,32.060551],[34.792026,32.060877],[34.792032,32.061058],[34.792052,32.061697],[34.792055,32.061812],[34.792062,32.061918],[34.792107,32.062624],[34.792111,32.062683],[34.792184,32.06336],[34.792197,32.063457],[34.792198,32.063459],[34.792257,32.063892],[34.792307,32.064255],[34.792309,32.064269],[34.792337,32.064262],[34.792464,32.064233],[34.792972,32.064141],[34.79298,32.06414],[34.793489,32.064053],[34.79354,32.064047],[34.793829,32.064015],[34.794125,32.063981],[34.794391,32.063952],[34.794434,32.063949],[34.794725,32.063932],[34.794892,32.063923],[34.795174,32.063906],[34.795318,32.063903],[34.795619,32.063897],[34.795667,32.063897],[34.795959,32.0639],[34.79617,32.063902],[34.796811,32.063941],[34.796832,32.063942],[34.796888,32.063946],[34.797344,32.063988],[34.797661,32.064029],[34.798013,32.064076],[34.798146,32.0641],[34.798163,32.064103],[34.798962,32.064245],[34.799092,32.064258]]]},"properties":{"sa":932,"name":"אזור סטטיסטי 932","winner":"likud","winnerShare":0.2691,"valid":3170,"turnout":0.6372,"parties":{"other":66447,"labor":235,"habait":32,"balad":5,"hadash":32,"rz":333,"gantz":281,"yb":76,"likud":853,"meretz":193,"yesh_atid":587,"shas":434,"utj":52,"raam":2},"sh_likud":0.2691,"sh_yesh_atid":0.1852,"sh_shas":0.1369,"sh_utj":0.0164,"sh_rz":0.105,"sh_labor":0.0741,"sh_gantz":0.0886,"sh_yb":0.024,"sh_meretz":0.0609,"sh_raam":0.0006,"sh_hadash":0.0101,"sh_balad":0.0016,"sh_habait":0.0101,"sh_other":20.9612}},{"type":"Feature","geometry":{"type":"Polygon","coordinates":[[[34.791998,32.060019],[34.791998,32.059997],[34.791997,32.059996],[34.791996,32.059923],[34.791992,32.0599],[34.791967,32.059401],[34.791965,32.059238],[34.791964,32.05923],[34.791964,32.05921],[34.791935,32.058531],[34.791934,32.058511],[34.7919,32.057608],[34.791874,32.056918],[34.791869,32.056676],[34.791865,32.056506],[34.791864,32.056486],[34.79186,32.056324],[34.79184,32.056191],[34.791805,32.055969],[34.791808,32.05591],[34.791779,32.055619],[34.791775,32.055576],[34.791768,32.055498],[34.791642,32.054449],[34.791631,32.054355],[34.791612,32.054199],[34.791584,32.053971],[34.790733,32.054005],[34.7907,32.054008],[34.789625,32.054103],[34.78956,32.054109],[34.78939,32.054131],[34.788926,32.054178],[34.788651,32.054181],[34.788605,32.054181],[34.788575,32.05418],[34.788495,32.05418],[34.78832,32.054182],[34.788182,32.054185],[34.787434,32.054192],[34.787413,32.054192],[34.787059,32.0542],[34.786981,32.054196],[34.786519,32.054172],[34.786411,32.054146],[34.786376,32.054137],[34.78617,32.054093],[34.786021,32.054074],[34.785863,32.054078],[34.785811,32.054087],[34.785709,32.054104],[34.785569,32.054142],[34.785341,32.054235],[34.785314,32.054246],[34.785314,32.054333],[34.785314,32.054342],[34.785314,32.054407],[34.785315,32.054552],[34.785387,32.055224],[34.785471,32.055734],[34.785593,32.056227],[34.785649,32.056455],[34.786483,32.059165],[34.786527,32.059309],[34.786534,32.059332],[34.786577,32.059473],[34.78677,32.060102],[34.786791,32.060171],[34.787317,32.060112],[34.787374,32.060057],[34.787552,32.060032],[34.787698,32.060024],[34.787807,32.060023],[34.787861,32.060029],[34.788108,32.060066],[34.7882,32.060078],[34.788269,32.060085],[34.788335,32.060083],[34.789432,32.060076],[34.789586,32.060075],[34.789904,32.060073],[34.790205,32.060066],[34.790538,32.060061],[34.790714,32.060059],[34.791998,32.060019]]]},"properties":{"sa":933,"name":"אזור סטטיסטי 933","winner":"likud","winnerShare":0.3801,"valid":2439,"turnout":0.6213,"parties":{"other":51603,"labor":130,"habait":21,"utj":32,"hadash":17,"rz":256,"gantz":188,"yb":101,"likud":927,"meretz":107,"yesh_atid":326,"shas":289,"balad":4,"raam":3},"sh_likud":0.3801,"sh_yesh_atid":0.1337,"sh_shas":0.1185,"sh_utj":0.0131,"sh_rz":0.105,"sh_labor":0.0533,"sh_gantz":0.0771,"sh_yb":0.0414,"sh_meretz":0.0439,"sh_raam":0.0012,"sh_hadash":0.007,"sh_balad":0.0016,"sh_habait":0.0086,"sh_other":21.1574}},{"type":"Feature","geometry":{"type":"Polygon","coordinates":[[[34.80026,32.059182],[34.800263,32.05916],[34.800276,32.059049],[34.800305,32.058182],[34.800306,32.058109],[34.800307,32.058071],[34.800283,32.057483],[34.800247,32.056588],[34.800237,32.056352],[34.800223,32.056137],[34.799845,32.056148],[34.799837,32.056137],[34.799813,32.0561],[34.799795,32.056074],[34.799771,32.056038],[34.799366,32.056038],[34.799338,32.056038],[34.799353,32.056277],[34.799354,32.056295],[34.799259,32.056305],[34.798605,32.056327],[34.7986,32.056327],[34.797858,32.05635],[34.797196,32.056368],[34.79709,32.056371],[34.796024,32.056399],[34.795999,32.056399],[34.795297,32.056417],[34.794621,32.056422],[34.794585,32.056422],[34.794549,32.0564],[34.794491,32.056399],[34.794466,32.056394],[34.794366,32.056442],[34.794021,32.056446],[34.793621,32.056451],[34.793539,32.056453],[34.791891,32.056505],[34.791865,32.056506],[34.791869,32.056676],[34.791874,32.056918],[34.7919,32.057608],[34.791934,32.058511],[34.791935,32.058531],[34.791964,32.05921],[34.791964,32.05923],[34.791991,32.059229],[34.792626,32.059203],[34.793305,32.059187],[34.793354,32.059186],[34.794477,32.05916],[34.794608,32.059158],[34.795414,32.059146],[34.795432,32.059146],[34.795796,32.059141],[34.796152,32.059136],[34.796502,32.05913],[34.796505,32.05913],[34.796583,32.059129],[34.79722,32.05912],[34.797427,32.059116],[34.797487,32.059117],[34.797492,32.059117],[34.798183,32.059131],[34.798608,32.05914],[34.799394,32.059155],[34.799908,32.059166],[34.80026,32.059182]]]},"properties":{"sa":934,"name":"אזור סטטיסטי 934"}},{"type":"Feature","geometry":{"type":"Polygon","coordinates":[[[34.800223,32.056137],[34.800222,32.056118],[34.800205,32.055847],[34.800151,32.055224],[34.800092,32.054533],[34.800073,32.054277],[34.800004,32.053352],[34.799926,32.053364],[34.799393,32.0534],[34.798742,32.053443],[34.798527,32.053458],[34.798447,32.053463],[34.798081,32.053488],[34.797998,32.053493],[34.797633,32.053514],[34.797363,32.053529],[34.797323,32.053532],[34.797027,32.053548],[34.796977,32.053551],[34.796418,32.053583],[34.796313,32.053603],[34.79622,32.053621],[34.795424,32.05366],[34.795357,32.053664],[34.795327,32.053665],[34.795149,32.053673],[34.794768,32.053697],[34.79474,32.053699],[34.794083,32.053741],[34.793487,32.053777],[34.793419,32.053781],[34.792688,32.053827],[34.792507,32.053848],[34.792474,32.053852],[34.792255,32.053877],[34.792122,32.053898],[34.791913,32.053932],[34.791767,32.053949],[34.791613,32.053968],[34.791584,32.053971],[34.791612,32.054199],[34.791631,32.054355],[34.791642,32.054449],[34.791768,32.055498],[34.791775,32.055576],[34.791779,32.055619],[34.791808,32.05591],[34.791805,32.055969],[34.79184,32.056191],[34.79186,32.056324],[34.791864,32.056486],[34.791865,32.056506],[34.791891,32.056505],[34.793539,32.056453],[34.793621,32.056451],[34.794021,32.056446],[34.794366,32.056442],[34.794466,32.056394],[34.794491,32.056399],[34.794549,32.0564],[34.794585,32.056422],[34.794621,32.056422],[34.795297,32.056417],[34.795999,32.056399],[34.796024,32.056399],[34.79709,32.056371],[34.797196,32.056368],[34.797858,32.05635],[34.7986,32.056327],[34.798605,32.056327],[34.799259,32.056305],[34.799354,32.056295],[34.799353,32.056277],[34.799338,32.056038],[34.799366,32.056038],[34.799771,32.056038],[34.799795,32.056074],[34.799813,32.0561],[34.799837,32.056137],[34.799845,32.056148],[34.800223,32.056137]]]},"properties":{"sa":935,"name":"אזור סטטיסטי 935"}},{"type":"Feature","geometry":{"type":"Polygon","coordinates":[[[34.791584,32.053971],[34.791613,32.053968],[34.791767,32.053949],[34.791913,32.053932],[34.792122,32.053898],[34.792255,32.053877],[34.792474,32.053852],[34.792507,32.053848],[34.792688,32.053827],[34.793419,32.053781],[34.793487,32.053777],[34.794083,32.053741],[34.79474,32.053699],[34.794768,32.053697],[34.795149,32.053673],[34.795327,32.053665],[34.795357,32.053664],[34.795424,32.05366],[34.79622,32.053621],[34.796313,32.053603],[34.796312,32.053588],[34.796301,32.053429],[34.79622,32.052639],[34.796204,32.052376],[34.796182,32.052031],[34.796182,32.051994],[34.796158,32.051744],[34.796158,32.051739],[34.796105,32.05117],[34.796098,32.051099],[34.796048,32.050825],[34.796021,32.05062],[34.79584,32.050641],[34.795195,32.050767],[34.795046,32.050824],[34.794938,32.050877],[34.794871,32.050895],[34.793973,32.051059],[34.793828,32.051081],[34.793469,32.051134],[34.793086,32.05119],[34.792996,32.051203],[34.792801,32.051222],[34.792759,32.051229],[34.79266,32.051239],[34.792549,32.051256],[34.792467,32.051269],[34.79229,32.051293],[34.792209,32.051304],[34.792158,32.051315],[34.79188,32.05137],[34.791878,32.051347],[34.791739,32.051355],[34.791613,32.051364],[34.791588,32.051366],[34.791585,32.051417],[34.791584,32.051433],[34.791392,32.051464],[34.791312,32.051478],[34.791077,32.051522],[34.79077,32.05158],[34.790494,32.051635],[34.790441,32.051642],[34.79025,32.051678],[34.790108,32.051713],[34.790006,32.051738],[34.789663,32.05181],[34.789317,32.051884],[34.789255,32.051898],[34.788969,32.051961],[34.788939,32.051968],[34.788556,32.052042],[34.788084,32.052152],[34.787663,32.052254],[34.787634,32.052261],[34.78757,32.052276],[34.787279,32.052299],[34.78717,32.052307],[34.786619,32.05232],[34.786443,32.052342],[34.786386,32.052205],[34.786363,32.052156],[34.786264,32.051968],[34.786232,32.051885],[34.785579,32.052099],[34.785575,32.052107],[34.785525,32.05206],[34.785467,32.051904],[34.785311,32.051927],[34.785284,32.051931],[34.785298,32.052611],[34.785313,32.053328],[34.785314,32.053757],[34.785314,32.054169],[34.785314,32.054246],[34.785341,32.054235],[34.785569,32.054142],[34.785709,32.054104],[34.785811,32.054087],[34.785863,32.054078],[34.786021,32.054074],[34.78617,32.054093],[34.786376,32.054137],[34.786411,32.054146],[34.786519,32.054172],[34.786981,32.054196],[34.787059,32.0542],[34.787413,32.054192],[34.787434,32.054192],[34.788182,32.054185],[34.78832,32.054182],[34.788495,32.05418],[34.788575,32.05418],[34.788605,32.054181],[34.788651,32.054181],[34.788926,32.054178],[34.78939,32.054131],[34.78956,32.054109],[34.789625,32.054103],[34.7907,32.054008],[34.790733,32.054005],[34.791584,32.053971]]]},"properties":{"sa":1011,"name":"אזור סטטיסטי 1011","winner":"likud","winnerShare":0.4195,"valid":1597,"turnout":0.5357,"parties":{"other":37172,"labor":42,"habait":11,"utj":32,"balad":8,"hadash":13,"rz":191,"gantz":72,"yb":42,"likud":670,"meretz":41,"raam":3,"yesh_atid":140,"shas":303},"sh_likud":0.4195,"sh_yesh_atid":0.0877,"sh_shas":0.1897,"sh_utj":0.02,"sh_rz":0.1196,"sh_labor":0.0263,"sh_gantz":0.0451,"sh_yb":0.0263,"sh_meretz":0.0257,"sh_raam":0.0019,"sh_hadash":0.0081,"sh_balad":0.005,"sh_habait":0.0069,"sh_other":23.2761}},{"type":"Feature","geometry":{"type":"Polygon","coordinates":[[[34.790108,32.051713],[34.790105,32.051701],[34.790026,32.051424],[34.790014,32.051368],[34.789926,32.051023],[34.789849,32.050694],[34.789847,32.05068],[34.789841,32.050646],[34.78982,32.050555],[34.789704,32.050017],[34.789685,32.049926],[34.789668,32.049845],[34.789631,32.049642],[34.789605,32.049498],[34.789536,32.049101],[34.789533,32.049087],[34.789502,32.048875],[34.789482,32.04879],[34.78945,32.048591],[34.789435,32.048507],[34.789384,32.048224],[34.789267,32.047545],[34.78925,32.047441],[34.789201,32.047437],[34.789091,32.047429],[34.788966,32.047401],[34.788893,32.047384],[34.788711,32.0473],[34.788388,32.047112],[34.788123,32.047021],[34.788089,32.047017],[34.787986,32.047013],[34.787839,32.047001],[34.787522,32.046997],[34.787509,32.046997],[34.787426,32.047114],[34.787359,32.047208],[34.786572,32.048188],[34.785803,32.04939],[34.785582,32.049789],[34.785432,32.050165],[34.785316,32.050669],[34.785285,32.051005],[34.785281,32.051054],[34.785268,32.051195],[34.785284,32.051931],[34.785311,32.051927],[34.785467,32.051904],[34.785525,32.05206],[34.785575,32.052107],[34.785579,32.052099],[34.786232,32.051885],[34.786264,32.051968],[34.786363,32.052156],[34.786386,32.052205],[34.786443,32.052342],[34.786619,32.05232],[34.78717,32.052307],[34.787279,32.052299],[34.78757,32.052276],[34.787634,32.052261],[34.787663,32.052254],[34.788084,32.052152],[34.788556,32.052042],[34.788939,32.051968],[34.788969,32.051961],[34.789255,32.051898],[34.789317,32.051884],[34.789663,32.05181],[34.790006,32.051738],[34.790108,32.051713]]]},"properties":{"sa":1012,"name":"אזור סטטיסטי 1012","winner":"likud","winnerShare":0.4571,"valid":1400,"turnout":0.5009,"parties":{"other":53507,"labor":45,"habait":9,"utj":12,"balad":4,"hadash":9,"rz":168,"gantz":69,"yb":41,"likud":640,"meretz":34,"yesh_atid":107,"shas":229,"raam":1},"sh_likud":0.4571,"sh_yesh_atid":0.0764,"sh_shas":0.1636,"sh_utj":0.0086,"sh_rz":0.12,"sh_labor":0.0321,"sh_gantz":0.0493,"sh_yb":0.0293,"sh_meretz":0.0243,"sh_raam":0.0007,"sh_hadash":0.0064,"sh_balad":0.0029,"sh_habait":0.0064,"sh_other":38.2193}},{"type":"Feature","geometry":{"type":"Polygon","coordinates":[[[34.791588,32.051366],[34.7916,32.051186],[34.791604,32.051148],[34.791614,32.051083],[34.79162,32.051042],[34.791641,32.050978],[34.791708,32.050775],[34.791831,32.050506],[34.791946,32.050254],[34.791965,32.050223],[34.792043,32.050099],[34.792045,32.050095],[34.792297,32.049686],[34.792402,32.049516],[34.792491,32.049372],[34.792573,32.049239],[34.792717,32.049007],[34.79273,32.048988],[34.792777,32.048921],[34.792815,32.048855],[34.792902,32.048722],[34.792912,32.048707],[34.793133,32.04837],[34.793243,32.048203],[34.793385,32.048056],[34.793405,32.048043],[34.793748,32.047815],[34.793846,32.047751],[34.793859,32.04774],[34.793984,32.047635],[34.79382,32.047613],[34.793085,32.047528],[34.792916,32.047508],[34.792657,32.047478],[34.79233,32.04744],[34.792258,32.047432],[34.792056,32.047419],[34.79185,32.047407],[34.791673,32.047401],[34.791657,32.0474],[34.791323,32.047385],[34.791119,32.047381],[34.790987,32.047381],[34.790958,32.047381],[34.790731,32.047381],[34.790469,32.047381],[34.790464,32.047381],[34.790431,32.047381],[34.790015,32.047404],[34.789968,32.047406],[34.789844,32.047413],[34.789611,32.047426],[34.789558,32.047428],[34.789294,32.047443],[34.78928,32.047442],[34.78925,32.047441],[34.789267,32.047545],[34.789384,32.048224],[34.789435,32.048507],[34.78945,32.048591],[34.789482,32.04879],[34.789502,32.048875],[34.789533,32.049087],[34.789536,32.049101],[34.789605,32.049498],[34.789631,32.049642],[34.789668,32.049845],[34.789685,32.049926],[34.789704,32.050017],[34.78982,32.050555],[34.789841,32.050646],[34.789847,32.05068],[34.789849,32.050694],[34.789926,32.051023],[34.790014,32.051368],[34.790026,32.051424],[34.790105,32.051701],[34.790108,32.051713],[34.79025,32.051678],[34.790441,32.051642],[34.790494,32.051635],[34.79077,32.05158],[34.791077,32.051522],[34.791312,32.051478],[34.791392,32.051464],[34.791584,32.051433],[34.791585,32.051417],[34.791588,32.051366]]]},"properties":{"sa":1013,"name":"אזור סטטיסטי 1013"}},{"type":"Feature","geometry":{"type":"Polygon","coordinates":[[[34.796021,32.05062],[34.796049,32.050614],[34.796715,32.050481],[34.796931,32.050442],[34.798086,32.050233],[34.798115,32.050228],[34.798569,32.050147],[34.798701,32.050126],[34.799326,32.050023],[34.799583,32.050002],[34.799576,32.049985],[34.799546,32.0499],[34.799383,32.048982],[34.799333,32.048698],[34.79928,32.048402],[34.799156,32.047704],[34.799129,32.047552],[34.79904,32.047051],[34.799015,32.046954],[34.798957,32.046959],[34.79837,32.047065],[34.798066,32.047121],[34.797764,32.047177],[34.797759,32.047178],[34.797378,32.047248],[34.796678,32.04739],[34.796484,32.047425],[34.796306,32.047457],[34.79606,32.047486],[34.795805,32.047507],[34.795527,32.04753],[34.795446,32.047538],[34.794741,32.047599],[34.794302,32.047633],[34.794299,32.047633],[34.794148,32.047648],[34.794099,32.047652],[34.793984,32.047635],[34.793859,32.04774],[34.793846,32.047751],[34.793748,32.047815],[34.793405,32.048043],[34.793385,32.048056],[34.793243,32.048203],[34.793133,32.04837],[34.792912,32.048707],[34.792902,32.048722],[34.792815,32.048855],[34.792777,32.048921],[34.79273,32.048988],[34.792717,32.049007],[34.792573,32.049239],[34.792491,32.049372],[34.792402,32.049516],[34.792297,32.049686],[34.792045,32.050095],[34.792043,32.050099],[34.791965,32.050223],[34.791946,32.050254],[34.791831,32.050506],[34.791708,32.050775],[34.791641,32.050978],[34.79162,32.051042],[34.791614,32.051083],[34.791604,32.051148],[34.7916,32.051186],[34.791588,32.051366],[34.791613,32.051364],[34.791739,32.051355],[34.791878,32.051347],[34.79188,32.05137],[34.792158,32.051315],[34.792209,32.051304],[34.79229,32.051293],[34.792467,32.051269],[34.792549,32.051256],[34.79266,32.051239],[34.792759,32.051229],[34.792801,32.051222],[34.792996,32.051203],[34.793086,32.05119],[34.793469,32.051134],[34.793828,32.051081],[34.793973,32.051059],[34.794871,32.050895],[34.794938,32.050877],[34.795046,32.050824],[34.795195,32.050767],[34.79584,32.050641],[34.796021,32.05062]]]},"properties":{"sa":1014,"name":"אזור סטטיסטי 1014"}},{"type":"Feature","geometry":{"type":"Polygon","coordinates":[[[34.794302,32.047633],[34.794304,32.047617],[34.794621,32.046697],[34.795187,32.04505],[34.795611,32.043623],[34.794792,32.043445],[34.794789,32.043499],[34.794785,32.043579],[34.793656,32.043659],[34.793631,32.04366],[34.793611,32.04366],[34.792469,32.043671],[34.792254,32.043666],[34.791879,32.043658],[34.791598,32.043651],[34.791592,32.043503],[34.791822,32.043184],[34.791816,32.04178],[34.790912,32.041311],[34.790911,32.041311],[34.790867,32.041333],[34.790866,32.041334],[34.790865,32.041334],[34.790791,32.041369],[34.790717,32.041404],[34.790643,32.041439],[34.790569,32.041473],[34.790535,32.041548],[34.7905,32.041623],[34.790466,32.041698],[34.790432,32.041772],[34.790398,32.041847],[34.790364,32.041922],[34.790327,32.042005],[34.790289,32.042087],[34.790251,32.04217],[34.790214,32.042253],[34.790176,32.042335],[34.790138,32.042418],[34.790101,32.042501],[34.790063,32.042583],[34.790026,32.042661],[34.79001,32.042694],[34.789988,32.042739],[34.78995,32.042822],[34.789911,32.042905],[34.789872,32.042988],[34.789833,32.043071],[34.789794,32.043154],[34.789755,32.043237],[34.789723,32.043308],[34.78969,32.043378],[34.789657,32.043449],[34.789625,32.043519],[34.789594,32.043592],[34.789563,32.043664],[34.789532,32.043736],[34.789509,32.043789],[34.789501,32.043808],[34.789472,32.043879],[34.789444,32.04395],[34.789416,32.04402],[34.789387,32.044091],[34.789331,32.04407],[34.789297,32.044135],[34.789263,32.0442],[34.789229,32.044265],[34.78919,32.044346],[34.789151,32.044428],[34.789112,32.04451],[34.789072,32.044591],[34.789033,32.044673],[34.788994,32.044755],[34.788955,32.044835],[34.788955,32.044836],[34.788955,32.044836],[34.788927,32.044893],[34.7889,32.044951],[34.788872,32.045008],[34.788835,32.045085],[34.788798,32.045162],[34.788761,32.045238],[34.788724,32.045315],[34.788697,32.045372],[34.78867,32.045429],[34.788635,32.045497],[34.788601,32.045564],[34.788567,32.045632],[34.788525,32.045713],[34.78849,32.04578],[34.788483,32.045795],[34.788441,32.045876],[34.788399,32.045958],[34.788357,32.04604],[34.788318,32.046121],[34.78828,32.046203],[34.788253,32.046267],[34.788249,32.046275],[34.788249,32.046275],[34.788245,32.046284],[34.788219,32.046346],[34.788194,32.046405],[34.788193,32.046407],[34.788188,32.046418],[34.788173,32.046477],[34.788157,32.046536],[34.788143,32.046582],[34.788136,32.046606],[34.788115,32.046677],[34.788094,32.046748],[34.78799,32.046751],[34.787886,32.046754],[34.787782,32.046758],[34.787678,32.046761],[34.787678,32.046761],[34.787645,32.046807],[34.787509,32.046997],[34.787522,32.046997],[34.787839,32.047001],[34.787986,32.047013],[34.788089,32.047017],[34.788123,32.047021],[34.788388,32.047112],[34.788711,32.0473],[34.788893,32.047384],[34.788966,32.047401],[34.789091,32.047429],[34.789201,32.047437],[34.78925,32.047441],[34.78928,32.047442],[34.789294,32.047443],[34.789558,32.047428],[34.789611,32.047426],[34.789844,32.047413],[34.789968,32.047406],[34.790015,32.047404],[34.790431,32.047381],[34.790464,32.047381],[34.790469,32.047381],[34.790731,32.047381],[34.790958,32.047381],[34.790987,32.047381],[34.791119,32.047381],[34.791323,32.047385],[34.791657,32.0474],[34.791673,32.047401],[34.79185,32.047407],[34.792056,32.047419],[34.792258,32.047432],[34.79233,32.04744],[34.792657,32.047478],[34.792916,32.047508],[34.793085,32.047528],[34.79382,32.047613],[34.793984,32.047635],[34.794099,32.047652],[34.794148,32.047648],[34.794299,32.047633],[34.794302,32.047633]]]},"properties":{"sa":1021,"name":"אזור סטטיסטי 1021","winner":"likud","winnerShare":0.3882,"valid":2205,"turnout":0.6096,"parties":{"other":53533,"labor":47,"habait":7,"utj":23,"balad":4,"hadash":12,"rz":273,"gantz":113,"yb":58,"likud":856,"meretz":59,"yesh_atid":279,"shas":430,"raam":2},"sh_likud":0.3882,"sh_yesh_atid":0.1265,"sh_shas":0.195,"sh_utj":0.0104,"sh_rz":0.1238,"sh_labor":0.0213,"sh_gantz":0.0512,"sh_yb":0.0263,"sh_meretz":0.0268,"sh_raam":0.0009,"sh_hadash":0.0054,"sh_balad":0.0018,"sh_habait":0.0032,"sh_other":24.278}},{"type":"Feature","geometry":{"type":"Polygon","coordinates":[[[34.799015,32.046954],[34.799017,32.046954],[34.7987,32.046003],[34.798176,32.044428],[34.79747,32.042793],[34.797253,32.042786],[34.797092,32.04277],[34.796907,32.042751],[34.796605,32.042692],[34.795988,32.042542],[34.795938,32.042559],[34.795829,32.042893],[34.795611,32.043623],[34.795187,32.04505],[34.794621,32.046697],[34.794304,32.047617],[34.794302,32.047633],[34.794741,32.047599],[34.795446,32.047538],[34.795527,32.04753],[34.795805,32.047507],[34.79606,32.047486],[34.796306,32.047457],[34.796484,32.047425],[34.796678,32.04739],[34.797378,32.047248],[34.797759,32.047178],[34.797764,32.047177],[34.798066,32.047121],[34.79837,32.047065],[34.798957,32.046959],[34.799015,32.046954]]]},"properties":{"sa":1022,"name":"אזור סטטיסטי 1022"}},{"type":"Feature","geometry":{"type":"Polygon","coordinates":[[[34.812555,32.044661],[34.813226,32.044546],[34.813253,32.04467],[34.813255,32.044683],[34.813342,32.044668],[34.813427,32.044654],[34.813512,32.04464],[34.813597,32.044627],[34.813682,32.044613],[34.813767,32.044599],[34.813826,32.04459],[34.813804,32.044531],[34.813783,32.044472],[34.813761,32.044412],[34.813745,32.04436],[34.8137,32.044263],[34.8137,32.044261],[34.813743,32.044254],[34.813745,32.044253],[34.813747,32.044252],[34.813748,32.044251],[34.81375,32.044249],[34.81375,32.044247],[34.813751,32.044245],[34.813751,32.044244],[34.813732,32.044165],[34.813731,32.044163],[34.81373,32.044162],[34.813728,32.04416],[34.813727,32.044159],[34.813725,32.044159],[34.813723,32.044158],[34.813721,32.044158],[34.813666,32.044168],[34.813622,32.044047],[34.813494,32.043696],[34.813467,32.043639],[34.81344,32.043564],[34.813413,32.043489],[34.813386,32.043414],[34.813359,32.043338],[34.813332,32.043263],[34.813302,32.043181],[34.813271,32.043099],[34.813241,32.043017],[34.813211,32.042944],[34.813181,32.042871],[34.813151,32.042798],[34.813121,32.042716],[34.813091,32.042633],[34.813061,32.04255],[34.813031,32.042468],[34.813001,32.042385],[34.812969,32.042305],[34.81295,32.042256],[34.812938,32.042225],[34.812906,32.042146],[34.812888,32.042097],[34.812879,32.042073],[34.812878,32.042069],[34.812849,32.041991],[34.81282,32.041914],[34.812791,32.041837],[34.812762,32.04176],[34.812733,32.041683],[34.812704,32.041606],[34.812676,32.041529],[34.812647,32.041452],[34.812626,32.0414],[34.812625,32.041397],[34.812594,32.041318],[34.812563,32.041236],[34.812541,32.041178],[34.812532,32.041154],[34.8125,32.041073],[34.812469,32.040991],[34.812438,32.040909],[34.812438,32.040909],[34.812437,32.040908],[34.812436,32.040906],[34.812435,32.040903],[34.812434,32.0409],[34.812433,32.040898],[34.812432,32.040895],[34.81243,32.040892],[34.812429,32.04089],[34.812427,32.040887],[34.812426,32.040885],[34.812425,32.040877],[34.812417,32.040824],[34.812417,32.040823],[34.812416,32.040821],[34.812414,32.040819],[34.812411,32.040818],[34.812409,32.040817],[34.812407,32.040817],[34.812377,32.040817],[34.81235,32.040818],[34.812348,32.040817],[34.812345,32.040816],[34.812342,32.040814],[34.812339,32.040813],[34.812336,32.040812],[34.812333,32.040811],[34.812331,32.04081],[34.81233,32.04081],[34.812327,32.040809],[34.812324,32.040808],[34.812321,32.040807],[34.812317,32.040806],[34.812314,32.040805],[34.812311,32.040804],[34.812308,32.040803],[34.812305,32.040802],[34.812301,32.040802],[34.812298,32.040801],[34.812295,32.040801],[34.812293,32.0408],[34.812292,32.0408],[34.812288,32.0408],[34.812285,32.040799],[34.812282,32.040799],[34.812279,32.040798],[34.812277,32.040798],[34.812275,32.040798],[34.812272,32.040798],[34.812269,32.040798],[34.812265,32.040797],[34.812262,32.040797],[34.812259,32.040797],[34.812255,32.040797],[34.812252,32.040797],[34.812249,32.040797],[34.812245,32.040798],[34.812242,32.040798],[34.812239,32.040798],[34.812235,32.040798],[34.812232,32.040799],[34.81223,32.040799],[34.812229,32.040799],[34.812226,32.040799],[34.812222,32.0408],[34.812219,32.0408],[34.812216,32.040801],[34.812212,32.040802],[34.812209,32.040802],[34.812206,32.040803],[34.812203,32.040804],[34.8122,32.040805],[34.812196,32.040806],[34.812195,32.040806],[34.812194,32.040806],[34.812193,32.040806],[34.812108,32.040832],[34.812024,32.040857],[34.812022,32.040858],[34.811927,32.040886],[34.811833,32.040913],[34.811762,32.040934],[34.811692,32.040786],[34.810531,32.041088],[34.810612,32.041276],[34.810578,32.041287],[34.810491,32.041313],[34.810404,32.041339],[34.810314,32.041366],[34.810258,32.041383],[34.810224,32.041393],[34.810135,32.04142],[34.810063,32.041442],[34.810045,32.041448],[34.809955,32.041475],[34.809865,32.041502],[34.809814,32.041515],[34.809763,32.041527],[34.809762,32.041527],[34.80976,32.041521],[34.809782,32.041617],[34.809817,32.041642],[34.809953,32.041814],[34.810046,32.042067],[34.810214,32.042503],[34.81051,32.043164],[34.810627,32.043618],[34.810492,32.043591],[34.810324,32.043568],[34.810047,32.043574],[34.80977,32.043586],[34.809366,32.043733],[34.809165,32.043763],[34.80885,32.043758],[34.808516,32.043717],[34.808291,32.043668],[34.808179,32.043625],[34.808107,32.043507],[34.806865,32.043515],[34.805635,32.043503],[34.804404,32.043484],[34.804394,32.043682],[34.803796,32.043685],[34.803253,32.043679],[34.802233,32.043711],[34.801203,32.043884],[34.800247,32.044047],[34.799456,32.044184],[34.799172,32.044238],[34.799085,32.044254],[34.799052,32.044261],[34.798176,32.044428],[34.7987,32.046003],[34.799017,32.046954],[34.799045,32.046951],[34.799115,32.046942],[34.799732,32.04683],[34.799986,32.046784],[34.800254,32.046731],[34.800462,32.046691],[34.80066,32.046655],[34.800779,32.046632],[34.800837,32.046622],[34.801044,32.046583],[34.801074,32.046577],[34.801313,32.046533],[34.802175,32.046371],[34.802329,32.046342],[34.803197,32.046168],[34.803226,32.046163],[34.803624,32.046084],[34.803829,32.046043],[34.804181,32.045966],[34.804488,32.045898],[34.804635,32.045862],[34.8056,32.045696],[34.805607,32.045695],[34.806018,32.045621],[34.806284,32.045573],[34.806313,32.045567],[34.806623,32.045497],[34.80665,32.045493],[34.807393,32.045371],[34.807559,32.045344],[34.807791,32.045309],[34.808146,32.045262],[34.808184,32.045257],[34.809138,32.045131],[34.809158,32.045129],[34.809253,32.04512],[34.809282,32.045117],[34.809298,32.045116],[34.809404,32.045106],[34.809508,32.045093],[34.809539,32.045089],[34.80956,32.045086],[34.809953,32.045056],[34.810442,32.045014],[34.810451,32.045014],[34.810932,32.044965],[34.811002,32.044957],[34.811034,32.044952],[34.811968,32.044801],[34.812042,32.044783],[34.812516,32.044668],[34.812555,32.044661]]]},"properties":{"sa":1023,"name":"אזור סטטיסטי 1023","winner":"likud","winnerShare":0.3838,"valid":2056,"turnout":0.6166,"parties":{"other":45882,"labor":46,"habait":13,"utj":37,"rz":270,"gantz":112,"yb":136,"likud":789,"meretz":44,"yesh_atid":251,"shas":322,"hadash":3,"balad":3},"sh_likud":0.3838,"sh_yesh_atid":0.1221,"sh_shas":0.1566,"sh_utj":0.018,"sh_rz":0.1313,"sh_labor":0.0224,"sh_gantz":0.0545,"sh_yb":0.0661,"sh_meretz":0.0214,"sh_hadash":0.0015,"sh_balad":0.0015,"sh_habait":0.0063,"sh_other":22.3161}},{"type":"Feature","geometry":{"type":"Polygon","coordinates":[[[34.802233,32.043711],[34.803253,32.043679],[34.803796,32.043685],[34.804394,32.043682],[34.804404,32.043484],[34.805635,32.043503],[34.806865,32.043515],[34.808107,32.043507],[34.808179,32.043625],[34.808291,32.043668],[34.808516,32.043717],[34.80885,32.043758],[34.809165,32.043763],[34.809366,32.043733],[34.80977,32.043586],[34.810047,32.043574],[34.810324,32.043568],[34.810492,32.043591],[34.810627,32.043618],[34.81051,32.043164],[34.810214,32.042503],[34.810046,32.042067],[34.809953,32.041814],[34.809817,32.041642],[34.809782,32.041617],[34.80976,32.041521],[34.80976,32.04152],[34.80976,32.04152],[34.809743,32.041471],[34.809724,32.041415],[34.809698,32.041342],[34.809673,32.041269],[34.809647,32.041195],[34.809618,32.041111],[34.809589,32.041026],[34.809559,32.040941],[34.80953,32.040857],[34.809502,32.040773],[34.809473,32.040688],[34.809444,32.040604],[34.809416,32.04052],[34.809387,32.040435],[34.809364,32.040366],[34.809341,32.040296],[34.809318,32.040226],[34.809299,32.040168],[34.809279,32.040111],[34.809249,32.04003],[34.809219,32.039949],[34.809189,32.039869],[34.809159,32.039788],[34.809129,32.039707],[34.809098,32.039626],[34.809068,32.039546],[34.809038,32.039465],[34.809008,32.039384],[34.808978,32.039303],[34.808948,32.039223],[34.808922,32.039157],[34.808896,32.039091],[34.808871,32.039025],[34.808853,32.038987],[34.808841,32.03896],[34.808818,32.038899],[34.808808,32.038872],[34.808794,32.038838],[34.808781,32.038807],[34.808759,32.038758],[34.808737,32.038709],[34.808719,32.038672],[34.8087,32.03863],[34.808663,32.038551],[34.808626,32.038472],[34.808589,32.038394],[34.808552,32.038315],[34.808515,32.038242],[34.808479,32.038168],[34.80845,32.038102],[34.808434,32.038053],[34.808416,32.037977],[34.808398,32.037901],[34.808381,32.037825],[34.808363,32.037749],[34.808345,32.037673],[34.808327,32.037597],[34.808319,32.037558],[34.808315,32.037542],[34.8083,32.037495],[34.8083,32.037495],[34.808231,32.03752],[34.808162,32.037545],[34.808125,32.03756],[34.808045,32.037598],[34.807988,32.037628],[34.807935,32.037657],[34.807932,32.037659],[34.807918,32.037611],[34.807918,32.037611],[34.807896,32.037549],[34.807873,32.037486],[34.80785,32.037424],[34.807823,32.037347],[34.807795,32.037271],[34.807767,32.037195],[34.80774,32.037119],[34.807712,32.037042],[34.807692,32.036987],[34.807684,32.036966],[34.807657,32.03689],[34.807752,32.036862],[34.807848,32.036835],[34.807944,32.036807],[34.80804,32.03678],[34.808018,32.036726],[34.807988,32.03664],[34.807959,32.036554],[34.80793,32.036469],[34.8079,32.036383],[34.807871,32.036297],[34.807841,32.036211],[34.807812,32.036125],[34.807786,32.036049],[34.80776,32.035973],[34.807733,32.035897],[34.807707,32.03582],[34.807681,32.035744],[34.807655,32.035668],[34.807627,32.035588],[34.8076,32.035508],[34.807572,32.035429],[34.807553,32.035373],[34.807534,32.035316],[34.807509,32.035244],[34.807485,32.035171],[34.807459,32.035094],[34.807433,32.035016],[34.807411,32.034951],[34.807389,32.034886],[34.807367,32.034822],[34.80735,32.034773],[34.807333,32.034725],[34.807332,32.034722],[34.807331,32.034719],[34.807309,32.03466],[34.807287,32.034601],[34.807265,32.034542],[34.807172,32.034584],[34.807078,32.034626],[34.806985,32.034668],[34.806891,32.03471],[34.806798,32.034752],[34.806704,32.034794],[34.806611,32.034836],[34.806517,32.034878],[34.806424,32.03492],[34.80633,32.034962],[34.806236,32.035004],[34.806143,32.035046],[34.806049,32.035088],[34.805956,32.03513],[34.805862,32.035172],[34.805769,32.035214],[34.805675,32.035256],[34.805582,32.035298],[34.805488,32.03534],[34.805394,32.035379],[34.8053,32.035418],[34.805206,32.035457],[34.805112,32.035496],[34.805018,32.035535],[34.804924,32.035574],[34.80483,32.035613],[34.804736,32.035652],[34.804642,32.035691],[34.804547,32.035731],[34.804453,32.03577],[34.804359,32.035809],[34.804265,32.035848],[34.804171,32.035887],[34.804077,32.035926],[34.803983,32.035965],[34.803889,32.036004],[34.803795,32.036043],[34.803704,32.036086],[34.803612,32.036128],[34.803521,32.036171],[34.803429,32.036213],[34.803338,32.036256],[34.803246,32.036298],[34.803155,32.036341],[34.803063,32.036383],[34.802972,32.036426],[34.802888,32.036462],[34.802803,32.036499],[34.802719,32.036535],[34.802635,32.036572],[34.802551,32.036608],[34.802463,32.036652],[34.802375,32.036696],[34.802287,32.036739],[34.802199,32.036783],[34.802111,32.036826],[34.802023,32.03687],[34.801935,32.036914],[34.801847,32.036957],[34.801759,32.037001],[34.801671,32.037045],[34.801583,32.037088],[34.801501,32.037141],[34.80142,32.037194],[34.801339,32.037247],[34.801258,32.0373],[34.801176,32.037352],[34.801095,32.037405],[34.801014,32.037458],[34.800932,32.037511],[34.800851,32.037564],[34.80077,32.037617],[34.800689,32.03767],[34.800603,32.03772],[34.800518,32.03777],[34.800433,32.037821],[34.800347,32.037871],[34.800262,32.037922],[34.800176,32.037972],[34.800091,32.038022],[34.800006,32.038073],[34.79992,32.038123],[34.799835,32.038173],[34.79975,32.038224],[34.799664,32.038274],[34.799579,32.038325],[34.799498,32.038373],[34.799417,32.038421],[34.79937,32.038449],[34.799336,32.038469],[34.799255,32.038517],[34.799175,32.038565],[34.799094,32.038613],[34.799013,32.038662],[34.798932,32.03871],[34.798851,32.038758],[34.79877,32.038802],[34.798689,32.038846],[34.798608,32.038891],[34.798526,32.038935],[34.798477,32.038962],[34.798445,32.038979],[34.798364,32.039024],[34.798283,32.039068],[34.798202,32.039112],[34.798121,32.039157],[34.79804,32.039201],[34.797946,32.039241],[34.797852,32.03928],[34.797758,32.03932],[34.797664,32.03936],[34.79757,32.039399],[34.797476,32.039439],[34.797382,32.039479],[34.797288,32.039518],[34.797194,32.039558],[34.7971,32.039598],[34.797006,32.039638],[34.796912,32.039677],[34.796818,32.039717],[34.796722,32.039741],[34.796626,32.039765],[34.796582,32.039777],[34.79653,32.03979],[34.796434,32.039814],[34.796337,32.039838],[34.796241,32.039863],[34.796145,32.039887],[34.796112,32.039895],[34.796049,32.039911],[34.795953,32.039936],[34.795857,32.03996],[34.79576,32.039984],[34.795664,32.040008],[34.795568,32.040033],[34.795472,32.040057],[34.795369,32.040074],[34.795265,32.04009],[34.795162,32.040107],[34.795059,32.040123],[34.794956,32.04014],[34.794853,32.040156],[34.794749,32.040173],[34.794646,32.040189],[34.794543,32.040206],[34.79444,32.040222],[34.794336,32.040239],[34.794233,32.040256],[34.794135,32.04028],[34.794036,32.040305],[34.793938,32.04033],[34.79384,32.040355],[34.793742,32.04038],[34.793643,32.040405],[34.793545,32.04043],[34.793447,32.040454],[34.793348,32.040479],[34.79325,32.040504],[34.793152,32.040529],[34.793053,32.040554],[34.792955,32.040579],[34.792857,32.040604],[34.792758,32.040628],[34.79266,32.040653],[34.792562,32.040678],[34.792463,32.040703],[34.792365,32.040728],[34.792267,32.040753],[34.792232,32.040762],[34.792168,32.040778],[34.79207,32.040802],[34.791972,32.040827],[34.791873,32.040852],[34.791775,32.040877],[34.791686,32.040922],[34.791596,32.040967],[34.791507,32.041011],[34.791417,32.041056],[34.791328,32.041101],[34.791238,32.041146],[34.791149,32.04119],[34.791078,32.041226],[34.791008,32.041262],[34.790938,32.041297],[34.790911,32.041311],[34.790912,32.041311],[34.791816,32.04178],[34.791822,32.043184],[34.791592,32.043503],[34.791598,32.043651],[34.791879,32.043658],[34.792254,32.043666],[34.792469,32.043671],[34.793611,32.04366],[34.793631,32.04366],[34.793656,32.043659],[34.794785,32.043579],[34.794789,32.043499],[34.794792,32.043445],[34.795611,32.043623],[34.795829,32.042893],[34.795938,32.042559],[34.795988,32.042542],[34.796605,32.042692],[34.796907,32.042751],[34.797092,32.04277],[34.797253,32.042786],[34.79747,32.042793],[34.798176,32.044428],[34.799052,32.044261],[34.799085,32.044254],[34.799172,32.044238],[34.799456,32.044184],[34.800247,32.044047],[34.801203,32.043884],[34.802233,32.043711]]]},"properties":{"sa":1024,"name":"אזור סטטיסטי 1024"}},{"type":"Feature","geometry":{"type":"Polygon","coordinates":[[[34.805385,32.048911],[34.805407,32.048917],[34.805471,32.048934],[34.805524,32.048948],[34.80558,32.048963],[34.805686,32.048991],[34.805825,32.049018],[34.805963,32.049046],[34.806223,32.049061],[34.806774,32.049106],[34.806921,32.049106],[34.806964,32.0491],[34.80724,32.049102],[34.807262,32.049082],[34.807304,32.049038],[34.807323,32.048958],[34.807304,32.048812],[34.807299,32.04877],[34.807296,32.048743],[34.807215,32.048192],[34.807204,32.048111],[34.807203,32.048106],[34.807202,32.048095],[34.807194,32.04804],[34.807149,32.04789],[34.807116,32.047779],[34.807068,32.047637],[34.807016,32.047484],[34.806992,32.047414],[34.806705,32.046688],[34.806591,32.046399],[34.806588,32.04639],[34.806414,32.045946],[34.806328,32.045727],[34.806284,32.045573],[34.806018,32.045621],[34.805607,32.045695],[34.8056,32.045696],[34.804635,32.045862],[34.804488,32.045898],[34.804181,32.045966],[34.803829,32.046043],[34.803624,32.046084],[34.803226,32.046163],[34.803197,32.046168],[34.802329,32.046342],[34.802175,32.046371],[34.801313,32.046533],[34.801074,32.046577],[34.801044,32.046583],[34.800837,32.046622],[34.800779,32.046632],[34.80066,32.046655],[34.800462,32.046691],[34.800254,32.046731],[34.799986,32.046784],[34.799732,32.04683],[34.799115,32.046942],[34.799045,32.046951],[34.799017,32.046954],[34.799015,32.046954],[34.79904,32.047051],[34.799129,32.047552],[34.799156,32.047704],[34.79928,32.048402],[34.799333,32.048698],[34.799383,32.048982],[34.799546,32.0499],[34.799576,32.049985],[34.799583,32.050002],[34.799613,32.049997],[34.800637,32.049833],[34.800773,32.049809],[34.800818,32.049801],[34.801522,32.049677],[34.801559,32.049669],[34.801649,32.049652],[34.801826,32.049618],[34.802277,32.049545],[34.802563,32.049497],[34.802896,32.049441],[34.803074,32.04941],[34.803255,32.04938],[34.803482,32.049318],[34.803534,32.049312],[34.803847,32.049277],[34.804432,32.049212],[34.804376,32.048835],[34.804373,32.048818],[34.804448,32.048819],[34.804692,32.048821],[34.804696,32.048821],[34.804741,32.048822],[34.804883,32.048832],[34.80512,32.048848],[34.805385,32.048911]]]},"properties":{"sa":1031,"name":"אזור סטטיסטי 1031","winner":"likud","winnerShare":0.3946,"valid":5611,"turnout":0.6473,"parties":{"other":112224,"utj":70,"hadash":4,"rz":627,"gantz":351,"yb":337,"likud":2214,"meretz":72,"yesh_atid":728,"shas":980,"labor":104,"habait":35,"balad":1,"raam":1},"sh_likud":0.3946,"sh_yesh_atid":0.1297,"sh_shas":0.1747,"sh_utj":0.0125,"sh_rz":0.1117,"sh_labor":0.0185,"sh_gantz":0.0626,"sh_yb":0.0601,"sh_meretz":0.0128,"sh_raam":0.0002,"sh_hadash":0.0007,"sh_balad":0.0002,"sh_habait":0.0062,"sh_other":20.0007}},{"type":"Feature","geometry":{"type":"Polygon","coordinates":[[[34.805385,32.048911],[34.80512,32.048848],[34.804883,32.048832],[34.804741,32.048822],[34.804696,32.048821],[34.804692,32.048821],[34.804448,32.048819],[34.804373,32.048818],[34.804376,32.048835],[34.804432,32.049212],[34.803847,32.049277],[34.803534,32.049312],[34.803482,32.049318],[34.803255,32.04938],[34.803074,32.04941],[34.802896,32.049441],[34.802563,32.049497],[34.802277,32.049545],[34.801826,32.049618],[34.801649,32.049652],[34.801559,32.049669],[34.801522,32.049677],[34.800818,32.049801],[34.800773,32.049809],[34.800637,32.049833],[34.799613,32.049997],[34.799583,32.050002],[34.799606,32.050084],[34.799698,32.050611],[34.799709,32.050671],[34.799761,32.050972],[34.79981,32.051227],[34.799817,32.051262],[34.799913,32.051767],[34.799941,32.051961],[34.799949,32.052019],[34.799959,32.052088],[34.799989,32.052302],[34.800007,32.052505],[34.80007,32.053198],[34.800093,32.053327],[34.800097,32.053346],[34.800192,32.053331],[34.800268,32.053323],[34.800771,32.05329],[34.80107,32.053295],[34.801279,32.053315],[34.801287,32.053316],[34.801507,32.053338],[34.801621,32.053356],[34.801924,32.053404],[34.80243,32.053551],[34.802514,32.053582],[34.802516,32.053583],[34.802569,32.053602],[34.8027,32.053645],[34.802834,32.053688],[34.803029,32.053759],[34.803101,32.053785],[34.803336,32.053871],[34.803742,32.054054],[34.803827,32.054092],[34.803848,32.054111],[34.80388,32.054139],[34.804057,32.054249],[34.804095,32.054281],[34.804191,32.054442],[34.804203,32.054461],[34.804217,32.054483],[34.804344,32.054659],[34.804461,32.054682],[34.804446,32.054755],[34.804596,32.054815],[34.804599,32.054785],[34.804607,32.054698],[34.804619,32.054647],[34.804717,32.054241],[34.804793,32.054094],[34.804831,32.053964],[34.804812,32.053815],[34.804805,32.053808],[34.804748,32.05375],[34.804782,32.053738],[34.804823,32.053724],[34.804828,32.053711],[34.804836,32.053691],[34.804856,32.053686],[34.804971,32.053655],[34.804961,32.053644],[34.804929,32.05361],[34.804935,32.053604],[34.805119,32.053396],[34.804891,32.053228],[34.805041,32.053018],[34.804971,32.052977],[34.804966,32.052974],[34.805246,32.052668],[34.80528,32.052635],[34.805361,32.052558],[34.805313,32.052521],[34.805307,32.052517],[34.804977,32.052267],[34.805019,32.052225],[34.805079,32.052159],[34.805152,32.051981],[34.805178,32.051793],[34.805184,32.051753],[34.805194,32.051676],[34.805235,32.051356],[34.805307,32.050852],[34.805315,32.050798],[34.805356,32.050528],[34.805359,32.050508],[34.805375,32.050403],[34.805375,32.050388],[34.805373,32.050208],[34.805372,32.05018],[34.80534,32.050121],[34.805307,32.050061],[34.8052,32.049863],[34.80516,32.049729],[34.805161,32.049635],[34.805178,32.049573],[34.805243,32.049514],[34.80525,32.049511],[34.805384,32.049451],[34.805382,32.049445],[34.805381,32.049444],[34.805339,32.049322],[34.805369,32.049055],[34.805385,32.048911]]]},"properties":{"sa":1032,"name":"אזור סטטיסטי 1032","winner":"likud","winnerShare":0.4144,"valid":543,"turnout":0.7528,"parties":{"other":15133,"labor":5,"habait":3,"utj":6,"rz":59,"gantz":30,"yb":21,"likud":225,"meretz":4,"yesh_atid":53,"shas":127,"hadash":2},"sh_likud":0.4144,"sh_yesh_atid":0.0976,"sh_shas":0.2339,"sh_utj":0.011,"sh_rz":0.1087,"sh_labor":0.0092,"sh_gantz":0.0552,"sh_yb":0.0387,"sh_meretz":0.0074,"sh_hadash":0.0037,"sh_habait":0.0055,"sh_other":27.8692}},{"type":"Feature","geometry":{"type":"Polygon","coordinates":[[[34.809923,32.04933],[34.809877,32.049316],[34.80984,32.049294],[34.809803,32.049258],[34.809787,32.049179],[34.80925,32.049171],[34.809184,32.04917],[34.808444,32.04916],[34.808261,32.049155],[34.807945,32.049147],[34.807886,32.048978],[34.807635,32.049033],[34.80724,32.049102],[34.806964,32.0491],[34.806921,32.049106],[34.806774,32.049106],[34.806223,32.049061],[34.805963,32.049046],[34.805825,32.049018],[34.805686,32.048991],[34.80558,32.048963],[34.805524,32.048948],[34.805471,32.048934],[34.805407,32.048917],[34.805385,32.048911],[34.805369,32.049055],[34.805339,32.049322],[34.805381,32.049444],[34.805382,32.049445],[34.805384,32.049451],[34.80525,32.049511],[34.805243,32.049514],[34.805178,32.049573],[34.805161,32.049635],[34.80516,32.049729],[34.8052,32.049863],[34.805307,32.050061],[34.80534,32.050121],[34.805372,32.05018],[34.805373,32.050208],[34.805375,32.050388],[34.805375,32.050403],[34.805359,32.050508],[34.805356,32.050528],[34.805315,32.050798],[34.805307,32.050852],[34.805235,32.051356],[34.805194,32.051676],[34.805184,32.051753],[34.805178,32.051793],[34.805152,32.051981],[34.805079,32.052159],[34.805019,32.052225],[34.804977,32.052267],[34.805307,32.052517],[34.805313,32.052521],[34.805361,32.052558],[34.80528,32.052635],[34.805246,32.052668],[34.804966,32.052974],[34.804971,32.052977],[34.805041,32.053018],[34.804891,32.053228],[34.805119,32.053396],[34.804935,32.053604],[34.804929,32.05361],[34.804961,32.053644],[34.804971,32.053655],[34.804856,32.053686],[34.804836,32.053691],[34.804828,32.053711],[34.804823,32.053724],[34.804782,32.053738],[34.804748,32.05375],[34.804805,32.053808],[34.804812,32.053815],[34.804831,32.053964],[34.804793,32.054094],[34.804717,32.054241],[34.804619,32.054647],[34.804607,32.054698],[34.804599,32.054785],[34.804596,32.054815],[34.80501,32.054799],[34.805043,32.055046],[34.805117,32.055134],[34.805148,32.05512],[34.805366,32.055028],[34.805494,32.054985],[34.80549,32.054975],[34.805457,32.054885],[34.805484,32.05487],[34.805676,32.054767],[34.805678,32.05476],[34.805713,32.054629],[34.805734,32.054623],[34.806238,32.054492],[34.80624,32.054478],[34.806259,32.054354],[34.806283,32.054346],[34.807034,32.054099],[34.807035,32.054006],[34.807164,32.053968],[34.807246,32.053931],[34.807499,32.053819],[34.807515,32.053804],[34.807588,32.053649],[34.807607,32.05361],[34.807614,32.053452],[34.807648,32.053385],[34.807769,32.053242],[34.807926,32.053103],[34.807981,32.053055],[34.808175,32.052882],[34.808192,32.052868],[34.808325,32.052768],[34.808599,32.052561],[34.808569,32.052544],[34.808602,32.052528],[34.808795,32.052436],[34.808807,32.052422],[34.808859,32.052362],[34.808943,32.052265],[34.808949,32.052196],[34.808955,32.052129],[34.808955,32.052128],[34.808809,32.051943],[34.808958,32.051883],[34.808966,32.051845],[34.808967,32.051805],[34.808968,32.051781],[34.808975,32.051425],[34.808977,32.051329],[34.80907,32.051095],[34.809086,32.051099],[34.809119,32.051106],[34.809138,32.051085],[34.809478,32.050711],[34.809487,32.050709],[34.809507,32.050704],[34.809572,32.050677],[34.809575,32.050666],[34.809873,32.049521],[34.809923,32.04933]]]},"properties":{"sa":1033,"name":"אזור סטטיסטי 1033","winner":"likud","winnerShare":0.4012,"valid":2258,"turnout":0.6594,"parties":{"other":36977,"labor":46,"habait":28,"utj":25,"hadash":4,"rz":303,"gantz":183,"yb":91,"likud":906,"meretz":26,"yesh_atid":271,"shas":336,"balad":2},"sh_likud":0.4012,"sh_yesh_atid":0.12,"sh_shas":0.1488,"sh_utj":0.0111,"sh_rz":0.1342,"sh_labor":0.0204,"sh_gantz":0.081,"sh_yb":0.0403,"sh_meretz":0.0115,"sh_hadash":0.0018,"sh_balad":0.0009,"sh_habait":0.0124,"sh_other":16.376}},{"type":"Feature","geometry":{"type":"Polygon","coordinates":[[[34.810087,32.049222],[34.810088,32.04918],[34.810074,32.049143],[34.81004,32.049101],[34.809991,32.049085],[34.809953,32.049072],[34.809956,32.049055],[34.809961,32.049028],[34.810007,32.048628],[34.81002,32.048513],[34.810027,32.048387],[34.81003,32.048323],[34.810045,32.048036],[34.810046,32.048025],[34.810048,32.047967],[34.810051,32.047943],[34.810062,32.047831],[34.810063,32.047551],[34.810055,32.047446],[34.810055,32.047442],[34.810026,32.047073],[34.810008,32.046934],[34.809947,32.046466],[34.809925,32.046391],[34.809911,32.046347],[34.809897,32.046298],[34.809886,32.046255],[34.809829,32.046021],[34.809787,32.045896],[34.809783,32.045886],[34.80969,32.045613],[34.80954,32.045173],[34.809508,32.045093],[34.809404,32.045106],[34.809298,32.045116],[34.809282,32.045117],[34.809253,32.04512],[34.809158,32.045129],[34.809138,32.045131],[34.808184,32.045257],[34.808146,32.045262],[34.807791,32.045309],[34.807559,32.045344],[34.807393,32.045371],[34.80665,32.045493],[34.806623,32.045497],[34.806313,32.045567],[34.806284,32.045573],[34.806328,32.045727],[34.806414,32.045946],[34.806588,32.04639],[34.806591,32.046399],[34.806705,32.046688],[34.806992,32.047414],[34.807016,32.047484],[34.807068,32.047637],[34.807116,32.047779],[34.807149,32.04789],[34.807194,32.04804],[34.807202,32.048095],[34.807203,32.048106],[34.807204,32.048111],[34.807215,32.048192],[34.807296,32.048743],[34.807299,32.04877],[34.807304,32.048812],[34.807323,32.048958],[34.807304,32.049038],[34.807262,32.049082],[34.80724,32.049102],[34.807635,32.049033],[34.807886,32.048978],[34.807945,32.049147],[34.808261,32.049155],[34.808444,32.04916],[34.809184,32.04917],[34.80925,32.049171],[34.809787,32.049179],[34.809803,32.049258],[34.80984,32.049294],[34.809877,32.049316],[34.809923,32.04933],[34.809944,32.049325],[34.810014,32.04931],[34.810068,32.04927],[34.810087,32.049222]]]},"properties":{"sa":1034,"name":"אזור סטטיסטי 1034"}},{"type":"Feature","geometry":{"type":"Polygon","coordinates":[[[34.80575,32.055503],[34.805756,32.055497],[34.805954,32.055247],[34.805966,32.055243],[34.806166,32.055185],[34.80641,32.055052],[34.806537,32.055056],[34.806649,32.055059],[34.80678,32.055223],[34.807002,32.055502],[34.807006,32.055507],[34.807542,32.055211],[34.807821,32.055057],[34.807852,32.05504],[34.807859,32.055036],[34.808396,32.054739],[34.808657,32.054595],[34.808665,32.05459],[34.808832,32.054498],[34.808919,32.054454],[34.8093,32.054258],[34.809344,32.054228],[34.809433,32.054169],[34.80946,32.05415],[34.809538,32.054098],[34.809547,32.054089],[34.809829,32.053793],[34.810059,32.053514],[34.810079,32.05349],[34.810086,32.053482],[34.810177,32.053381],[34.81048,32.053046],[34.810485,32.053041],[34.810872,32.052614],[34.810879,32.052606],[34.810993,32.052479],[34.811098,32.052346],[34.811102,32.05234],[34.81118,32.052241],[34.811308,32.052009],[34.811331,32.051969],[34.811394,32.051855],[34.811395,32.051854],[34.811405,32.051835],[34.811499,32.051618],[34.81156,32.051292],[34.811567,32.051255],[34.811571,32.051233],[34.811625,32.050944],[34.811627,32.050935],[34.811634,32.050898],[34.811689,32.050605],[34.811705,32.05052],[34.811734,32.050325],[34.811741,32.050279],[34.811784,32.049992],[34.811871,32.049418],[34.811823,32.049414],[34.811391,32.049361],[34.810987,32.049311],[34.810478,32.049249],[34.81015,32.049215],[34.810105,32.04922],[34.810087,32.049222],[34.810068,32.04927],[34.810014,32.04931],[34.809944,32.049325],[34.809923,32.04933],[34.809873,32.049521],[34.809575,32.050666],[34.809572,32.050677],[34.809507,32.050704],[34.809487,32.050709],[34.809478,32.050711],[34.809138,32.051085],[34.809119,32.051106],[34.809086,32.051099],[34.80907,32.051095],[34.808977,32.051329],[34.808975,32.051425],[34.808968,32.051781],[34.808967,32.051805],[34.808966,32.051845],[34.808958,32.051883],[34.808809,32.051943],[34.808955,32.052128],[34.808955,32.052129],[34.808949,32.052196],[34.808943,32.052265],[34.808859,32.052362],[34.808807,32.052422],[34.808795,32.052436],[34.808602,32.052528],[34.808569,32.052544],[34.808599,32.052561],[34.808325,32.052768],[34.808192,32.052868],[34.808175,32.052882],[34.807981,32.053055],[34.807926,32.053103],[34.807769,32.053242],[34.807648,32.053385],[34.807614,32.053452],[34.807607,32.05361],[34.807588,32.053649],[34.807515,32.053804],[34.807499,32.053819],[34.807246,32.053931],[34.807164,32.053968],[34.807035,32.054006],[34.807034,32.054099],[34.806283,32.054346],[34.806259,32.054354],[34.80624,32.054478],[34.806238,32.054492],[34.805734,32.054623],[34.805713,32.054629],[34.805678,32.05476],[34.805676,32.054767],[34.805484,32.05487],[34.805457,32.054885],[34.80549,32.054975],[34.805494,32.054985],[34.805366,32.055028],[34.805148,32.05512],[34.805117,32.055134],[34.805305,32.055355],[34.805399,32.055395],[34.805551,32.055639],[34.80575,32.055503]]]},"properties":{"sa":1041,"name":"אזור סטטיסטי 1041"}},{"type":"Feature","geometry":{"type":"Polygon","coordinates":[[[34.810441,32.054851],[34.81044,32.054849],[34.810502,32.054807],[34.810564,32.054764],[34.810626,32.054722],[34.81067,32.05469],[34.810714,32.054659],[34.810717,32.054656],[34.810789,32.054601],[34.810861,32.054545],[34.810933,32.05449],[34.811005,32.054435],[34.811077,32.054379],[34.811144,32.054325],[34.81121,32.05427],[34.811276,32.054216],[34.811343,32.054162],[34.811405,32.054108],[34.811467,32.054054],[34.81153,32.054001],[34.811589,32.053945],[34.811649,32.053889],[34.811709,32.053833],[34.811769,32.053777],[34.811828,32.053721],[34.811858,32.053693],[34.811888,32.053665],[34.811945,32.05361],[34.812003,32.053555],[34.81206,32.0535],[34.812118,32.053446],[34.812118,32.053445],[34.812162,32.053401],[34.812163,32.0534],[34.812209,32.053346],[34.812256,32.053291],[34.812303,32.053236],[34.812356,32.053176],[34.812409,32.053115],[34.812464,32.053055],[34.812509,32.053001],[34.812562,32.052938],[34.81262,32.052866],[34.812665,32.05281],[34.812711,32.052754],[34.81274,32.052715],[34.812782,32.05266],[34.812825,32.052605],[34.812867,32.052551],[34.812868,32.052549],[34.812874,32.052541],[34.812918,32.05248],[34.812967,32.05241],[34.813016,32.052341],[34.813029,32.052321],[34.81306,32.052275],[34.813104,32.052209],[34.813147,32.052144],[34.813188,32.052078],[34.813198,32.052062],[34.813228,32.052012],[34.813269,32.051946],[34.81331,32.051878],[34.81335,32.051811],[34.813391,32.051743],[34.813429,32.051676],[34.813468,32.051608],[34.813506,32.051541],[34.813506,32.05154],[34.813537,32.051483],[34.813567,32.051426],[34.813598,32.051369],[34.813625,32.051312],[34.813653,32.051256],[34.813681,32.0512],[34.813705,32.051142],[34.813729,32.051085],[34.813753,32.051027],[34.813772,32.050966],[34.813792,32.050906],[34.813812,32.050846],[34.813813,32.05084],[34.813826,32.050785],[34.813841,32.050724],[34.813855,32.050664],[34.813868,32.050574],[34.81388,32.050485],[34.813885,32.050425],[34.813889,32.050365],[34.813893,32.050304],[34.813893,32.050304],[34.813894,32.050218],[34.813895,32.050132],[34.813895,32.050045],[34.813896,32.049959],[34.813896,32.049873],[34.813897,32.049786],[34.8139,32.049705],[34.813902,32.049661],[34.813878,32.049659],[34.813754,32.049648],[34.813606,32.049635],[34.81353,32.049628],[34.813108,32.049575],[34.8126,32.049511],[34.812359,32.049481],[34.812353,32.04948],[34.811947,32.049428],[34.811892,32.049421],[34.811871,32.049418],[34.811784,32.049992],[34.811741,32.050279],[34.811734,32.050325],[34.811705,32.05052],[34.811689,32.050605],[34.811634,32.050898],[34.811627,32.050935],[34.811625,32.050944],[34.811571,32.051233],[34.811567,32.051255],[34.81156,32.051292],[34.811499,32.051618],[34.811405,32.051835],[34.811395,32.051854],[34.811394,32.051855],[34.811331,32.051969],[34.811308,32.052009],[34.81118,32.052241],[34.811102,32.05234],[34.811098,32.052346],[34.810993,32.052479],[34.810879,32.052606],[34.810872,32.052614],[34.810485,32.053041],[34.81048,32.053046],[34.810177,32.053381],[34.810086,32.053482],[34.810079,32.05349],[34.810059,32.053514],[34.809829,32.053793],[34.809547,32.054089],[34.809538,32.054098],[34.80946,32.05415],[34.809433,32.054169],[34.809344,32.054228],[34.8093,32.054258],[34.808919,32.054454],[34.808832,32.054498],[34.808665,32.05459],[34.808657,32.054595],[34.808396,32.054739],[34.807859,32.055036],[34.807852,32.05504],[34.807821,32.055057],[34.807542,32.055211],[34.807006,32.055507],[34.807002,32.055502],[34.80678,32.055223],[34.806649,32.055059],[34.806537,32.055056],[34.80641,32.055052],[34.806166,32.055185],[34.805966,32.055243],[34.805954,32.055247],[34.805756,32.055497],[34.80575,32.055503],[34.805954,32.055805],[34.806284,32.056298],[34.806483,32.056593],[34.806488,32.056602],[34.806602,32.056556],[34.806624,32.056552],[34.806679,32.056529],[34.807775,32.056161],[34.807834,32.056141],[34.808021,32.056078],[34.808425,32.05592],[34.808856,32.055751],[34.808962,32.055699],[34.809601,32.055385],[34.809747,32.055301],[34.80976,32.055294],[34.809794,32.055274],[34.809797,32.055272],[34.809911,32.055207],[34.810313,32.054946],[34.810318,32.054942],[34.810394,32.054889],[34.810426,32.054866],[34.810424,32.054863],[34.810441,32.054851]]]},"properties":{"sa":1042,"name":"אזור סטטיסטי 1042","winner":"likud","winnerShare":0.362,"valid":2387,"turnout":0.5803,"parties":{"other":52788,"labor":81,"habait":15,"utj":17,"hadash":6,"rz":233,"gantz":200,"yb":161,"likud":864,"meretz":62,"yesh_atid":468,"shas":235,"raam":3,"balad":2},"sh_likud":0.362,"sh_yesh_atid":0.1961,"sh_shas":0.0984,"sh_utj":0.0071,"sh_rz":0.0976,"sh_labor":0.0339,"sh_gantz":0.0838,"sh_yb":0.0674,"sh_meretz":0.026,"sh_raam":0.0013,"sh_hadash":0.0025,"sh_balad":0.0008,"sh_habait":0.0063,"sh_other":22.1148}},{"type":"Feature","geometry":{"type":"Polygon","coordinates":[[[34.81384,32.047017],[34.813828,32.046945],[34.813815,32.046869],[34.813803,32.046793],[34.81379,32.046717],[34.813775,32.046658],[34.81376,32.046599],[34.813745,32.04654],[34.813732,32.046486],[34.813718,32.046432],[34.813707,32.046388],[34.813701,32.046366],[34.813684,32.0463],[34.813675,32.046264],[34.813675,32.046264],[34.813674,32.046261],[34.813659,32.046201],[34.813644,32.046138],[34.813625,32.046066],[34.813607,32.045993],[34.813588,32.04592],[34.81357,32.045848],[34.813548,32.045765],[34.813525,32.045681],[34.813503,32.045598],[34.81348,32.045515],[34.813458,32.045432],[34.813435,32.045349],[34.813412,32.045265],[34.81339,32.045182],[34.813367,32.045099],[34.813345,32.045016],[34.813322,32.044933],[34.8133,32.044849],[34.813277,32.044766],[34.813255,32.044683],[34.813255,32.044683],[34.813255,32.044683],[34.813253,32.04467],[34.813226,32.044546],[34.812555,32.044661],[34.812516,32.044668],[34.812042,32.044783],[34.811968,32.044801],[34.811034,32.044952],[34.811002,32.044957],[34.810932,32.044965],[34.810451,32.045014],[34.810442,32.045014],[34.809953,32.045056],[34.80956,32.045086],[34.809539,32.045089],[34.809508,32.045093],[34.80954,32.045173],[34.80969,32.045613],[34.809783,32.045886],[34.809787,32.045896],[34.809829,32.046021],[34.809886,32.046255],[34.809897,32.046298],[34.809911,32.046347],[34.809925,32.046391],[34.809947,32.046466],[34.810008,32.046934],[34.810026,32.047073],[34.810055,32.047442],[34.810055,32.047446],[34.810063,32.047551],[34.810062,32.047831],[34.810051,32.047943],[34.810048,32.047967],[34.810046,32.048025],[34.810045,32.048036],[34.81003,32.048323],[34.810027,32.048387],[34.81002,32.048513],[34.810007,32.048628],[34.809961,32.049028],[34.809956,32.049055],[34.809953,32.049072],[34.809991,32.049085],[34.81004,32.049101],[34.810074,32.049143],[34.810088,32.04918],[34.810087,32.049222],[34.810105,32.04922],[34.81015,32.049215],[34.810478,32.049249],[34.810987,32.049311],[34.811391,32.049361],[34.811823,32.049414],[34.811871,32.049418],[34.811892,32.049421],[34.811947,32.049428],[34.812353,32.04948],[34.812359,32.049481],[34.8126,32.049511],[34.813108,32.049575],[34.81353,32.049628],[34.813606,32.049635],[34.813754,32.049648],[34.813878,32.049659],[34.813902,32.049661],[34.813903,32.049623],[34.813906,32.049542],[34.813909,32.04946],[34.813912,32.049378],[34.813915,32.049297],[34.813918,32.049215],[34.813921,32.04913],[34.813924,32.049044],[34.813927,32.048959],[34.81393,32.048874],[34.813933,32.048788],[34.813936,32.048703],[34.813938,32.048617],[34.813939,32.048593],[34.813941,32.048532],[34.813942,32.048503],[34.813942,32.048443],[34.813944,32.048361],[34.813945,32.048279],[34.813945,32.048271],[34.813946,32.048196],[34.813946,32.048134],[34.813938,32.048069],[34.813937,32.048],[34.813935,32.04793],[34.813934,32.04786],[34.81393,32.047802],[34.813927,32.047743],[34.813923,32.047688],[34.813919,32.047633],[34.813914,32.047587],[34.813909,32.047542],[34.813902,32.047467],[34.8139,32.04745],[34.813893,32.04738],[34.813887,32.04731],[34.81388,32.047241],[34.813867,32.047167],[34.813854,32.047094],[34.813841,32.047021],[34.81384,32.047017]]]},"properties":{"sa":1043,"name":"אזור סטטיסטי 1043","winner":"likud","winnerShare":0.3811,"valid":2708,"turnout":0.6324,"parties":{"other":53115,"labor":62,"habait":13,"utj":66,"rz":322,"gantz":193,"yb":183,"likud":1032,"meretz":43,"yesh_atid":385,"shas":358,"raam":1,"hadash":2},"sh_likud":0.3811,"sh_yesh_atid":0.1422,"sh_shas":0.1322,"sh_utj":0.0244,"sh_rz":0.1189,"sh_labor":0.0229,"sh_gantz":0.0713,"sh_yb":0.0676,"sh_meretz":0.0159,"sh_raam":0.0004,"sh_hadash":0.0007,"sh_habait":0.0048,"sh_other":19.6141}},{"type":"Feature","geometry":{"type":"Polygon","coordinates":[[[34.801629,32.140906],[34.801608,32.140864],[34.801571,32.140789],[34.801539,32.140726],[34.801534,32.140715],[34.801497,32.140641],[34.80146,32.140567],[34.801421,32.1405],[34.801383,32.140432],[34.801344,32.140365],[34.8013,32.140287],[34.801255,32.14021],[34.801211,32.140132],[34.801174,32.140067],[34.801137,32.140002],[34.801099,32.139937],[34.801053,32.139865],[34.801007,32.139793],[34.800961,32.139721],[34.800915,32.139649],[34.800862,32.139576],[34.80081,32.139503],[34.800757,32.13943],[34.800704,32.139357],[34.800703,32.139356],[34.800651,32.139285],[34.800598,32.139212],[34.800541,32.139139],[34.800483,32.139066],[34.800426,32.138994],[34.800368,32.138921],[34.80031,32.138848],[34.800253,32.138776],[34.800252,32.138774],[34.800196,32.138707],[34.80014,32.138638],[34.800083,32.13857],[34.800027,32.138501],[34.79997,32.138432],[34.799914,32.138364],[34.799857,32.138295],[34.799798,32.138224],[34.799739,32.138153],[34.79968,32.138081],[34.79966,32.138057],[34.799621,32.13801],[34.799562,32.137939],[34.799504,32.137868],[34.799445,32.137797],[34.799386,32.137726],[34.799327,32.137655],[34.799268,32.137584],[34.799209,32.137512],[34.79915,32.137441],[34.799091,32.13737],[34.799032,32.137299],[34.798973,32.137228],[34.798914,32.137154],[34.798874,32.137095],[34.798872,32.137092],[34.798829,32.137029],[34.798787,32.136966],[34.798745,32.136903],[34.798702,32.13684],[34.798663,32.136775],[34.798625,32.136709],[34.798586,32.136643],[34.798548,32.136579],[34.798547,32.136578],[34.798505,32.136501],[34.798463,32.136425],[34.798421,32.136348],[34.798379,32.136272],[34.798337,32.136195],[34.798295,32.136119],[34.798253,32.136042],[34.798211,32.135966],[34.798168,32.135889],[34.798126,32.135813],[34.798084,32.135737],[34.798044,32.135663],[34.798004,32.135589],[34.797964,32.135515],[34.797924,32.135441],[34.797884,32.135367],[34.797844,32.135293],[34.797804,32.135219],[34.797764,32.135145],[34.797724,32.135071],[34.797684,32.134997],[34.797644,32.134923],[34.797603,32.134849],[34.797563,32.134776],[34.797523,32.134702],[34.797482,32.134628],[34.797442,32.134555],[34.797402,32.134481],[34.797361,32.134407],[34.797344,32.134377],[34.797321,32.134334],[34.797299,32.134289],[34.797267,32.134221],[34.797235,32.134152],[34.797202,32.134084],[34.797172,32.134019],[34.797142,32.133953],[34.797112,32.133888],[34.797084,32.13382],[34.797056,32.133751],[34.79703,32.133669],[34.797003,32.133586],[34.796977,32.133504],[34.796961,32.133443],[34.796945,32.133382],[34.796929,32.133323],[34.796929,32.133322],[34.796929,32.133322],[34.79691,32.133237],[34.79689,32.133152],[34.796871,32.133068],[34.796852,32.132983],[34.796833,32.132899],[34.796814,32.132814],[34.796795,32.132729],[34.796775,32.132645],[34.796756,32.13256],[34.796737,32.132476],[34.796718,32.132391],[34.796712,32.132364],[34.796699,32.132306],[34.79668,32.132222],[34.79666,32.132137],[34.796641,32.132053],[34.796622,32.131968],[34.796603,32.131883],[34.796584,32.131799],[34.796565,32.131714],[34.796545,32.13163],[34.796526,32.131545],[34.796525,32.131541],[34.796522,32.131528],[34.796503,32.131443],[34.796483,32.131358],[34.796463,32.131273],[34.796443,32.131188],[34.796423,32.131103],[34.796404,32.131019],[34.796384,32.130934],[34.796364,32.130849],[34.796344,32.130764],[34.796325,32.130679],[34.796305,32.130594],[34.796285,32.130509],[34.796265,32.130424],[34.796246,32.130339],[34.796226,32.130254],[34.796206,32.130169],[34.796186,32.130084],[34.796167,32.129999],[34.796147,32.129914],[34.796127,32.12983],[34.796107,32.129745],[34.796092,32.129678],[34.796088,32.129663],[34.796069,32.129581],[34.796049,32.129499],[34.79603,32.129418],[34.796011,32.129336],[34.795992,32.129254],[34.795973,32.129172],[34.795953,32.129091],[34.795934,32.129009],[34.795915,32.128927],[34.795896,32.128846],[34.795876,32.128764],[34.795858,32.128687],[34.795857,32.128682],[34.795874,32.128681],[34.795872,32.128675],[34.795589,32.128686],[34.795585,32.128663],[34.79558,32.128641],[34.795554,32.128519],[34.795551,32.128503],[34.795491,32.128221],[34.795363,32.127537],[34.795238,32.126866],[34.795105,32.126153],[34.795085,32.126049],[34.794729,32.124141],[34.79465,32.123727],[34.794486,32.122854],[34.794445,32.122712],[34.79427,32.122761],[34.794017,32.1228],[34.793938,32.122813],[34.793231,32.122922],[34.793031,32.122953],[34.792125,32.123092],[34.79198,32.123114],[34.791706,32.123156],[34.791627,32.123176],[34.791596,32.123184],[34.791594,32.123185],[34.79146,32.123219],[34.791007,32.123285],[34.790782,32.123321],[34.788927,32.123604],[34.788747,32.123644],[34.788673,32.123674],[34.788628,32.123693],[34.788618,32.123695],[34.788441,32.12373],[34.78841,32.123737],[34.788353,32.124088],[34.788333,32.124285],[34.788405,32.124531],[34.788496,32.125019],[34.788518,32.125398],[34.788523,32.125777],[34.788534,32.12604],[34.78858,32.12651],[34.788652,32.126909],[34.788729,32.127276],[34.788928,32.127857],[34.789145,32.128296],[34.78938,32.128676],[34.789525,32.128903],[34.789672,32.129149],[34.790018,32.12974],[34.790724,32.131069],[34.791014,32.131538],[34.791551,32.132362],[34.792162,32.13338],[34.792589,32.134334],[34.792784,32.134871],[34.79302,32.135814],[34.793118,32.136531],[34.793188,32.137108],[34.793258,32.137635],[34.79335,32.138094],[34.793633,32.138924],[34.793781,32.139259],[34.793917,32.13946],[34.794494,32.140174],[34.794827,32.140565],[34.795193,32.140957],[34.795991,32.141872],[34.796637,32.142323],[34.797314,32.142416],[34.799956,32.141458],[34.80126,32.140902],[34.801629,32.140906]]]},"properties":{"sa":1111,"name":"אזור סטטיסטי 1111","winner":"yesh_atid","winnerShare":0.4595,"valid":2590,"turnout":0.6876,"parties":{"other":42118,"labor":148,"habait":19,"utj":7,"rz":78,"gantz":378,"yb":81,"likud":468,"meretz":166,"raam":1,"yesh_atid":1190,"shas":30,"hadash":2,"balad":4},"sh_likud":0.1807,"sh_yesh_atid":0.4595,"sh_shas":0.0116,"sh_utj":0.0027,"sh_rz":0.0301,"sh_labor":0.0571,"sh_gantz":0.1459,"sh_yb":0.0313,"sh_meretz":0.0641,"sh_raam":0.0004,"sh_hadash":0.0008,"sh_balad":0.0015,"sh_habait":0.0073,"sh_other":16.2618}},{"type":"Feature","geometry":{"type":"Polygon","coordinates":[[[34.802211,32.142492],[34.802183,32.142406],[34.802155,32.142319],[34.802127,32.142232],[34.802099,32.142146],[34.802071,32.142059],[34.802043,32.141972],[34.802015,32.141886],[34.801987,32.141799],[34.801961,32.141724],[34.801935,32.14165],[34.801909,32.141575],[34.801884,32.141501],[34.801878,32.141486],[34.801858,32.141426],[34.801823,32.141343],[34.801788,32.141261],[34.801752,32.141178],[34.801717,32.141095],[34.801683,32.141013],[34.801682,32.141012],[34.801645,32.140938],[34.801629,32.140906],[34.80126,32.140902],[34.799956,32.141458],[34.797314,32.142416],[34.796637,32.142323],[34.795991,32.141872],[34.795193,32.140957],[34.794827,32.140565],[34.794494,32.140174],[34.793917,32.13946],[34.793781,32.139259],[34.793633,32.138924],[34.79335,32.138094],[34.793258,32.137635],[34.793188,32.137108],[34.793118,32.136531],[34.79302,32.135814],[34.792784,32.134871],[34.792589,32.134334],[34.792162,32.13338],[34.791551,32.132362],[34.791014,32.131538],[34.790724,32.131069],[34.790018,32.12974],[34.789672,32.129149],[34.789525,32.128903],[34.78938,32.128676],[34.789145,32.128296],[34.788928,32.127857],[34.788729,32.127276],[34.788652,32.126909],[34.78858,32.12651],[34.788534,32.12604],[34.788523,32.125777],[34.788518,32.125398],[34.788496,32.125019],[34.788405,32.124531],[34.788333,32.124285],[34.788353,32.124088],[34.78841,32.123737],[34.788393,32.123678],[34.787689,32.121141],[34.787641,32.12097],[34.786524,32.119112],[34.786331,32.118779],[34.785798,32.117857],[34.785736,32.117749],[34.785723,32.117726],[34.784802,32.116134],[34.784723,32.115859],[34.784591,32.113729],[34.784599,32.111908],[34.784608,32.11191],[34.783915,32.108224],[34.7838,32.107952],[34.783313,32.106807],[34.78314,32.106404],[34.782024,32.103811],[34.781429,32.102893],[34.781531,32.102286],[34.781556,32.10229],[34.781565,32.102264],[34.781631,32.101993],[34.781642,32.101931],[34.78167,32.101841],[34.781685,32.101714],[34.781698,32.101622],[34.781712,32.10153],[34.781848,32.101212],[34.781925,32.101031],[34.781952,32.100986],[34.782222,32.100523],[34.782508,32.100033],[34.78288,32.099398],[34.782979,32.099228],[34.783115,32.098996],[34.783244,32.098775],[34.783251,32.098763],[34.783313,32.098646],[34.783321,32.098646],[34.783328,32.098645],[34.783492,32.098638],[34.783645,32.098645],[34.784236,32.098669],[34.784318,32.098675],[34.784548,32.098688],[34.784747,32.098702],[34.785366,32.098744],[34.785568,32.098758],[34.785817,32.098771],[34.786001,32.098781],[34.788136,32.098892],[34.789087,32.098967],[34.789772,32.099071],[34.789834,32.099082],[34.790265,32.099159],[34.790905,32.099298],[34.791382,32.099405],[34.793417,32.099847],[34.793425,32.0998],[34.793435,32.099743],[34.79344,32.099711],[34.793502,32.09929],[34.793532,32.099154],[34.793632,32.098204],[34.793666,32.097997],[34.79367,32.09797],[34.793675,32.097937],[34.793696,32.097807],[34.793697,32.097802],[34.793226,32.097644],[34.791416,32.09727],[34.790386,32.097095],[34.790038,32.097035],[34.786499,32.096494],[34.783679,32.096367],[34.782633,32.09632],[34.782011,32.096272],[34.781578,32.096271],[34.780984,32.096085],[34.780471,32.095968],[34.779768,32.095873],[34.779281,32.095987],[34.779145,32.096126],[34.779132,32.096125],[34.779124,32.096124],[34.779097,32.096158],[34.779087,32.096171],[34.778965,32.09624],[34.778411,32.096554],[34.778403,32.096558],[34.778,32.096946],[34.777765,32.097351],[34.777557,32.097736],[34.777531,32.097785],[34.777517,32.097807],[34.777515,32.097809],[34.777512,32.097814],[34.777499,32.097833],[34.777503,32.09788],[34.777505,32.097918],[34.777442,32.098542],[34.777442,32.09855],[34.777935,32.099885],[34.778005,32.100074],[34.777941,32.10052],[34.776913,32.102152],[34.776745,32.102419],[34.776482,32.10272],[34.775544,32.10375],[34.775609,32.103912],[34.775601,32.10392],[34.775802,32.104509],[34.775735,32.104589],[34.773125,32.107721],[34.772982,32.10815],[34.773454,32.10913],[34.77365,32.10913],[34.773792,32.108892],[34.773568,32.108676],[34.773346,32.108294],[34.773376,32.107913],[34.774419,32.106723],[34.775603,32.105319],[34.775854,32.105416],[34.775955,32.10547],[34.776078,32.105535],[34.776273,32.105894],[34.776581,32.1058],[34.776697,32.105132],[34.777146,32.105014],[34.777366,32.105922],[34.777586,32.10671],[34.776887,32.106278],[34.776551,32.106372],[34.776492,32.106873],[34.776318,32.106922],[34.775903,32.107038],[34.775118,32.10694],[34.775202,32.107107],[34.775874,32.107205],[34.776399,32.107247],[34.776491,32.107255],[34.776685,32.107566],[34.776522,32.107718],[34.775869,32.108326],[34.774721,32.108012],[34.774412,32.108131],[34.774551,32.108418],[34.774648,32.108424],[34.774915,32.108443],[34.775709,32.108681],[34.777155,32.109116],[34.777323,32.109167],[34.777877,32.110409],[34.777803,32.110547],[34.777736,32.110671],[34.777957,32.111316],[34.778211,32.111449],[34.778461,32.11158],[34.778963,32.112083],[34.779405,32.113492],[34.779906,32.114281],[34.780714,32.117689],[34.781731,32.119775],[34.781841,32.120276],[34.781532,32.120624],[34.781503,32.120657],[34.781166,32.120775],[34.781051,32.120612],[34.780986,32.120635],[34.780744,32.12072],[34.781416,32.121818],[34.781784,32.12242],[34.782136,32.12226],[34.78214,32.122258],[34.782118,32.122094],[34.782693,32.122194],[34.783259,32.122715],[34.783509,32.123336],[34.783702,32.1241],[34.783811,32.124792],[34.784588,32.12637],[34.78517,32.128066],[34.786998,32.132915],[34.788133,32.136164],[34.788548,32.13743],[34.789381,32.139246],[34.791298,32.145417],[34.79152,32.146051],[34.791523,32.14606],[34.791536,32.146057],[34.791634,32.146033],[34.791726,32.146014],[34.791818,32.145996],[34.79191,32.145977],[34.792002,32.145959],[34.792075,32.145944],[34.792148,32.14593],[34.792217,32.145916],[34.792284,32.145904],[34.792351,32.145891],[34.792405,32.145881],[34.792483,32.145867],[34.792562,32.145853],[34.79264,32.145838],[34.792682,32.145831],[34.792688,32.14583],[34.792775,32.145814],[34.792862,32.145799],[34.792915,32.145789],[34.792967,32.145779],[34.793025,32.145768],[34.793083,32.145758],[34.79316,32.145742],[34.793237,32.145727],[34.793315,32.145712],[34.79339,32.145697],[34.793466,32.145683],[34.793541,32.145668],[34.793615,32.145654],[34.793689,32.145639],[34.793763,32.145625],[34.793838,32.145611],[34.793913,32.145596],[34.793973,32.145584],[34.794033,32.145572],[34.794124,32.145553],[34.794131,32.145552],[34.79423,32.145532],[34.794329,32.145512],[34.794428,32.145492],[34.79452,32.145474],[34.794612,32.145456],[34.794715,32.145436],[34.794818,32.145417],[34.79492,32.145397],[34.795023,32.145378],[34.795125,32.145358],[34.795228,32.145339],[34.79533,32.145319],[34.795433,32.1453],[34.795535,32.14528],[34.795638,32.145261],[34.79574,32.145241],[34.795843,32.145221],[34.795919,32.145207],[34.795934,32.145204],[34.796025,32.145188],[34.796116,32.145171],[34.796205,32.145153],[34.796294,32.145136],[34.796383,32.145119],[34.796472,32.145101],[34.796561,32.145084],[34.79665,32.145067],[34.796739,32.14505],[34.796823,32.145033],[34.796907,32.145017],[34.79699,32.145001],[34.797079,32.144985],[34.797175,32.144969],[34.797271,32.144954],[34.797367,32.144938],[34.797463,32.144922],[34.797559,32.144906],[34.797655,32.144891],[34.797751,32.144875],[34.797847,32.144859],[34.797943,32.144843],[34.798039,32.144828],[34.798142,32.144809],[34.798246,32.14479],[34.798349,32.144771],[34.798452,32.144752],[34.798555,32.144733],[34.798658,32.144714],[34.798761,32.144695],[34.798864,32.144676],[34.798967,32.144657],[34.79907,32.144638],[34.799174,32.144619],[34.799277,32.1446],[34.79938,32.144581],[34.799483,32.144563],[34.799586,32.144544],[34.799689,32.144525],[34.799792,32.144506],[34.799895,32.144487],[34.799998,32.144468],[34.800101,32.144449],[34.800205,32.14443],[34.800308,32.144411],[34.800411,32.144392],[34.800514,32.144373],[34.800617,32.144354],[34.80072,32.144335],[34.800823,32.144316],[34.800926,32.144297],[34.801029,32.144279],[34.801133,32.14426],[34.801236,32.144241],[34.801339,32.144222],[34.801442,32.144203],[34.801545,32.144184],[34.801648,32.144165],[34.801751,32.144146],[34.801854,32.144127],[34.801957,32.144108],[34.802061,32.144089],[34.802164,32.14407],[34.802251,32.144052],[34.802329,32.144035],[34.802339,32.144033],[34.802431,32.144015],[34.802444,32.144013],[34.80249,32.144004],[34.802549,32.143993],[34.802612,32.143981],[34.802686,32.143968],[34.802658,32.143881],[34.80263,32.143794],[34.802602,32.143707],[34.802575,32.14362],[34.802547,32.143533],[34.802519,32.143446],[34.802492,32.143359],[34.802464,32.143273],[34.802436,32.143186],[34.802408,32.143099],[34.802379,32.143013],[34.802351,32.142926],[34.802323,32.142839],[34.802295,32.142752],[34.802267,32.142666],[34.802239,32.142579],[34.802211,32.142492]]]},"properties":{"sa":1112,"name":"אזור סטטיסטי 1112"}},{"type":"Feature","geometry":{"type":"Polygon","coordinates":[[[34.794445,32.122712],[34.79444,32.122696],[34.794407,32.122585],[34.794362,32.122347],[34.794335,32.122207],[34.794264,32.12183],[34.794199,32.121482],[34.794134,32.121142],[34.793839,32.119583],[34.793838,32.11958],[34.793723,32.118967],[34.793653,32.118598],[34.793645,32.118559],[34.793534,32.117969],[34.793406,32.117296],[34.793219,32.116306],[34.793182,32.116103],[34.793093,32.115613],[34.793062,32.115443],[34.792928,32.114706],[34.792844,32.114242],[34.792786,32.113921],[34.792786,32.113919],[34.792607,32.112996],[34.792561,32.112738],[34.792547,32.112705],[34.792516,32.112607],[34.792067,32.112574],[34.791954,32.112565],[34.791877,32.11256],[34.791573,32.112525],[34.790894,32.112448],[34.790735,32.112432],[34.790106,32.112369],[34.789537,32.112376],[34.789527,32.112376],[34.789525,32.112376],[34.789567,32.112494],[34.789603,32.112709],[34.789677,32.113112],[34.789832,32.113955],[34.789864,32.114127],[34.789895,32.114292],[34.78998,32.11474],[34.789984,32.114758],[34.789987,32.114777],[34.790119,32.115466],[34.790369,32.11677],[34.790389,32.116879],[34.790634,32.118153],[34.7909,32.119541],[34.790978,32.119948],[34.791031,32.120226],[34.791128,32.120743],[34.791217,32.121198],[34.791336,32.121831],[34.791403,32.122217],[34.79149,32.122734],[34.791572,32.123102],[34.791576,32.123116],[34.791586,32.123151],[34.791596,32.123184],[34.791627,32.123176],[34.791706,32.123156],[34.79198,32.123114],[34.792125,32.123092],[34.793031,32.122953],[34.793231,32.122922],[34.793938,32.122813],[34.794017,32.1228],[34.79427,32.122761],[34.794445,32.122712]]]},"properties":{"sa":1121,"name":"אזור סטטיסטי 1121","winner":"yesh_atid","winnerShare":0.4031,"valid":7311,"turnout":0.7071,"parties":{"other":115490,"labor":374,"habait":56,"utj":23,"rz":276,"gantz":1146,"yb":240,"likud":1494,"meretz":455,"raam":9,"yesh_atid":2947,"shas":166,"hadash":15,"balad":12},"sh_likud":0.2043,"sh_yesh_atid":0.4031,"sh_shas":0.0227,"sh_utj":0.0031,"sh_rz":0.0378,"sh_labor":0.0512,"sh_gantz":0.1568,"sh_yb":0.0328,"sh_meretz":0.0622,"sh_raam":0.0012,"sh_hadash":0.0021,"sh_balad":0.0016,"sh_habait":0.0077,"sh_other":15.7967}},{"type":"Feature","geometry":{"type":"Polygon","coordinates":[[[34.791596,32.123184],[34.791586,32.123151],[34.791576,32.123116],[34.791572,32.123102],[34.79149,32.122734],[34.791403,32.122217],[34.791336,32.121831],[34.791217,32.121198],[34.791128,32.120743],[34.791031,32.120226],[34.790978,32.119948],[34.7909,32.119541],[34.790634,32.118153],[34.787021,32.118699],[34.786915,32.118715],[34.786331,32.118779],[34.786524,32.119112],[34.787641,32.12097],[34.787689,32.121141],[34.788393,32.123678],[34.78841,32.123737],[34.788441,32.12373],[34.788618,32.123695],[34.788628,32.123693],[34.788673,32.123674],[34.788747,32.123644],[34.788927,32.123604],[34.790782,32.123321],[34.791007,32.123285],[34.79146,32.123219],[34.791594,32.123185],[34.791596,32.123184]]]},"properties":{"sa":1122,"name":"אזור סטטיסטי 1122"}},{"type":"Feature","geometry":{"type":"Polygon","coordinates":[[[34.790634,32.118153],[34.790389,32.116879],[34.790369,32.11677],[34.790119,32.115466],[34.789987,32.114777],[34.789984,32.114758],[34.78998,32.11474],[34.789895,32.114292],[34.789864,32.114127],[34.789832,32.113955],[34.789677,32.113112],[34.789603,32.112709],[34.789567,32.112494],[34.789525,32.112376],[34.789361,32.112349],[34.789257,32.112331],[34.789045,32.11231],[34.789003,32.112306],[34.788997,32.112306],[34.788997,32.112306],[34.788866,32.112293],[34.787054,32.112126],[34.785495,32.111993],[34.785014,32.111952],[34.784712,32.111937],[34.784683,32.11193],[34.784608,32.11191],[34.784599,32.111908],[34.784591,32.113729],[34.784723,32.115859],[34.784802,32.116134],[34.785723,32.117726],[34.785736,32.117749],[34.785798,32.117857],[34.786331,32.118779],[34.786915,32.118715],[34.787021,32.118699],[34.790634,32.118153]]]},"properties":{"sa":1123,"name":"אזור סטטיסטי 1123"}},{"type":"Feature","geometry":{"type":"Polygon","coordinates":[[[34.792664,32.103369],[34.792334,32.103345],[34.792157,32.103324],[34.791699,32.103264],[34.791639,32.103256],[34.790593,32.103126],[34.78935,32.102971],[34.789272,32.102961],[34.789048,32.102931],[34.78904,32.10293],[34.789001,32.102927],[34.78899,32.102948],[34.788888,32.103313],[34.788619,32.104642],[34.788447,32.105528],[34.788408,32.105778],[34.788395,32.10605],[34.788394,32.106313],[34.788427,32.106615],[34.788505,32.106946],[34.788535,32.107142],[34.788769,32.108358],[34.788996,32.109537],[34.789443,32.111954],[34.78952,32.112354],[34.789527,32.112376],[34.789537,32.112376],[34.790106,32.112369],[34.790735,32.112432],[34.790894,32.112448],[34.791573,32.112525],[34.791877,32.11256],[34.791954,32.112565],[34.792067,32.112574],[34.792516,32.112607],[34.792508,32.112581],[34.792494,32.11253],[34.792467,32.11245],[34.792384,32.112015],[34.792312,32.111603],[34.792245,32.11122],[34.792226,32.111109],[34.792224,32.1111],[34.792091,32.110358],[34.79206,32.110186],[34.792048,32.11005],[34.79203,32.109848],[34.792023,32.109775],[34.791998,32.109494],[34.791997,32.109465],[34.791989,32.10923],[34.791924,32.107941],[34.791933,32.107764],[34.791971,32.107058],[34.792027,32.106561],[34.79229,32.105178],[34.792393,32.104635],[34.792416,32.104528],[34.792456,32.104342],[34.792462,32.104316],[34.792526,32.104016],[34.792544,32.103929],[34.792664,32.103369]]]},"properties":{"sa":1131,"name":"אזור סטטיסטי 1131"}},{"type":"Feature","geometry":{"type":"Polygon","coordinates":[[[34.789527,32.112376],[34.78952,32.112354],[34.789443,32.111954],[34.788996,32.109537],[34.788769,32.108358],[34.788535,32.107142],[34.788505,32.106946],[34.788427,32.106615],[34.788394,32.106313],[34.788395,32.10605],[34.788408,32.105778],[34.788447,32.105528],[34.788619,32.104642],[34.788888,32.103313],[34.78899,32.102948],[34.789001,32.102927],[34.788979,32.102925],[34.788667,32.102888],[34.788613,32.10288],[34.78818,32.102832],[34.788108,32.102819],[34.7881,32.102818],[34.787408,32.102695],[34.787131,32.102666],[34.786948,32.102646],[34.786734,32.102623],[34.786651,32.102613],[34.786008,32.102536],[34.78567,32.102494],[34.784772,32.102382],[34.784751,32.10238],[34.78392,32.102279],[34.783873,32.102272],[34.783213,32.102184],[34.783127,32.102172],[34.782697,32.102115],[34.782634,32.102105],[34.782092,32.102013],[34.781738,32.101955],[34.781664,32.101937],[34.781642,32.101931],[34.781631,32.101993],[34.781565,32.102264],[34.781556,32.10229],[34.781531,32.102286],[34.781429,32.102893],[34.782024,32.103811],[34.78314,32.106404],[34.783313,32.106807],[34.7838,32.107952],[34.783915,32.108224],[34.784608,32.11191],[34.784683,32.11193],[34.784712,32.111937],[34.785014,32.111952],[34.785495,32.111993],[34.787054,32.112126],[34.788866,32.112293],[34.788997,32.112306],[34.788997,32.112306],[34.789003,32.112306],[34.789045,32.11231],[34.789257,32.112331],[34.789361,32.112349],[34.789525,32.112376],[34.789527,32.112376]]]},"properties":{"sa":1132,"name":"אזור סטטיסטי 1132"}},{"type":"Feature","geometry":{"type":"Polygon","coordinates":[[[34.792774,32.102743],[34.792802,32.102642],[34.792872,32.102322],[34.792894,32.102236],[34.793164,32.10102],[34.793281,32.100495],[34.793308,32.100372],[34.793393,32.099989],[34.7934,32.099949],[34.793408,32.099899],[34.793417,32.099847],[34.791382,32.099405],[34.790905,32.099298],[34.790265,32.099159],[34.789834,32.099082],[34.789772,32.099071],[34.789087,32.098967],[34.788136,32.098892],[34.786001,32.098781],[34.785817,32.098771],[34.785568,32.098758],[34.785366,32.098744],[34.784747,32.098702],[34.784548,32.098688],[34.784318,32.098675],[34.784236,32.098669],[34.783645,32.098645],[34.783492,32.098638],[34.783328,32.098645],[34.783321,32.098646],[34.783313,32.098646],[34.783251,32.098763],[34.783244,32.098775],[34.783115,32.098996],[34.782979,32.099228],[34.78288,32.099398],[34.782508,32.100033],[34.782222,32.100523],[34.781952,32.100986],[34.781925,32.101031],[34.781848,32.101212],[34.781712,32.10153],[34.781698,32.101622],[34.781685,32.101714],[34.78167,32.101841],[34.781642,32.101931],[34.781664,32.101937],[34.781738,32.101955],[34.782092,32.102013],[34.782634,32.102105],[34.782697,32.102115],[34.783127,32.102172],[34.783213,32.102184],[34.783873,32.102272],[34.78392,32.102279],[34.784751,32.10238],[34.784772,32.102382],[34.78567,32.102494],[34.786008,32.102536],[34.786651,32.102613],[34.786734,32.102623],[34.786948,32.102646],[34.787131,32.102666],[34.787408,32.102695],[34.7881,32.102818],[34.788108,32.102819],[34.78818,32.102832],[34.788613,32.10288],[34.788667,32.102888],[34.788979,32.102925],[34.789001,32.102927],[34.78904,32.10293],[34.789048,32.102931],[34.789272,32.102961],[34.78935,32.102971],[34.790593,32.103126],[34.791639,32.103256],[34.791699,32.103264],[34.792157,32.103324],[34.792334,32.103345],[34.792664,32.103369],[34.79267,32.103344],[34.792674,32.103326],[34.79268,32.103266],[34.792686,32.103201],[34.792706,32.103111],[34.792719,32.103049],[34.792756,32.102833],[34.792774,32.102743]]]},"properties":{"sa":1133,"name":"אזור סטטיסטי 1133"}},{"type":"Feature","geometry":{"type":"Polygon","coordinates":[[[34.828135,32.128441],[34.828329,32.1284],[34.828331,32.128401],[34.828396,32.128385],[34.828452,32.12844],[34.828518,32.128506],[34.828584,32.128571],[34.82865,32.128637],[34.828716,32.128702],[34.828802,32.128698],[34.828888,32.128693],[34.828974,32.128689],[34.829071,32.128685],[34.829169,32.128681],[34.829266,32.128677],[34.829363,32.128673],[34.82946,32.128669],[34.829557,32.128665],[34.829654,32.128661],[34.829752,32.128657],[34.829854,32.128653],[34.829956,32.128649],[34.830058,32.128646],[34.83016,32.128642],[34.830262,32.128638],[34.830346,32.128635],[34.830449,32.128631],[34.830552,32.128628],[34.830655,32.128624],[34.830758,32.12862],[34.83086,32.128616],[34.830963,32.128613],[34.831066,32.128609],[34.831169,32.128605],[34.831272,32.128601],[34.831375,32.128598],[34.831478,32.128594],[34.83158,32.12859],[34.831683,32.128586],[34.831768,32.128583],[34.831853,32.128579],[34.831938,32.128576],[34.832023,32.128572],[34.832108,32.128568],[34.832192,32.128564],[34.832289,32.128561],[34.832386,32.128557],[34.832482,32.128554],[34.832579,32.12855],[34.832675,32.128546],[34.832772,32.128543],[34.832868,32.128539],[34.832965,32.128535],[34.833061,32.128532],[34.833158,32.128528],[34.833255,32.128524],[34.833331,32.128522],[34.833405,32.128519],[34.833407,32.128519],[34.833393,32.128453],[34.83338,32.128389],[34.83338,32.128386],[34.833452,32.128378],[34.833538,32.128369],[34.833623,32.128359],[34.833722,32.128348],[34.833822,32.128337],[34.833921,32.128326],[34.83402,32.128315],[34.834119,32.128304],[34.834218,32.128293],[34.834318,32.128282],[34.834417,32.128271],[34.83444,32.128269],[34.834516,32.12826],[34.834621,32.128248],[34.834647,32.128246],[34.83474,32.128235],[34.834834,32.128225],[34.834928,32.128214],[34.835021,32.128204],[34.835115,32.128194],[34.835209,32.128183],[34.835304,32.128173],[34.835399,32.128162],[34.835495,32.128151],[34.835578,32.128142],[34.835651,32.128134],[34.835724,32.128126],[34.835798,32.128118],[34.835797,32.128036],[34.835796,32.127953],[34.835795,32.127871],[34.835794,32.127789],[34.835794,32.127707],[34.835793,32.127692],[34.835793,32.127689],[34.835892,32.127689],[34.835991,32.127689],[34.83609,32.12769],[34.836188,32.12769],[34.836273,32.12769],[34.836358,32.12769],[34.836453,32.127691],[34.836548,32.127691],[34.836642,32.127691],[34.836737,32.127691],[34.836832,32.127692],[34.836927,32.127692],[34.837022,32.127692],[34.837117,32.127692],[34.837212,32.127693],[34.837244,32.127693],[34.837304,32.127693],[34.837303,32.127687],[34.83728,32.127599],[34.837258,32.127512],[34.837236,32.127424],[34.837214,32.127337],[34.837198,32.127273],[34.837182,32.12721],[34.837173,32.127192],[34.837132,32.127119],[34.837091,32.127046],[34.837049,32.126972],[34.837008,32.126899],[34.836967,32.126826],[34.836926,32.126752],[34.836885,32.126679],[34.836844,32.126606],[34.836811,32.126547],[34.836778,32.126488],[34.836745,32.126429],[34.836738,32.126429],[34.836501,32.125828],[34.836494,32.125805],[34.836419,32.125621],[34.836295,32.125584],[34.836162,32.125502],[34.836118,32.125482],[34.835978,32.125418],[34.835931,32.125402],[34.835812,32.125372],[34.835266,32.125257],[34.834977,32.125138],[34.834767,32.125035],[34.834755,32.125029],[34.834755,32.125035],[34.834125,32.125067],[34.833729,32.125054],[34.833536,32.12504],[34.833217,32.125034],[34.83294,32.125009],[34.832806,32.125006],[34.832698,32.125031],[34.832597,32.125036],[34.832492,32.125016],[34.832337,32.125007],[34.83231,32.125006],[34.832132,32.125001],[34.831811,32.125021],[34.83159,32.125054],[34.831557,32.125059],[34.831566,32.12508],[34.831599,32.125158],[34.831603,32.125166],[34.831781,32.125589],[34.831786,32.125602],[34.831785,32.125609],[34.831782,32.125625],[34.830196,32.125676],[34.830196,32.125732],[34.830196,32.12583],[34.828113,32.125901],[34.828072,32.125954],[34.82784,32.125954],[34.826944,32.125984],[34.826184,32.126009],[34.825961,32.125788],[34.825482,32.125322],[34.824905,32.124761],[34.824691,32.124552],[34.824562,32.124408],[34.824069,32.12394],[34.824069,32.12394],[34.824053,32.123926],[34.824051,32.123923],[34.824024,32.123983],[34.824023,32.123984],[34.824013,32.123995],[34.824,32.124009],[34.823973,32.124038],[34.823922,32.124092],[34.823871,32.124147],[34.823807,32.124215],[34.823744,32.124283],[34.82368,32.12435],[34.823617,32.124418],[34.823553,32.124486],[34.82349,32.124553],[34.823426,32.124621],[34.823353,32.124677],[34.82328,32.124733],[34.823207,32.124789],[34.823133,32.124845],[34.82306,32.124901],[34.822987,32.124957],[34.822914,32.125013],[34.822841,32.125069],[34.822768,32.125125],[34.822717,32.125163],[34.822666,32.125201],[34.822623,32.125233],[34.822589,32.125259],[34.822512,32.125317],[34.822434,32.125376],[34.822355,32.125435],[34.822277,32.125495],[34.822199,32.125554],[34.822121,32.125613],[34.822042,32.125673],[34.821964,32.125732],[34.821886,32.125791],[34.821829,32.125834],[34.82182,32.125841],[34.821773,32.125877],[34.821744,32.125924],[34.821736,32.125938],[34.82173,32.125948],[34.821689,32.12603],[34.821648,32.126112],[34.821607,32.126194],[34.821566,32.126277],[34.821525,32.126359],[34.821484,32.126441],[34.821443,32.126523],[34.821402,32.126606],[34.82136,32.126688],[34.821319,32.12677],[34.821278,32.126852],[34.821237,32.126935],[34.821196,32.127017],[34.821155,32.127099],[34.821114,32.127181],[34.821073,32.127264],[34.821032,32.127346],[34.820991,32.127428],[34.82095,32.12751],[34.820909,32.127591],[34.820867,32.127672],[34.820826,32.127753],[34.820785,32.127834],[34.820744,32.127914],[34.820703,32.127995],[34.820661,32.128076],[34.82062,32.128157],[34.820579,32.128238],[34.820538,32.128318],[34.820497,32.128399],[34.820455,32.12848],[34.820414,32.128561],[34.820373,32.128642],[34.820332,32.128722],[34.820291,32.128803],[34.820249,32.128884],[34.820208,32.128965],[34.820167,32.129046],[34.820126,32.129127],[34.820085,32.129207],[34.820043,32.129288],[34.820002,32.129369],[34.819961,32.12945],[34.819927,32.129516],[34.81992,32.129531],[34.819891,32.129609],[34.819862,32.129687],[34.819834,32.129765],[34.819805,32.129842],[34.819776,32.12992],[34.819748,32.129998],[34.819719,32.130076],[34.81969,32.130154],[34.819661,32.130232],[34.819633,32.13031],[34.819609,32.130383],[34.819585,32.130456],[34.819561,32.130528],[34.819538,32.130601],[34.819514,32.130673],[34.819609,32.130673],[34.819714,32.130669],[34.819818,32.130665],[34.819923,32.130661],[34.819988,32.130658],[34.820028,32.130657],[34.820132,32.130653],[34.820237,32.130649],[34.820342,32.130645],[34.820446,32.130641],[34.820551,32.130637],[34.820655,32.130633],[34.82076,32.130629],[34.820865,32.130624],[34.820969,32.13062],[34.821074,32.130616],[34.821179,32.130612],[34.821283,32.130608],[34.821388,32.130604],[34.821493,32.1306],[34.821524,32.130599],[34.821597,32.130596],[34.821702,32.130592],[34.821807,32.130588],[34.821911,32.130584],[34.822016,32.13058],[34.822121,32.130576],[34.822225,32.130572],[34.82233,32.130568],[34.822435,32.130563],[34.822539,32.130559],[34.822644,32.130555],[34.822749,32.130551],[34.822853,32.130547],[34.822958,32.130543],[34.823063,32.130539],[34.823167,32.130535],[34.823272,32.130531],[34.823377,32.130527],[34.823481,32.130523],[34.823586,32.130519],[34.823691,32.130515],[34.823795,32.130511],[34.8239,32.130507],[34.824005,32.130502],[34.824109,32.130498],[34.824214,32.130494],[34.824319,32.13049],[34.824423,32.130486],[34.824528,32.130482],[34.824633,32.130478],[34.824737,32.130474],[34.824842,32.13047],[34.824947,32.130466],[34.825051,32.130462],[34.825156,32.130458],[34.825261,32.130454],[34.825365,32.13045],[34.82547,32.130445],[34.825575,32.130441],[34.825679,32.130437],[34.82578,32.130433],[34.825881,32.130429],[34.825981,32.130425],[34.826082,32.130421],[34.826182,32.130417],[34.826283,32.130413],[34.826384,32.130409],[34.826484,32.130405],[34.826585,32.130401],[34.826686,32.130397],[34.826786,32.130393],[34.826887,32.130389],[34.826988,32.130385],[34.827088,32.130381],[34.827189,32.130377],[34.827289,32.130373],[34.82739,32.130369],[34.827491,32.130365],[34.827591,32.130361],[34.82758,32.130335],[34.827559,32.130284],[34.827538,32.130232],[34.827517,32.130182],[34.827509,32.130161],[34.827479,32.130089],[34.827449,32.130018],[34.82742,32.129947],[34.82739,32.129875],[34.827369,32.129831],[34.827339,32.129773],[34.82731,32.129714],[34.82728,32.129655],[34.827235,32.12958],[34.82719,32.129505],[34.827145,32.129431],[34.827099,32.129356],[34.827054,32.129282],[34.82701,32.129208],[34.826966,32.129135],[34.826921,32.129062],[34.826877,32.128988],[34.826833,32.128915],[34.826789,32.128841],[34.826744,32.128768],[34.8267,32.128695],[34.826656,32.128621],[34.826652,32.128614],[34.826782,32.12859],[34.826784,32.128589],[34.826791,32.128588],[34.826824,32.128584],[34.826961,32.128569],[34.826963,32.128569],[34.826965,32.128569],[34.827581,32.128502],[34.827635,32.128496],[34.828135,32.128441]]]},"properties":{"sa":1211,"name":"אזור סטטיסטי 1211"}},{"type":"Feature","geometry":{"type":"Polygon","coordinates":[[[34.831557,32.125059],[34.831431,32.124783],[34.831429,32.124777],[34.831361,32.124487],[34.831374,32.124381],[34.831379,32.124337],[34.831386,32.12405],[34.831388,32.124038],[34.83139,32.124023],[34.831428,32.123765],[34.831434,32.123712],[34.831444,32.123563],[34.831473,32.123147],[34.831476,32.123119],[34.831557,32.122484],[34.831661,32.121421],[34.831672,32.121303],[34.8317,32.121121],[34.831741,32.120976],[34.831888,32.120705],[34.831917,32.120666],[34.831166,32.120652],[34.831158,32.120652],[34.83097,32.120302],[34.830893,32.119867],[34.830871,32.119801],[34.83084,32.119588],[34.830831,32.11945],[34.830821,32.119255],[34.83079,32.118717],[34.830487,32.118729],[34.830354,32.118734],[34.829363,32.118791],[34.829302,32.118797],[34.829278,32.1188],[34.829178,32.118811],[34.828733,32.118835],[34.828494,32.118848],[34.828116,32.118869],[34.827924,32.118865],[34.827034,32.11885],[34.826964,32.118852],[34.826941,32.118852],[34.826805,32.118855],[34.826293,32.118833],[34.825521,32.1188],[34.825409,32.118802],[34.825385,32.118804],[34.825385,32.118921],[34.82535,32.119325],[34.8253,32.120206],[34.825288,32.120429],[34.825256,32.120729],[34.8252,32.121073],[34.825084,32.121517],[34.824929,32.121937],[34.824893,32.122031],[34.824891,32.122038],[34.82486,32.122119],[34.824584,32.122817],[34.82457,32.122839],[34.824552,32.122866],[34.82449,32.122973],[34.824486,32.122984],[34.824362,32.123398],[34.824294,32.123597],[34.824285,32.123622],[34.824284,32.123622],[34.824273,32.123636],[34.824206,32.123735],[34.824167,32.123791],[34.824069,32.12394],[34.824069,32.12394],[34.824562,32.124408],[34.824691,32.124552],[34.824905,32.124761],[34.825482,32.125322],[34.825961,32.125788],[34.826184,32.126009],[34.826944,32.125984],[34.82784,32.125954],[34.828072,32.125954],[34.828113,32.125901],[34.830196,32.12583],[34.830196,32.125732],[34.830196,32.125676],[34.831782,32.125625],[34.831785,32.125609],[34.831786,32.125602],[34.831781,32.125589],[34.831603,32.125166],[34.831599,32.125158],[34.831566,32.12508],[34.831557,32.125059]]]},"properties":{"sa":1212,"name":"אזור סטטיסטי 1212"}},{"type":"Feature","geometry":{"type":"Polygon","coordinates":[[[34.836745,32.126429],[34.836745,32.126429],[34.836848,32.126429],[34.836952,32.126429],[34.837056,32.126429],[34.83716,32.126428],[34.837264,32.126428],[34.837367,32.126428],[34.837471,32.126427],[34.837575,32.126427],[34.837679,32.126427],[34.837782,32.126427],[34.837886,32.126426],[34.83799,32.126426],[34.838094,32.126426],[34.838197,32.126425],[34.838301,32.126425],[34.838405,32.126425],[34.838509,32.126424],[34.838613,32.126424],[34.838716,32.126424],[34.83882,32.126424],[34.838924,32.126423],[34.839028,32.126423],[34.839131,32.126423],[34.839235,32.126422],[34.839339,32.126422],[34.839443,32.126422],[34.839546,32.126421],[34.83965,32.126421],[34.839754,32.126421],[34.839858,32.126421],[34.839962,32.12642],[34.83996,32.126338],[34.839958,32.126256],[34.839956,32.126175],[34.839954,32.126093],[34.839952,32.126011],[34.83995,32.125929],[34.839948,32.125847],[34.839946,32.125765],[34.839944,32.12569],[34.839942,32.125628],[34.839941,32.125616],[34.839939,32.125541],[34.839936,32.125466],[34.839933,32.125391],[34.839931,32.12531],[34.839928,32.125228],[34.839926,32.125187],[34.839925,32.125146],[34.839922,32.125064],[34.839919,32.124983],[34.839917,32.12491],[34.839914,32.124838],[34.839912,32.124766],[34.83991,32.124694],[34.839907,32.124622],[34.839905,32.124549],[34.839902,32.124477],[34.8399,32.124404],[34.839897,32.124332],[34.839914,32.124252],[34.840014,32.124253],[34.840025,32.124253],[34.840115,32.124253],[34.840215,32.124253],[34.840315,32.124254],[34.840416,32.124254],[34.840487,32.124254],[34.840495,32.124211],[34.840589,32.123708],[34.840827,32.12331],[34.840839,32.123266],[34.840947,32.122837],[34.840947,32.122834],[34.840965,32.122371],[34.840891,32.121832],[34.840771,32.121179],[34.840742,32.121183],[34.8407,32.12119],[34.840488,32.121253],[34.840398,32.121297],[34.840212,32.121387],[34.840069,32.121456],[34.839854,32.121581],[34.839818,32.12154],[34.839734,32.121472],[34.839731,32.12147],[34.839538,32.121313],[34.839202,32.121163],[34.839189,32.121159],[34.839006,32.121105],[34.838797,32.121065],[34.838611,32.121049],[34.838508,32.121048],[34.838443,32.121046],[34.838242,32.121065],[34.838074,32.121094],[34.837768,32.121186],[34.837356,32.120561],[34.83736,32.120556],[34.837524,32.120303],[34.837607,32.120159],[34.837655,32.120075],[34.837729,32.119551],[34.837616,32.119345],[34.837614,32.119342],[34.837268,32.119094],[34.837213,32.119074],[34.836365,32.118764],[34.836106,32.118843],[34.835877,32.118886],[34.835838,32.118889],[34.835818,32.11889],[34.835693,32.118898],[34.835501,32.118897],[34.834856,32.11887],[34.834592,32.118858],[34.834465,32.118849],[34.834342,32.118845],[34.834091,32.118834],[34.83269,32.118774],[34.832333,32.118759],[34.832265,32.118756],[34.832146,32.11875],[34.832124,32.118749],[34.831618,32.118724],[34.831072,32.118707],[34.831047,32.118708],[34.83079,32.118717],[34.830821,32.119255],[34.830831,32.11945],[34.83084,32.119588],[34.830871,32.119801],[34.830893,32.119867],[34.83097,32.120302],[34.831158,32.120652],[34.831166,32.120652],[34.831917,32.120666],[34.831888,32.120705],[34.831741,32.120976],[34.8317,32.121121],[34.831672,32.121303],[34.831661,32.121421],[34.831557,32.122484],[34.831476,32.123119],[34.831473,32.123147],[34.831444,32.123563],[34.831434,32.123712],[34.831428,32.123765],[34.83139,32.124023],[34.831388,32.124038],[34.831386,32.12405],[34.831379,32.124337],[34.831374,32.124381],[34.831361,32.124487],[34.831429,32.124777],[34.831431,32.124783],[34.831557,32.125059],[34.83159,32.125054],[34.831811,32.125021],[34.832132,32.125001],[34.83231,32.125006],[34.832337,32.125007],[34.832492,32.125016],[34.832597,32.125036],[34.832698,32.125031],[34.832806,32.125006],[34.83294,32.125009],[34.833217,32.125034],[34.833536,32.12504],[34.833729,32.125054],[34.834125,32.125067],[34.834755,32.125035],[34.834755,32.125029],[34.834767,32.125035],[34.834977,32.125138],[34.835266,32.125257],[34.835812,32.125372],[34.835931,32.125402],[34.835978,32.125418],[34.836118,32.125482],[34.836162,32.125502],[34.836295,32.125584],[34.836419,32.125621],[34.836494,32.125805],[34.836501,32.125828],[34.836738,32.126429],[34.836745,32.126429]]]},"properties":{"sa":1213,"name":"אזור סטטיסטי 1213","winner":"yesh_atid","winnerShare":0.4721,"valid":4063,"turnout":0.7342,"parties":{"other":63004,"labor":303,"habait":27,"hadash":18,"rz":68,"gantz":646,"yb":107,"likud":502,"meretz":384,"yesh_atid":1918,"shas":35,"raam":4,"balad":4,"utj":10},"sh_likud":0.1236,"sh_yesh_atid":0.4721,"sh_shas":0.0086,"sh_utj":0.0025,"sh_rz":0.0167,"sh_labor":0.0746,"sh_gantz":0.159,"sh_yb":0.0263,"sh_meretz":0.0945,"sh_raam":0.001,"sh_hadash":0.0044,"sh_balad":0.001,"sh_habait":0.0066,"sh_other":15.5068}},{"type":"Feature","geometry":{"type":"Polygon","coordinates":[[[34.83079,32.118717],[34.831047,32.118708],[34.831072,32.118707],[34.831618,32.118724],[34.832124,32.118749],[34.832146,32.11875],[34.832265,32.118756],[34.832333,32.118759],[34.83269,32.118774],[34.834091,32.118834],[34.834342,32.118845],[34.834465,32.118849],[34.834464,32.118824],[34.834455,32.11859],[34.834415,32.11848],[34.834316,32.118208],[34.834249,32.118032],[34.834025,32.117449],[34.833963,32.117278],[34.833837,32.116933],[34.833823,32.116892],[34.833817,32.116878],[34.833521,32.116065],[34.833317,32.115682],[34.833247,32.115552],[34.833231,32.115519],[34.833128,32.115293],[34.833088,32.115206],[34.833059,32.115144],[34.832971,32.114893],[34.832206,32.114813],[34.832108,32.114803],[34.830194,32.114528],[34.830184,32.114527],[34.830174,32.114525],[34.829952,32.114493],[34.829405,32.114419],[34.82901,32.114366],[34.82858,32.114297],[34.828293,32.114256],[34.82709,32.114084],[34.826255,32.113972],[34.825406,32.113859],[34.825378,32.113855],[34.825382,32.113889],[34.825404,32.11423],[34.825412,32.114361],[34.825446,32.114908],[34.825466,32.115222],[34.825483,32.115508],[34.825493,32.115806],[34.825494,32.115896],[34.825495,32.115921],[34.825497,32.116023],[34.825482,32.116388],[34.825451,32.11712],[34.825409,32.118118],[34.825405,32.118208],[34.825384,32.118718],[34.825385,32.118804],[34.825409,32.118802],[34.825521,32.1188],[34.826293,32.118833],[34.826805,32.118855],[34.826941,32.118852],[34.826964,32.118852],[34.827034,32.11885],[34.827924,32.118865],[34.828116,32.118869],[34.828494,32.118848],[34.828733,32.118835],[34.829178,32.118811],[34.829278,32.1188],[34.829302,32.118797],[34.829363,32.118791],[34.830354,32.118734],[34.830487,32.118729],[34.83079,32.118717]]]},"properties":{"sa":1221,"name":"אזור סטטיסטי 1221"}},{"type":"Feature","geometry":{"type":"Polygon","coordinates":[[[34.830085,32.106929],[34.829956,32.106947],[34.829705,32.10698],[34.829493,32.107008],[34.829387,32.10702],[34.8292,32.107041],[34.82805,32.107203],[34.82779,32.107216],[34.827581,32.107214],[34.827435,32.1072],[34.827419,32.107198],[34.827372,32.10734],[34.827282,32.10756],[34.827196,32.107794],[34.827077,32.108128],[34.82703,32.10825],[34.826905,32.108573],[34.826658,32.109134],[34.826617,32.109214],[34.826573,32.109303],[34.826261,32.109868],[34.826017,32.110277],[34.825986,32.110337],[34.825905,32.110486],[34.825846,32.110597],[34.825762,32.110754],[34.82564,32.111044],[34.825587,32.111195],[34.825566,32.111255],[34.825528,32.111364],[34.825418,32.111762],[34.825325,32.112233],[34.82532,32.112332],[34.825319,32.112357],[34.825303,32.112604],[34.825295,32.113004],[34.825302,32.113075],[34.825372,32.113748],[34.825378,32.113855],[34.825406,32.113859],[34.826255,32.113972],[34.82709,32.114084],[34.828293,32.114256],[34.82858,32.114297],[34.82901,32.114366],[34.829405,32.114419],[34.829952,32.114493],[34.830174,32.114525],[34.830184,32.114527],[34.830194,32.114528],[34.832108,32.114803],[34.832206,32.114813],[34.832971,32.114893],[34.832962,32.114866],[34.832863,32.114559],[34.832824,32.114387],[34.832737,32.114007],[34.832692,32.113807],[34.832652,32.113585],[34.832539,32.113103],[34.832496,32.112922],[34.832443,32.112698],[34.832352,32.112395],[34.832327,32.112311],[34.832288,32.112179],[34.832187,32.111917],[34.832043,32.111599],[34.831829,32.111204],[34.831714,32.11101],[34.831539,32.110715],[34.831447,32.1106],[34.831299,32.110415],[34.831223,32.110325],[34.83117,32.110263],[34.830969,32.110031],[34.830763,32.109795],[34.830685,32.109714],[34.830677,32.109705],[34.830529,32.109552],[34.830222,32.109328],[34.830101,32.109221],[34.830012,32.109143],[34.829904,32.109063],[34.829936,32.109045],[34.83015,32.108927],[34.830147,32.108919],[34.830113,32.108826],[34.830081,32.108688],[34.830071,32.108508],[34.830093,32.107785],[34.830132,32.107235],[34.830104,32.107007],[34.830085,32.106929]]]},"properties":{"sa":1222,"name":"אזור סטטיסטי 1222","winner":"yesh_atid","winnerShare":0.4693,"valid":4183,"turnout":0.7382,"parties":{"other":63483,"labor":338,"habait":37,"utj":6,"balad":5,"hadash":24,"rz":79,"gantz":610,"yb":120,"likud":507,"meretz":426,"yesh_atid":1963,"shas":27,"raam":9},"sh_likud":0.1212,"sh_yesh_atid":0.4693,"sh_shas":0.0065,"sh_utj":0.0014,"sh_rz":0.0189,"sh_labor":0.0808,"sh_gantz":0.1458,"sh_yb":0.0287,"sh_meretz":0.1018,"sh_raam":0.0022,"sh_hadash":0.0057,"sh_balad":0.0012,"sh_habait":0.0088,"sh_other":15.1764}},{"type":"Feature","geometry":{"type":"Polygon","coordinates":[[[34.836365,32.118764],[34.836414,32.118749],[34.836489,32.118726],[34.836677,32.118642],[34.836889,32.118518],[34.837154,32.118322],[34.83718,32.118298],[34.837455,32.118042],[34.837469,32.118026],[34.837698,32.117772],[34.837759,32.117694],[34.837814,32.117618],[34.837972,32.117376],[34.83812,32.117149],[34.838246,32.116956],[34.838384,32.116712],[34.838406,32.116673],[34.838414,32.116662],[34.838661,32.116293],[34.838671,32.116278],[34.838982,32.11591],[34.839025,32.115863],[34.839047,32.11584],[34.839108,32.115773],[34.839115,32.115767],[34.839279,32.115618],[34.839362,32.11555],[34.839518,32.115421],[34.839547,32.1154],[34.839741,32.115258],[34.839996,32.115073],[34.840239,32.114896],[34.840829,32.114498],[34.840825,32.114492],[34.840814,32.114472],[34.840817,32.11446],[34.840826,32.114423],[34.840835,32.114417],[34.840775,32.114378],[34.84058,32.114186],[34.84037,32.114027],[34.840069,32.11364],[34.840041,32.113598],[34.839989,32.113521],[34.839854,32.113319],[34.839593,32.112896],[34.839293,32.112348],[34.839244,32.112275],[34.83924,32.11227],[34.839224,32.112247],[34.838944,32.111796],[34.838858,32.11166],[34.83853,32.111223],[34.838466,32.111148],[34.838001,32.110606],[34.837911,32.110513],[34.837864,32.110467],[34.837781,32.110385],[34.836759,32.109484],[34.836462,32.10921],[34.836266,32.109044],[34.836221,32.109007],[34.836111,32.108917],[34.83562,32.10848],[34.835057,32.10801],[34.835,32.107962],[34.834935,32.107908],[34.834551,32.107614],[34.834257,32.107413],[34.834213,32.107386],[34.833986,32.107251],[34.833645,32.107078],[34.833611,32.107063],[34.833345,32.106955],[34.833238,32.106924],[34.833182,32.106904],[34.833094,32.106875],[34.832675,32.106777],[34.832417,32.106739],[34.832225,32.10672],[34.832013,32.106704],[34.831831,32.106704],[34.83165,32.106704],[34.831288,32.106731],[34.830739,32.106817],[34.830514,32.106856],[34.830178,32.106917],[34.830113,32.106925],[34.830085,32.106929],[34.830104,32.107007],[34.830132,32.107235],[34.830093,32.107785],[34.830071,32.108508],[34.830081,32.108688],[34.830113,32.108826],[34.830147,32.108919],[34.83015,32.108927],[34.829936,32.109045],[34.829904,32.109063],[34.830012,32.109143],[34.830101,32.109221],[34.830222,32.109328],[34.830529,32.109552],[34.830677,32.109705],[34.830685,32.109714],[34.830763,32.109795],[34.830969,32.110031],[34.83117,32.110263],[34.831223,32.110325],[34.831299,32.110415],[34.831447,32.1106],[34.831539,32.110715],[34.831714,32.11101],[34.831829,32.111204],[34.832043,32.111599],[34.832187,32.111917],[34.832288,32.112179],[34.832327,32.112311],[34.832352,32.112395],[34.832443,32.112698],[34.832496,32.112922],[34.832539,32.113103],[34.832652,32.113585],[34.832692,32.113807],[34.832737,32.114007],[34.832824,32.114387],[34.832863,32.114559],[34.832962,32.114866],[34.832971,32.114893],[34.833059,32.115144],[34.833088,32.115206],[34.833128,32.115293],[34.833231,32.115519],[34.833247,32.115552],[34.833317,32.115682],[34.833521,32.116065],[34.833817,32.116878],[34.833823,32.116892],[34.833837,32.116933],[34.833963,32.117278],[34.834025,32.117449],[34.834249,32.118032],[34.834316,32.118208],[34.834415,32.11848],[34.834455,32.11859],[34.834464,32.118824],[34.834465,32.118849],[34.834592,32.118858],[34.834856,32.11887],[34.835501,32.118897],[34.835693,32.118898],[34.835818,32.11889],[34.835838,32.118889],[34.835877,32.118886],[34.836106,32.118843],[34.836365,32.118764]]]},"properties":{"sa":1223,"name":"אזור סטטיסטי 1223","winner":"yesh_atid","winnerShare":0.3858,"valid":2812,"turnout":0.6906,"parties":{"other":49512,"labor":266,"habait":34,"utj":13,"balad":5,"hadash":13,"rz":104,"gantz":384,"yb":63,"likud":405,"meretz":347,"yesh_atid":1085,"shas":63,"raam":2},"sh_likud":0.144,"sh_yesh_atid":0.3858,"sh_shas":0.0224,"sh_utj":0.0046,"sh_rz":0.037,"sh_labor":0.0946,"sh_gantz":0.1366,"sh_yb":0.0224,"sh_meretz":0.1234,"sh_raam":0.0007,"sh_hadash":0.0046,"sh_balad":0.0018,"sh_habait":0.0121,"sh_other":17.6074}},{"type":"Feature","geometry":{"type":"Polygon","coordinates":[[[34.844282,32.117032],[34.844861,32.115188],[34.844744,32.114835],[34.845064,32.113612],[34.844199,32.113089],[34.843707,32.113187],[34.843674,32.113025],[34.843676,32.112513],[34.843675,32.112415],[34.843675,32.112405],[34.843674,32.112358],[34.846198,32.111845],[34.846441,32.110512],[34.843857,32.1103],[34.844152,32.108559],[34.844103,32.108378],[34.844065,32.108231],[34.844031,32.108243],[34.843949,32.108273],[34.843855,32.1083],[34.84376,32.108327],[34.843714,32.10834],[34.843666,32.108353],[34.843571,32.10838],[34.843486,32.108393],[34.843402,32.108407],[34.843329,32.10841],[34.843257,32.108414],[34.843184,32.108418],[34.843111,32.108414],[34.843038,32.108411],[34.842964,32.108408],[34.842866,32.108396],[34.842767,32.108385],[34.842681,32.108359],[34.842595,32.108334],[34.842504,32.108289],[34.842414,32.108244],[34.842338,32.108185],[34.842263,32.108125],[34.842221,32.108056],[34.842179,32.107986],[34.842138,32.107917],[34.842102,32.107833],[34.842067,32.107749],[34.842031,32.107664],[34.841996,32.10758],[34.84196,32.107496],[34.841925,32.107412],[34.841883,32.107342],[34.841841,32.107272],[34.841803,32.107218],[34.841765,32.107164],[34.841727,32.107111],[34.841668,32.107052],[34.841608,32.106992],[34.841541,32.106944],[34.841474,32.106895],[34.841405,32.106875],[34.841336,32.106854],[34.841233,32.10686],[34.84113,32.106867],[34.841059,32.106875],[34.840988,32.106883],[34.840917,32.106891],[34.840823,32.106907],[34.84073,32.106922],[34.840636,32.106938],[34.840542,32.106953],[34.840449,32.106968],[34.840355,32.106984],[34.840262,32.106999],[34.840166,32.107009],[34.84007,32.107019],[34.83999,32.107018],[34.83991,32.107017],[34.839832,32.106998],[34.839753,32.10698],[34.839674,32.106927],[34.839595,32.106875],[34.839517,32.106822],[34.839446,32.106765],[34.839376,32.106708],[34.839317,32.10666],[34.839257,32.106612],[34.839197,32.106563],[34.839116,32.106514],[34.839034,32.106464],[34.838953,32.106414],[34.838871,32.106364],[34.838789,32.106329],[34.838707,32.106293],[34.838625,32.106257],[34.838543,32.106222],[34.838461,32.106186],[34.838379,32.106151],[34.838294,32.106116],[34.838208,32.106081],[34.838122,32.106047],[34.838036,32.106012],[34.837951,32.105978],[34.837865,32.105943],[34.837779,32.105908],[34.837683,32.105877],[34.837587,32.105845],[34.837491,32.105814],[34.837394,32.105782],[34.837298,32.105751],[34.837202,32.105719],[34.837105,32.105688],[34.837019,32.105647],[34.836932,32.105606],[34.836845,32.105566],[34.836759,32.105525],[34.836709,32.105502],[34.836672,32.105484],[34.836585,32.105443],[34.836499,32.105403],[34.836412,32.105362],[34.836325,32.105321],[34.836238,32.10528],[34.836152,32.10524],[34.836065,32.105199],[34.835976,32.105176],[34.835886,32.105152],[34.835801,32.105153],[34.835715,32.105153],[34.83563,32.105154],[34.835534,32.105162],[34.835439,32.10517],[34.835343,32.105178],[34.835247,32.105186],[34.835152,32.105195],[34.835056,32.105203],[34.834961,32.105211],[34.834902,32.105215],[34.834842,32.105219],[34.834743,32.105225],[34.834643,32.105231],[34.834544,32.105237],[34.834444,32.105244],[34.834345,32.10525],[34.834245,32.105256],[34.834146,32.105262],[34.834046,32.105268],[34.833947,32.105274],[34.833847,32.10528],[34.833748,32.105287],[34.833649,32.105293],[34.833549,32.105299],[34.83345,32.105305],[34.833366,32.105318],[34.833282,32.105332],[34.833198,32.105345],[34.833115,32.105358],[34.833015,32.10538],[34.832915,32.105401],[34.832816,32.105423],[34.832716,32.105444],[34.832616,32.105466],[34.832517,32.105487],[34.832417,32.105512],[34.832318,32.105537],[34.832219,32.105562],[34.83212,32.105586],[34.832021,32.105611],[34.831922,32.105636],[34.831821,32.105648],[34.83172,32.105661],[34.831619,32.105673],[34.831518,32.105686],[34.831418,32.105698],[34.831408,32.1057],[34.831313,32.105711],[34.831219,32.105723],[34.831124,32.105735],[34.831029,32.105747],[34.830934,32.105758],[34.83084,32.10577],[34.830745,32.105782],[34.830672,32.105786],[34.830599,32.105791],[34.830526,32.105795],[34.830424,32.105802],[34.830322,32.105808],[34.83022,32.105814],[34.830131,32.105816],[34.830041,32.105819],[34.829951,32.105821],[34.829862,32.105824],[34.829772,32.105826],[34.829682,32.105828],[34.829587,32.105828],[34.829491,32.105828],[34.829396,32.105827],[34.829301,32.105827],[34.829205,32.105827],[34.82911,32.105827],[34.829015,32.105826],[34.828919,32.105826],[34.828824,32.105826],[34.828729,32.105826],[34.828651,32.105809],[34.828573,32.105793],[34.828494,32.105777],[34.828416,32.105761],[34.828353,32.105745],[34.82829,32.105728],[34.828289,32.105728],[34.828288,32.105728],[34.828201,32.105705],[34.828113,32.105683],[34.828025,32.10566],[34.827957,32.105643],[34.827889,32.105626],[34.827804,32.105604],[34.827801,32.105603],[34.827733,32.105585],[34.827661,32.105566],[34.827654,32.105634],[34.827645,32.105713],[34.827586,32.10638],[34.827569,32.106734],[34.827451,32.107099],[34.827427,32.107173],[34.827419,32.107198],[34.827435,32.1072],[34.827581,32.107214],[34.82779,32.107216],[34.82805,32.107203],[34.8292,32.107041],[34.829387,32.10702],[34.829493,32.107008],[34.829705,32.10698],[34.829956,32.106947],[34.830085,32.106929],[34.830113,32.106925],[34.830178,32.106917],[34.830514,32.106856],[34.830739,32.106817],[34.831288,32.106731],[34.83165,32.106704],[34.831831,32.106704],[34.832013,32.106704],[34.832225,32.10672],[34.832417,32.106739],[34.832675,32.106777],[34.833094,32.106875],[34.833182,32.106904],[34.833238,32.106924],[34.833345,32.106955],[34.833611,32.107063],[34.833645,32.107078],[34.833986,32.107251],[34.834213,32.107386],[34.834257,32.107413],[34.834551,32.107614],[34.834935,32.107908],[34.835,32.107962],[34.835057,32.10801],[34.83562,32.10848],[34.836111,32.108917],[34.836221,32.109007],[34.836266,32.109044],[34.836462,32.10921],[34.836759,32.109484],[34.837781,32.110385],[34.837864,32.110467],[34.837911,32.110513],[34.838001,32.110606],[34.838466,32.111148],[34.83853,32.111223],[34.838858,32.11166],[34.838944,32.111796],[34.839224,32.112247],[34.83924,32.11227],[34.839244,32.112275],[34.839293,32.112348],[34.839593,32.112896],[34.839854,32.113319],[34.839989,32.113521],[34.840041,32.113598],[34.840069,32.11364],[34.84037,32.114027],[34.84058,32.114186],[34.840775,32.114378],[34.840835,32.114417],[34.840826,32.114423],[34.840817,32.11446],[34.840814,32.114472],[34.840825,32.114492],[34.840829,32.114498],[34.840837,32.114512],[34.840887,32.114531],[34.840892,32.114532],[34.840943,32.114518],[34.841182,32.11477],[34.841373,32.114961],[34.841537,32.115126],[34.841818,32.115402],[34.841878,32.115416],[34.841936,32.115468],[34.841944,32.115483],[34.841952,32.1155],[34.842248,32.11574],[34.842307,32.115784],[34.842503,32.115929],[34.842655,32.116047],[34.842979,32.116298],[34.843073,32.116358],[34.843641,32.116719],[34.843839,32.116844],[34.843854,32.116841],[34.844282,32.117032]]]},"properties":{"sa":1224,"name":"אזור סטטיסטי 1224"}},{"type":"Feature","geometry":{"type":"Polygon","coordinates":[[[34.851931,32.119473],[34.851957,32.119464],[34.852038,32.119437],[34.852078,32.119428],[34.85209,32.119427],[34.852135,32.119421],[34.852193,32.119411],[34.85225,32.1194],[34.852258,32.119398],[34.852257,32.119394],[34.852228,32.119313],[34.852198,32.119228],[34.852167,32.119144],[34.852137,32.119059],[34.852106,32.118974],[34.852076,32.118889],[34.852046,32.118804],[34.852021,32.118725],[34.851996,32.118645],[34.851972,32.118565],[34.851947,32.118485],[34.851922,32.118405],[34.851898,32.118325],[34.851874,32.118238],[34.85185,32.118151],[34.851826,32.118063],[34.851802,32.117976],[34.851778,32.117888],[34.851755,32.117801],[34.851731,32.117713],[34.851711,32.117628],[34.851691,32.117542],[34.851671,32.117457],[34.851651,32.117371],[34.85163,32.117286],[34.85161,32.1172],[34.85159,32.117115],[34.85157,32.117029],[34.85155,32.116944],[34.85153,32.116859],[34.85151,32.116773],[34.85149,32.116688],[34.85147,32.116602],[34.85145,32.116517],[34.85143,32.116431],[34.85141,32.116346],[34.85139,32.11626],[34.85137,32.116174],[34.85135,32.116088],[34.85133,32.116002],[34.851309,32.115916],[34.851289,32.11583],[34.851269,32.115745],[34.851249,32.115659],[34.851229,32.115573],[34.851209,32.115487],[34.851189,32.115401],[34.851169,32.115315],[34.851148,32.115229],[34.851128,32.115143],[34.851108,32.115057],[34.851088,32.114971],[34.851068,32.114885],[34.851048,32.114799],[34.851028,32.114713],[34.851007,32.114628],[34.850987,32.114542],[34.850967,32.114456],[34.850947,32.11437],[34.850927,32.114284],[34.850907,32.114198],[34.850887,32.114112],[34.850866,32.114026],[34.850846,32.11394],[34.850826,32.113854],[34.850806,32.113768],[34.850786,32.113682],[34.850785,32.113681],[34.850773,32.113626],[34.850767,32.113599],[34.850721,32.113592],[34.85072,32.113586],[34.850702,32.113509],[34.850684,32.113432],[34.850666,32.113356],[34.850649,32.113279],[34.850631,32.113203],[34.850611,32.113114],[34.850591,32.113026],[34.850571,32.112937],[34.850551,32.112849],[34.850532,32.11276],[34.850512,32.112672],[34.850492,32.112583],[34.850472,32.112495],[34.850452,32.112406],[34.850432,32.112318],[34.850412,32.11223],[34.850392,32.112141],[34.850373,32.112053],[34.850353,32.111964],[34.850333,32.111876],[34.850313,32.111787],[34.850293,32.111699],[34.850273,32.11161],[34.850253,32.111522],[34.850233,32.111433],[34.850213,32.111345],[34.850194,32.111257],[34.850174,32.111168],[34.850154,32.11108],[34.850134,32.110991],[34.850114,32.110903],[34.850094,32.110814],[34.850074,32.110726],[34.850054,32.110637],[34.850035,32.110549],[34.850015,32.110461],[34.849995,32.110372],[34.849975,32.110284],[34.849955,32.110195],[34.849935,32.110107],[34.849915,32.110018],[34.849895,32.10993],[34.849876,32.109841],[34.849856,32.109753],[34.849836,32.109664],[34.849816,32.109576],[34.849796,32.109488],[34.849776,32.109399],[34.849764,32.109344],[34.849756,32.109311],[34.849744,32.109257],[34.849736,32.109222],[34.849716,32.109134],[34.849697,32.109045],[34.849677,32.108957],[34.849657,32.108868],[34.849637,32.10878],[34.849617,32.108692],[34.849597,32.108603],[34.849577,32.108515],[34.849557,32.108426],[34.849538,32.108338],[34.849518,32.108249],[34.849498,32.108161],[34.849478,32.108072],[34.849458,32.107984],[34.849438,32.107895],[34.849418,32.107807],[34.849398,32.107719],[34.849378,32.10763],[34.849359,32.107542],[34.849339,32.107453],[34.849319,32.107365],[34.849299,32.107276],[34.849279,32.107188],[34.849264,32.107108],[34.849248,32.107029],[34.849244,32.10703],[34.849155,32.107051],[34.849062,32.107074],[34.849007,32.107085],[34.848952,32.107097],[34.848883,32.107104],[34.8488,32.107104],[34.848716,32.107104],[34.848632,32.107104],[34.848579,32.107095],[34.848525,32.107087],[34.848507,32.10708],[34.848503,32.107079],[34.848432,32.107055],[34.84836,32.10703],[34.848273,32.106979],[34.848186,32.106929],[34.848099,32.106878],[34.848012,32.106827],[34.847925,32.106776],[34.84783,32.10674],[34.847736,32.106703],[34.847641,32.106667],[34.847548,32.106645],[34.847455,32.106623],[34.847369,32.106612],[34.847283,32.106601],[34.847203,32.1066],[34.847123,32.106599],[34.847043,32.106598],[34.846948,32.106598],[34.846854,32.106597],[34.846759,32.106597],[34.846706,32.106607],[34.846653,32.106617],[34.846604,32.106637],[34.846555,32.106657],[34.846501,32.106693],[34.846495,32.106698],[34.846464,32.106718],[34.846399,32.106789],[34.846335,32.106861],[34.84627,32.106932],[34.846205,32.107003],[34.846131,32.107062],[34.846057,32.10712],[34.845982,32.107179],[34.845908,32.107238],[34.845833,32.107297],[34.845759,32.107356],[34.845685,32.107414],[34.845621,32.107468],[34.845558,32.107521],[34.845494,32.107574],[34.845431,32.107627],[34.845346,32.107668],[34.845261,32.107708],[34.845176,32.107749],[34.845091,32.107789],[34.845007,32.10783],[34.844922,32.10787],[34.844837,32.107911],[34.844752,32.107951],[34.844667,32.107992],[34.844583,32.108032],[34.844508,32.108063],[34.844433,32.108093],[34.844359,32.108124],[34.844277,32.108154],[34.844195,32.108183],[34.844113,32.108213],[34.844065,32.108231],[34.844103,32.108378],[34.844152,32.108559],[34.843857,32.1103],[34.846441,32.110512],[34.846198,32.111845],[34.843674,32.112358],[34.843675,32.112405],[34.843675,32.112415],[34.843676,32.112513],[34.843674,32.113025],[34.843707,32.113187],[34.844199,32.113089],[34.845064,32.113612],[34.844744,32.114835],[34.844861,32.115188],[34.844282,32.117032],[34.843854,32.116841],[34.843839,32.116844],[34.84386,32.116857],[34.84387,32.116909],[34.843921,32.117177],[34.843923,32.117275],[34.84396,32.117365],[34.844034,32.117812],[34.844159,32.118659],[34.844281,32.119687],[34.844287,32.119687],[34.844391,32.119686],[34.844495,32.119686],[34.844599,32.119685],[34.844703,32.119684],[34.844806,32.119684],[34.84491,32.119683],[34.845014,32.119683],[34.845118,32.119682],[34.845222,32.119681],[34.845325,32.119677],[34.845428,32.119673],[34.845531,32.119669],[34.845633,32.119664],[34.845736,32.11966],[34.845839,32.119656],[34.845941,32.119652],[34.846044,32.119648],[34.846147,32.119643],[34.84625,32.119639],[34.846342,32.119615],[34.846434,32.119591],[34.846527,32.119567],[34.846619,32.119543],[34.846711,32.119519],[34.846804,32.119495],[34.846896,32.119471],[34.846884,32.119403],[34.846871,32.119335],[34.846973,32.119317],[34.847075,32.1193],[34.847177,32.119283],[34.847279,32.119265],[34.847381,32.119248],[34.847483,32.119231],[34.847585,32.119213],[34.847687,32.119196],[34.847789,32.119179],[34.847891,32.119161],[34.847993,32.119144],[34.848095,32.119126],[34.848183,32.119114],[34.848272,32.119101],[34.84836,32.119089],[34.848449,32.119076],[34.848537,32.119063],[34.848535,32.118988],[34.848532,32.118913],[34.84853,32.118838],[34.848527,32.118762],[34.848616,32.118744],[34.848705,32.118725],[34.848794,32.118706],[34.848885,32.118688],[34.84895,32.118759],[34.849015,32.11883],[34.84908,32.118901],[34.849145,32.118972],[34.849209,32.119043],[34.849274,32.119114],[34.849339,32.119186],[34.849404,32.119257],[34.849469,32.119328],[34.849534,32.119399],[34.849599,32.11947],[34.849664,32.119541],[34.849729,32.119612],[34.849794,32.119683],[34.849859,32.119754],[34.849924,32.119825],[34.849989,32.119897],[34.850054,32.119968],[34.850119,32.120039],[34.850122,32.120042],[34.850184,32.12011],[34.850249,32.120181],[34.850314,32.120252],[34.850379,32.120323],[34.850368,32.120238],[34.850357,32.120153],[34.850345,32.120067],[34.850334,32.119982],[34.850323,32.119897],[34.850312,32.119811],[34.850379,32.119807],[34.850446,32.119802],[34.850513,32.119801],[34.850555,32.1198],[34.85058,32.119799],[34.850642,32.119799],[34.850679,32.119794],[34.850776,32.119795],[34.850848,32.119795],[34.850872,32.119796],[34.850969,32.119797],[34.85104,32.119755],[34.851082,32.119751],[34.851171,32.119754],[34.851254,32.119781],[34.851268,32.119776],[34.851312,32.119761],[34.85137,32.11974],[34.851455,32.119707],[34.85154,32.119674],[34.851597,32.119631],[34.851655,32.119588],[34.851712,32.119545],[34.851794,32.119518],[34.851875,32.119491],[34.851884,32.119488],[34.851931,32.119473]]]},"properties":{"sa":1225,"name":"אזור סטטיסטי 1225"}},{"type":"Feature","geometry":{"type":"Polygon","coordinates":[[[34.84176,32.123429],[34.841767,32.123341],[34.841934,32.123365],[34.841989,32.12208],[34.841886,32.121593],[34.841886,32.12159],[34.84189,32.121504],[34.841893,32.121504],[34.841896,32.121503],[34.841919,32.121496],[34.842003,32.121479],[34.84202,32.121476],[34.841958,32.121202],[34.841914,32.12101],[34.841926,32.121005],[34.841879,32.120755],[34.84172,32.119898],[34.841716,32.11988],[34.841628,32.119433],[34.841626,32.119418],[34.841625,32.119405],[34.841592,32.119168],[34.841589,32.119144],[34.841587,32.118864],[34.841574,32.118763],[34.841509,32.118631],[34.841505,32.118623],[34.841455,32.118669],[34.841325,32.118754],[34.84117,32.118836],[34.841012,32.1189],[34.840869,32.118935],[34.840681,32.11895],[34.840658,32.118949],[34.840563,32.118943],[34.840463,32.118937],[34.84014,32.118897],[34.839858,32.118848],[34.839658,32.118789],[34.839633,32.118782],[34.839591,32.118769],[34.839486,32.11873],[34.83922,32.118629],[34.839154,32.118604],[34.839095,32.118582],[34.83894,32.118472],[34.838793,32.11834],[34.83865,32.118183],[34.838624,32.118135],[34.838673,32.118071],[34.838524,32.117984],[34.83833,32.11791],[34.838301,32.1179],[34.838252,32.117882],[34.83814,32.117841],[34.838089,32.117823],[34.837836,32.117732],[34.837759,32.117694],[34.837698,32.117772],[34.837469,32.118026],[34.837455,32.118042],[34.83718,32.118298],[34.837154,32.118322],[34.836889,32.118518],[34.836677,32.118642],[34.836489,32.118726],[34.836414,32.118749],[34.836365,32.118764],[34.837213,32.119074],[34.837268,32.119094],[34.837614,32.119342],[34.837616,32.119345],[34.837729,32.119551],[34.837655,32.120075],[34.837607,32.120159],[34.837524,32.120303],[34.83736,32.120556],[34.837356,32.120561],[34.837768,32.121186],[34.838074,32.121094],[34.838242,32.121065],[34.838443,32.121046],[34.838508,32.121048],[34.838611,32.121049],[34.838797,32.121065],[34.839006,32.121105],[34.839189,32.121159],[34.839202,32.121163],[34.839538,32.121313],[34.839731,32.12147],[34.839734,32.121472],[34.839818,32.12154],[34.839854,32.121581],[34.840069,32.121456],[34.840212,32.121387],[34.840398,32.121297],[34.840488,32.121253],[34.8407,32.12119],[34.840742,32.121183],[34.840771,32.121179],[34.840891,32.121832],[34.840965,32.122371],[34.840947,32.122834],[34.840947,32.122837],[34.840839,32.123266],[34.840827,32.12331],[34.840589,32.123708],[34.840495,32.124211],[34.840487,32.124254],[34.840516,32.124254],[34.840617,32.124254],[34.840717,32.124255],[34.840818,32.124255],[34.840918,32.124255],[34.841019,32.124256],[34.841048,32.124175],[34.841076,32.124095],[34.841105,32.124014],[34.841122,32.123967],[34.841134,32.123934],[34.841149,32.123893],[34.841163,32.123854],[34.841191,32.123773],[34.84122,32.123693],[34.841309,32.123663],[34.841363,32.123646],[34.841398,32.123634],[34.841487,32.123605],[34.841576,32.123575],[34.841665,32.123546],[34.841754,32.123516],[34.84176,32.123429]]]},"properties":{"sa":1231,"name":"אזור סטטיסטי 1231","winner":"yesh_atid","winnerShare":0.3538,"valid":2035,"turnout":0.6129,"parties":{"other":35813,"labor":127,"habait":15,"utj":11,"balad":2,"hadash":5,"rz":102,"gantz":237,"yb":108,"likud":467,"meretz":102,"raam":4,"yesh_atid":720,"shas":107},"sh_likud":0.2295,"sh_yesh_atid":0.3538,"sh_shas":0.0526,"sh_utj":0.0054,"sh_rz":0.0501,"sh_labor":0.0624,"sh_gantz":0.1165,"sh_yb":0.0531,"sh_meretz":0.0501,"sh_raam":0.002,"sh_hadash":0.0025,"sh_balad":0.001,"sh_habait":0.0074,"sh_other":17.5985}},{"type":"Feature","geometry":{"type":"Polygon","coordinates":[[[34.844281,32.119687],[34.844159,32.118659],[34.844034,32.117812],[34.84396,32.117365],[34.843923,32.117275],[34.843921,32.117177],[34.84387,32.116909],[34.84386,32.116857],[34.843839,32.116844],[34.843641,32.116719],[34.843073,32.116358],[34.842979,32.116298],[34.842655,32.116047],[34.842503,32.115929],[34.842307,32.115784],[34.842248,32.11574],[34.841952,32.1155],[34.841944,32.115483],[34.841936,32.115468],[34.841878,32.115416],[34.841818,32.115402],[34.841537,32.115126],[34.841373,32.114961],[34.841182,32.11477],[34.840943,32.114518],[34.840892,32.114532],[34.840887,32.114531],[34.840837,32.114512],[34.840829,32.114498],[34.840239,32.114896],[34.839996,32.115073],[34.839741,32.115258],[34.839547,32.1154],[34.839518,32.115421],[34.839362,32.11555],[34.839279,32.115618],[34.839115,32.115767],[34.839108,32.115773],[34.839047,32.11584],[34.839025,32.115863],[34.838982,32.11591],[34.838671,32.116278],[34.838661,32.116293],[34.838414,32.116662],[34.838406,32.116673],[34.838384,32.116712],[34.838246,32.116956],[34.83812,32.117149],[34.837972,32.117376],[34.837814,32.117618],[34.837759,32.117694],[34.837836,32.117732],[34.838089,32.117823],[34.83814,32.117841],[34.838252,32.117882],[34.838301,32.1179],[34.83833,32.11791],[34.838524,32.117984],[34.838673,32.118071],[34.838624,32.118135],[34.83865,32.118183],[34.838793,32.11834],[34.83894,32.118472],[34.839095,32.118582],[34.839154,32.118604],[34.83922,32.118629],[34.839486,32.11873],[34.839591,32.118769],[34.839633,32.118782],[34.839658,32.118789],[34.839858,32.118848],[34.84014,32.118897],[34.840463,32.118937],[34.840563,32.118943],[34.840658,32.118949],[34.840681,32.11895],[34.840869,32.118935],[34.841012,32.1189],[34.84117,32.118836],[34.841325,32.118754],[34.841455,32.118669],[34.841505,32.118623],[34.841509,32.118631],[34.841574,32.118763],[34.841587,32.118864],[34.841589,32.119144],[34.841592,32.119168],[34.841625,32.119405],[34.841626,32.119418],[34.841628,32.119433],[34.841716,32.11988],[34.84172,32.119898],[34.841879,32.120755],[34.841926,32.121005],[34.841914,32.12101],[34.841958,32.121202],[34.84202,32.121476],[34.842087,32.121463],[34.842172,32.121439],[34.842256,32.121416],[34.842332,32.121392],[34.842407,32.121368],[34.842409,32.121368],[34.842485,32.121344],[34.84251,32.121336],[34.842561,32.12132],[34.842632,32.121297],[34.842706,32.121272],[34.842711,32.12127],[34.842791,32.121242],[34.842871,32.121215],[34.842942,32.121194],[34.843012,32.121173],[34.843095,32.121147],[34.843154,32.121128],[34.843178,32.12112],[34.843215,32.121108],[34.843261,32.121094],[34.843343,32.121067],[34.843426,32.121041],[34.843509,32.121013],[34.843556,32.120999],[34.843517,32.12093],[34.843477,32.120862],[34.843458,32.120829],[34.843551,32.120794],[34.84364,32.120758],[34.84373,32.120722],[34.84382,32.120686],[34.84391,32.12065],[34.843992,32.120618],[34.844074,32.120586],[34.84408,32.120583],[34.844155,32.120554],[34.844237,32.120522],[34.844319,32.120489],[34.844401,32.120457],[34.844391,32.120429],[34.844371,32.120369],[34.844351,32.120309],[34.844329,32.120235],[34.844308,32.120162],[34.844286,32.120088],[34.844264,32.120015],[34.844258,32.119994],[34.844259,32.119917],[34.844259,32.119882],[34.84426,32.119841],[34.844261,32.119764],[34.844262,32.119687],[34.844281,32.119687]]]},"properties":{"sa":1232,"name":"אזור סטטיסטי 1232","winner":"utj","winnerShare":0.2412,"valid":2376,"turnout":0.6286,"parties":{"other":41960,"labor":112,"habait":14,"utj":573,"hadash":11,"rz":125,"gantz":191,"yb":101,"likud":415,"meretz":91,"yesh_atid":529,"shas":170,"balad":3,"raam":2},"sh_likud":0.1747,"sh_yesh_atid":0.2226,"sh_shas":0.0715,"sh_utj":0.2412,"sh_rz":0.0526,"sh_labor":0.0471,"sh_gantz":0.0804,"sh_yb":0.0425,"sh_meretz":0.0383,"sh_raam":0.0008,"sh_hadash":0.0046,"sh_balad":0.0013,"sh_habait":0.0059,"sh_other":17.6599}},{"type":"Feature","geometry":{"type":"Polygon","coordinates":[[[34.770808,32.094291],[34.770557,32.093908],[34.770589,32.093892],[34.770623,32.093878],[34.770955,32.093741],[34.771361,32.093693],[34.771423,32.093685],[34.771733,32.093647],[34.771842,32.093668],[34.772004,32.093659],[34.772171,32.093625],[34.77227,32.093594],[34.772361,32.093569],[34.773104,32.09336],[34.773541,32.093257],[34.773535,32.093242],[34.773428,32.092965],[34.773356,32.092778],[34.773288,32.092606],[34.773263,32.092537],[34.7732,32.09237],[34.773094,32.092085],[34.772937,32.091654],[34.772779,32.091226],[34.772329,32.089925],[34.772319,32.089894],[34.772285,32.089837],[34.772248,32.089746],[34.772197,32.089656],[34.771777,32.088907],[34.771558,32.088518],[34.771532,32.088472],[34.771349,32.088201],[34.77108,32.087846],[34.771031,32.087793],[34.77103,32.087792],[34.771017,32.087778],[34.771019,32.087777],[34.771019,32.087777],[34.77105,32.087761],[34.771342,32.087615],[34.771338,32.087608],[34.771256,32.087465],[34.770957,32.087018],[34.770816,32.086809],[34.770627,32.086526],[34.770572,32.086445],[34.770424,32.086225],[34.770394,32.08616],[34.770342,32.08605],[34.77034,32.086047],[34.770295,32.085951],[34.770281,32.085901],[34.770281,32.085899],[34.77024,32.08575],[34.770235,32.085656],[34.770248,32.085598],[34.770257,32.085592],[34.770279,32.085428],[34.770286,32.085371],[34.770286,32.085371],[34.770174,32.085382],[34.77009,32.08533],[34.770026,32.085253],[34.769866,32.084924],[34.769758,32.084737],[34.769497,32.084282],[34.769329,32.083836],[34.769296,32.083753],[34.769226,32.083572],[34.769143,32.083331],[34.768954,32.082952],[34.768855,32.082761],[34.768082,32.082989],[34.767868,32.082892],[34.767825,32.082902],[34.767114,32.08306],[34.767084,32.083067],[34.767054,32.083074],[34.766761,32.083138],[34.76654,32.083552],[34.766595,32.083838],[34.766902,32.08403],[34.76722,32.08416],[34.767433,32.084247],[34.767619,32.084784],[34.767329,32.084868],[34.76701,32.084961],[34.766476,32.085294],[34.766165,32.085769],[34.766155,32.085814],[34.766051,32.08627],[34.766159,32.086986],[34.766435,32.087918],[34.766504,32.087905],[34.766516,32.087903],[34.766828,32.087847],[34.766746,32.087418],[34.766581,32.086773],[34.7665,32.086081],[34.766754,32.085605],[34.767148,32.085368],[34.767465,32.085288],[34.767709,32.085226],[34.767743,32.085368],[34.767731,32.085371],[34.767729,32.085372],[34.767727,32.085373],[34.767726,32.085374],[34.767725,32.085376],[34.767724,32.085378],[34.767724,32.08538],[34.767731,32.085424],[34.767732,32.085426],[34.767734,32.085428],[34.767736,32.08543],[34.767739,32.085431],[34.767741,32.085431],[34.767742,32.085431],[34.767744,32.08543],[34.767758,32.085427],[34.768121,32.086921],[34.768005,32.086946],[34.767224,32.087109],[34.76725,32.087419],[34.768121,32.08729],[34.768821,32.087186],[34.769212,32.087498],[34.76963,32.089403],[34.769368,32.089932],[34.769088,32.090169],[34.769031,32.090217],[34.768106,32.090262],[34.767913,32.089545],[34.767701,32.089532],[34.767521,32.08952],[34.768323,32.091718],[34.768379,32.091694],[34.768387,32.091691],[34.76866,32.091576],[34.768327,32.090835],[34.769225,32.090624],[34.769247,32.090633],[34.769896,32.090912],[34.770566,32.091535],[34.770788,32.091989],[34.770588,32.092728],[34.770119,32.093158],[34.769913,32.093346],[34.76938,32.093392],[34.768991,32.092675],[34.768738,32.092746],[34.769791,32.095278],[34.770016,32.095136],[34.769628,32.094228],[34.770301,32.094206],[34.770808,32.094291]]]},"properties":{"sa":1311,"name":"אזור סטטיסטי 1311"}},{"type":"Feature","geometry":{"type":"Polygon","coordinates":[[[34.770286,32.085371],[34.770288,32.08537],[34.770312,32.085364],[34.770376,32.085348],[34.7711,32.085156],[34.77142,32.085071],[34.771941,32.084933],[34.772303,32.084826],[34.772398,32.084803],[34.772392,32.084789],[34.772364,32.084723],[34.772272,32.084549],[34.77226,32.084525],[34.772165,32.084346],[34.772046,32.084118],[34.771861,32.083768],[34.77184,32.083727],[34.771737,32.083532],[34.771477,32.08304],[34.771423,32.082932],[34.771422,32.08293],[34.771103,32.082294],[34.770782,32.082352],[34.770512,32.0824],[34.770478,32.082406],[34.770355,32.082429],[34.770088,32.082479],[34.770081,32.08248],[34.769258,32.082633],[34.769081,32.082666],[34.768866,32.082706],[34.76883,32.082713],[34.768828,32.082713],[34.768846,32.082744],[34.768855,32.082761],[34.768954,32.082952],[34.769143,32.083331],[34.769226,32.083572],[34.769296,32.083753],[34.769329,32.083836],[34.769497,32.084282],[34.769758,32.084737],[34.769866,32.084924],[34.770026,32.085253],[34.77009,32.08533],[34.770174,32.085382],[34.770286,32.085371]]]},"properties":{"sa":1312,"name":"אזור סטטיסטי 1312"}},{"type":"Feature","geometry":{"type":"Polygon","coordinates":[[[34.774276,32.0843],[34.774272,32.084285],[34.774259,32.084232],[34.774233,32.084116],[34.774207,32.083997],[34.774153,32.083752],[34.774129,32.083646],[34.774054,32.083305],[34.774043,32.083254],[34.774009,32.083101],[34.773996,32.083022],[34.773993,32.083003],[34.77396,32.082803],[34.773941,32.08269],[34.773891,32.082392],[34.773867,32.082246],[34.773811,32.081797],[34.773656,32.081822],[34.773456,32.081861],[34.773103,32.081929],[34.773015,32.081945],[34.772482,32.082043],[34.772329,32.082072],[34.772166,32.082101],[34.772131,32.082108],[34.771816,32.082165],[34.771656,32.082194],[34.771451,32.082231],[34.771139,32.082287],[34.771103,32.082294],[34.771422,32.08293],[34.771423,32.082932],[34.771477,32.08304],[34.771737,32.083532],[34.77184,32.083727],[34.771861,32.083768],[34.772046,32.084118],[34.772165,32.084346],[34.77226,32.084525],[34.772272,32.084549],[34.772364,32.084723],[34.772392,32.084789],[34.772398,32.084803],[34.772565,32.084764],[34.772991,32.084647],[34.773578,32.084485],[34.773589,32.084482],[34.774115,32.084336],[34.774276,32.0843]]]},"properties":{"sa":1313,"name":"אזור סטטיסטי 1313"}},{"type":"Feature","geometry":{"type":"Polygon","coordinates":[[[34.773811,32.081797],[34.773808,32.08178],[34.773794,32.081668],[34.773781,32.081129],[34.773778,32.081023],[34.773777,32.080981],[34.773774,32.080838],[34.773784,32.080714],[34.773793,32.080602],[34.773817,32.080305],[34.773863,32.079735],[34.773759,32.079739],[34.773433,32.079754],[34.773044,32.079771],[34.773014,32.079773],[34.772972,32.079774],[34.772309,32.0798],[34.77228,32.079801],[34.771884,32.079816],[34.771848,32.079817],[34.771183,32.079843],[34.771027,32.079847],[34.770655,32.079857],[34.769776,32.079881],[34.769734,32.079882],[34.770088,32.080398],[34.770232,32.080607],[34.770245,32.080627],[34.770305,32.08074],[34.770473,32.08106],[34.77052,32.08115],[34.770583,32.081279],[34.770687,32.081493],[34.770702,32.081523],[34.770748,32.081619],[34.770908,32.08192],[34.771033,32.082153],[34.771096,32.082278],[34.771103,32.082294],[34.771139,32.082287],[34.771451,32.082231],[34.771656,32.082194],[34.771816,32.082165],[34.772131,32.082108],[34.772166,32.082101],[34.772329,32.082072],[34.772482,32.082043],[34.773015,32.081945],[34.773103,32.081929],[34.773456,32.081861],[34.773656,32.081822],[34.773811,32.081797]]]},"properties":{"sa":1314,"name":"אזור סטטיסטי 1314"}},{"type":"Feature","geometry":{"type":"Polygon","coordinates":[[[34.768855,32.082761],[34.768846,32.082744],[34.768828,32.082713],[34.76883,32.082713],[34.768866,32.082706],[34.769081,32.082666],[34.769258,32.082633],[34.770081,32.08248],[34.770088,32.082479],[34.770355,32.082429],[34.770478,32.082406],[34.770512,32.0824],[34.770782,32.082352],[34.771103,32.082294],[34.771096,32.082278],[34.771033,32.082153],[34.770908,32.08192],[34.770748,32.081619],[34.770702,32.081523],[34.770687,32.081493],[34.770583,32.081279],[34.77052,32.08115],[34.770473,32.08106],[34.770305,32.08074],[34.770245,32.080627],[34.770232,32.080607],[34.770088,32.080398],[34.769734,32.079882],[34.76972,32.079861],[34.769689,32.079816],[34.769396,32.07939],[34.76929,32.079235],[34.769234,32.079148],[34.769114,32.078964],[34.76902,32.07882],[34.769015,32.078811],[34.768935,32.078676],[34.768884,32.078589],[34.76885,32.078517],[34.768783,32.078377],[34.768718,32.078241],[34.76865,32.078098],[34.768595,32.077983],[34.768576,32.077934],[34.768468,32.07767],[34.768438,32.077623],[34.76757,32.078067],[34.767544,32.07808],[34.767542,32.078087],[34.767535,32.078112],[34.767508,32.078203],[34.767453,32.078377],[34.76745,32.078383],[34.767444,32.078385],[34.767436,32.078388],[34.767375,32.078447],[34.767325,32.078535],[34.7673,32.078635],[34.767277,32.07868],[34.767232,32.078714],[34.767219,32.078717],[34.767045,32.078869],[34.766974,32.078929],[34.766957,32.078944],[34.766551,32.079301],[34.7663,32.079517],[34.766272,32.079539],[34.766245,32.079564],[34.766016,32.079771],[34.766303,32.080283],[34.766245,32.080783],[34.76613,32.081475],[34.76652,32.08193],[34.766751,32.082501],[34.766795,32.083076],[34.766761,32.083138],[34.767054,32.083074],[34.767084,32.083067],[34.767114,32.08306],[34.767825,32.082902],[34.767868,32.082892],[34.768082,32.082989],[34.768855,32.082761]]]},"properties":{"sa":1315,"name":"אזור סטטיסטי 1315"}},{"type":"Feature","geometry":{"type":"Polygon","coordinates":[[[34.77228,32.079801],[34.772278,32.07978],[34.772272,32.079695],[34.772247,32.079518],[34.772242,32.079485],[34.772217,32.07937],[34.772199,32.079288],[34.772179,32.079243],[34.772164,32.079199],[34.772095,32.079095],[34.772082,32.079058],[34.772068,32.07902],[34.77205,32.078973],[34.772015,32.078816],[34.772015,32.078723],[34.771873,32.078751],[34.771839,32.078708],[34.771822,32.078687],[34.77163,32.078428],[34.771468,32.078209],[34.771424,32.078151],[34.77132,32.07801],[34.771234,32.077894],[34.771133,32.077758],[34.771039,32.077641],[34.771038,32.077639],[34.770859,32.077416],[34.770833,32.077389],[34.770651,32.077204],[34.770608,32.077171],[34.770569,32.077143],[34.770347,32.076977],[34.770321,32.076958],[34.770066,32.076767],[34.769582,32.077017],[34.76955,32.077033],[34.76922,32.077203],[34.768962,32.077342],[34.768928,32.07736],[34.768897,32.077377],[34.768661,32.077503],[34.768469,32.077607],[34.768438,32.077623],[34.768468,32.07767],[34.768576,32.077934],[34.768595,32.077983],[34.76865,32.078098],[34.768718,32.078241],[34.768783,32.078377],[34.76885,32.078517],[34.768884,32.078589],[34.768935,32.078676],[34.769015,32.078811],[34.76902,32.07882],[34.769114,32.078964],[34.769234,32.079148],[34.76929,32.079235],[34.769396,32.07939],[34.769689,32.079816],[34.76972,32.079861],[34.769734,32.079882],[34.769776,32.079881],[34.770655,32.079857],[34.771027,32.079847],[34.771183,32.079843],[34.771848,32.079817],[34.771884,32.079816],[34.77228,32.079801]]]},"properties":{"sa":1316,"name":"אזור סטטיסטי 1316","winner":"yesh_atid","winnerShare":0.3562,"valid":7167,"turnout":0.4424,"parties":{"other":194983,"labor":817,"habait":68,"hadash":78,"rz":217,"gantz":937,"yb":267,"likud":977,"meretz":986,"raam":15,"yesh_atid":2553,"shas":71,"utj":23,"balad":14},"sh_likud":0.1363,"sh_yesh_atid":0.3562,"sh_shas":0.0099,"sh_utj":0.0032,"sh_rz":0.0303,"sh_labor":0.114,"sh_gantz":0.1307,"sh_yb":0.0373,"sh_meretz":0.1376,"sh_raam":0.0021,"sh_hadash":0.0109,"sh_balad":0.002,"sh_habait":0.0095,"sh_other":27.2057}},{"type":"Feature","geometry":{"type":"Polygon","coordinates":[[[34.773863,32.079735],[34.773865,32.079714],[34.773871,32.079632],[34.773902,32.079416],[34.773952,32.079073],[34.773953,32.079049],[34.773973,32.07896],[34.774006,32.078808],[34.774115,32.078313],[34.77407,32.078152],[34.774035,32.078027],[34.774033,32.078019],[34.774,32.077906],[34.773936,32.077787],[34.773809,32.07765],[34.773789,32.077629],[34.773719,32.077568],[34.773617,32.077478],[34.773615,32.077476],[34.773354,32.077249],[34.77325,32.077158],[34.773118,32.077043],[34.772786,32.076753],[34.77275,32.076721],[34.772577,32.07657],[34.772566,32.076561],[34.772134,32.076184],[34.771782,32.075877],[34.771609,32.075969],[34.77132,32.076123],[34.771302,32.076132],[34.77126,32.076152],[34.771044,32.076263],[34.771004,32.076284],[34.770718,32.076431],[34.770715,32.076433],[34.7701,32.07675],[34.770066,32.076767],[34.770321,32.076958],[34.770347,32.076977],[34.770569,32.077143],[34.770608,32.077171],[34.770651,32.077204],[34.770833,32.077389],[34.770859,32.077416],[34.771038,32.077639],[34.771039,32.077641],[34.771133,32.077758],[34.771234,32.077894],[34.77132,32.07801],[34.771424,32.078151],[34.771468,32.078209],[34.77163,32.078428],[34.771822,32.078687],[34.771839,32.078708],[34.771873,32.078751],[34.772015,32.078723],[34.772015,32.078816],[34.77205,32.078973],[34.772068,32.07902],[34.772082,32.079058],[34.772095,32.079095],[34.772164,32.079199],[34.772179,32.079243],[34.772199,32.079288],[34.772217,32.07937],[34.772242,32.079485],[34.772247,32.079518],[34.772272,32.079695],[34.772278,32.07978],[34.77228,32.079801],[34.772309,32.0798],[34.772972,32.079774],[34.773014,32.079773],[34.773044,32.079771],[34.773433,32.079754],[34.773759,32.079739],[34.773863,32.079735]]]},"properties":{"sa":1317,"name":"אזור סטטיסטי 1317"}},{"type":"Feature","geometry":{"type":"Polygon","coordinates":[[[34.777971,32.082473],[34.777968,32.082466],[34.777938,32.082379],[34.77791,32.082292],[34.777852,32.082115],[34.777747,32.081788],[34.777743,32.081777],[34.777697,32.081635],[34.777642,32.081463],[34.77753,32.081117],[34.777157,32.081185],[34.776885,32.081234],[34.77662,32.081284],[34.776281,32.081348],[34.776249,32.081354],[34.776071,32.081386],[34.775944,32.08141],[34.775925,32.081413],[34.775658,32.081462],[34.775626,32.081468],[34.775282,32.08153],[34.77498,32.081585],[34.774627,32.08165],[34.774488,32.081676],[34.774457,32.081682],[34.774257,32.081719],[34.774218,32.081726],[34.773933,32.081778],[34.77384,32.081793],[34.773811,32.081797],[34.773867,32.082246],[34.773891,32.082392],[34.773941,32.08269],[34.77396,32.082803],[34.773993,32.083003],[34.773996,32.083022],[34.774009,32.083101],[34.774043,32.083254],[34.774054,32.083305],[34.774129,32.083646],[34.774153,32.083752],[34.774207,32.083997],[34.774233,32.084116],[34.774259,32.084232],[34.774272,32.084285],[34.774276,32.0843],[34.774307,32.084292],[34.7744,32.084271],[34.774671,32.084183],[34.774869,32.084104],[34.775218,32.083966],[34.775494,32.083833],[34.775528,32.083817],[34.775781,32.083675],[34.775991,32.083557],[34.776143,32.083472],[34.776193,32.083445],[34.776218,32.083431],[34.776266,32.083405],[34.77678,32.083126],[34.776818,32.083106],[34.777322,32.08282],[34.777894,32.082511],[34.777937,32.08249],[34.777971,32.082473]]]},"properties":{"sa":1321,"name":"אזור סטטיסטי 1321"}},{"type":"Feature","geometry":{"type":"Polygon","coordinates":[[[34.77753,32.081117],[34.777525,32.081101],[34.777506,32.081042],[34.777443,32.080842],[34.777366,32.0806],[34.777302,32.080402],[34.777298,32.08039],[34.777104,32.079799],[34.777044,32.079616],[34.776942,32.079618],[34.776534,32.079634],[34.776362,32.079641],[34.776256,32.079645],[34.775875,32.079659],[34.775802,32.079661],[34.775769,32.079662],[34.775475,32.079675],[34.775137,32.07969],[34.775104,32.079691],[34.775018,32.079695],[34.774756,32.079704],[34.774656,32.079707],[34.774504,32.079713],[34.774214,32.079723],[34.773889,32.079734],[34.773863,32.079735],[34.773817,32.080305],[34.773793,32.080602],[34.773784,32.080714],[34.773774,32.080838],[34.773777,32.080981],[34.773778,32.081023],[34.773781,32.081129],[34.773794,32.081668],[34.773808,32.08178],[34.773811,32.081797],[34.77384,32.081793],[34.773933,32.081778],[34.774218,32.081726],[34.774257,32.081719],[34.774457,32.081682],[34.774488,32.081676],[34.774627,32.08165],[34.77498,32.081585],[34.775282,32.08153],[34.775626,32.081468],[34.775658,32.081462],[34.775925,32.081413],[34.775944,32.08141],[34.776071,32.081386],[34.776249,32.081354],[34.776281,32.081348],[34.77662,32.081284],[34.776885,32.081234],[34.777157,32.081185],[34.77753,32.081117]]]},"properties":{"sa":1322,"name":"אזור סטטיסטי 1322"}},{"type":"Feature","geometry":{"type":"Polygon","coordinates":[[[34.781274,32.081232],[34.781274,32.08121],[34.781262,32.080467],[34.781264,32.080335],[34.781267,32.080151],[34.781276,32.079599],[34.781282,32.0795],[34.781147,32.079508],[34.780147,32.079504],[34.780097,32.079504],[34.780072,32.079505],[34.779871,32.079507],[34.779823,32.079508],[34.779596,32.079511],[34.779347,32.079515],[34.779164,32.079539],[34.779072,32.07955],[34.778731,32.079564],[34.778428,32.079575],[34.778398,32.079576],[34.778303,32.07958],[34.778059,32.079589],[34.777788,32.079599],[34.777651,32.079604],[34.777393,32.079609],[34.777354,32.07961],[34.777079,32.079616],[34.777044,32.079616],[34.777104,32.079799],[34.777298,32.08039],[34.777302,32.080402],[34.777366,32.0806],[34.777443,32.080842],[34.777506,32.081042],[34.777525,32.081101],[34.77753,32.081117],[34.777642,32.081463],[34.777697,32.081635],[34.777743,32.081777],[34.777747,32.081788],[34.777852,32.082115],[34.77791,32.082292],[34.777938,32.082379],[34.777968,32.082466],[34.777971,32.082473],[34.778001,32.082459],[34.778151,32.082386],[34.778228,32.082338],[34.778241,32.08233],[34.778496,32.082171],[34.778704,32.082033],[34.778864,32.081928],[34.778867,32.081926],[34.779072,32.081791],[34.779138,32.081747],[34.779363,32.08161],[34.779367,32.081608],[34.779529,32.081536],[34.779567,32.081525],[34.779698,32.081498],[34.779801,32.081496],[34.779876,32.081494],[34.780005,32.081492],[34.780007,32.08147],[34.780028,32.081298],[34.780028,32.081234],[34.780055,32.081234],[34.781274,32.081232]]]},"properties":{"sa":1323,"name":"אזור סטטיסטי 1323"}},{"type":"Feature","geometry":{"type":"Polygon","coordinates":[[[34.777044,32.079616],[34.777038,32.079595],[34.777016,32.079528],[34.776971,32.07936],[34.776968,32.07935],[34.776967,32.079344],[34.776851,32.078913],[34.776831,32.078836],[34.776691,32.078314],[34.776691,32.078312],[34.776585,32.077898],[34.776584,32.077894],[34.776529,32.077651],[34.776511,32.07757],[34.776513,32.077464],[34.776514,32.077309],[34.776514,32.077305],[34.776528,32.077112],[34.776549,32.077029],[34.776411,32.077047],[34.776221,32.077083],[34.776005,32.077124],[34.775903,32.077143],[34.775204,32.077274],[34.775162,32.077282],[34.775072,32.077201],[34.775032,32.077164],[34.774878,32.077064],[34.774846,32.077044],[34.774491,32.076906],[34.774473,32.076899],[34.774378,32.076863],[34.774198,32.076786],[34.774125,32.076755],[34.773881,32.07663],[34.773843,32.076607],[34.773817,32.076592],[34.773428,32.076362],[34.773356,32.07632],[34.773303,32.076274],[34.773119,32.076117],[34.772977,32.075995],[34.772668,32.075715],[34.772508,32.075571],[34.772458,32.07552],[34.771814,32.07586],[34.771782,32.075877],[34.772134,32.076184],[34.772566,32.076561],[34.772577,32.07657],[34.77275,32.076721],[34.772786,32.076753],[34.773118,32.077043],[34.77325,32.077158],[34.773354,32.077249],[34.773615,32.077476],[34.773617,32.077478],[34.773719,32.077568],[34.773789,32.077629],[34.773809,32.07765],[34.773936,32.077787],[34.774,32.077906],[34.774033,32.078019],[34.774035,32.078027],[34.77407,32.078152],[34.774115,32.078313],[34.774006,32.078808],[34.773973,32.07896],[34.773953,32.079049],[34.773952,32.079073],[34.773902,32.079416],[34.773871,32.079632],[34.773865,32.079714],[34.773863,32.079735],[34.773889,32.079734],[34.774214,32.079723],[34.774504,32.079713],[34.774656,32.079707],[34.774756,32.079704],[34.775018,32.079695],[34.775104,32.079691],[34.775137,32.07969],[34.775475,32.079675],[34.775769,32.079662],[34.775802,32.079661],[34.775875,32.079659],[34.776256,32.079645],[34.776362,32.079641],[34.776534,32.079634],[34.776942,32.079618],[34.777044,32.079616]]]},"properties":{"sa":1331,"name":"אזור סטטיסטי 1331"}},{"type":"Feature","geometry":{"type":"Polygon","coordinates":[[[34.776549,32.077029],[34.776553,32.077011],[34.776591,32.076823],[34.776648,32.076673],[34.776651,32.076666],[34.776662,32.076636],[34.77673,32.076508],[34.776855,32.076268],[34.776816,32.076214],[34.77678,32.076167],[34.776704,32.076064],[34.776671,32.076021],[34.776655,32.075999],[34.776643,32.075983],[34.776503,32.07579],[34.776483,32.075762],[34.776399,32.075647],[34.776359,32.075593],[34.776356,32.075588],[34.776072,32.075124],[34.775993,32.074994],[34.775893,32.074831],[34.775889,32.074824],[34.775829,32.074727],[34.77562,32.074379],[34.775438,32.074079],[34.77539,32.073995],[34.774779,32.074317],[34.774189,32.074627],[34.773637,32.074918],[34.773523,32.074976],[34.773399,32.075037],[34.773125,32.075178],[34.772851,32.075317],[34.772743,32.075372],[34.772574,32.075459],[34.77249,32.075503],[34.772458,32.07552],[34.772508,32.075571],[34.772668,32.075715],[34.772977,32.075995],[34.773119,32.076117],[34.773303,32.076274],[34.773356,32.07632],[34.773428,32.076362],[34.773817,32.076592],[34.773843,32.076607],[34.773881,32.07663],[34.774125,32.076755],[34.774198,32.076786],[34.774378,32.076863],[34.774473,32.076899],[34.774491,32.076906],[34.774846,32.077044],[34.774878,32.077064],[34.775032,32.077164],[34.775072,32.077201],[34.775162,32.077282],[34.775204,32.077274],[34.775903,32.077143],[34.776005,32.077124],[34.776221,32.077083],[34.776411,32.077047],[34.776549,32.077029]]]},"properties":{"sa":1332,"name":"אזור סטטיסטי 1332"}},{"type":"Feature","geometry":{"type":"Polygon","coordinates":[[[34.779164,32.079539],[34.779169,32.07952],[34.779187,32.079441],[34.779189,32.07936],[34.779162,32.079272],[34.779105,32.079198],[34.77881,32.078902],[34.778779,32.078854],[34.778816,32.078847],[34.778837,32.078843],[34.778888,32.078819],[34.778929,32.07877],[34.77895,32.078687],[34.778908,32.078627],[34.778861,32.078578],[34.778802,32.078516],[34.778362,32.078127],[34.778203,32.077957],[34.778131,32.077855],[34.778093,32.077808],[34.777926,32.077599],[34.777921,32.077593],[34.777737,32.077363],[34.777727,32.077351],[34.777585,32.077173],[34.777325,32.076849],[34.777282,32.076794],[34.777169,32.076654],[34.777131,32.076607],[34.777068,32.07653],[34.776892,32.076315],[34.776865,32.076281],[34.776855,32.076268],[34.77673,32.076508],[34.776662,32.076636],[34.776651,32.076666],[34.776648,32.076673],[34.776591,32.076823],[34.776553,32.077011],[34.776549,32.077029],[34.776528,32.077112],[34.776514,32.077305],[34.776514,32.077309],[34.776513,32.077464],[34.776511,32.07757],[34.776529,32.077651],[34.776584,32.077894],[34.776585,32.077898],[34.776691,32.078312],[34.776691,32.078314],[34.776831,32.078836],[34.776851,32.078913],[34.776967,32.079344],[34.776968,32.07935],[34.776971,32.07936],[34.777016,32.079528],[34.777038,32.079595],[34.777044,32.079616],[34.777079,32.079616],[34.777354,32.07961],[34.777393,32.079609],[34.777651,32.079604],[34.777788,32.079599],[34.778059,32.079589],[34.778303,32.07958],[34.778398,32.079576],[34.778428,32.079575],[34.778731,32.079564],[34.779072,32.07955],[34.779164,32.079539]]]},"properties":{"sa":1333,"name":"אזור סטטיסטי 1333"}},{"type":"Feature","geometry":{"type":"Polygon","coordinates":[[[34.781282,32.0795],[34.781284,32.07948],[34.781295,32.079314],[34.781292,32.079029],[34.781285,32.078523],[34.781283,32.07832],[34.78129,32.078156],[34.781294,32.077863],[34.781295,32.077794],[34.781299,32.077513],[34.7813,32.077496],[34.781303,32.077463],[34.781341,32.07725],[34.781382,32.077027],[34.78148,32.076488],[34.78152,32.076273],[34.78153,32.076216],[34.781533,32.076198],[34.781641,32.075606],[34.781648,32.075531],[34.781473,32.07554],[34.781204,32.075577],[34.780866,32.075625],[34.78054,32.07567],[34.78045,32.075682],[34.780105,32.07573],[34.779922,32.075756],[34.779563,32.075805],[34.779527,32.07581],[34.77922,32.075853],[34.779005,32.075882],[34.778765,32.075914],[34.778226,32.075986],[34.77805,32.076009],[34.777712,32.076054],[34.777673,32.076059],[34.777556,32.076078],[34.777493,32.076089],[34.777397,32.076104],[34.777012,32.076204],[34.776888,32.076255],[34.776875,32.07626],[34.776855,32.076268],[34.776865,32.076281],[34.776892,32.076315],[34.777068,32.07653],[34.777131,32.076607],[34.777169,32.076654],[34.777282,32.076794],[34.777325,32.076849],[34.777585,32.077173],[34.777727,32.077351],[34.777737,32.077363],[34.777921,32.077593],[34.777926,32.077599],[34.778093,32.077808],[34.778131,32.077855],[34.778203,32.077957],[34.778362,32.078127],[34.778802,32.078516],[34.778861,32.078578],[34.778908,32.078627],[34.77895,32.078687],[34.778929,32.07877],[34.778888,32.078819],[34.778837,32.078843],[34.778816,32.078847],[34.778779,32.078854],[34.77881,32.078902],[34.779105,32.079198],[34.779162,32.079272],[34.779189,32.07936],[34.779187,32.079441],[34.779169,32.07952],[34.779164,32.079539],[34.779347,32.079515],[34.779596,32.079511],[34.779823,32.079508],[34.779871,32.079507],[34.780072,32.079505],[34.780097,32.079504],[34.780147,32.079504],[34.781147,32.079508],[34.781282,32.0795]]]},"properties":{"sa":1341,"name":"אזור סטטיסטי 1341"}},{"type":"Feature","geometry":{"type":"Polygon","coordinates":[[[34.781648,32.075531],[34.78165,32.075511],[34.781657,32.075439],[34.7817,32.074878],[34.781717,32.074616],[34.781739,32.074281],[34.78178,32.073768],[34.781794,32.073521],[34.781634,32.073645],[34.78149,32.073674],[34.781413,32.073687],[34.781171,32.07373],[34.78116,32.073732],[34.780634,32.073826],[34.780547,32.073842],[34.780529,32.073845],[34.780307,32.073885],[34.779954,32.073948],[34.779925,32.073953],[34.779792,32.073981],[34.779739,32.073988],[34.779132,32.074096],[34.779022,32.074127],[34.778841,32.074208],[34.778705,32.074235],[34.778665,32.074242],[34.778198,32.074332],[34.777721,32.074425],[34.777539,32.07446],[34.776846,32.074593],[34.776714,32.074625],[34.776679,32.074633],[34.776449,32.074687],[34.775953,32.074804],[34.775925,32.074817],[34.775893,32.074831],[34.775993,32.074994],[34.776072,32.075124],[34.776356,32.075588],[34.776359,32.075593],[34.776399,32.075647],[34.776483,32.075762],[34.776503,32.07579],[34.776643,32.075983],[34.776655,32.075999],[34.776671,32.076021],[34.776704,32.076064],[34.77678,32.076167],[34.776816,32.076214],[34.776855,32.076268],[34.776875,32.07626],[34.776888,32.076255],[34.777012,32.076204],[34.777397,32.076104],[34.777493,32.076089],[34.777556,32.076078],[34.777673,32.076059],[34.777712,32.076054],[34.77805,32.076009],[34.778226,32.075986],[34.778765,32.075914],[34.779005,32.075882],[34.77922,32.075853],[34.779527,32.07581],[34.779563,32.075805],[34.779922,32.075756],[34.780105,32.07573],[34.78045,32.075682],[34.78054,32.07567],[34.780866,32.075625],[34.781204,32.075577],[34.781473,32.07554],[34.781648,32.075531]]]},"properties":{"sa":1342,"name":"אזור סטטיסטי 1342","winner":"yesh_atid","winnerShare":0.3767,"valid":4247,"turnout":0.5518,"parties":{"other":94158,"labor":605,"balad":9,"hadash":84,"rz":92,"gantz":492,"yb":144,"likud":365,"meretz":690,"yesh_atid":1600,"shas":33,"habait":24,"utj":20,"raam":11},"sh_likud":0.0859,"sh_yesh_atid":0.3767,"sh_shas":0.0078,"sh_utj":0.0047,"sh_rz":0.0217,"sh_labor":0.1425,"sh_gantz":0.1158,"sh_yb":0.0339,"sh_meretz":0.1625,"sh_raam":0.0026,"sh_hadash":0.0198,"sh_balad":0.0021,"sh_habait":0.0057,"sh_other":22.1705}},{"type":"Feature","geometry":{"type":"Polygon","coordinates":[[[34.781794,32.073521],[34.781799,32.073387],[34.781816,32.072954],[34.781829,32.072571],[34.78184,32.072246],[34.781842,32.072191],[34.781857,32.07174],[34.781873,32.071323],[34.781905,32.071175],[34.781961,32.07108],[34.781693,32.07114],[34.781243,32.071264],[34.780847,32.071373],[34.780815,32.071382],[34.780707,32.071412],[34.78023,32.071554],[34.779901,32.071652],[34.779848,32.071665],[34.779688,32.071705],[34.779467,32.071783],[34.779346,32.071803],[34.779338,32.071804],[34.779313,32.071808],[34.779338,32.071876],[34.779343,32.072056],[34.779315,32.072121],[34.779276,32.072173],[34.779267,32.072185],[34.779215,32.072212],[34.779121,32.072247],[34.778819,32.072329],[34.778541,32.072432],[34.778513,32.072445],[34.778491,32.072383],[34.778468,32.072319],[34.778389,32.072341],[34.777741,32.072668],[34.777721,32.072675],[34.777021,32.073047],[34.776996,32.07306],[34.776762,32.073185],[34.776334,32.073413],[34.776184,32.073492],[34.77589,32.073649],[34.775362,32.073886],[34.775331,32.073901],[34.775387,32.07399],[34.77539,32.073995],[34.775438,32.074079],[34.77562,32.074379],[34.775829,32.074727],[34.775889,32.074824],[34.775893,32.074831],[34.775925,32.074817],[34.775953,32.074804],[34.776449,32.074687],[34.776679,32.074633],[34.776714,32.074625],[34.776846,32.074593],[34.777539,32.07446],[34.777721,32.074425],[34.778198,32.074332],[34.778665,32.074242],[34.778705,32.074235],[34.778841,32.074208],[34.779022,32.074127],[34.779132,32.074096],[34.779739,32.073988],[34.779792,32.073981],[34.779925,32.073953],[34.779954,32.073948],[34.780307,32.073885],[34.780529,32.073845],[34.780547,32.073842],[34.780634,32.073826],[34.78116,32.073732],[34.781171,32.07373],[34.781413,32.073687],[34.78149,32.073674],[34.781634,32.073645],[34.781794,32.073521]]]},"properties":{"sa":1343,"name":"אזור סטטיסטי 1343"}},{"type":"Feature","geometry":{"type":"Polygon","coordinates":[[[34.786576,32.09093],[34.786577,32.090906],[34.786592,32.090696],[34.786582,32.090322],[34.786582,32.090309],[34.786571,32.090223],[34.786561,32.090137],[34.786559,32.090118],[34.786547,32.090018],[34.786537,32.089953],[34.786521,32.089841],[34.786499,32.089687],[34.786463,32.08943],[34.786419,32.089132],[34.786409,32.089065],[34.786385,32.088901],[34.786285,32.088225],[34.786269,32.088118],[34.786267,32.088101],[34.78622,32.087774],[34.786204,32.087659],[34.786181,32.087426],[34.786043,32.087455],[34.785281,32.087592],[34.784642,32.087708],[34.784424,32.087748],[34.784221,32.087786],[34.783918,32.087842],[34.78386,32.087853],[34.78342,32.087934],[34.783414,32.087936],[34.783196,32.087988],[34.783167,32.087995],[34.783054,32.088021],[34.782924,32.088052],[34.782885,32.08806],[34.782464,32.088141],[34.78237,32.088155],[34.782339,32.088159],[34.782367,32.088286],[34.782434,32.088644],[34.782481,32.088898],[34.782514,32.089072],[34.782574,32.089394],[34.782578,32.089415],[34.782588,32.089458],[34.782596,32.089498],[34.782616,32.089589],[34.78265,32.089805],[34.782688,32.090001],[34.782701,32.090068],[34.782761,32.090376],[34.782784,32.090496],[34.782845,32.090811],[34.782849,32.090829],[34.782857,32.090873],[34.782877,32.09097],[34.782908,32.090967],[34.782989,32.09096],[34.783326,32.090922],[34.78353,32.090912],[34.783657,32.090905],[34.78383,32.090897],[34.78429,32.090902],[34.784491,32.090905],[34.785119,32.090912],[34.785145,32.090913],[34.785458,32.090916],[34.785472,32.090916],[34.786135,32.090924],[34.786525,32.090928],[34.786576,32.09093]]]},"properties":{"sa":1411,"name":"אזור סטטיסטי 1411"}},{"type":"Feature","geometry":{"type":"Polygon","coordinates":[[[34.789997,32.087984],[34.789913,32.087998],[34.7899,32.088001],[34.78957,32.08798],[34.789433,32.087953],[34.789319,32.087929],[34.789124,32.087862],[34.789024,32.087812],[34.789015,32.087807],[34.789009,32.087804],[34.788977,32.087788],[34.78871,32.087585],[34.788618,32.087486],[34.788604,32.087469],[34.788492,32.087326],[34.788401,32.087169],[34.788359,32.087027],[34.788298,32.087036],[34.787993,32.087091],[34.787706,32.087142],[34.78759,32.087166],[34.78748,32.087187],[34.786981,32.087279],[34.786953,32.087284],[34.786519,32.087363],[34.786277,32.087408],[34.78621,32.087421],[34.786181,32.087426],[34.786204,32.087659],[34.78622,32.087774],[34.786267,32.088101],[34.786269,32.088118],[34.786285,32.088225],[34.786385,32.088901],[34.786409,32.089065],[34.786419,32.089132],[34.786463,32.08943],[34.786499,32.089687],[34.786521,32.089841],[34.786537,32.089953],[34.786547,32.090018],[34.786559,32.090118],[34.786561,32.090137],[34.786571,32.090223],[34.786582,32.090309],[34.786582,32.090322],[34.786592,32.090696],[34.786577,32.090906],[34.786576,32.09093],[34.786686,32.090932],[34.786971,32.090939],[34.787087,32.09094],[34.787114,32.09094],[34.787183,32.09094],[34.78782,32.090952],[34.787937,32.09095],[34.787964,32.090951],[34.788076,32.090953],[34.788093,32.090954],[34.78858,32.09097],[34.788707,32.090975],[34.789137,32.09099],[34.789289,32.090995],[34.789596,32.091005],[34.789688,32.091008],[34.79005,32.091021],[34.790256,32.091028],[34.790462,32.091035],[34.790588,32.091038],[34.790589,32.091015],[34.790591,32.090909],[34.790585,32.090668],[34.790553,32.090379],[34.790511,32.090204],[34.790506,32.090185],[34.790393,32.089709],[34.790345,32.089508],[34.790332,32.089453],[34.790294,32.089288],[34.79029,32.089272],[34.790246,32.089093],[34.790206,32.088929],[34.790163,32.088738],[34.790141,32.088649],[34.790123,32.08858],[34.790074,32.088333],[34.79006,32.088271],[34.790058,32.088263],[34.790008,32.088037],[34.789997,32.087984]]]},"properties":{"sa":1412,"name":"אזור סטטיסטי 1412","winner":"yesh_atid","winnerShare":0.3883,"valid":1952,"turnout":0.6743,"parties":{"other":35556,"labor":231,"habait":23,"utj":29,"balad":2,"hadash":18,"rz":56,"gantz":234,"yb":64,"likud":176,"meretz":320,"yesh_atid":758,"shas":16,"raam":7},"sh_likud":0.0902,"sh_yesh_atid":0.3883,"sh_shas":0.0082,"sh_utj":0.0149,"sh_rz":0.0287,"sh_labor":0.1183,"sh_gantz":0.1199,"sh_yb":0.0328,"sh_meretz":0.1639,"sh_raam":0.0036,"sh_hadash":0.0092,"sh_balad":0.001,"sh_habait":0.0118,"sh_other":18.2152}},{"type":"Feature","geometry":{"type":"Polygon","coordinates":[[[34.795205,32.085753],[34.795042,32.085785],[34.794706,32.085846],[34.794315,32.085917],[34.793695,32.086029],[34.793433,32.086076],[34.793091,32.08614],[34.792748,32.086204],[34.792717,32.08621],[34.792618,32.086224],[34.79253,32.086242],[34.792179,32.086309],[34.791992,32.086345],[34.791502,32.086439],[34.791247,32.086488],[34.791194,32.0865],[34.791217,32.086628],[34.79122,32.086665],[34.791223,32.086743],[34.79122,32.086821],[34.791211,32.086898],[34.791197,32.086975],[34.791177,32.087051],[34.791152,32.087126],[34.791121,32.087199],[34.791086,32.087271],[34.791045,32.08734],[34.791,32.087407],[34.790911,32.087514],[34.790894,32.087534],[34.790835,32.087592],[34.790772,32.087648],[34.790705,32.0877],[34.790634,32.087748],[34.79056,32.087792],[34.790483,32.087832],[34.790404,32.087868],[34.790322,32.087899],[34.790237,32.087926],[34.790151,32.087949],[34.790137,32.087952],[34.790064,32.087966],[34.789997,32.087984],[34.790008,32.088037],[34.790058,32.088263],[34.79006,32.088271],[34.790074,32.088333],[34.790123,32.08858],[34.790141,32.088649],[34.790163,32.088738],[34.790206,32.088929],[34.790246,32.089093],[34.79029,32.089272],[34.790294,32.089288],[34.790332,32.089453],[34.790345,32.089508],[34.790393,32.089709],[34.790506,32.090185],[34.790511,32.090204],[34.790553,32.090379],[34.790585,32.090668],[34.790591,32.090909],[34.790589,32.091015],[34.790588,32.091038],[34.790614,32.091039],[34.790741,32.091042],[34.79123,32.091077],[34.791258,32.091082],[34.791265,32.091083],[34.791733,32.091128],[34.791792,32.091132],[34.791905,32.091136],[34.791961,32.09114],[34.792036,32.091144],[34.79281,32.091196],[34.793126,32.091217],[34.793222,32.091224],[34.793364,32.091226],[34.793389,32.091226],[34.793505,32.091228],[34.793762,32.091231],[34.793863,32.091232],[34.794071,32.091235],[34.794161,32.091236],[34.794504,32.091241],[34.794714,32.091244],[34.794901,32.091246],[34.795085,32.091258],[34.795252,32.091269],[34.795256,32.091245],[34.795263,32.091196],[34.795304,32.091001],[34.795352,32.090795],[34.795359,32.090767],[34.795383,32.090635],[34.795454,32.090229],[34.795463,32.090182],[34.795464,32.090169],[34.795468,32.090108],[34.795528,32.089589],[34.795535,32.089454],[34.795548,32.089214],[34.795556,32.089067],[34.795564,32.088902],[34.795576,32.088694],[34.795573,32.088626],[34.795568,32.088457],[34.79556,32.088207],[34.795553,32.088006],[34.795537,32.087679],[34.795516,32.087515],[34.795469,32.087145],[34.795462,32.087088],[34.795411,32.086785],[34.795397,32.086702],[34.795347,32.086442],[34.795279,32.08609],[34.795249,32.085933],[34.795205,32.085753],[34.795205,32.085753]]]},"properties":{"sa":1413,"name":"אזור סטטיסטי 1413","winner":"yesh_atid","winnerShare":0.4017,"valid":3216,"turnout":0.6643,"parties":{"other":57798,"labor":292,"habait":53,"utj":28,"balad":3,"hadash":12,"rz":88,"gantz":443,"yb":98,"likud":451,"meretz":383,"raam":6,"yesh_atid":1292,"shas":35},"sh_likud":0.1402,"sh_yesh_atid":0.4017,"sh_shas":0.0109,"sh_utj":0.0087,"sh_rz":0.0274,"sh_labor":0.0908,"sh_gantz":0.1377,"sh_yb":0.0305,"sh_meretz":0.1191,"sh_raam":0.0019,"sh_hadash":0.0037,"sh_balad":0.0009,"sh_habait":0.0165,"sh_other":17.972}},{"type":"Feature","geometry":{"type":"Polygon","coordinates":[[[34.789997,32.087984],[34.790064,32.087966],[34.790137,32.087952],[34.790151,32.087949],[34.790237,32.087926],[34.790322,32.087899],[34.790404,32.087868],[34.790483,32.087832],[34.79056,32.087792],[34.790634,32.087748],[34.790705,32.0877],[34.790772,32.087648],[34.790835,32.087592],[34.790894,32.087534],[34.790911,32.087514],[34.791,32.087407],[34.791045,32.08734],[34.791086,32.087271],[34.791121,32.087199],[34.791152,32.087126],[34.791177,32.087051],[34.791197,32.086975],[34.791211,32.086898],[34.79122,32.086821],[34.791223,32.086743],[34.79122,32.086665],[34.791217,32.086628],[34.791194,32.0865],[34.791184,32.086502],[34.791184,32.086502],[34.791147,32.086364],[34.791143,32.08635],[34.791075,32.086219],[34.790971,32.086075],[34.79096,32.086065],[34.79086,32.085964],[34.790843,32.085946],[34.790721,32.085847],[34.790499,32.0857],[34.790334,32.085628],[34.79016,32.085577],[34.789963,32.085543],[34.789769,32.085531],[34.789504,32.085542],[34.789348,32.085579],[34.789164,32.085643],[34.788979,32.085736],[34.788961,32.085745],[34.788791,32.085855],[34.788786,32.085858],[34.788674,32.085956],[34.788602,32.086039],[34.788505,32.086179],[34.78842,32.086337],[34.788406,32.086383],[34.788372,32.086494],[34.788358,32.086571],[34.788336,32.086698],[34.788331,32.086859],[34.788356,32.087009],[34.788359,32.087027],[34.788401,32.087169],[34.788492,32.087326],[34.788604,32.087469],[34.788618,32.087486],[34.78871,32.087585],[34.788977,32.087788],[34.789009,32.087804],[34.789015,32.087807],[34.789024,32.087812],[34.789124,32.087862],[34.789319,32.087929],[34.789433,32.087953],[34.78957,32.08798],[34.7899,32.088001],[34.789913,32.087998],[34.789997,32.087984]]]},"properties":{"sa":1414,"name":"אזור סטטיסטי 1414"}},{"type":"Feature","geometry":{"type":"Polygon","coordinates":[[[34.791194,32.0865],[34.791247,32.086488],[34.791502,32.086439],[34.791992,32.086345],[34.792179,32.086309],[34.79253,32.086242],[34.792618,32.086224],[34.792717,32.08621],[34.792748,32.086204],[34.793091,32.08614],[34.793433,32.086076],[34.793695,32.086029],[34.794315,32.085917],[34.794706,32.085846],[34.795042,32.085785],[34.795205,32.085753],[34.795201,32.085737],[34.795166,32.085588],[34.795075,32.085119],[34.794917,32.084302],[34.794909,32.084263],[34.794729,32.083319],[34.794684,32.083084],[34.794616,32.082729],[34.794588,32.08263],[34.794587,32.082628],[34.794452,32.082654],[34.794161,32.082702],[34.793957,32.082734],[34.793769,32.082763],[34.793675,32.082781],[34.793574,32.0828],[34.792876,32.082913],[34.79261,32.082956],[34.792506,32.082974],[34.792201,32.083026],[34.792196,32.083027],[34.792126,32.083042],[34.792056,32.083053],[34.79179,32.083101],[34.791759,32.083106],[34.791569,32.083139],[34.791078,32.083225],[34.790803,32.083273],[34.790728,32.083291],[34.790653,32.083308],[34.790264,32.083399],[34.790181,32.083418],[34.790168,32.083421],[34.789878,32.083489],[34.789599,32.083553],[34.789569,32.08356],[34.789262,32.083634],[34.789183,32.083654],[34.789155,32.083661],[34.789168,32.083781],[34.789227,32.084068],[34.789298,32.084413],[34.789299,32.08442],[34.789316,32.084492],[34.789345,32.084585],[34.789464,32.085262],[34.789504,32.085488],[34.789504,32.085526],[34.789504,32.085542],[34.789769,32.085531],[34.789963,32.085543],[34.79016,32.085577],[34.790334,32.085628],[34.790499,32.0857],[34.790721,32.085847],[34.790843,32.085946],[34.79086,32.085964],[34.79096,32.086065],[34.790971,32.086075],[34.791075,32.086219],[34.791143,32.08635],[34.791147,32.086364],[34.791184,32.086502],[34.791184,32.086502],[34.791194,32.0865]]]},"properties":{"sa":1415,"name":"אזור סטטיסטי 1415"}},{"type":"Feature","geometry":{"type":"Polygon","coordinates":[[[34.788359,32.087027],[34.788356,32.087009],[34.788331,32.086859],[34.788336,32.086698],[34.788358,32.086571],[34.788372,32.086494],[34.788406,32.086383],[34.78842,32.086337],[34.788505,32.086179],[34.788602,32.086039],[34.788674,32.085956],[34.788786,32.085858],[34.788791,32.085855],[34.788961,32.085745],[34.788979,32.085736],[34.789164,32.085643],[34.789348,32.085579],[34.789504,32.085542],[34.789504,32.085526],[34.789504,32.085488],[34.789464,32.085262],[34.789345,32.084585],[34.789316,32.084492],[34.789299,32.08442],[34.789298,32.084413],[34.789227,32.084068],[34.789168,32.083781],[34.789155,32.083661],[34.789043,32.083688],[34.788728,32.083763],[34.788255,32.083876],[34.788189,32.083892],[34.788158,32.083899],[34.787398,32.084079],[34.786646,32.084257],[34.786511,32.084289],[34.78603,32.084404],[34.785783,32.084462],[34.785727,32.084475],[34.785697,32.084483],[34.785885,32.085059],[34.786181,32.087426],[34.78621,32.087421],[34.786277,32.087408],[34.786519,32.087363],[34.786953,32.087284],[34.786981,32.087279],[34.78748,32.087187],[34.78759,32.087166],[34.787706,32.087142],[34.787993,32.087091],[34.788298,32.087036],[34.788359,32.087027]]]},"properties":{"sa":1416,"name":"אזור סטטיסטי 1416","winner":"yesh_atid","winnerShare":0.4052,"valid":2288,"turnout":0.6284,"parties":{"other":42985,"labor":265,"habait":23,"balad":3,"hadash":21,"rz":63,"gantz":295,"yb":76,"likud":269,"meretz":285,"yesh_atid":927,"shas":10,"utj":16,"raam":1},"sh_likud":0.1176,"sh_yesh_atid":0.4052,"sh_shas":0.0044,"sh_utj":0.007,"sh_rz":0.0275,"sh_labor":0.1158,"sh_gantz":0.1289,"sh_yb":0.0332,"sh_meretz":0.1246,"sh_raam":0.0004,"sh_hadash":0.0092,"sh_balad":0.0013,"sh_habait":0.0101,"sh_other":18.7872}},{"type":"Feature","geometry":{"type":"Polygon","coordinates":[[[34.786181,32.087426],[34.785885,32.085059],[34.785697,32.084483],[34.785585,32.084509],[34.784752,32.084676],[34.784615,32.084704],[34.783934,32.08484],[34.783298,32.084967],[34.783272,32.084971],[34.783183,32.084988],[34.783175,32.08499],[34.78277,32.085071],[34.78268,32.085089],[34.782084,32.085208],[34.781877,32.085249],[34.781787,32.085271],[34.781757,32.085278],[34.781772,32.085341],[34.781951,32.086239],[34.782041,32.086694],[34.782045,32.086712],[34.782128,32.087119],[34.782182,32.087387],[34.782183,32.087395],[34.782236,32.087655],[34.782322,32.088078],[34.782335,32.088141],[34.782339,32.088159],[34.78237,32.088155],[34.782464,32.088141],[34.782885,32.08806],[34.782924,32.088052],[34.783054,32.088021],[34.783167,32.087995],[34.783196,32.087988],[34.783414,32.087936],[34.78342,32.087934],[34.78386,32.087853],[34.783918,32.087842],[34.784221,32.087786],[34.784424,32.087748],[34.784642,32.087708],[34.785281,32.087592],[34.786043,32.087455],[34.786181,32.087426]]]},"properties":{"sa":1417,"name":"אזור סטטיסטי 1417","winner":"yesh_atid","winnerShare":0.4071,"valid":2847,"turnout":0.6,"parties":{"other":58134,"labor":403,"habait":28,"utj":9,"hadash":30,"rz":62,"gantz":321,"yb":105,"likud":215,"meretz":449,"yesh_atid":1159,"shas":9,"raam":6,"balad":3},"sh_likud":0.0755,"sh_yesh_atid":0.4071,"sh_shas":0.0032,"sh_utj":0.0032,"sh_rz":0.0218,"sh_labor":0.1416,"sh_gantz":0.1128,"sh_yb":0.0369,"sh_meretz":0.1577,"sh_raam":0.0021,"sh_hadash":0.0105,"sh_balad":0.0011,"sh_habait":0.0098,"sh_other":20.4194}},{"type":"Feature","geometry":{"type":"Polygon","coordinates":[[[34.785697,32.084483],[34.785692,32.084468],[34.78566,32.084354],[34.785596,32.084198],[34.785589,32.084181],[34.785565,32.084145],[34.785497,32.084042],[34.785432,32.083945],[34.785309,32.083822],[34.78534,32.083803],[34.785471,32.083725],[34.785605,32.083652],[34.785663,32.083621],[34.785669,32.083619],[34.785886,32.083534],[34.785881,32.083524],[34.785841,32.083441],[34.785813,32.0834],[34.785707,32.083243],[34.785545,32.083082],[34.785524,32.083069],[34.785296,32.082887],[34.785177,32.082792],[34.785145,32.082766],[34.784827,32.082512],[34.784656,32.082375],[34.784462,32.082221],[34.784046,32.081889],[34.783811,32.081701],[34.78352,32.081469],[34.783482,32.081439],[34.783242,32.08125],[34.783103,32.081133],[34.783091,32.081123],[34.782967,32.081018],[34.782837,32.080893],[34.782669,32.080911],[34.782409,32.080919],[34.782127,32.080928],[34.782098,32.080929],[34.782072,32.080635],[34.78207,32.080611],[34.782041,32.08029],[34.782019,32.080292],[34.781973,32.080296],[34.781291,32.080334],[34.781264,32.080335],[34.781262,32.080467],[34.781274,32.08121],[34.781274,32.081232],[34.781275,32.081276],[34.781277,32.081404],[34.781293,32.081527],[34.781307,32.081632],[34.781304,32.082188],[34.781304,32.082471],[34.781309,32.082606],[34.781327,32.083094],[34.78134,32.083197],[34.781348,32.083261],[34.781349,32.083267],[34.781407,32.083558],[34.781467,32.083853],[34.781487,32.083951],[34.781586,32.084445],[34.781622,32.084624],[34.781663,32.084827],[34.78174,32.08521],[34.781753,32.085264],[34.781757,32.085278],[34.781787,32.085271],[34.781877,32.085249],[34.782084,32.085208],[34.78268,32.085089],[34.78277,32.085071],[34.783175,32.08499],[34.783183,32.084988],[34.783272,32.084971],[34.783298,32.084967],[34.783934,32.08484],[34.784615,32.084704],[34.784752,32.084676],[34.785585,32.084509],[34.785697,32.084483]]]},"properties":{"sa":1421,"name":"אזור סטטיסטי 1421","winner":"yesh_atid","winnerShare":0.3769,"valid":2454,"turnout":0.5927,"parties":{"other":42880,"labor":358,"habait":24,"hadash":33,"rz":53,"gantz":338,"yb":91,"likud":222,"meretz":339,"raam":5,"yesh_atid":925,"shas":11,"utj":10,"balad":2},"sh_likud":0.0905,"sh_yesh_atid":0.3769,"sh_shas":0.0045,"sh_utj":0.0041,"sh_rz":0.0216,"sh_labor":0.1459,"sh_gantz":0.1377,"sh_yb":0.0371,"sh_meretz":0.1381,"sh_raam":0.002,"sh_hadash":0.0134,"sh_balad":0.0008,"sh_habait":0.0098,"sh_other":17.4735}},{"type":"Feature","geometry":{"type":"Polygon","coordinates":[[[34.789155,32.083661],[34.789153,32.083646],[34.789142,32.083551],[34.789092,32.083174],[34.789053,32.082885],[34.789045,32.082804],[34.789043,32.082788],[34.789041,32.08277],[34.789027,32.082658],[34.789016,32.082575],[34.788969,32.082217],[34.788967,32.082199],[34.788965,32.08219],[34.788954,32.082101],[34.788945,32.082036],[34.78892,32.081845],[34.788828,32.08114],[34.788767,32.080672],[34.788759,32.080611],[34.788738,32.080527],[34.788711,32.080415],[34.788708,32.080398],[34.788619,32.079842],[34.78861,32.079757],[34.788093,32.079806],[34.787735,32.079839],[34.787407,32.07987],[34.787284,32.079882],[34.787243,32.079885],[34.786992,32.079907],[34.786963,32.07991],[34.786947,32.079911],[34.78679,32.079923],[34.786787,32.079924],[34.78631,32.079959],[34.786116,32.079975],[34.785945,32.079989],[34.785645,32.080013],[34.78542,32.080031],[34.785207,32.080045],[34.7852,32.080045],[34.785171,32.080047],[34.784948,32.080058],[34.784762,32.080073],[34.78447,32.080098],[34.783811,32.080153],[34.783784,32.080156],[34.783608,32.08017],[34.783381,32.080181],[34.783208,32.080196],[34.78299,32.080213],[34.782955,32.080216],[34.78207,32.080288],[34.782041,32.08029],[34.78207,32.080611],[34.782072,32.080635],[34.782098,32.080929],[34.782127,32.080928],[34.782409,32.080919],[34.782669,32.080911],[34.782837,32.080893],[34.782967,32.081018],[34.783091,32.081123],[34.783103,32.081133],[34.783242,32.08125],[34.783482,32.081439],[34.78352,32.081469],[34.783811,32.081701],[34.784046,32.081889],[34.784462,32.082221],[34.784656,32.082375],[34.784827,32.082512],[34.785145,32.082766],[34.785177,32.082792],[34.785296,32.082887],[34.785524,32.083069],[34.785545,32.083082],[34.785707,32.083243],[34.785813,32.0834],[34.785841,32.083441],[34.785881,32.083524],[34.785886,32.083534],[34.785669,32.083619],[34.785663,32.083621],[34.785605,32.083652],[34.785471,32.083725],[34.78534,32.083803],[34.785309,32.083822],[34.785432,32.083945],[34.785497,32.084042],[34.785565,32.084145],[34.785589,32.084181],[34.785596,32.084198],[34.78566,32.084354],[34.785692,32.084468],[34.785697,32.084483],[34.785727,32.084475],[34.785783,32.084462],[34.78603,32.084404],[34.786511,32.084289],[34.786646,32.084257],[34.787398,32.084079],[34.788158,32.083899],[34.788189,32.083892],[34.788255,32.083876],[34.788728,32.083763],[34.789043,32.083688],[34.789155,32.083661]]]},"properties":{"sa":1422,"name":"אזור סטטיסטי 1422","winner":"yesh_atid","winnerShare":0.4044,"valid":2829,"turnout":0.6662,"parties":{"other":50783,"labor":352,"habait":23,"balad":6,"hadash":29,"rz":66,"gantz":319,"yb":99,"likud":222,"meretz":484,"yesh_atid":1144,"shas":18,"utj":24,"raam":10},"sh_likud":0.0785,"sh_yesh_atid":0.4044,"sh_shas":0.0064,"sh_utj":0.0085,"sh_rz":0.0233,"sh_labor":0.1244,"sh_gantz":0.1128,"sh_yb":0.035,"sh_meretz":0.1711,"sh_raam":0.0035,"sh_hadash":0.0103,"sh_balad":0.0021,"sh_habait":0.0081,"sh_other":17.9509}},{"type":"Feature","geometry":{"type":"Polygon","coordinates":[[[34.782041,32.08029],[34.78207,32.080288],[34.782955,32.080216],[34.78299,32.080213],[34.783208,32.080196],[34.783381,32.080181],[34.783608,32.08017],[34.783784,32.080156],[34.783811,32.080153],[34.78447,32.080098],[34.784762,32.080073],[34.784948,32.080058],[34.785171,32.080047],[34.7852,32.080045],[34.785207,32.080045],[34.78542,32.080031],[34.785645,32.080013],[34.785945,32.079989],[34.786116,32.079975],[34.78631,32.079959],[34.786787,32.079924],[34.786788,32.079904],[34.7867,32.079126],[34.786695,32.079086],[34.786691,32.079054],[34.786691,32.079053],[34.786676,32.078892],[34.786675,32.078887],[34.786666,32.078752],[34.786666,32.078752],[34.78666,32.07859],[34.786682,32.078444],[34.786711,32.078313],[34.786771,32.078149],[34.786767,32.078147],[34.786597,32.078086],[34.786433,32.078027],[34.786226,32.077953],[34.786179,32.077936],[34.786108,32.077911],[34.785936,32.07785],[34.785773,32.077798],[34.78565,32.077759],[34.785627,32.077751],[34.785512,32.077714],[34.785227,32.077624],[34.785006,32.077559],[34.784789,32.077495],[34.784567,32.077392],[34.784386,32.077333],[34.784292,32.077284],[34.784216,32.077221],[34.784179,32.077155],[34.78417,32.077139],[34.784159,32.077084],[34.784151,32.077046],[34.784165,32.07698],[34.784222,32.076697],[34.784343,32.076103],[34.784362,32.076011],[34.784385,32.075771],[34.784392,32.075649],[34.784294,32.075642],[34.783538,32.075599],[34.783439,32.075599],[34.783366,32.075599],[34.783126,32.075587],[34.782876,32.075574],[34.782476,32.075553],[34.782048,32.07553],[34.781775,32.075526],[34.781673,32.07553],[34.781648,32.075531],[34.781641,32.075606],[34.781533,32.076198],[34.78153,32.076216],[34.78152,32.076273],[34.78148,32.076488],[34.781382,32.077027],[34.781341,32.07725],[34.781303,32.077463],[34.7813,32.077496],[34.781299,32.077513],[34.781295,32.077794],[34.781294,32.077863],[34.78129,32.078156],[34.781283,32.07832],[34.781285,32.078523],[34.781292,32.079029],[34.781295,32.079314],[34.781284,32.07948],[34.781282,32.0795],[34.781276,32.079599],[34.781267,32.080151],[34.781264,32.080335],[34.781291,32.080334],[34.781973,32.080296],[34.782019,32.080292],[34.782041,32.08029]]]},"properties":{"sa":1423,"name":"אזור סטטיסטי 1423","winner":"yesh_atid","winnerShare":0.3608,"valid":3614,"turnout":0.6147,"parties":{"other":72663,"labor":523,"habait":25,"utj":10,"balad":8,"hadash":73,"rz":94,"gantz":385,"yb":118,"likud":322,"meretz":677,"yesh_atid":1304,"shas":17,"raam":10},"sh_likud":0.0891,"sh_yesh_atid":0.3608,"sh_shas":0.0047,"sh_utj":0.0028,"sh_rz":0.026,"sh_labor":0.1447,"sh_gantz":0.1065,"sh_yb":0.0327,"sh_meretz":0.1873,"sh_raam":0.0028,"sh_hadash":0.0202,"sh_balad":0.0022,"sh_habait":0.0069,"sh_other":20.106}},{"type":"Feature","geometry":{"type":"Polygon","coordinates":[[[34.78861,32.079757],[34.788607,32.079738],[34.788599,32.079673],[34.788466,32.078694],[34.788435,32.078463],[34.788464,32.078462],[34.788467,32.078462],[34.790039,32.078411],[34.790308,32.078406],[34.790603,32.078428],[34.791125,32.078525],[34.791202,32.078532],[34.791208,32.078508],[34.791278,32.07826],[34.791292,32.078233],[34.791482,32.077852],[34.790421,32.077497],[34.790185,32.077418],[34.789631,32.077233],[34.788966,32.077011],[34.788854,32.076969],[34.788836,32.076963],[34.788749,32.07693],[34.787882,32.07664],[34.78771,32.076582],[34.787386,32.076474],[34.787138,32.076391],[34.787,32.076345],[34.786754,32.076263],[34.786069,32.076027],[34.78599,32.076],[34.785493,32.075853],[34.785142,32.075768],[34.784468,32.075655],[34.784392,32.075649],[34.784385,32.075771],[34.784362,32.076011],[34.784343,32.076103],[34.784222,32.076697],[34.784165,32.07698],[34.784151,32.077046],[34.784159,32.077084],[34.78417,32.077139],[34.784179,32.077155],[34.784216,32.077221],[34.784292,32.077284],[34.784386,32.077333],[34.784567,32.077392],[34.784789,32.077495],[34.785006,32.077559],[34.785227,32.077624],[34.785512,32.077714],[34.785627,32.077751],[34.78565,32.077759],[34.785773,32.077798],[34.785936,32.07785],[34.786108,32.077911],[34.786179,32.077936],[34.786226,32.077953],[34.786433,32.078027],[34.786597,32.078086],[34.786767,32.078147],[34.786771,32.078149],[34.786711,32.078313],[34.786682,32.078444],[34.78666,32.07859],[34.786666,32.078752],[34.786666,32.078752],[34.786675,32.078887],[34.786676,32.078892],[34.786691,32.079053],[34.786691,32.079054],[34.786695,32.079086],[34.7867,32.079126],[34.786788,32.079904],[34.786787,32.079924],[34.78679,32.079923],[34.786947,32.079911],[34.786963,32.07991],[34.786992,32.079907],[34.787243,32.079885],[34.787284,32.079882],[34.787407,32.07987],[34.787735,32.079839],[34.788093,32.079806],[34.78861,32.079757]]]},"properties":{"sa":1424,"name":"אזור סטטיסטי 1424"}},{"type":"Feature","geometry":{"type":"Polygon","coordinates":[[[34.791202,32.078532],[34.791125,32.078525],[34.790603,32.078428],[34.790308,32.078406],[34.790039,32.078411],[34.788467,32.078462],[34.788464,32.078462],[34.788435,32.078463],[34.788466,32.078694],[34.788599,32.079673],[34.788607,32.079738],[34.78861,32.079757],[34.788619,32.079842],[34.788708,32.080398],[34.788711,32.080415],[34.788738,32.080527],[34.788759,32.080611],[34.788767,32.080672],[34.788828,32.08114],[34.78892,32.081845],[34.788945,32.082036],[34.788954,32.082101],[34.788965,32.08219],[34.788967,32.082199],[34.788969,32.082217],[34.791838,32.081609],[34.791835,32.081593],[34.791763,32.081215],[34.791724,32.081013],[34.791722,32.081003],[34.791691,32.080846],[34.791674,32.080764],[34.791574,32.080289],[34.791524,32.080055],[34.791393,32.079435],[34.791392,32.079433],[34.791386,32.079402],[34.791351,32.079237],[34.791284,32.07892],[34.791272,32.078856],[34.791202,32.078532]]]},"properties":{"sa":1425,"name":"אזור סטטיסטי 1425"}},{"type":"Feature","geometry":{"type":"Polygon","coordinates":[[[34.794587,32.082628],[34.794582,32.082612],[34.794554,32.082514],[34.794461,32.082055],[34.794426,32.081922],[34.794297,32.081307],[34.79418,32.080745],[34.794175,32.080725],[34.794134,32.08054],[34.794076,32.080314],[34.794006,32.080089],[34.794003,32.080082],[34.794,32.080071],[34.793898,32.079837],[34.793856,32.079762],[34.79385,32.079752],[34.793764,32.079588],[34.793589,32.079318],[34.793459,32.079143],[34.793406,32.079072],[34.793265,32.078844],[34.793221,32.078742],[34.793146,32.078547],[34.793056,32.078548],[34.792996,32.078548],[34.792802,32.078475],[34.792597,32.07838],[34.792547,32.078357],[34.792489,32.078323],[34.792363,32.07825],[34.791996,32.07804],[34.791736,32.077936],[34.791482,32.077852],[34.791292,32.078233],[34.791278,32.07826],[34.791208,32.078508],[34.791202,32.078532],[34.791272,32.078856],[34.791284,32.07892],[34.791351,32.079237],[34.791386,32.079402],[34.791392,32.079433],[34.791393,32.079435],[34.791524,32.080055],[34.791574,32.080289],[34.791674,32.080764],[34.791691,32.080846],[34.791722,32.081003],[34.791724,32.081013],[34.791763,32.081215],[34.791835,32.081593],[34.791838,32.081609],[34.788969,32.082217],[34.789016,32.082575],[34.789027,32.082658],[34.789041,32.08277],[34.789043,32.082788],[34.789045,32.082804],[34.789053,32.082885],[34.789092,32.083174],[34.789142,32.083551],[34.789153,32.083646],[34.789155,32.083661],[34.789183,32.083654],[34.789262,32.083634],[34.789569,32.08356],[34.789599,32.083553],[34.789878,32.083489],[34.790168,32.083421],[34.790181,32.083418],[34.790264,32.083399],[34.790653,32.083308],[34.790728,32.083291],[34.790803,32.083273],[34.791078,32.083225],[34.791569,32.083139],[34.791759,32.083106],[34.79179,32.083101],[34.792056,32.083053],[34.792126,32.083042],[34.792196,32.083027],[34.792201,32.083026],[34.792506,32.082974],[34.79261,32.082956],[34.792876,32.082913],[34.793574,32.0828],[34.793675,32.082781],[34.793769,32.082763],[34.793957,32.082734],[34.794161,32.082702],[34.794452,32.082654],[34.794587,32.082628]]]},"properties":{"sa":1426,"name":"אזור סטטיסטי 1426","winner":"yesh_atid","winnerShare":0.415,"valid":1682,"turnout":0.5838,"parties":{"other":35929,"labor":230,"habait":9,"utj":2,"hadash":19,"rz":49,"gantz":205,"yb":52,"likud":130,"meretz":255,"yesh_atid":698,"shas":6,"balad":6,"raam":2},"sh_likud":0.0773,"sh_yesh_atid":0.415,"sh_shas":0.0036,"sh_utj":0.0012,"sh_rz":0.0291,"sh_labor":0.1367,"sh_gantz":0.1219,"sh_yb":0.0309,"sh_meretz":0.1516,"sh_raam":0.0012,"sh_hadash":0.0113,"sh_balad":0.0036,"sh_habait":0.0054,"sh_other":21.3609}},{"type":"Feature","geometry":{"type":"Polygon","coordinates":[[[34.799359,32.084966],[34.79934,32.084923],[34.799311,32.084859],[34.799286,32.08479],[34.799261,32.084721],[34.799236,32.084652],[34.79921,32.084583],[34.799186,32.084516],[34.799161,32.084449],[34.799136,32.084382],[34.79914,32.084375],[34.799167,32.084337],[34.799191,32.084304],[34.79922,32.084263],[34.79925,32.084221],[34.799301,32.084151],[34.799353,32.084081],[34.799405,32.084011],[34.799406,32.08401],[34.799446,32.083982],[34.799493,32.083949],[34.799539,32.083916],[34.799527,32.083901],[34.799522,32.083895],[34.799504,32.083851],[34.799504,32.083849],[34.799499,32.08384],[34.799488,32.083814],[34.799477,32.083786],[34.79946,32.083739],[34.799453,32.083715],[34.799444,32.083682],[34.799431,32.083614],[34.799425,32.083581],[34.799418,32.083535],[34.799417,32.083493],[34.799417,32.083475],[34.799418,32.083418],[34.799423,32.083354],[34.799429,32.083295],[34.79943,32.083285],[34.799441,32.083202],[34.799451,32.083151],[34.799461,32.083101],[34.799464,32.083093],[34.799481,32.083028],[34.799496,32.082981],[34.799511,32.082934],[34.799538,32.082865],[34.799546,32.082844],[34.799561,32.082809],[34.799585,32.082753],[34.799613,32.082699],[34.799641,32.082644],[34.799683,32.082569],[34.799689,32.082558],[34.799726,32.082493],[34.799753,32.082445],[34.799763,32.082428],[34.799781,32.082397],[34.799806,32.082351],[34.79982,32.082327],[34.799832,32.082306],[34.799856,32.082261],[34.79988,32.082216],[34.799897,32.082173],[34.799913,32.08213],[34.799935,32.082086],[34.799956,32.082042],[34.799989,32.081963],[34.800014,32.081897],[34.800034,32.081832],[34.800049,32.081759],[34.800058,32.081695],[34.800062,32.08164],[34.80006,32.081558],[34.800063,32.081496],[34.800063,32.081491],[34.800064,32.081476],[34.800064,32.081476],[34.800064,32.081476],[34.800043,32.081459],[34.800043,32.0814],[34.800043,32.081342],[34.799986,32.081341],[34.799928,32.08134],[34.799916,32.081305],[34.7999,32.081285],[34.799876,32.081267],[34.799843,32.081253],[34.799829,32.081206],[34.799815,32.08116],[34.799722,32.081158],[34.79963,32.081156],[34.799537,32.081154],[34.799445,32.081153],[34.799384,32.081151],[34.799375,32.08115],[34.799332,32.081149],[34.79927,32.081141],[34.799208,32.081132],[34.79913,32.081118],[34.799052,32.081103],[34.798999,32.081089],[34.798946,32.081076],[34.798881,32.081054],[34.798815,32.081032],[34.798732,32.080993],[34.798648,32.080954],[34.798607,32.080924],[34.798566,32.080894],[34.798514,32.080848],[34.798506,32.08084],[34.798499,32.080832],[34.798407,32.080821],[34.798315,32.080809],[34.798223,32.080797],[34.798131,32.080785],[34.798094,32.080702],[34.798058,32.080618],[34.798021,32.080534],[34.797984,32.080451],[34.797947,32.080367],[34.79791,32.080283],[34.797873,32.0802],[34.797594,32.0804],[34.797588,32.080404],[34.797497,32.080472],[34.79746,32.080502],[34.797396,32.080554],[34.79729,32.08064],[34.797173,32.080735],[34.797144,32.080759],[34.797121,32.080778],[34.797016,32.080898],[34.796994,32.080922],[34.79696,32.080901],[34.796843,32.08083],[34.795745,32.080191],[34.795659,32.080141],[34.795544,32.080077],[34.795073,32.07977],[34.794903,32.079651],[34.794472,32.079348],[34.793926,32.078941],[34.793647,32.078747],[34.79338,32.078618],[34.793185,32.078559],[34.793146,32.078547],[34.793221,32.078742],[34.793265,32.078844],[34.793406,32.079072],[34.793459,32.079143],[34.793589,32.079318],[34.793764,32.079588],[34.79385,32.079752],[34.793856,32.079762],[34.793898,32.079837],[34.794,32.080071],[34.794003,32.080082],[34.794006,32.080089],[34.794076,32.080314],[34.794134,32.08054],[34.794175,32.080725],[34.79418,32.080745],[34.794297,32.081307],[34.794426,32.081922],[34.794461,32.082055],[34.794554,32.082514],[34.794582,32.082612],[34.794587,32.082628],[34.794588,32.08263],[34.794616,32.082729],[34.794684,32.083084],[34.794729,32.083319],[34.794909,32.084263],[34.794917,32.084302],[34.795075,32.085119],[34.795166,32.085588],[34.795201,32.085737],[34.795205,32.085753],[34.795986,32.085598],[34.796514,32.085494],[34.797667,32.085266],[34.798162,32.085169],[34.798506,32.085101],[34.798722,32.085058],[34.799138,32.084997],[34.799358,32.084966],[34.799359,32.084966]]]},"properties":{"sa":1427,"name":"אזור סטטיסטי 1427"}},{"type":"Feature","geometry":{"type":"Polygon","coordinates":[[[34.799369,32.084987],[34.799359,32.084966],[34.799358,32.084966],[34.799138,32.084997],[34.798722,32.085058],[34.798506,32.085101],[34.798162,32.085169],[34.797667,32.085266],[34.796514,32.085494],[34.795986,32.085598],[34.795205,32.085753],[34.795205,32.085753],[34.795249,32.085933],[34.795279,32.08609],[34.795347,32.086442],[34.795397,32.086702],[34.795411,32.086785],[34.795462,32.087088],[34.795469,32.087145],[34.795516,32.087515],[34.795537,32.087679],[34.795553,32.088006],[34.79556,32.088207],[34.795568,32.088457],[34.795573,32.088626],[34.795576,32.088694],[34.795564,32.088902],[34.795556,32.089067],[34.795548,32.089214],[34.795535,32.089454],[34.795528,32.089589],[34.795468,32.090108],[34.795464,32.090169],[34.795463,32.090182],[34.795454,32.090229],[34.795383,32.090635],[34.795359,32.090767],[34.795352,32.090795],[34.795304,32.091001],[34.795263,32.091196],[34.795256,32.091245],[34.795252,32.091269],[34.795274,32.091271],[34.795342,32.091278],[34.795703,32.091282],[34.795873,32.091277],[34.796153,32.091272],[34.796276,32.091257],[34.796464,32.091235],[34.79659,32.091219],[34.79724,32.091107],[34.797306,32.091095],[34.797495,32.091043],[34.797875,32.09091],[34.798165,32.090783],[34.79822,32.090755],[34.798235,32.090747],[34.798375,32.090675],[34.799203,32.090351],[34.799556,32.090237],[34.799588,32.09023],[34.799816,32.090163],[34.79992,32.090122],[34.800109,32.090049],[34.800249,32.089994],[34.80031,32.089971],[34.800492,32.0899],[34.800549,32.089879],[34.800691,32.089824],[34.800735,32.089807],[34.800776,32.089791],[34.800786,32.089787],[34.801146,32.08963],[34.801215,32.089597],[34.801214,32.089595],[34.801212,32.089581],[34.801204,32.089518],[34.801179,32.089435],[34.801154,32.089352],[34.801125,32.089271],[34.8011,32.089195],[34.801074,32.08912],[34.801049,32.089044],[34.801027,32.08898],[34.801006,32.088917],[34.800979,32.088838],[34.800956,32.088769],[34.800955,32.088766],[34.800931,32.088694],[34.800907,32.088622],[34.800889,32.08857],[34.800871,32.088517],[34.800853,32.088464],[34.800836,32.088412],[34.800817,32.088355],[34.800798,32.088299],[34.800778,32.08824],[34.800758,32.088181],[34.800729,32.088104],[34.800699,32.088026],[34.80067,32.087949],[34.800641,32.087871],[34.800636,32.087857],[34.800612,32.087794],[34.800583,32.087716],[34.800566,32.087677],[34.800554,32.087648],[34.800526,32.087581],[34.800498,32.087513],[34.800469,32.087445],[34.800446,32.08739],[34.800423,32.087335],[34.800394,32.087264],[34.800383,32.087238],[34.800364,32.087193],[34.800334,32.087122],[34.800305,32.087051],[34.800281,32.086996],[34.800263,32.086952],[34.800241,32.086906],[34.80022,32.08686],[34.800194,32.0868],[34.800167,32.086739],[34.800145,32.086686],[34.800123,32.086634],[34.800091,32.086565],[34.800078,32.086538],[34.800059,32.086496],[34.800027,32.086427],[34.8,32.086369],[34.799973,32.086311],[34.799945,32.086253],[34.799913,32.086183],[34.799881,32.086114],[34.799849,32.086045],[34.799821,32.085984],[34.799793,32.085923],[34.799765,32.085862],[34.799743,32.085817],[34.799729,32.085786],[34.799693,32.08571],[34.799666,32.085652],[34.799639,32.085594],[34.799612,32.085536],[34.799573,32.085454],[34.799534,32.085373],[34.799499,32.08529],[34.799463,32.085207],[34.799445,32.085161],[34.799426,32.085115],[34.799398,32.085051],[34.799369,32.084987]]]},"properties":{"sa":1428,"name":"אזור סטטיסטי 1428"}},{"type":"Feature","geometry":{"type":"Polygon","coordinates":[[[34.755617,32.054222],[34.755547,32.054165],[34.754978,32.053748],[34.754864,32.053678],[34.754824,32.053654],[34.75469,32.053587],[34.754516,32.053527],[34.75424,32.053414],[34.754026,32.053279],[34.753905,32.053159],[34.753561,32.052819],[34.753452,32.05269],[34.753211,32.052407],[34.753063,32.052177],[34.753028,32.052076],[34.752976,32.051666],[34.752955,32.05143],[34.752921,32.051054],[34.752907,32.050895],[34.752893,32.050742],[34.752845,32.050368],[34.752812,32.050109],[34.752644,32.050123],[34.751922,32.050234],[34.751813,32.050253],[34.751505,32.050308],[34.75136,32.050334],[34.751262,32.050349],[34.751049,32.050408],[34.750915,32.050473],[34.750902,32.050479],[34.750895,32.050485],[34.750792,32.050573],[34.750745,32.05064],[34.750732,32.05066],[34.750689,32.050775],[34.750674,32.050859],[34.750686,32.050999],[34.750746,32.051187],[34.750913,32.051627],[34.750909,32.051796],[34.750872,32.051915],[34.750818,32.051969],[34.750809,32.051978],[34.750712,32.052032],[34.750536,32.052082],[34.750515,32.052088],[34.750305,32.052124],[34.750291,32.052081],[34.750242,32.051933],[34.750119,32.051651],[34.749704,32.051178],[34.749687,32.051165],[34.749673,32.051154],[34.749574,32.051072],[34.749591,32.050944],[34.749531,32.050804],[34.748989,32.049972],[34.748703,32.0495],[34.748132,32.048561],[34.748019,32.048343],[34.747763,32.047922],[34.7477,32.047832],[34.747698,32.047829],[34.747557,32.04788],[34.74728,32.048006],[34.747127,32.048075],[34.747049,32.048147],[34.746992,32.048243],[34.746947,32.048318],[34.746933,32.04834],[34.746932,32.048342],[34.746954,32.048395],[34.746957,32.048402],[34.747164,32.0489],[34.747295,32.049106],[34.748235,32.050585],[34.748259,32.051023],[34.748261,32.051062],[34.747894,32.051586],[34.748003,32.052182],[34.748494,32.053168],[34.748514,32.053208],[34.749862,32.055911],[34.750096,32.05577],[34.750247,32.055679],[34.748729,32.05271],[34.748369,32.051802],[34.74864,32.051521],[34.748735,32.051421],[34.748781,32.051436],[34.748788,32.05154],[34.748789,32.051542],[34.748791,32.051544],[34.748794,32.051546],[34.748796,32.051546],[34.748798,32.051547],[34.749091,32.051532],[34.749435,32.051639],[34.749678,32.05331],[34.750885,32.054744],[34.750852,32.054767],[34.75085,32.054769],[34.750849,32.054771],[34.750849,32.054773],[34.750849,32.054775],[34.75085,32.054777],[34.750851,32.054778],[34.751107,32.055042],[34.751108,32.055043],[34.75111,32.055044],[34.751423,32.055174],[34.751426,32.055175],[34.751429,32.055175],[34.751431,32.055174],[34.751433,32.055173],[34.751458,32.055155],[34.751459,32.055153],[34.751461,32.055151],[34.751461,32.055149],[34.751461,32.055147],[34.751461,32.055145],[34.751459,32.055142],[34.751436,32.055119],[34.751965,32.055418],[34.753925,32.055783],[34.754427,32.056009],[34.754458,32.056003],[34.754605,32.055975],[34.754951,32.05587],[34.755369,32.055751],[34.755466,32.055763],[34.755799,32.055733],[34.75585,32.055725],[34.756072,32.055694],[34.756373,32.055508],[34.756403,32.055495],[34.756496,32.055452],[34.756492,32.055447],[34.756418,32.055252],[34.756255,32.054839],[34.756127,32.054632],[34.75602,32.054661],[34.755999,32.054606],[34.755925,32.0545],[34.75577,32.054349],[34.755617,32.054222]]]},"properties":{"sa":1511,"name":"אזור סטטיסטי 1511"}},{"type":"Feature","geometry":{"type":"Polygon","coordinates":[[[34.752812,32.050109],[34.75281,32.050091],[34.752798,32.049999],[34.752785,32.049878],[34.752776,32.049788],[34.752733,32.049369],[34.752698,32.049252],[34.752696,32.049243],[34.752645,32.048867],[34.752634,32.048782],[34.752473,32.04815],[34.75244,32.047971],[34.752435,32.047913],[34.752446,32.047853],[34.752484,32.047624],[34.752509,32.047288],[34.752526,32.047054],[34.752527,32.047038],[34.752529,32.046896],[34.75253,32.046879],[34.752536,32.046776],[34.752571,32.04579],[34.752551,32.045666],[34.752549,32.04565],[34.752541,32.0456],[34.752384,32.045231],[34.752193,32.044817],[34.752098,32.044615],[34.752043,32.0445],[34.751993,32.044385],[34.751938,32.044121],[34.751941,32.043939],[34.751955,32.04379],[34.751993,32.043635],[34.751549,32.043732],[34.751493,32.043745],[34.751167,32.043817],[34.750761,32.043906],[34.750315,32.044004],[34.750033,32.044074],[34.750021,32.044076],[34.750001,32.044081],[34.750006,32.044105],[34.749975,32.044085],[34.749795,32.044128],[34.749478,32.044237],[34.749376,32.044273],[34.749193,32.044386],[34.748906,32.044564],[34.748897,32.044568],[34.748872,32.044581],[34.748429,32.044801],[34.748397,32.044817],[34.748487,32.044968],[34.748598,32.045155],[34.74863,32.045235],[34.74864,32.04526],[34.748642,32.045266],[34.748679,32.045404],[34.748769,32.04575],[34.748793,32.045924],[34.74882,32.046125],[34.748817,32.046208],[34.748817,32.046217],[34.748837,32.046266],[34.74887,32.046349],[34.749027,32.046629],[34.749143,32.046819],[34.74933,32.047122],[34.749428,32.047281],[34.749442,32.047303],[34.749478,32.047366],[34.74957,32.047524],[34.749763,32.047905],[34.749822,32.048024],[34.74994,32.048256],[34.750016,32.048407],[34.750189,32.048728],[34.75027,32.048878],[34.750204,32.048916],[34.75019,32.048924],[34.750112,32.048986],[34.750084,32.049034],[34.75008,32.049095],[34.750122,32.049192],[34.750539,32.049911],[34.750721,32.050189],[34.750828,32.050377],[34.750874,32.050452],[34.750895,32.050485],[34.750902,32.050479],[34.750915,32.050473],[34.751049,32.050408],[34.751262,32.050349],[34.75136,32.050334],[34.751505,32.050308],[34.751813,32.050253],[34.751922,32.050234],[34.752644,32.050123],[34.752812,32.050109]]]},"properties":{"sa":1512,"name":"אזור סטטיסטי 1512","winner":"yesh_atid","winnerShare":0.3222,"valid":537,"turnout":0.4936,"parties":{"other":15426,"labor":34,"habait":4,"balad":62,"hadash":37,"rz":8,"gantz":34,"yb":16,"likud":44,"meretz":82,"raam":20,"yesh_atid":173,"shas":4},"sh_likud":0.0819,"sh_yesh_atid":0.3222,"sh_shas":0.0074,"sh_rz":0.0149,"sh_labor":0.0633,"sh_gantz":0.0633,"sh_yb":0.0298,"sh_meretz":0.1527,"sh_raam":0.0372,"sh_hadash":0.0689,"sh_balad":0.1155,"sh_habait":0.0074,"sh_other":28.7263}},{"type":"Feature","geometry":{"type":"Polygon","coordinates":[[[34.751993,32.043635],[34.751997,32.043621],[34.752009,32.04357],[34.752035,32.043362],[34.752032,32.043124],[34.752005,32.043],[34.751966,32.042819],[34.751917,32.042589],[34.751895,32.042536],[34.75184,32.042397],[34.75173,32.042191],[34.75171,32.042155],[34.751603,32.041877],[34.751583,32.041735],[34.751501,32.041755],[34.751272,32.041772],[34.751104,32.041766],[34.751025,32.041762],[34.750408,32.04177],[34.750373,32.041771],[34.75002,32.041792],[34.74984,32.041796],[34.749721,32.041797],[34.74885,32.041798],[34.748839,32.041799],[34.748753,32.041808],[34.74866,32.041824],[34.748253,32.041893],[34.748045,32.041928],[34.747993,32.041936],[34.747544,32.041968],[34.747433,32.041946],[34.747319,32.041901],[34.747206,32.041825],[34.747186,32.041806],[34.747143,32.041763],[34.747243,32.042196],[34.747292,32.042373],[34.747374,32.042599],[34.747395,32.04264],[34.747502,32.042848],[34.747557,32.042939],[34.747586,32.042986],[34.747719,32.043204],[34.747732,32.043235],[34.747851,32.04351],[34.747926,32.043691],[34.748075,32.04405],[34.74812,32.044191],[34.748159,32.044313],[34.748171,32.044343],[34.748241,32.044517],[34.748268,32.044586],[34.748286,32.04463],[34.748291,32.044638],[34.748316,32.044681],[34.748334,32.044711],[34.748397,32.044817],[34.748429,32.044801],[34.748872,32.044581],[34.748897,32.044568],[34.748906,32.044564],[34.749193,32.044386],[34.749376,32.044273],[34.749478,32.044237],[34.749795,32.044128],[34.749975,32.044085],[34.750006,32.044105],[34.750001,32.044081],[34.750021,32.044076],[34.750033,32.044074],[34.750315,32.044004],[34.750761,32.043906],[34.751167,32.043817],[34.751493,32.043745],[34.751549,32.043732],[34.751993,32.043635]]]},"properties":{"sa":1513,"name":"אזור סטטיסטי 1513","winner":"balad","winnerShare":0.3937,"valid":734,"turnout":0.4914,"parties":{"other":22935,"labor":54,"habait":1,"balad":289,"hadash":102,"gantz":20,"yb":4,"likud":33,"meretz":54,"raam":87,"yesh_atid":73,"shas":2,"rz":3},"sh_likud":0.045,"sh_yesh_atid":0.0995,"sh_shas":0.0027,"sh_rz":0.0041,"sh_labor":0.0736,"sh_gantz":0.0272,"sh_yb":0.0054,"sh_meretz":0.0736,"sh_raam":0.1185,"sh_hadash":0.139,"sh_balad":0.3937,"sh_habait":0.0014,"sh_other":31.2466}},{"type":"Feature","geometry":{"type":"Polygon","coordinates":[[[34.751583,32.041735],[34.751581,32.041723],[34.751548,32.041488],[34.751463,32.041145],[34.751375,32.040791],[34.751336,32.04063],[34.751301,32.04049],[34.75124,32.040283],[34.751189,32.040109],[34.75114,32.039974],[34.751,32.039585],[34.750946,32.039433],[34.750911,32.03933],[34.750795,32.039051],[34.750666,32.038742],[34.750648,32.038699],[34.750576,32.038505],[34.750571,32.038492],[34.75053,32.038387],[34.75049,32.038311],[34.750381,32.038102],[34.750224,32.037848],[34.750142,32.037716],[34.750048,32.037564],[34.750011,32.037501],[34.749973,32.037446],[34.74982,32.037265],[34.74972,32.037147],[34.749619,32.037049],[34.749087,32.036533],[34.749072,32.036518],[34.748993,32.036441],[34.748937,32.036385],[34.748881,32.036328],[34.748512,32.03596],[34.748455,32.035907],[34.748163,32.035635],[34.748123,32.035593],[34.748049,32.035516],[34.747991,32.035462],[34.747903,32.035382],[34.747636,32.035129],[34.747396,32.034938],[34.747299,32.03486],[34.747258,32.034833],[34.747023,32.034677],[34.746354,32.034232],[34.746292,32.034196],[34.746185,32.034131],[34.745809,32.033934],[34.745521,32.033802],[34.745395,32.03374],[34.745356,32.033721],[34.744876,32.033449],[34.744737,32.033371],[34.744373,32.033129],[34.744263,32.033043],[34.744075,32.032896],[34.743943,32.032769],[34.743935,32.032773],[34.743877,32.032799],[34.743871,32.032802],[34.743856,32.032808],[34.743783,32.032842],[34.743709,32.032876],[34.743636,32.032909],[34.743613,32.03292],[34.743583,32.032934],[34.743562,32.032943],[34.743491,32.032975],[34.74342,32.033006],[34.743364,32.033028],[34.743364,32.033028],[34.743363,32.033027],[34.743338,32.03299],[34.743327,32.032994],[34.743265,32.033019],[34.743192,32.033049],[34.743163,32.033056],[34.743137,32.033063],[34.743082,32.033077],[34.743026,32.033079],[34.743021,32.033079],[34.742931,32.033084],[34.742841,32.033089],[34.742743,32.033095],[34.742645,32.033102],[34.742558,32.033108],[34.742484,32.033113],[34.742409,32.033118],[34.742372,32.03312],[34.74245,32.033179],[34.742691,32.033361],[34.742782,32.033854],[34.742854,32.034245],[34.743884,32.03549],[34.744217,32.036135],[34.744242,32.036851],[34.744703,32.037141],[34.744734,32.03718],[34.745106,32.037665],[34.745131,32.038214],[34.745072,32.038786],[34.744841,32.039506],[34.744896,32.039494],[34.745208,32.039502],[34.74553,32.039511],[34.745635,32.039551],[34.745639,32.039555],[34.745671,32.039587],[34.745745,32.039616],[34.745774,32.039628],[34.746027,32.039786],[34.746453,32.040166],[34.746568,32.040268],[34.746722,32.040333],[34.746733,32.040465],[34.746797,32.040662],[34.747045,32.041424],[34.747108,32.041644],[34.747143,32.041763],[34.747186,32.041806],[34.747206,32.041825],[34.747319,32.041901],[34.747433,32.041946],[34.747544,32.041968],[34.747993,32.041936],[34.748045,32.041928],[34.748253,32.041893],[34.74866,32.041824],[34.748753,32.041808],[34.748839,32.041799],[34.74885,32.041798],[34.749721,32.041797],[34.74984,32.041796],[34.75002,32.041792],[34.750373,32.041771],[34.750408,32.04177],[34.751025,32.041762],[34.751104,32.041766],[34.751272,32.041772],[34.751501,32.041755],[34.751583,32.041735]]]},"properties":{"sa":1514,"name":"אזור סטטיסטי 1514","winner":"balad","winnerShare":0.2544,"valid":971,"turnout":0.4987,"parties":{"other":23315,"labor":51,"utj":2,"balad":247,"hadash":97,"rz":43,"gantz":31,"yb":35,"likud":153,"meretz":43,"raam":101,"yesh_atid":112,"shas":30,"habait":6},"sh_likud":0.1576,"sh_yesh_atid":0.1153,"sh_shas":0.0309,"sh_utj":0.0021,"sh_rz":0.0443,"sh_labor":0.0525,"sh_gantz":0.0319,"sh_yb":0.036,"sh_meretz":0.0443,"sh_raam":0.104,"sh_hadash":0.0999,"sh_balad":0.2544,"sh_habait":0.0062,"sh_other":24.0113}},{"type":"Feature","geometry":{"type":"Polygon","coordinates":[[[34.750895,32.050485],[34.750874,32.050452],[34.750828,32.050377],[34.750721,32.050189],[34.750539,32.049911],[34.750122,32.049192],[34.75008,32.049095],[34.750084,32.049034],[34.750112,32.048986],[34.75019,32.048924],[34.750204,32.048916],[34.75027,32.048878],[34.750189,32.048728],[34.750016,32.048407],[34.74994,32.048256],[34.749822,32.048024],[34.749763,32.047905],[34.74957,32.047524],[34.749478,32.047366],[34.749442,32.047303],[34.749428,32.047281],[34.74933,32.047122],[34.749143,32.046819],[34.749027,32.046629],[34.74887,32.046349],[34.748837,32.046266],[34.748817,32.046217],[34.748817,32.046208],[34.74882,32.046125],[34.748793,32.045924],[34.748769,32.04575],[34.748679,32.045404],[34.748642,32.045266],[34.74864,32.04526],[34.74863,32.045235],[34.748598,32.045155],[34.748487,32.044968],[34.748397,32.044817],[34.748334,32.044711],[34.748316,32.044681],[34.748291,32.044638],[34.748286,32.04463],[34.748268,32.044586],[34.748241,32.044517],[34.748171,32.044343],[34.748159,32.044313],[34.74812,32.044191],[34.748075,32.04405],[34.747926,32.043691],[34.747851,32.04351],[34.747732,32.043235],[34.747719,32.043204],[34.747586,32.042986],[34.747557,32.042939],[34.747502,32.042848],[34.747395,32.04264],[34.747374,32.042599],[34.747292,32.042373],[34.747243,32.042196],[34.747143,32.041763],[34.747108,32.041644],[34.747045,32.041424],[34.746797,32.040662],[34.746733,32.040465],[34.746722,32.040333],[34.746568,32.040268],[34.746453,32.040166],[34.746027,32.039786],[34.745774,32.039628],[34.745745,32.039616],[34.745671,32.039587],[34.745639,32.039555],[34.745635,32.039551],[34.74553,32.039511],[34.745208,32.039502],[34.744896,32.039494],[34.744841,32.039506],[34.744839,32.039513],[34.745094,32.03998],[34.745203,32.04072],[34.744366,32.041001],[34.744363,32.041002],[34.744361,32.041003],[34.744356,32.041037],[34.744274,32.041623],[34.744665,32.041863],[34.744914,32.04246],[34.744995,32.043033],[34.745442,32.043345],[34.745495,32.04387],[34.74535,32.044546],[34.744922,32.044783],[34.744425,32.045059],[34.745075,32.046159],[34.74523,32.046422],[34.745186,32.046703],[34.745144,32.046971],[34.745559,32.047855],[34.745693,32.047902],[34.745989,32.048006],[34.74693,32.048337],[34.746932,32.048342],[34.746933,32.04834],[34.746947,32.048318],[34.746992,32.048243],[34.747049,32.048147],[34.747127,32.048075],[34.74728,32.048006],[34.747557,32.04788],[34.747698,32.047829],[34.7477,32.047832],[34.747763,32.047922],[34.748019,32.048343],[34.748132,32.048561],[34.748703,32.0495],[34.748989,32.049972],[34.749531,32.050804],[34.749591,32.050944],[34.749574,32.051072],[34.749673,32.051154],[34.749687,32.051165],[34.749704,32.051178],[34.750119,32.051651],[34.750242,32.051933],[34.750291,32.052081],[34.750305,32.052124],[34.750515,32.052088],[34.750536,32.052082],[34.750712,32.052032],[34.750809,32.051978],[34.750818,32.051969],[34.750872,32.051915],[34.750909,32.051796],[34.750913,32.051627],[34.750746,32.051187],[34.750686,32.050999],[34.750674,32.050859],[34.750689,32.050775],[34.750732,32.05066],[34.750745,32.05064],[34.750792,32.050573],[34.750895,32.050485]]]},"properties":{"sa":1515,"name":"אזור סטטיסטי 1515","winner":"balad","winnerShare":0.2774,"valid":566,"turnout":0.4618,"parties":{"other":15411,"labor":51,"balad":157,"hadash":84,"rz":4,"gantz":20,"yb":2,"likud":29,"meretz":72,"raam":55,"yesh_atid":81,"habait":1},"sh_likud":0.0512,"sh_yesh_atid":0.1431,"sh_rz":0.0071,"sh_labor":0.0901,"sh_gantz":0.0353,"sh_yb":0.0035,"sh_meretz":0.1272,"sh_raam":0.0972,"sh_hadash":0.1484,"sh_balad":0.2774,"sh_habait":0.0018,"sh_other":27.2279}},{"type":"Feature","geometry":{"type":"Polygon","coordinates":[[[34.758956,32.051012],[34.758909,32.050683],[34.758909,32.050678],[34.758757,32.04962],[34.758632,32.049624],[34.75835,32.049649],[34.75807,32.049673],[34.758067,32.049674],[34.757714,32.049704],[34.757591,32.049717],[34.757365,32.049734],[34.757189,32.049743],[34.757159,32.049744],[34.756706,32.049778],[34.756521,32.049792],[34.756262,32.049813],[34.755744,32.049855],[34.755712,32.049857],[34.755035,32.04991],[34.754953,32.049918],[34.754706,32.049941],[34.753502,32.050049],[34.752843,32.050106],[34.752812,32.050109],[34.752845,32.050368],[34.752893,32.050742],[34.752907,32.050895],[34.752921,32.051054],[34.752955,32.05143],[34.752976,32.051666],[34.753028,32.052076],[34.753063,32.052177],[34.753211,32.052407],[34.753452,32.05269],[34.753561,32.052819],[34.753905,32.053159],[34.754026,32.053279],[34.75424,32.053414],[34.754516,32.053527],[34.75469,32.053587],[34.754824,32.053654],[34.754864,32.053678],[34.754978,32.053748],[34.755547,32.054165],[34.755617,32.054222],[34.755639,32.054197],[34.755984,32.05381],[34.756053,32.053741],[34.756341,32.053438],[34.756452,32.053282],[34.756521,32.0532],[34.756905,32.052854],[34.756928,32.052831],[34.757098,32.052677],[34.757315,32.052497],[34.757523,32.052325],[34.757644,32.052219],[34.758106,32.051804],[34.758239,32.051684],[34.758536,32.051407],[34.758562,32.051383],[34.75876,32.051199],[34.758819,32.051147],[34.758847,32.051117],[34.758956,32.051012]]]},"properties":{"sa":1521,"name":"אזור סטטיסטי 1521","winner":"yesh_atid","winnerShare":0.2723,"valid":1535,"turnout":0.4578,"parties":{"other":46223,"labor":206,"habait":7,"utj":6,"balad":151,"hadash":85,"rz":39,"gantz":108,"yb":41,"likud":118,"meretz":274,"raam":41,"yesh_atid":418,"shas":11},"sh_likud":0.0769,"sh_yesh_atid":0.2723,"sh_shas":0.0072,"sh_utj":0.0039,"sh_rz":0.0254,"sh_labor":0.1342,"sh_gantz":0.0704,"sh_yb":0.0267,"sh_meretz":0.1785,"sh_raam":0.0267,"sh_hadash":0.0554,"sh_balad":0.0984,"sh_habait":0.0046,"sh_other":30.1127}},{"type":"Feature","geometry":{"type":"Polygon","coordinates":[[[34.758757,32.04962],[34.758754,32.049601],[34.758743,32.04952],[34.758682,32.049053],[34.758602,32.048437],[34.758525,32.047846],[34.758523,32.04783],[34.758417,32.047013],[34.758351,32.046605],[34.758351,32.046602],[34.758271,32.046109],[34.758188,32.045494],[34.758158,32.045394],[34.758083,32.045423],[34.757797,32.045566],[34.757716,32.045598],[34.757552,32.045661],[34.757324,32.045735],[34.757204,32.045766],[34.756858,32.04586],[34.756698,32.045899],[34.756521,32.045943],[34.756273,32.046004],[34.756168,32.046027],[34.755528,32.046182],[34.755248,32.046246],[34.755213,32.046254],[34.754513,32.046413],[34.754421,32.046427],[34.754387,32.046432],[34.754288,32.046446],[34.754152,32.046454],[34.754064,32.04646],[34.753944,32.046468],[34.753857,32.046484],[34.753744,32.046504],[34.753636,32.046524],[34.753257,32.04662],[34.753188,32.046634],[34.753085,32.046656],[34.752564,32.046769],[34.752536,32.046776],[34.75253,32.046879],[34.752529,32.046896],[34.752527,32.047038],[34.752526,32.047054],[34.752509,32.047288],[34.752484,32.047624],[34.752446,32.047853],[34.752435,32.047913],[34.75244,32.047971],[34.752473,32.04815],[34.752634,32.048782],[34.752645,32.048867],[34.752696,32.049243],[34.752698,32.049252],[34.752733,32.049369],[34.752776,32.049788],[34.752785,32.049878],[34.752798,32.049999],[34.75281,32.050091],[34.752812,32.050109],[34.752843,32.050106],[34.753502,32.050049],[34.754706,32.049941],[34.754953,32.049918],[34.755035,32.04991],[34.755712,32.049857],[34.755744,32.049855],[34.756262,32.049813],[34.756521,32.049792],[34.756706,32.049778],[34.757159,32.049744],[34.757189,32.049743],[34.757365,32.049734],[34.757591,32.049717],[34.757714,32.049704],[34.758067,32.049674],[34.75807,32.049673],[34.75835,32.049649],[34.758632,32.049624],[34.758757,32.04962]]]},"properties":{"sa":1522,"name":"אזור סטטיסטי 1522","winner":"balad","winnerShare":0.2257,"valid":2610,"turnout":0.498,"parties":{"other":62297,"labor":277,"balad":589,"hadash":291,"rz":50,"gantz":111,"yb":34,"likud":207,"meretz":314,"raam":218,"yesh_atid":430,"shas":33,"habait":6,"utj":5},"sh_likud":0.0793,"sh_yesh_atid":0.1648,"sh_shas":0.0126,"sh_utj":0.0019,"sh_rz":0.0192,"sh_labor":0.1061,"sh_gantz":0.0425,"sh_yb":0.013,"sh_meretz":0.1203,"sh_raam":0.0835,"sh_hadash":0.1115,"sh_balad":0.2257,"sh_habait":0.0023,"sh_other":23.8686}},{"type":"Feature","geometry":{"type":"Polygon","coordinates":[[[34.758158,32.045394],[34.758152,32.045372],[34.758137,32.045321],[34.758052,32.04509],[34.758043,32.045065],[34.757998,32.044943],[34.757816,32.044489],[34.757424,32.043507],[34.757345,32.04329],[34.7572,32.042886],[34.757137,32.042701],[34.756755,32.041574],[34.756664,32.041595],[34.756097,32.041737],[34.755763,32.041822],[34.754994,32.042015],[34.754963,32.042023],[34.754496,32.041996],[34.754139,32.041999],[34.753991,32.04202],[34.753864,32.042053],[34.753638,32.042178],[34.753581,32.042206],[34.753464,32.042246],[34.753333,32.042278],[34.753217,32.042292],[34.753182,32.042296],[34.752743,32.042373],[34.752555,32.042406],[34.752497,32.042416],[34.752377,32.042437],[34.752066,32.042513],[34.751958,32.042583],[34.751947,32.042575],[34.751895,32.042536],[34.751917,32.042589],[34.751966,32.042819],[34.752005,32.043],[34.752032,32.043124],[34.752035,32.043362],[34.752009,32.04357],[34.751997,32.043621],[34.751993,32.043635],[34.751955,32.04379],[34.751941,32.043939],[34.751938,32.044121],[34.751993,32.044385],[34.752043,32.0445],[34.752098,32.044615],[34.752193,32.044817],[34.752384,32.045231],[34.752541,32.0456],[34.752549,32.04565],[34.752551,32.045666],[34.752571,32.04579],[34.752536,32.046776],[34.752564,32.046769],[34.753085,32.046656],[34.753188,32.046634],[34.753257,32.04662],[34.753636,32.046524],[34.753744,32.046504],[34.753857,32.046484],[34.753944,32.046468],[34.754064,32.04646],[34.754152,32.046454],[34.754288,32.046446],[34.754387,32.046432],[34.754421,32.046427],[34.754513,32.046413],[34.755213,32.046254],[34.755248,32.046246],[34.755528,32.046182],[34.756168,32.046027],[34.756273,32.046004],[34.756521,32.045943],[34.756698,32.045899],[34.756858,32.04586],[34.757204,32.045766],[34.757324,32.045735],[34.757552,32.045661],[34.757716,32.045598],[34.757797,32.045566],[34.758083,32.045423],[34.758158,32.045394]]]},"properties":{"sa":1523,"name":"אזור סטטיסטי 1523"}},{"type":"Feature","geometry":{"type":"Polygon","coordinates":[[[34.756755,32.041574],[34.756751,32.041562],[34.756616,32.041165],[34.756586,32.041083],[34.756263,32.040208],[34.756157,32.039921],[34.755962,32.039416],[34.755906,32.039272],[34.755838,32.039104],[34.755672,32.038637],[34.755501,32.038158],[34.755473,32.038079],[34.75535,32.038084],[34.754775,32.038007],[34.753168,32.037792],[34.752833,32.037746],[34.752814,32.037744],[34.752792,32.037742],[34.751929,32.037653],[34.751679,32.037627],[34.751288,32.037586],[34.750702,32.037531],[34.750214,32.037486],[34.750105,32.037483],[34.750047,32.037494],[34.750011,32.037501],[34.750048,32.037564],[34.750142,32.037716],[34.750224,32.037848],[34.750381,32.038102],[34.75049,32.038311],[34.75053,32.038387],[34.750571,32.038492],[34.750576,32.038505],[34.750648,32.038699],[34.750666,32.038742],[34.750795,32.039051],[34.750911,32.03933],[34.750946,32.039433],[34.751,32.039585],[34.75114,32.039974],[34.751189,32.040109],[34.75124,32.040283],[34.751301,32.04049],[34.751336,32.04063],[34.751375,32.040791],[34.751463,32.041145],[34.751548,32.041488],[34.751581,32.041723],[34.751583,32.041735],[34.751603,32.041877],[34.75171,32.042155],[34.75173,32.042191],[34.75184,32.042397],[34.751895,32.042536],[34.751947,32.042575],[34.751958,32.042583],[34.752066,32.042513],[34.752377,32.042437],[34.752497,32.042416],[34.752555,32.042406],[34.752743,32.042373],[34.753182,32.042296],[34.753217,32.042292],[34.753333,32.042278],[34.753464,32.042246],[34.753581,32.042206],[34.753638,32.042178],[34.753864,32.042053],[34.753991,32.04202],[34.754139,32.041999],[34.754496,32.041996],[34.754963,32.042023],[34.754994,32.042015],[34.755763,32.041822],[34.756097,32.041737],[34.756664,32.041595],[34.756755,32.041574]]]},"properties":{"sa":1524,"name":"אזור סטטיסטי 1524","winner":"balad","winnerShare":0.3879,"valid":1712,"turnout":0.4835,"parties":{"other":46353,"labor":103,"balad":664,"hadash":188,"rz":40,"gantz":38,"yb":18,"likud":105,"meretz":80,"raam":275,"yesh_atid":160,"shas":10,"habait":3,"utj":1},"sh_likud":0.0613,"sh_yesh_atid":0.0935,"sh_shas":0.0058,"sh_utj":0.0006,"sh_rz":0.0234,"sh_labor":0.0602,"sh_gantz":0.0222,"sh_yb":0.0105,"sh_meretz":0.0467,"sh_raam":0.1606,"sh_hadash":0.1098,"sh_balad":0.3879,"sh_habait":0.0018,"sh_other":27.0754}},{"type":"Feature","geometry":{"type":"Polygon","coordinates":[[[34.755473,32.038079],[34.755466,32.038061],[34.755442,32.037998],[34.755473,32.037987],[34.755545,32.037961],[34.755542,32.037953],[34.755496,32.037849],[34.755365,32.037504],[34.755111,32.036839],[34.754975,32.036533],[34.75488,32.036396],[34.754625,32.03615],[34.75448,32.03604],[34.75443,32.036013],[34.75431,32.035946],[34.753934,32.035833],[34.753575,32.035702],[34.753317,32.035591],[34.753202,32.035529],[34.753088,32.03547],[34.752979,32.035397],[34.752843,32.035305],[34.752602,32.03512],[34.752382,32.034904],[34.752361,32.034878],[34.752197,32.034683],[34.752034,32.034452],[34.751865,32.034106],[34.751821,32.033991],[34.751744,32.034013],[34.751675,32.034033],[34.751631,32.034045],[34.751575,32.034061],[34.751325,32.034145],[34.751038,32.034242],[34.751005,32.034253],[34.750265,32.034456],[34.750234,32.034457],[34.750227,32.034458],[34.7502,32.034459],[34.750132,32.03447],[34.749641,32.034436],[34.749434,32.034413],[34.749183,32.034389],[34.749117,32.034389],[34.748854,32.034388],[34.748767,32.034394],[34.748747,32.034395],[34.748671,32.0344],[34.748608,32.034412],[34.748575,32.034417],[34.748546,32.034434],[34.748514,32.034455],[34.748481,32.03451],[34.748474,32.034577],[34.748481,32.034662],[34.748493,32.034809],[34.748468,32.034956],[34.748396,32.035062],[34.748369,32.035101],[34.748239,32.035244],[34.748219,32.035262],[34.74805,32.035412],[34.748018,32.035441],[34.747991,32.035462],[34.748049,32.035516],[34.748123,32.035593],[34.748163,32.035635],[34.748455,32.035907],[34.748512,32.03596],[34.748881,32.036328],[34.748937,32.036385],[34.748993,32.036441],[34.749072,32.036518],[34.749087,32.036533],[34.749619,32.037049],[34.74972,32.037147],[34.74982,32.037265],[34.749973,32.037446],[34.750011,32.037501],[34.750047,32.037494],[34.750105,32.037483],[34.750214,32.037486],[34.750702,32.037531],[34.751288,32.037586],[34.751679,32.037627],[34.751929,32.037653],[34.752792,32.037742],[34.752814,32.037744],[34.752833,32.037746],[34.753168,32.037792],[34.754775,32.038007],[34.75535,32.038084],[34.755473,32.038079]]]},"properties":{"sa":1525,"name":"אזור סטטיסטי 1525","winner":"likud","winnerShare":0.3013,"valid":1374,"turnout":0.4732,"parties":{"other":38050,"labor":37,"utj":2,"balad":146,"hadash":51,"rz":120,"gantz":110,"yb":98,"likud":414,"meretz":45,"raam":66,"yesh_atid":171,"shas":97,"habait":2},"sh_likud":0.3013,"sh_yesh_atid":0.1245,"sh_shas":0.0706,"sh_utj":0.0015,"sh_rz":0.0873,"sh_labor":0.0269,"sh_gantz":0.0801,"sh_yb":0.0713,"sh_meretz":0.0328,"sh_raam":0.048,"sh_hadash":0.0371,"sh_balad":0.1063,"sh_habait":0.0015,"sh_other":27.6929}},{"type":"Feature","geometry":{"type":"Polygon","coordinates":[[[34.748767,32.034394],[34.748854,32.034388],[34.749117,32.034389],[34.749183,32.034389],[34.749434,32.034413],[34.749641,32.034436],[34.750132,32.03447],[34.7502,32.034459],[34.750227,32.034458],[34.750234,32.034457],[34.750265,32.034456],[34.751005,32.034253],[34.751038,32.034242],[34.751325,32.034145],[34.751575,32.034061],[34.751631,32.034045],[34.751675,32.034033],[34.751744,32.034013],[34.751613,32.033502],[34.751236,32.031764],[34.75113,32.031261],[34.750862,32.030592],[34.750861,32.030589],[34.750859,32.030587],[34.750849,32.030574],[34.750826,32.030546],[34.750792,32.030491],[34.750746,32.030433],[34.7507,32.030375],[34.750654,32.030316],[34.750609,32.030258],[34.750555,32.030189],[34.750501,32.030121],[34.750447,32.030052],[34.750406,32.030001],[34.750366,32.029949],[34.750325,32.029898],[34.750275,32.029834],[34.750225,32.02977],[34.750185,32.029719],[34.750144,32.029667],[34.750132,32.029652],[34.750095,32.029605],[34.750046,32.029543],[34.749996,32.029481],[34.749955,32.029427],[34.749949,32.029418],[34.749914,32.029372],[34.749891,32.029343],[34.749883,32.029333],[34.749824,32.029367],[34.749751,32.029409],[34.749678,32.029451],[34.749605,32.029493],[34.749532,32.029536],[34.749448,32.029585],[34.749363,32.029634],[34.749278,32.029683],[34.749193,32.029732],[34.749151,32.029753],[34.749113,32.029771],[34.749045,32.029812],[34.749004,32.029836],[34.748998,32.029839],[34.748928,32.029879],[34.748859,32.029918],[34.74879,32.029958],[34.748721,32.029997],[34.748642,32.030038],[34.748569,32.030083],[34.748481,32.030132],[34.748393,32.03018],[34.748306,32.030229],[34.748218,32.030278],[34.74813,32.030327],[34.748043,32.030376],[34.747955,32.030425],[34.747867,32.030473],[34.74778,32.030522],[34.747692,32.030571],[34.747629,32.030606],[34.747561,32.030645],[34.747492,32.030683],[34.747423,32.030721],[34.7474,32.030734],[34.747327,32.030774],[34.747254,32.030815],[34.747181,32.030855],[34.747104,32.030899],[34.747032,32.03094],[34.746961,32.03098],[34.74689,32.031019],[34.74682,32.031059],[34.746744,32.031102],[34.746669,32.031144],[34.746593,32.031186],[34.746518,32.031229],[34.746443,32.031271],[34.746367,32.031313],[34.746303,32.031349],[34.746239,32.031385],[34.746174,32.031422],[34.746157,32.031431],[34.746074,32.031478],[34.745991,32.031525],[34.745909,32.031571],[34.745826,32.031618],[34.745766,32.031657],[34.745698,32.031693],[34.74563,32.031729],[34.745562,32.031765],[34.745494,32.031801],[34.745429,32.031836],[34.745363,32.031871],[34.745297,32.031906],[34.745213,32.031951],[34.745129,32.031996],[34.745045,32.032041],[34.745036,32.032046],[34.744971,32.032081],[34.744919,32.03211],[34.744866,32.032139],[34.744812,32.032171],[34.744757,32.032204],[34.7447,32.03224],[34.744642,32.032277],[34.744558,32.032322],[34.744474,32.032368],[34.744391,32.032413],[34.744307,32.032458],[34.744223,32.032504],[34.744143,32.032547],[34.744139,32.032549],[34.744177,32.032562],[34.744101,32.032611],[34.744088,32.032619],[34.744025,32.032661],[34.743954,32.032707],[34.743949,32.03271],[34.743957,32.032717],[34.743992,32.032747],[34.743943,32.032769],[34.744075,32.032896],[34.744263,32.033043],[34.744373,32.033129],[34.744737,32.033371],[34.744876,32.033449],[34.745356,32.033721],[34.745395,32.03374],[34.745521,32.033802],[34.745809,32.033934],[34.746185,32.034131],[34.746292,32.034196],[34.746354,32.034232],[34.747023,32.034677],[34.747258,32.034833],[34.747299,32.03486],[34.747396,32.034938],[34.747636,32.035129],[34.747903,32.035382],[34.747991,32.035462],[34.748018,32.035441],[34.74805,32.035412],[34.748219,32.035262],[34.748239,32.035244],[34.748369,32.035101],[34.748396,32.035062],[34.748468,32.034956],[34.748493,32.034809],[34.748481,32.034662],[34.748474,32.034577],[34.748481,32.03451],[34.748514,32.034455],[34.748546,32.034434],[34.748575,32.034417],[34.748608,32.034412],[34.748671,32.0344],[34.748747,32.034395],[34.748767,32.034394]]]},"properties":{"sa":1526,"name":"אזור סטטיסטי 1526"}}]}